name,tier,website,logo_url,description,source_events,source_years,source_count,source_url,social_links,event,prize,prize_description,prize_amount,organization_type,twitter,linkedin,other_social,contact_email,is_featured,status,org_id,legal_name,sector,type,tagline,summary,twitter_x,discord,github,telegram,youtube,notes,profile_url
0G,"Prize Partner;$15,000 in prizes;Partner (2025);Exhibitor",https://0g.ai,https://ethglobal.b-cdn.net/organizations/g8xu4/square-logo/default.png,"Zero Gravity (0G) is the largest L1 for AI, offering infrastructure to power the next generation of decentralized AI applications.",ethglobal-lisbon;ethonline;korea-blockchain-week;rare-evo,2025,4,,,Rare Evo 2026,"$15,000",,,exhibitor,,,,,,active,170,,,,,,,,,,,,
Bitcoin.com,1 Block;Copper;Partner:Special Media Partners;Supporting Partner,https://Bitcoin.com,https://cdn.prod.website-files.com/687f979126432c8ce843e6d7/6924c342012211c8981c2b28_desktop-logo-1.webp,"The World’s Gateway to Bitcoin and BeyondSince 2015, Bitcoin.com has been a global leader in introducing newcomers to Bitcoin, cryptocurrency, and decentralized finance. Our mission is to lead in self-custody cryptocurrency products and services while offering trusted media that educates and empowers. We provide secure, user-friendly tools and insightful content to drive financial independence and shape the future of decentralized finance.",bitcoin-mena;blockchain-futurist-toronto;blockchain-life-forum;korea-blockchain-week,2025;2026,4,https://mena.b.tc/sponsor,https://x.com/BitcoinCom; https://www.linkedin.com/company/bitcoin.com/; https://t.me/GetVerse/1/,Bitcoin MENA,,,,,,,,,,,,,,,,,,,,,,,
Bitdeer,1 Block;Gold;Mega,https://www.bitdeer.com/,https://cdn.prod.website-files.com/68b852e37770c3bed85139ee/69e6efff97b442ff1b8e9845_bitdeer-recOJrbddB6v4c5RO.webp,World-leading Bitcoin mining service provider offering full range of mining solutions.,bitcoin-amsterdam;bitcoin-asia;bitcoin-policy-summit;mining-disrupt,2025,4,https://www.btcpolicysummit.org/sponsors,,Bitcoin Policy Summit 2025,,,,,,,,,,,,,,,,,,,,,,,
Brave,Platinum & Gold;Platinum;Exhibitor;Gold,https://brave.com/,https://cdn.prod.website-files.com/61e8788db85eabd9f0305f67/68cc6468f8d61685832d7dea_brave.png,"Brave builds privacy-preserving browser, search, advertising, and wallet products for users and developers. Its browser includes native web3 capabilities through Brave Wallet and supports Solana alongside other networks.",blockchain-futurist-florida;blockchain-futurist-toronto;rare-evo;solana-breakpoint,,4,,,Blockchain Futurist Conference Toronto 2026,,,,exhibitor,,https://www.linkedin.com/company/brave-software,,,,active,14,,Developer Tools,Company,The browser that puts users first.,"Brave is a privacy-first browser, search, and wallet company with built-in web3 support.",https://x.com/brave,,https://github.com/brave,,https://www.youtube.com/bravesoftware,,
Cake Wallet,1 Block;General;Silver,https://cakewallet.com,https://cdn.prod.website-files.com/68b852e37770c3bed85139ee/69e6f327814dd91e31172f19_cake-wallet-recg4Wc3mTQCC5RJJ.webp,"Easy to hold your own keys with buy/sell fiat conversion, crypto trading, and unmatched privacy features.",bitcoin-amsterdam;bitcoin-asia;bitcoin-plusplus-berlin;bitcoin-policy-summit,2025,4,https://www.btcpolicysummit.org/sponsors,,Bitcoin Policy Summit 2025,,,,,,,,,,,,,,,,,,,,,,,
"EMCD (Top-10 Mining Pool, Coinhold, P2P)",1 Block;Sponsor:Premium sponsors;Byte,https://emcd.io,https://cdn.prod.website-files.com/687f979126432c8ce843e6d7/68e7e290606ad184dcd27171_emcd-top-10-mining-pool-coinhold-p2p-recJGgix6vvlpKp5o.webp,All things crypto in one app:• Buy and sell with 0% fee• Store and earn up to 14% APY• Mine with low 1.5% fee,bitcoin-asia;bitcoin-mena;blockchain-life-forum;mining-disrupt,2025;2026,4,https://mena.b.tc/sponsor,https://x.com/emcd_io; https://www.linkedin.com/company/emcdtechltd; https://t.me/emcd_international,Bitcoin MENA,,,,,,,,,,,,,,,,,,,,,,,
MarketAcross,Silver & Bronze;Silver;Bronze;Community Partner,https://marketacross.com/,https://cdn.prod.website-files.com/61e8788db85eabd9f0305f67/67d74281f20915107b7d1206_market%20across.png,,blockchain-futurist-florida;blockchain-futurist-toronto;korea-blockchain-week;rare-evo,2025,4,,,Blockchain Futurist Conference Toronto 2026,,,,community_partner,,,,,,active,188,,,,,,,,,,,,
Uniswap Foundation,"Prize Partner;Prize Sponsor;$5,000 in prizes",https://www.uniswapfoundation.org/build,https://ethglobal.b-cdn.net/organizations/026zc/square-logo/default.png,"Organization advancing decentralized finance through protocol innovation support, developer grants, and governance initiatives; recent focus includes Unichain and Uniswap v4. Prize details coming soon.",ethglobal-lisbon;ethglobal-mumbai;ethglobal-tokyo;ethonline,,4,,,,"$10,000","$15,000 — Works to advance DeFi by providing critical support for protocol innovation, developer success, and governance empowerment.","$10,000",,,,,,,,,,,,,,,,,,,,
1inch,"Prize Partner;Prize Sponsor;$10,000 in prizes",https://1inch.com/,https://ethglobal.b-cdn.net/organizations/if0ri/square-logo/default.png,"A unified DeFi ecosystem built around the DEX aggregator, offering 17 APIs and protocols across 12+ chains, including Solana.",ethglobal-lisbon;ethglobal-mumbai;ethonline,,3,,,,"$5,000","$20,000 — Unified DeFi ecosystem, built around the DEX aggregator with the best swap rates, offering developer APIs across 12+ chains.",,,,,,,,,,,,,,,,,,,,,
Antalpha,Moon;Strategic Partner;Title,https://www.antalpha.com,https://cdn.prod.website-files.com/68b852e37770c3bed85139ee/69e6efad245fe28546046900_logo_v_color-3x.webp,"Antalpha (NASDAQ: ANTA) is a leading fintech company specializing in providing financing, technology and risk management solutions to institutions in the digital asset industry. Antalpha offers Bitcoin supply chain and pledge loans through the Antalpha Prime technology platform, which allows customers to originate and manage their digital assets loans, as well as monitor collateral positions with near real-time data.",bitcoin-amsterdam;bitcoin-asia;bitcoin-mena,2025,3,https://mena.b.tc/sponsor,,Bitcoin MENA,,,,,,,,,,,,,,,,,,,,,,,
Bitkern Group,1 Block;Kilo,https://www.bitkern.com/en,https://cdn.prod.website-files.com/687f979126432c8ce843e6d7/691b5da82b2d32e819ce22ee_bitkern_logo_final_4c_1200x542.webp,"Bitkern has been serving Bitcoin miners since 2017, providing Swiss-quality hosting with 85,000+ ASICs online across 18+ global locations. We bring miners online within 24 hours — fast, reliable, and optimized for maximum performance.",bitcoin-asia;bitcoin-mena;mining-disrupt,2025,3,https://mena.b.tc/sponsor,http://www.linkedin.com/company/bitkerngroup; http://www.t.me/bitkernofficial,Bitcoin MENA,,,,,,,,,,,,,,,,,,,,,,,
ENS,Prize Partner;Prize Sponsor,https://ens.domains,https://ethglobal.b-cdn.net/organizations/bw7y9/square-logo/default.png,The universal pointer for anything on the internet; domain naming service for blockchain. Prize details coming soon.,ethglobal-lisbon;ethglobal-mumbai;ethglobal-tokyo,,3,,,,"$5,000","$10,000 — The universal pointer for anything on the internet; domain naming service for the Ethereum ecosystem.","$10,000",,,,,,,,,,,,,,,,,,,,
Exodus,Moon;Gold,https://www.exodus.com/,https://cdn.prod.website-files.com/68b852e37770c3bed85139ee/69e6e885573cb79e78fe4878_exodus-rec5Hn48UdVBRaeWM_EQpXgbQuJ.webp,"Exodus empowers individuals to take control of their lives in a digital world with secure, user-friendly crypto software. Since 2015, Exodus has made digital assets accessible through self-custodial wallets that put users in full control of their funds, enabling seamless swaps, buys, and sells. For businesses, Exodus offers Passkeys Wallet and XO Swap, leading solutions for embedded crypto wallets and swap aggregation. Committed to accessible and secure finance, Exodus is shaping the future of digital ownership.",bitcoin-amsterdam;bitcoin-mena;bitcoin-policy-summit,2025,3,https://mena.b.tc/sponsor,http://www.x.com/exodus; https://www.linkedin.com/company/exodus-io/,Bitcoin MENA,,,,,,,,,,,,,,,,,,,,,,,
KeychainX,1 Block,https://keychainx.io,https://cdn.prod.website-files.com/68b852e37770c3bed85139ee/69e6e35a9d2d49d9f01528c3_keychainx.webp,"KeychainX recovers lost Bitcoin passwords and private keys from encrypted files, damaged hard drives or phones. Our recovery service has been helping recover Bitcoin since 2017 and is success based, no recovery - no fee. We support Electrum, Multibit, Bitcoin Core, Trezor devices, blockchain.com and many more software and hardware wallets.",bitcoin-amsterdam;bitcoin-asia;bitcoin-mena,2025,3,https://mena.b.tc/sponsor,https://x.com/KeychainX; http://t.me/KeychainX,Bitcoin MENA,,,,,,,,,,,,,,,,,,,,,,,
Listing.Help,1 Block;Sponsor:Premium sponsors;Copper,https://listing.help/,https://cdn.prod.website-files.com/687f979126432c8ce843e6d7/68e7e290606ad184dcd27177_listing-help-logo.webp,"Listing.help is one of the first agencies on the market, providing listing services on crypto exchanges. Since 2017, Listing.Help assisted over 2,000 projects with listings on more than 100 exchanges. Among the clients of the company are Tether EUR, Tether Gold, TON Coin, Shiba, Metal, SYLO, and others.",bitcoin-mena;blockchain-life-forum;korea-blockchain-week,2025;2026,3,https://mena.b.tc/sponsor,https://x.com/ListingHelp_UK; https://www.linkedin.com/company/listing-help/,Bitcoin MENA,,,,,,,,,,,,,,,,,,,,,,,
Metaplanet,Title Sponsor;Moon;Bronze,https://metaplanet.jp/,https://cdn.prod.website-files.com/687f979126432c8ce843e6d7/6985da4b765e2c4d17c3fe01_circle-logo-black-on-orange.webp,"Metaplanet Inc. (TSE Standard 3350) is a publicly traded Bitcoin Treasury Company listed on the Tokyo Stock Exchange, pioneering the adoption of Bitcoin as a corporate treasury reserve asset in Japan. Metaplanet aims to enhance shareholder value through ongoing Bitcoin accumulation.",bitcoin-asia;bitcoin-mena;bitcoin-policy-summit,2025,3,https://mena.b.tc/sponsor,https://x.com/Metaplanet_JP; https://www.linkedin.com/company/metaplanet-inc,Bitcoin MENA,,,,,,,,,,,,,,,,,,,,,,,
Nexa by Bitcoin Unlimited,1 Block;Platinum & Gold;Copper,https://nexa.org/,https://cdn.prod.website-files.com/687f979126432c8ce843e6d7/68e7e29ffb2d67aa36969165_nexa-logo-mark-text-dark.webp,"Bitcoin Unlimited (BU) is a blockchain development team, formed in 2015, driving onchain scalability solutions for the Bitcoin network. In 2017, the BU full node software achieved over 50% of hashpower. At that time, scaling layer-1 was not achieved, but nearly 10 years of optimization and parallelization of the original Satoshi UTXO architecture IS achieved.In 2022, BU launched Nexa, which incorporates all the above advancements, including adding native tokens, smart contracts and hardware acceleration for full nodes.BU's current important goal is enabling a wrapped BTC on the Nexa blockchain, transferable on and off the Bitcoin network.",bitcoin-mena;blockchain-futurist-florida;korea-blockchain-week,2025,3,https://mena.b.tc/sponsor,https://x.com/NexaMoney; https://www.linkedin.com/company/nexablockchain; https://t.me/nexacoin,Bitcoin MENA,,,,,,,,,,,,,,,,,,,,,,,
OCEAN,1 Block;Innovators;Mega,https://ocean.xyz/,https://cdn.prod.website-files.com/687f979126432c8ce843e6d7/69207a66707099a087de897d_67453e5eaf95dc031ea9fff9_ocean.webp,"OCEAN is a transformative mining pool that brings decentralization and transparency back to mining. Miners get rewarded directly from the blockchain and can verify that they're getting what they should be getting. Furthermore, with the DATUM protocol, miners on OCEAN can design their own block templates having full control over the contents of their blocks.",bitcoin-mena;btchel;mining-disrupt,2025,3,https://mena.b.tc/sponsor,https://x.com/ocean_mining; https://www.linkedin.com/company/ocean-mining/,Bitcoin MENA,,,,,,,,,,,,,,,,,,,,,,,
SALT Lending,2 Block,https://saltlending.com/,https://cdn.prod.website-files.com/68b852e37770c3bed85139ee/69e6df057f24158e436ab858_689f9bbea453c3d914c297c2_salt-20logo-20dark.webp,"SALT Lending, changing the way you HODL since 2016, provides treasury management and liquidity services without requiring the sale of your bitcoin. Our crypto-backed services enable major purchases, boost your spending power, and expand business opportunities.SALT’s secure, user-friendly platform makes cryptocurrency practical for everyday use. BORROW to access liquidity. LEND to earn yield. SALT allows you to power your infinite potential by rethinking how you HODL.",bitcoin-amsterdam;bitcoin-asia;bitcoin-mena,2025,3,https://mena.b.tc/sponsor,https://x.com/SALTLending?utm_source=x-twitter&amp;utm_medium=btc-2024&amp;utm_campaign=btc24-sponsor-profile-xI;m; https://www.linkedin.com/company/saltlending/?utm_source=linkedin&amp;utm_medium=btc-2024&amp;utm_campaign=btc24-sponsor-profile-li,Bitcoin MENA,,,,,,,,,,,,,,,,,,,,,,,
The Graph,"Prize Partner;$15,000 in prizes;Exhibitor",https://thegraph.com,https://ethglobal.b-cdn.net/organizations/pfyco/square-logo/default.png,"A decentralized indexing and querying protocol for onchain data, with tens of thousands of subgraphs across 40+ blockchains.",ethglobal-lisbon;ethonline;rare-evo,,3,,,Rare Evo 2026,"$15,000",,,exhibitor,,,,,,active,163,,,,,,,,,,,,
Unistar,1 Block;Kilo,https://www.unistarminer.com,https://cdn.prod.website-files.com/687f979126432c8ce843e6d7/68e7e290606ad184dcd27174_unistar-logo.webp,"Unistar is a blockchain‑mining‑focused investment company: we invest in digital assets, hold Bitcoin mining machines to execute futures‑strategy investments, and actively seek global power resources to develop and operate mining facilities.Leveraging our factory‑direct procurement model, Unistar guarantees every order from placement through delivery, offering ASIC miners at the lowest mainstream market rates. With a solid presence in the United States, Russia, and the Middle East, we provide large‑scale mining farms, institutional investors, and professional enthusiasts with reliable, high‑performance mining solutions and exceptional value.",bitcoin-asia;bitcoin-mena;mining-disrupt,2025,3,https://mena.b.tc/sponsor,,Bitcoin MENA,,,,,,,,,,,,,,,,,,,,,,,
World,Prize Partner;Prize Sponsor,https://world.org,https://ethglobal.b-cdn.net/organizations/3zpxc/square-logo/default.png,"Platform designed to distinguish humans from AI, provide inclusive finance access, and connect real people; positioned as free and community-owned. Prize details coming soon.",ethglobal-lisbon;ethglobal-mumbai;ethglobal-tokyo,,3,,,,"$15,000","$20,000 — Every human benefits from the age of AI. Distinguish between humans and AI online. Access universally inclusive finance.","$15,000",,,,,,,,,,,,,,,,,,,,
Allconfsbot,Community Partner;Partner:Info Partners,https://allconfsbot.website,https://blockchain-life.com/wp-content/uploads/2025/06/photo_2022-02-12_04-14-58.jpg,,bitcoin-asia;blockchain-life-forum,2026,2,,,,,,,,,,,,,,,,,,,,,,,,,,
APAC DAO,Community Partner,,https://cdn.prod.website-files.com/6756df8f05088bc3e51c64ea/690da5d704d9e5870af4abdc_UxECRNEO7sSZIEpqiTTY85ZWkvDHSzU3hbS5X2VpYGI.png,,ripple-swell-apex;token2049-singapore,2025;2026,2,https://www.token2049.com/singapore/partners,,TOKEN2049 Singapore,,,,,,,,,,,,,,,,,,,,,,Carried over from 2025 lineup (per page label),
Ault,Silver;Exhibitor,https://aultblockchain.com/,https://framerusercontent.com/images/TgBkX3eIsupMp0y8VAWbQb18Kk.png?scale-down-to=512&width=775&height=352,,korea-blockchain-week;rare-evo,2025,2,,,Rare Evo 2026,,,,exhibitor,,,,,yes,active,194,,,,,,,,,,,,
Auradine,1 Block;Mega,http://www.Auradine.com,https://cdn.prod.website-files.com/687f979126432c8ce843e6d7/68e7e27d3a235342f9ddab5c_auradine-recEZ1vlvtiC5Q6cs.webp,"Auradine is working on breakthrough scalability, sustainability, and security for the future of internet infrastructure, enabled by revolutionary blockchain, generative AI, and zero-knowledge technologies. We develop complete solutions, including software, silicon systems, and offer our customers both system-level and cloud solutions.",bitcoin-mena;mining-disrupt,2025,2,https://mena.b.tc/sponsor,,Bitcoin MENA,,,,,,,,,,,,,,,,,,,,,,,
Bd Ventures,Partner;Community Partner,,https://api.rareevo.io/storage/domains/dev.rareevo.io/organizations/logos/xLKvlN3djCfK4y9zDqFqkrPjdR4E5k0wO2wB3NBG.png,,rare-evo;token2049-singapore,2026,2,https://www.token2049.com/singapore/partners,,Rare Evo 2026,,,,partner,,,,,,active,112,,,,,,,,,,,Carried over from 2025 lineup (per page label),
Bitcoin Butik,Copper;Byte,https://bitcoinbutik.com/,https://cdn.prod.website-files.com/61e8788db85eabd9f0305f67/68ab210f95c2d0f853acfd62_Bitcoin%20Butik.png,,blockchain-futurist-florida;mining-disrupt,,2,,,,,,,,,,,,,,,,,,,,,,,,,,
BitFuFu,1 Block;Byte,https://www.bitfufu.com,https://cdn.prod.website-files.com/687f979126432c8ce843e6d7/690cf243e3b9ef552594ff14_680ff9d1e8714e8007387b37_1200x628.webp,"BitFuFu Inc. (Nasdaq: FUFU) is a world-leading Bitcoin miner and mining services innovator. BitFuFu is committed to empowering the global Bitcoin network through its industry-leading cloud mining platform, rapidly scaling infrastructure, and innovative mining services.‍",bitcoin-mena;mining-disrupt,2025,2,https://mena.b.tc/sponsor,https://x.com/bitfufuofficial?lang=en; https://www.linkedin.com/company/bitfufu/; https://www.facebook.com/BitFuFuPlatform/,Bitcoin MENA,,,,,,,,,,,,,,,,,,,,,,,
Bitkey,2 Block,https://bitkey.world/,https://cdn.prod.website-files.com/68b852e37770c3bed85139ee/69e6e35a9d2d49d9f01528c0_6813cf8ce68bd25229bae58d_bitkey-20logo-20black-20-1-20-20william-20samme.webp,"Bitkey is the bitcoin self-custody wallet from Block, Inc. Its built-in multi-signature security and recovery system replaces the need for seed phrases — giving you full control of your bitcoin without the risks of relying on a single backup. Bitkey was created to make self-custody accessible and empower more people around the world to truly own their money. Learn more at bitkey.world.",bitcoin-amsterdam;bitcoin-mena,2025,2,https://mena.b.tc/sponsor,https://x.com/BitkeyOfficial,Bitcoin MENA,,,,,,,,,,,,,,,,,,,,,,,
Bitlayer,1 Block;Bronze,http://www.bitlayer.org,https://cdn.prod.website-files.com/687f979126432c8ce843e6d7/68f27e82da3e6e658b7b5a3e_65fdb618c00085f5f91bd79a_bitlayer-20png.webp,"Bitlayer is pioneering the first BitVM implementation. By merging unparalleled security with a lightning-fast smart contract engine, Bitlayer unlocks the full potential of Bitcoin DeFi.Built on Bitcoin’s native security architecture, Bitlayer is constructing a trust-minimized BitVM Bridge, a yield-bearing asset YBTC and a high-throughput Bitcoin Rollup — bringing true utility, speed, and composability to Bitcoin, and establishing a complete DeFi infrastructure for the Bitcoin ecosystem.",bitcoin-mena;korea-blockchain-week,2025,2,https://mena.b.tc/sponsor,https://x.com/BitLayerLabs; https://www.linkedin.com/company/bitlayerlabs/; https://t.me/bitlayerofficial; https://github.com/bitlayer-org,Bitcoin MENA,,,,,,,,,,,,,,,,,,,,,,,
BITMAIN,Moon;Byte,https://www.bitmain.com/,https://cdn.prod.website-files.com/687f979126432c8ce843e6d7/68e7e27d3a235342f9ddab71_bitmain-reclQwVoqWj89ELLw.webp,"Established in 2013, BITMAIN is the world's leading manufacturer of cryptocurrency mining servers.The company's ANTMINER product has long maintained a leading position within the industry in terms of technical strength and market status. With cutting-edge technology in energy efficiency, the company offers advanced computational infrastructure and solutions to the global blockchain network.",bitcoin-mena;mining-disrupt,2025,2,https://mena.b.tc/sponsor,https://twitter.com/BITMAINtech; https://www.linkedin.com/company/bitmain/; https://www.facebook.com/Bitmain; https://t.me/bitmain,Bitcoin MENA,,,,,,,,,,,,,,,,,,,,,,,
Blockchain Association Singapore,Community Partner,,https://cdn.prod.website-files.com/6756df8f05088bc3e51c64ea/6894b75ee0a73d8662a266ca_IQBgM1HKzCUHcaC2Vdh8hN7gofcT-kVVNFqUPLwOwrU.svg,,ripple-swell-apex;token2049-singapore,2025;2026,2,https://www.token2049.com/singapore/partners,,TOKEN2049 Singapore,,,,,,,,,,,,,,,,,,,,,,Carried over from 2025 lineup (per page label),
BVI Finance,Silver & Bronze;Silver,http://bvifinance.vg/,https://cdn.prod.website-files.com/61e8788db85eabd9f0305f67/68bef564aa22ce4a5539540d_BVI%20finance.png,,blockchain-futurist-florida;blockchain-futurist-toronto,,2,,,Blockchain Futurist Conference Toronto 2026,,,,,,,,,,,,,,,,,,,,,,,
ByDFI,Sponsor;Silver,http://www.bydfi.com,https://wojgrioccmbywgtruwfl.supabase.co/storage/v1/object/public/Media%20Folders/Coinfest%20Asia%202026/CMS/Partners/Sponsors/bydfi_1778928777954.png,,coinfest-asia;korea-blockchain-week,2025;2026,2,,,,,,,,,,,,,,,,,,,,,,,,,,
Canaan,1 Block;Giga,https://canaan.io/,,,bitcoin-asia;mining-disrupt,,2,,,,,,,,,,,,,,,,,,,,,,,,,,
Cayman Finance,Platinum & Gold;Gold,http://caymanfinance.ky/,https://cdn.prod.website-files.com/61e8788db85eabd9f0305f67/68cbaa43ba523cfe53a4f6ba_cayman%20finance.png,,blockchain-futurist-florida;blockchain-futurist-toronto,,2,,,Blockchain Futurist Conference Toronto 2026,,,,,,,,,,,,,,,,,,,,,,,
Chainwire,Silver & Bronze;Silver,https://chainwire.org/,https://cdn.prod.website-files.com/61e8788db85eabd9f0305f67/6900d6d6b536020b73378bbd_Chin%20wire.png,,blockchain-futurist-florida;blockchain-futurist-toronto,,2,,,Blockchain Futurist Conference Toronto 2026,,,,,,,,,,,,,,,,,,,,,,,
Chiliz,Gold;Exhibitor,https://www.chiliz.com/,https://framerusercontent.com/images/G4ipjohiTX0UuP3GZSMzuUZ7mfk.png?scale-down-to=512&width=775&height=352,,korea-blockchain-week;rare-evo,2025,2,,,Rare Evo 2026,,,,exhibitor,,,,,,active,119,,,,,,,,,,,,
Coin Desk,Silver;Partner;Exhibitor,https://www.coindesk.com/,https://framerusercontent.com/images/3v1DzgBqp5cq1l9ER03jNdBcbPg.png?scale-down-to=512&width=775&height=352,,korea-blockchain-week;rare-evo,2025,2,,,Rare Evo 2026,,,,partner,,,,,,active,101,,,,,,,,,,,,
CoinDesk,Media Partner,,https://cdn.prod.website-files.com/6756df8f05088bc3e51c64ea/6912ffe4d1cbbcab51a7aab5_SCTzUlrAf9OmEs75y5Pdh2JCelW4t4emwbjhRb6bWH8.avif,,ripple-swell-apex;token2049-singapore,2025;2026,2,https://www.token2049.com/singapore/partners,,TOKEN2049 Singapore,,,,,,,,,,,,,,,,,,,,,,Carried over from 2025 lineup (per page label),
Cointelegraph,Partner:General Media Partner;Bronze,https://cointelegraph.com,https://blockchain-life.com/wp-content/uploads/2025/06/Snimok-ekrana-2023-08-09-v-13.00.55.png,,blockchain-life-forum;korea-blockchain-week,2025;2026,2,,,,,,,,,,,,,,,,,,,,,,,,,,
Compass Mining,1 Block;Mega,https://compassmining.io/,https://cdn.prod.website-files.com/687f979126432c8ce843e6d7/692dd56cf24f2f20816d32c6_compassmining_logo_stacked_blacktxt-1.webp,Compass is the world's first bitcoin mining marketplace which provides everyone the opportunity to mine bitcoin profitably. Our mission is to strengthen Bitcoin's network by democratizing hashrate and providing institutions and retail the ability and access to own bitcoin mining hardware and host it at the best facilities around the world.,bitcoin-mena;mining-disrupt,2025,2,https://mena.b.tc/sponsor,https://twitter.com/compass_mining; https://linkedin.com/compassmining; https://t.me/compassmining,Bitcoin MENA,,,,,,,,,,,,,,,,,,,,,,,
Core,2 Block;Bronze,https://coredao.org,https://cdn.prod.website-files.com/687f979126432c8ce843e6d7/68e7e290606ad184dcd2717d_core-recTenyIkxV12WlW3.webp,"Core is Bitcoin’s first Proof of Stake (PoS) layer and the largest Bitcoin DeFi ecosystem, merging the unparalleled security of Bitcoin with the scalability of the Satoshi Plus consensus. Core’s Dual Staking empowers Bitcoin holders to earn secure and sustainable yields by staking both BTC and CORE, all while retaining full control of their assets. Over 5,000 BTC and 165M CORE have been staked on the Core blockchain, enhancing Bitcoin’s utility and security. Core is the most Bitcoin-aligned EVM blockchain with ~76% of Bitcoin mining hash power contributing to the network’s security. This breakthrough has amassed millions of Core adopters — over 39M unique addresses, 353M+ transactions, and over $800M TVL since its mainnet launch in January 2023.",bitcoin-mena;korea-blockchain-week,2025,2,https://mena.b.tc/sponsor,https://twitter.com/Coredao_Org; https://www.linkedin.com/company/core-dao/,Bitcoin MENA,,,,,,,,,,,,,,,,,,,,,,,
Crypto.com,Moon,https://crypto.com/en/index.html,https://cdn.prod.website-files.com/68b852e37770c3bed85139ee/69e6f328814dd91e31172f28_crypto-com-reciAqxgD89YeZOvP.png,"Founded in 2016, Crypto.com is trusted by more than 150 million users worldwide and is the industry leader in regulatory compliance, security and privacy. Our vision is simple: Cryptocurrency in Every Wallet™. Crypto.com is committed to accelerating the adoption of cryptocurrency through innovation.Crypto.com is now building the most comprehensive financial technology destination - with products and services ranging from crypto, to equities, to cards and more. It has created one of the first digital commerce ecosystems, integrating payments, trading, and financial services.Today, Crypto.com stands as the world's leading cryptocurrency platform for licenses, registrations, and security certifications, and is the most recognized brand in crypto, with thrilling, never-been-done before partnerships and activations.Learn more at https://crypto.com.",bitcoin-amsterdam;bitcoin-mena,2025,2,https://mena.b.tc/sponsor,https://twitter.com/cryptocom; https://www.linkedin.com/company/cryptocom/; https://www.facebook.com/CryptoComOfficial,Bitcoin MENA,,,,,,,,,,,,,,,,,,,,,,,
CryptoCurrencyWire,Platinum & Gold;Gold,https://www.cryptocurrencywire.com/,https://cdn.prod.website-files.com/61e8788db85eabd9f0305f67/67d7428025c4c8e654e65026_ccw.png,,blockchain-futurist-florida;blockchain-futurist-toronto,,2,,,Blockchain Futurist Conference Toronto 2026,,,,,,,,,,,,,,,,,,,,,,,
CryptoRank,Partner:Media Partners;Supporting Partner,https://cryptorank.io,https://blockchain-life.com/wp-content/uploads/2025/06/logo_color.png,,blockchain-life-forum;korea-blockchain-week,2025;2026,2,,,,,,,,,,,,,,,,,,,,,,,,,,
DeFi Development Corp,Exhibitor;Gold,https://defidevcorp.com/,https://api.rareevo.io/storage/domains/rareevo.io/organizations/logos/ddc_stacked.png,DeFi Development Corp. is a public company with a Solana treasury strategy and operating businesses connected to digital assets and financial technology. The company communicates with investors and ecosystem participants through its DeFi Development Corp. brand.,rare-evo;solana-breakpoint,,2,,,Rare Evo 2026,,,,exhibitor,,https://www.linkedin.com/company/defi-development-corporation,,,,active,151,DeFi Development Corp.,DeFi,Company,A public company with a Solana treasury strategy.,DeFi Development Corp. is a public company focused on building and holding a Solana treasury alongside its operating businesses.,https://x.com/defidevcorp,,,,,,
DroomDroom,Community Partner;Partner:Info Partners,https://droomdroom.com,https://blockchain-life.com/wp-content/uploads/2025/06/DroomDroom_Black.png,,bitcoin-asia;blockchain-life-forum,2026,2,,,,,,,,,,,,,,,,,,,,,,,,,,
Eukapay,Platinum & Gold;Gold,https://eukapay.com/,https://cdn.prod.website-files.com/61e8788db85eabd9f0305f67/67db4653bdb0a6265a7129fb_eukapay.png,,blockchain-futurist-florida;blockchain-futurist-toronto,,2,,,Blockchain Futurist Conference Toronto 2026,,,,,,,,,,,,,,,,,,,,,,,
Fooksum,1 Block;Byte,http://www.fooksum.com,https://cdn.prod.website-files.com/687f979126432c8ce843e6d7/6908cd41742a0b76f948c97d_fooksum.webp,"Fooksum is a global logistics provider specializing in the transportation and warehousing of cryptocurrency mining and high-performance computing equipment. With over 5 years of experience and more than 200,000 servers shipped worldwide, Fooksum offers reliable air, sea, and land freight solutions, along with secure storage in key markets including the U.S., Canada, Dubai, and Southeast Asia.",bitcoin-mena;mining-disrupt,2025,2,https://mena.b.tc/sponsor,https://x.com/PebbleShi; http://linkedin.com/company/fooksum-usa,Bitcoin MENA,,,,,,,,,,,,,,,,,,,,,,,
GDA,1 Block;Mega,https://genesisdigitalassets.com/,https://cdn.prod.website-files.com/687f979126432c8ce843e6d7/68e7e29ffb2d67aa36969159_gda-recUTmyFe39oXkaPX.webp,"GDA is one of the world’s largest and most experienced industrial-scale bitcoin mining companies, with a track record of building, managing, and scaling data centre operations spanning nearly a decade.We champion innovation, responsible energy use, and investment in the communities where we operate globally, including the 20 data centres across North America, South America, Europe, and Central Asia.With a total power capacity of over 600 MW, the company has brought over 180,000 miners online.At GDA, we are committed to supporting the infrastructure for the future of money by making the bitcoin network more robust, resilient, and secure.",bitcoin-mena;mining-disrupt,2025,2,https://mena.b.tc/sponsor,,Bitcoin MENA,,,,,,,,,,,,,,,,,,,,,,,
GOAT Network,1 Block;Bronze,https://www.goat.network/,https://cdn.prod.website-files.com/687f979126432c8ce843e6d7/68e93e1678cbb870ab581a1f_goat-network-recxUwTgTF4apNFYF.webp,Bitcoin Native ZK Rollup with Sustainable BTC Yield,bitcoin-mena;korea-blockchain-week,2025,2,https://mena.b.tc/sponsor,https://x.com/GOATRollup,Bitcoin MENA,,,,,,,,,,,,,,,,,,,,,,,
Hedera,"Prize Partner;$15,000 in prizes",https://hedera.com/,https://ethglobal.b-cdn.net/organizations/bdi3h/square-logo/default.png,"A leading EVM blockchain enabling 10,000+ TPS, 3s finality, low fees, and the highest grade (aBFT) of security.",ethglobal-lisbon;ethonline,,2,,,,"$15,000",,,,,,,,,,,,,,,,,,,,,,
HRF,Headline;Gold,https://hrf.org/,https://btcpp.nyc3.digitaloceanspaces.com/sponsors/hrf.svg,,bitcoin-plusplus-berlin;bitcoin-policy-summit,2025,2,https://www.btcpolicysummit.org/sponsors,,Bitcoin Policy Summit 2025,,,,,,,,,,,,,,,,,,,,,,,
Investor Brand Network,Platinum & Gold;Gold,https://www.investorbrandnetwork.com/,https://cdn.prod.website-files.com/61e8788db85eabd9f0305f67/664ace6e80f29be2b0f87e81_ibn.png,,blockchain-futurist-florida;blockchain-futurist-toronto,,2,,,Blockchain Futurist Conference Toronto 2026,,,,,,,,,,,,,,,,,,,,,,,
Ledger,Partner;Gold,https://www.ledger.com,https://static.wixstatic.com/media/5b61ba_0ae4a18f8fc240b8986ae79c8b014a09.png,Participating partner; infrastructure / self-custody focus.,binance-blockchain-week;bitcoin-policy-summit,2025,2,https://www.passionateinmarketing.com/setting-the-stage-binance-announces-first-wave-of-global-speakers-for-blockchain-week-2025/,,Bitcoin Policy Summit 2025,,,,,,,,,,,,,,,,,,,,,,,
Luna PR,Silver & Bronze;Silver,https://www.lunapr.com/,https://cdn.prod.website-files.com/61e8788db85eabd9f0305f67/68adbb6b398b02bd08e33f60_luna.png,,blockchain-futurist-florida;blockchain-futurist-toronto,,2,,,Blockchain Futurist Conference Toronto 2026,,,,,,,,,,,,,,,,,,,,,,,
Mangrove,Gold;Exhibitor,https://mangrove.ai/,https://api.rareevo.io/storage/domains/rareevo.io/organizations/logos/mangrove_black.png,,blockchain-futurist-toronto;rare-evo,,2,,,Blockchain Futurist Conference Toronto 2026,,,,exhibitor,,,,,,active,165,,,,,,,,,,,,
Meanwhile,Silver & Bronze;Mega,http://meanwhile.bm/,https://cdn.prod.website-files.com/61e8788db85eabd9f0305f67/68b0be541851d844f61bc849_meanwhile.png,,blockchain-futurist-florida;mining-disrupt,,2,,,,,,,,,,,,,,,,,,,,,,,,,,
MEXC,1 Block;Sponsor:Special sponsors,http://www.mexc.com,https://cdn.prod.website-files.com/687f979126432c8ce843e6d7/68e7e29ffb2d67aa36969168_mexc-recXTwVJuR7RDOQ5G.webp,"A crypto exchange with 40+ million users, 4000+ tokens & everyday airdrops",bitcoin-mena;blockchain-life-forum,2025;2026,2,https://mena.b.tc/sponsor,https://x.com/MEXC_Official,Bitcoin MENA,,,,,,,,,,,,,,,,,,,,,,,
Munich International Mining LLC,1 Block;Byte,https://mim.farm/,https://cdn.prod.website-files.com/687f979126432c8ce843e6d7/68e7e27d3a235342f9ddab77_munich-international-mining-llc-rectfuNwCPxuSIiLM.webp,GREEN and EASY Bitcoin Mining. We make Mining accessible for everyone.,bitcoin-mena;mining-disrupt,2025,2,https://mena.b.tc/sponsor,https://twitter.com/MiningMunich,Bitcoin MENA,,,,,,,,,,,,,,,,,,,,,,,
Nakamoto,2 Block;3 Block,https://nakamoto.com,https://cdn.prod.website-files.com/68b852e37770c3bed85139ee/69e6e4bd208638d5620432f3_nakamoto-wordmark_green.webp,Nakamoto is a Bitcoin treasury and financial services company that aims to catalyze global Bitcoin adoption through capital markets. Nakamoto is designed to advance and sustain the long-term securitization of Bitcoin and its role as a global reserve asset.,bitcoin-amsterdam;bitcoin-mena,2025,2,https://mena.b.tc/sponsor,https://x.com/nakamoto; https://www.linkedin.com/company/nakamotoholdings,Bitcoin MENA,,,,,,,,,,,,,,,,,,,,,,,
Nervos Foundation,Kilo;Exhibitor,https://www.nervos.org/,https://api.rareevo.io/storage/domains/rareevo.io/organizations/logos/nervos-logo-black.png,,mining-disrupt;rare-evo,,2,,,Rare Evo 2026,,,,exhibitor,,,,,,active,120,,,,,,,,,,,,
OffChain,Community Partner,,https://cdn.prod.website-files.com/6756df8f05088bc3e51c64ea/690da880d7500447ae652b4d_0ZH3_C0FKLlmNofRqqFcSVlv7iTCxCFV00Bo6TKEuD4.png,,ripple-swell-apex;token2049-singapore,2025;2026,2,https://www.token2049.com/singapore/partners,,TOKEN2049 Singapore,,,,,,,,,,,,,,,,,,,,,,Carried over from 2025 lineup (per page label),
OKX,Sponsor:Premium sponsors;Bronze,http://okx.com,https://blockchain-life.com/wp-content/uploads/2025/06/okx-01.svg,Global crypto exchange serving more than 50 million users,blockchain-life-forum;korea-blockchain-week,2025;2026,2,,,,,,,,,,,,,,,,,,,,,,,,,,
Pivot,Community Partner,https://x.com/0xPivot_,https://cdn.prod.website-files.com/6756df8f05088bc3e51c64ea/68b45030f50745445fc26fbf_lwb53vnKN5HtCODzWch7uTEqvenwmwnLDy9m0Ldxh5M.png,,bitcoin-asia;token2049-singapore,2026,2,https://www.token2049.com/singapore/partners,,TOKEN2049 Singapore,,,,,,,,,,,,,,,,,,,,,,Carried over from 2025 lineup (per page label),
SheFi,Platinum & Gold;Gold,https://www.shefi.org/,https://cdn.prod.website-files.com/61e8788db85eabd9f0305f67/6900d6d69f42acf609127981_shefi.png,,blockchain-futurist-florida;blockchain-futurist-toronto,,2,,,Blockchain Futurist Conference Toronto 2026,,,,,,,,,,,,,,,,,,,,,,,
Solayer,Platinum+ Sponsor;Exhibitor,https://solayer.org,https://api.rareevo.io/storage/domains/rareevo.io/organizations/logos/Solayer Fulllogo - Dark.png,Platinum+ Sponsor.,binance-blockchain-week;rare-evo,2025,2,https://crypto.ro/en/news/binance-blockchain-week-2025/,,Rare Evo 2026,,,,exhibitor,,,,,,active,89,,,,,,,,,,,,
Stand with Crypto,Silver;Exhibitor,https://www.standwithcrypto.org,https://static.wixstatic.com/media/5b61ba_9df70d884f8340d68b70b3cbc9b437a0.png,,bitcoin-policy-summit;rare-evo,2025,2,https://www.btcpolicysummit.org/sponsors,,Bitcoin Policy Summit 2025,,,,exhibitor,,,,,,active,26,,,,,,,,,,,,
Starknet,1 Block,https://www.starknet.io/,https://cdn.prod.website-files.com/687f979126432c8ce843e6d7/691a7fef235d985521f0cfa6_sn-stacked-gradient-2.webp,"Starknet is building Bitcoin’s execution layer. Powered by STARK proofs, Starknet lets Bitcoin users put their sats to work with unmatched scaling, UX, and liquidity - without compromising on decentralization or security. Co-founded by Professor Eli Ben-Sasson, co-founder and former Chief Scientist of Zcash, Starknet brings world-class cryptographic innovation to Bitcoin.",bitcoin-asia;bitcoin-mena,2025,2,https://mena.b.tc/sponsor,https://x.com/Starknet; https://www.linkedin.com/company/starkware/,Bitcoin MENA,,,,,,,,,,,,,,,,,,,,,,,
Sui,Prize Partner;Partner (2025),https://www.sui.io/,https://ethglobal.b-cdn.net/organizations/vsbye/square-logo/default.png,,ethglobal-lisbon;korea-blockchain-week,2025,2,,,,"$15,000",,,,,,,,,,,,,,,,,,,,,,
Tangem,1 Block;Platinum & Gold,https://tangem.com/,https://cdn.prod.website-files.com/687f979126432c8ce843e6d7/68e7e27d3a235342f9ddab65_671a45e0eee4f77a42d930a6_logo-black-rgb-_1_-irina-moskvitina.webp,"Tangem is a technology company founded in 2017. The Tangem Wallet — its flagship product — is a hardware wallet for managing thousands of cryptocurrencies and other digital assets on over 60 blockchain networks, focusing on simplicity and utmost security. Tangem cold wallet built for you. Wear it, use it, hide it.",bitcoin-mena;blockchain-futurist-florida,2025,2,https://mena.b.tc/sponsor,https://x.com/tangem; https://www.linkedin.com/company/tangem; https://t.me/tangem,Bitcoin MENA,,,,,,,,,,,,,,,,,,,,,,,
Tenity,Community Partner,,https://cdn.prod.website-files.com/6756df8f05088bc3e51c64ea/690da9235d54d62900e9ae74_zktjJyPk9DisSIe7QMNqsLsW-jl8ipUk9-QEMJ_UBuU.png,,ripple-swell-apex;token2049-singapore,2025;2026,2,https://www.token2049.com/singapore/partners,,TOKEN2049 Singapore,,,,,,,,,,,,,,,,,,,,,,Carried over from 2025 lineup (per page label),
The Saif House,1 Block,https://thesaifhouse.com/,https://cdn.prod.website-files.com/68b852e37770c3bed85139ee/69e6f310d8ca4de6b2c39340_66b01b32-bdcc-479b-a49f-0922f8850f16-ticket-hs_file_upload-logo.webp,"The Saif House is an independent Bitcoin-only publisher dedicated to advancing sound economic thinking. We publish The Bitcoin Standard, The Fiat Standard, The Gold Standard, and Principles of Economics by Saifedean Ammous, along with works by other authors exploring Bitcoin and Austrian economics. Through books, courses, and seminars, The Saif House promotes education rooted in hard money, individual sovereignty, and long-term thinking.",bitcoin-amsterdam;bitcoin-mena,2025,2,https://mena.b.tc/sponsor,https://x.com/saifedean; https://www.linkedin.com/company/saifedean-com/,Bitcoin MENA,,,,,,,,,,,,,,,,,,,,,,,
Treasury,Title;Moon,https://www.treasury-btc.com/,https://cdn.prod.website-files.com/68b852e37770c3bed85139ee/69e6df0785e69dfbecfcc6f4_treasury_logo.webp,"Treasury is Europe’s pioneering euro-denominated Bitcoin treasury company, bridging traditional finance with the future of digital capital. With Bitcoin as the catalyst and benchmark of digital gold, we provide a transparent, liquid, and institutional-grade vehicle for Bitcoin structure.",bitcoin-amsterdam;bitcoin-mena,2025,2,https://mena.b.tc/sponsor,https://x.com/Treasury_BTC; https://www.linkedin.com/company/treasurybtc,Bitcoin MENA,,,,,,,,,,,,,,,,,,,,,,,
Tron,Diamond;Exhibitor,https://tron.network/,https://framerusercontent.com/images/Hp1hV8bj4ZF0RDrhzsNdRj53p0s.png?scale-down-to=512&width=1064&height=480,,korea-blockchain-week;rare-evo,2025,2,,,Rare Evo 2026,,,,exhibitor,,,,,,inactive,148,,,,,,,,,,,,
Trusted Smart Chain,Silver & Bronze;Exhibitor,https://t7x.io/,https://cdn.prod.website-files.com/61e8788db85eabd9f0305f67/68e3f7da0e0d3f8689d74c21_trusted%20smart%20chain.png,,blockchain-futurist-florida;rare-evo,,2,,,Rare Evo 2026,,,,exhibitor,,,,,,active,199,,,,,,,,,,,,
Vnish,Sponsor:Premium sponsors;Byte,http://vnish.com,https://blockchain-life.com/wp-content/uploads/2025/06/vnish-01.svg,Сustom firmware for Bitmain ASIC hardware,blockchain-life-forum;mining-disrupt,2026,2,,,,,,,,,,,,,,,,,,,,,,,,,,
Web3 Salon,Community Partner,,https://cdn.prod.website-files.com/6756df8f05088bc3e51c64ea/689af0e567bd93125c7455f0_K6f1VLvZddf5ls1ZBtZz9H-VHhfICqH_1hWB-4WvbVY.png,,ripple-swell-apex;token2049-singapore,2025;2026,2,https://www.token2049.com/singapore/partners,,TOKEN2049 Singapore,,,,,,,,,,,,,,,,,,,,,,Carried over from 2025 lineup (per page label),
Women in Crypto,Silver & Bronze;Silver,http://womenincrypto.org/,https://cdn.prod.website-files.com/61e8788db85eabd9f0305f67/6814df99e61c476453473ad8_wc.png,,blockchain-futurist-florida;blockchain-futurist-toronto,,2,,,Blockchain Futurist Conference Toronto 2026,,,,,,,,,,,,,,,,,,,,,,,
0Impact,Exhibitor,,https://api.rareevo.io/storage/domains/rareevo.io/organizations/logos/oimpact-wordmark-fullcolor.png,,rare-evo,,1,,,Rare Evo 2026,,,,exhibitor,,,,,,active,175,,,,,,,,,,,,
0xProcessing,Sponsor/Exhibitor,,https://tickets.sigma.world/img/companies/tmp/company-102057-1730287061.png,"0xProcessing is an all-in-one crypto payment gateway with an acceptance rate of up to 99.9%. It enables businesses to receive and send payments in 50+ cryptocurrencies across 14 major networks, with no banking limits or geographical restrictions. Fast integration — go live in one day. Experience secure, fast transactions and unlock global business opportunities.",sigma-world-rome,,1,,,"SiGMA World 2026 (Rome, Fiera Roma, Nov 2-5 2026)",,,,,,,,,,,,,,,,,,,,,,,
1783DAO,Community Partner,,https://cdn.prod.website-files.com/6756df8f05088bc3e51c64ea/690da5922448f1afec1926e3_RV4ge28K97lciawoliaP90qbI6F1Z1tx0Lvx2dJXBCo.png,,token2049-singapore,2026,1,https://www.token2049.com/singapore/partners,,TOKEN2049 Singapore,,,,,,,,,,,,,,,,,,,,,,Carried over from 2025 lineup (per page label),
1inch,Prize Sponsor,https://1inch.io/,,"DeFi ecosystem featuring a DEX aggregator offering best swap rates across 12+ chains; provides developer APIs for swap optimization, cross-chain solutions, and MEV protection. Prize details coming soon.",ethglobal-tokyo,,1,,,,,,"$20,000",,,,,,,,,,,,,,,,,,,,
1Password,SaaS,,,,web-summit-lisbon,2025,1,,,,,,,,,,,,,,,,,,,,,,,,,,https://websummit.com/appearances/lis25/e148c465-7aa5-427e-b575-7f29e8eafdaf/1password
1xbet,Licensed Exhibitor,,https://tickets.sigma.world/img/companies/tmp/company-100632-1702375753.png,"1xBet is a world-renowned company with 18 years of experience in the betting and gambling industry. The brand’s clients bet on thousands of sporting events and play popular games from the best providers in online casinos, while the company’s website and app are available in 70 languages. The list of official partners of 1xBet includes FC Barcelona, LOSC Lille, Italian Serie A, FIBA, ESL, Volleyball World, and other world-famous sports brands and organisations. The company has been repeatedly nominated and won prestigious professional awards, and its platform is visited every month by more than 3 million players from around the…",sigma-world-rome,,1,,,"SiGMA World 2026 (Rome, Fiera Roma, Nov 2-5 2026)",,,,,,,,,,,,,,,,,,,,,,,
21energy,1 Block,https://21energy.com/,https://cdn.prod.website-files.com/68b852e37770c3bed85139ee/69e6e3704769bfd3b61c9df7_21energy-recQ6aUXwY7MIn455_jKxR6SYIW.webp,"Founded 2022 in Innsbruck, transforms waste heat from Bitcoin mining into sustainable heating solutions.",bitcoin-amsterdam,,1,,,,,,,,,,,,,,,,,,,,,,,,,,
256 Crypto Marketing,Silver,https://www.256mkt.com/,,,blockchain-futurist-toronto,,1,,,Blockchain Futurist Conference Toronto 2026,,,,,,,,,,,,,,,,,,,,,,,
2rbo Affiliates (Turbo),Sponsor/Exhibitor,,https://tickets.sigma.world/img/companies/tmp/company-101710-1715083132.png,"Our partner, the international affiliate 3SNET (https://3snet.co) provides around 1,300 offers from direct advertisers worldwide in the most lucrative niches: betting, gambling, dating, loans, and eSports. It provides individual rates for HQ traffic after the test run, ready-to-use creatives and links, API, smartlinks and a generous Referral Bonus of 2% and more.",sigma-world-rome,,1,,,"SiGMA World 2026 (Rome, Fiera Roma, Nov 2-5 2026)",,,,,,,,,,,,,,,,,,,,,,,
36Crypto,Partner:Info Partners,https://36crypto.com/,https://blockchain-life.com/wp-content/uploads/2025/06/enhanced-new-36crypto-logo.png,,blockchain-life-forum,2026,1,,,,,,,,,,,,,,,,,,,,,,,,,,
3SNET,Sponsor/Exhibitor,,https://tickets.sigma.world/img/companies/tmp/company-100635-1721982076.png,"Our partner, the international affiliate 3SNET (https://3snet.co) provides around 1,300 offers from direct advertisers worldwide in the most lucrative niches: betting, gambling, dating, loans, and eSports. It provides individual rates for HQ traffic after the test run, ready-to-use creatives and links, API, smartlinks and a generous Referral Bonus of 2% and more.",sigma-world-rome,,1,,,"SiGMA World 2026 (Rome, Fiera Roma, Nov 2-5 2026)",,,,,,,,,,,,,,,,,,,,,,,
499,Community Partner,,https://cdn.prod.website-files.com/6756df8f05088bc3e51c64ea/690da593be2dc786cfe7add1_UnOqEvhb_AtchcEsvACQqGNMoQMcu_OhYWxKFKhExyM.png,,token2049-singapore,2026,1,https://www.token2049.com/singapore/partners,,TOKEN2049 Singapore,,,,,,,,,,,,,,,,,,,,,,Carried over from 2025 lineup (per page label),
4RABet,Licensed Exhibitor,,https://tickets.sigma.world/img/companies/tmp/company-101894-1722928989.png,,sigma-world-rome,,1,,,"SiGMA World 2026 (Rome, Fiera Roma, Nov 2-5 2026)",,,,,,,,,,,,,,,,,,,,,,,
50Partners,Licensed Exhibitor,,https://tickets.sigma.world/img/companies/tmp/company-102147-1752062648.png,,sigma-world-rome,,1,,,"SiGMA World 2026 (Rome, Fiera Roma, Nov 2-5 2026)",,,,,,,,,,,,,,,,,,,,,,,
[[alloc] init],Silver,https://allocin.it,https://btcpp.nyc3.digitaloceanspaces.com/sponsors/allocinit_2.svg,,bitcoin-plusplus-berlin,,1,,,,,,,,,,,,,,,,,,,,,,,,,,
A-Field Tech,Silver Sponsor,,https://cdn.prod.website-files.com/6756df8f05088bc3e51c64ea/6a3a942c91c44fea24bc5249_A-Field-Tech.png,,token2049-singapore,2026,1,https://www.token2049.com/singapore/partners,,TOKEN2049 Singapore,,,,,,,,,,,,,,,,,,,,,,Confirmed 2026 sponsor,
a16z crypto,Gold Sponsor,,https://cdn.prod.website-files.com/6756df8f05088bc3e51c64ea/6a3a88e35dda6dc938489b33_a16zcrypto.png,,token2049-singapore,2026,1,https://www.token2049.com/singapore/partners,,TOKEN2049 Singapore,,,,,,,,,,,,,,,,,,,,,,Confirmed 2026 sponsor,
ABGA,Community Partner,,https://cdn.prod.website-files.com/6756df8f05088bc3e51c64ea/690da5a444c40c87f3479067_nSqiHu4TLbsUtzzUHLsX1zCxUP0uvxEwa4IIpejNSrI.png,,token2049-singapore,2026,1,https://www.token2049.com/singapore/partners,,TOKEN2049 Singapore,,,,,,,,,,,,,,,,,,,,,,Carried over from 2025 lineup (per page label),
abmedia,Supporting Partner,https://www.abmedia.io/,https://framerusercontent.com/images/xkRyH5p05yelOuIXMcMdHZHik.png?scale-down-to=512&width=634&height=288,,korea-blockchain-week,2025,1,,,,,,,,,,,,,,,,,,,,,,,,,,
Abracadabra,Sponsor/Exhibitor,,https://tickets.sigma.world/img/companies/tmp/company-102351-1750163846.png,,sigma-world-rome,,1,,,"SiGMA World 2026 (Rome, Fiera Roma, Nov 2-5 2026)",,,,,,,,,,,,,,,,,,,,,,,
Abundant Mines,Kilo,https://abundantmines.com/,,,mining-disrupt,,1,,,,,,,,,,,,,,,,,,,,,,,,,,
AceHost,Kilo,https://www.acehost.com/,,,mining-disrupt,,1,,,,,,,,,,,,,,,,,,,,,,,,,,
AceMiners,Byte,https://aceminers.io/,,,mining-disrupt,,1,,,,,,,,,,,,,,,,,,,,,,,,,,
ACTUALONE,Community Partner,,https://cdn.prod.website-files.com/6756df8f05088bc3e51c64ea/68cd2fdc8037aae9e662c228_0NfOqXbB9rl2Nbl7dMXSmOAK8qcNGe2_YM_VSejt2xo.png,,token2049-singapore,2026,1,https://www.token2049.com/singapore/partners,,TOKEN2049 Singapore,,,,,,,,,,,,,,,,,,,,,,Carried over from 2025 lineup (per page label),
AdsCard,Sponsor:Platinum sponsors,https://adscard.net/,https://blockchain-life.com/wp-content/uploads/2025/09/vertikalnoe-logo-s-chernym-tekstom-1.svg,Virtual card platform built to manage and scale payments,blockchain-life-forum,2026,1,,,,,,,,,,,,,,,,,,,,,,,,,,
Adsterra,Sponsor/Exhibitor,,https://tickets.sigma.world/img/companies/tmp/company-100885-1765791898.png,"Bankera provides dedicated payment accounts, payment processing (fiat and crypto), card issuing and white-label solutions. It works closely with digital businesses – iGaming (both B2B and B2C, offering business and player accounts), crypto, affiliate, media and similar companies. Within the iGaming industry Bankera works with B2B and B2C companies, offering business and player accounts, and can offer payment solutions individually tailored to clientâ€™s needs – e.g., mass payouts, multi-currency accounts, SWIFT payments, debit cards.",sigma-world-rome,,1,,,"SiGMA World 2026 (Rome, Fiera Roma, Nov 2-5 2026)",,,,,,,,,,,,,,,,,,,,,,,
Advertise pro,Sponsor/Exhibitor,,https://tickets.sigma.world/img/companies/tmp/company-101181-1702376010.png,"Bankera provides dedicated payment accounts, payment processing (fiat and crypto), card issuing and white-label solutions. It works closely with digital businesses – iGaming (both B2B and B2C, offering business and player accounts), crypto, affiliate, media and similar companies. Within the iGaming industry Bankera works with B2B and B2C companies, offering business and player accounts, and can offer payment solutions individually tailored to clientâ€™s needs – e.g., mass payouts, multi-currency accounts, SWIFT payments, debit cards.",sigma-world-rome,,1,,,"SiGMA World 2026 (Rome, Fiera Roma, Nov 2-5 2026)",,,,,,,,,,,,,,,,,,,,,,,
aeon.xyz,Silver Sponsor,,https://cdn.prod.website-files.com/6756df8f05088bc3e51c64ea/6a3a942c91c44fea24bc523c_AEON.png,,token2049-singapore,2026,1,https://www.token2049.com/singapore/partners,,TOKEN2049 Singapore,,,,,,,,,,,,,,,,,,,,,,Confirmed 2026 sponsor,
Aff1,Partner:Info Partners,https://aff1.ru/,https://blockchain-life.com/wp-content/uploads/2025/06/aff1_logo_black.png,,blockchain-life-forum,2026,1,,,,,,,,,,,,,,,,,,,,,,,,,,
Affrepublic,Licensed Exhibitor,,https://tickets.sigma.world/img/companies/tmp/company-102286-1746535834.png,,sigma-world-rome,,1,,,"SiGMA World 2026 (Rome, Fiera Roma, Nov 2-5 2026)",,,,,,,,,,,,,,,,,,,,,,,
Africa Bitcoin Institute,Bronze,https://africabitcoininstitute.com,https://static.wixstatic.com/media/5b61ba_3b9d28fa62a0447d90a128ad87ed6eeb.png,,bitcoin-policy-summit,2025,1,https://www.btcpolicysummit.org/sponsors,,Bitcoin Policy Summit 2025,,,,,,,,,,,,,,,,,,,,,,,
Afyniti,Silver,https://afyniti.xyz/,,,blockchain-futurist-toronto,,1,,,Blockchain Futurist Conference Toronto 2026,,,,,,,,,,,,,,,,,,,,,,,
Agent Daredevil | Daredevil Media | NewProntera,Community Partner,,https://cdn.prod.website-files.com/6756df8f05088bc3e51c64ea/690da5aa53bfc93b1b46ff61_WQjy-lBN3tLCroln2OmeglPZ0565kxhwdRVWmHMMOr8.jpeg,,token2049-singapore,2026,1,https://www.token2049.com/singapore/partners,,TOKEN2049 Singapore,,,,,,,,,,,,,,,,,,,,,,Carried over from 2025 lineup (per page label),
Agentic Day,Gold,http://helloagentic.ai/,,,blockchain-futurist-toronto,,1,,,Blockchain Futurist Conference Toronto 2026,,,,,,,,,,,,,,,,,,,,,,,
AGENTS CLAN,Community Partner,,https://cdn.prod.website-files.com/6756df8f05088bc3e51c64ea/690da5ab0e3618fbe31cd790_jDNYBCUwI2qEF6yeF0mrpPdnG77lzit3h3k6Uoz8Ti8.png,,token2049-singapore,2026,1,https://www.token2049.com/singapore/partners,,TOKEN2049 Singapore,,,,,,,,,,,,,,,,,,,,,,Carried over from 2025 lineup (per page label),
AGNIC.AI,Silver,https://www.agnic.ai/,,,blockchain-futurist-toronto,,1,,,Blockchain Futurist Conference Toronto 2026,,,,,,,,,,,,,,,,,,,,,,,
AgriFORCE,Giga,https://agriforcegs.com/,,,mining-disrupt,,1,,,,,,,,,,,,,,,,,,,,,,,,,,
AI Insight,Community Partner,,https://cdn.prod.website-files.com/6756df8f05088bc3e51c64ea/68cd156de00e3ddbe46544f7__VRY7rRqqZCvon05XkkDfmCz_H2tVpgC9fjH2bkEo_U.svg,,token2049-singapore,2026,1,https://www.token2049.com/singapore/partners,,TOKEN2049 Singapore,,,,,,,,,,,,,,,,,,,,,,Carried over from 2025 lineup (per page label),
AiraPay,Silver,https://airapay.io/,,,blockchain-futurist-toronto,,1,,,Blockchain Futurist Conference Toronto 2026,,,,,,,,,,,,,,,,,,,,,,,
airdrop_hunter_public (Telegram),Partner:Info Partners,https://t.me/airdrop_hunter_public,https://blockchain-life.com/wp-content/uploads/2025/09/IMG_4543-1.png,,blockchain-life-forum,2026,1,,,,,,,,,,,,,,,,,,,,,,,,,,
Akamai Technologies,Telecommunications & IT,,,,web-summit-lisbon,2025,1,,,,,,,,,,,,,,,,,,,,,,,,,,https://websummit.com/appearances/lis25/6127fcac-cba7-4ef2-8478-22a4273b8366/akamai-technologies
Alchemix,Exhibitor,https://alchemix.fi/,https://api.rareevo.io/storage/domains/rareevo.io/organizations/logos/alchemix_black.png,,rare-evo,,1,,,Rare Evo 2026,,,,exhibitor,,,,,,active,51,,,,,,,,,,,,
Alchemy,Gold,https://www.alchemy.com/,,"Alchemy is a web3 development platform providing blockchain infrastructure, APIs, SDKs, and developer tools. Its Solana offering includes archive data retrieval, gRPC streaming, enhanced RPC endpoints, and staked transaction connections purpose-built for Solana's architecture. The platform also provides embedded wallets, gasless transactions, webhooks, and portfolio APIs across over 100 supported chains.",solana-breakpoint,,1,,,,,,,,,https://www.linkedin.com/company/alchemyinc/,,,,,,,Infrastructure,Platform,Infrastructure that moves billions at scale.,"Web3 development platform providing blockchain infrastructure, APIs, and developer tools across multiple chains including Solana.",https://x.com/Alchemy,https://discord.gg/9GnAcXQYZ6,https://github.com/alchemyplatform,,,,
Alchemy Pay,Silver Sponsor,,https://cdn.prod.website-files.com/6756df8f05088bc3e51c64ea/6a3a942c91c44fea24bc5240_Alchemy-Pay.png,,token2049-singapore,2026,1,https://www.token2049.com/singapore/partners,,TOKEN2049 Singapore,,,,,,,,,,,,,,,,,,,,,,Confirmed 2026 sponsor,
Alea Gaming,Licensed Exhibitor,,https://tickets.sigma.world/img/companies/tmp/company-100882-1723555179.png,,sigma-world-rome,,1,,,"SiGMA World 2026 (Rome, Fiera Roma, Nov 2-5 2026)",,,,,,,,,,,,,,,,,,,,,,,
alhudacibe,Supporting Partner,http://www.alhudacibe.com/,https://framerusercontent.com/images/BnLXq6WwGVcmCoaVchEqX6cWek.png?scale-down-to=512&width=634&height=288,,korea-blockchain-week,2025,1,,,,,,,,,,,,,,,,,,,,,,,,,,
Alibaba Cloud,Partner,https://www.alibabacloud.com,,Participating cloud provider; scalability focus.,binance-blockchain-week,2025,1,https://www.passionateinmarketing.com/setting-the-stage-binance-announces-first-wave-of-global-speakers-for-blockchain-week-2025/,,,,,,,,,,,,,,,,,,,,,,,,,
Alibaba Cloud,AI & machine learning,,,,web-summit-lisbon,2025,1,,,,,,,,,,,,,,,,,,,,,,,,,,https://websummit.com/appearances/lis25/fbde7a63-aed9-4b9e-a387-a5d84cdd74da/alibaba-cloud
alignedlayer,Bronze,https://alignedlayer.com/,https://framerusercontent.com/images/pV5SnTrmMOIrBp77ony3ZsiRPI.png?scale-down-to=512&width=634&height=288,,korea-blockchain-week,2025,1,,,,,,,,,,,,,,,,,,,,,,,,,,
Allspark Research,Community Partner,,https://cdn.prod.website-files.com/6756df8f05088bc3e51c64ea/690da5afb4badc4316790665_LIdbd0wp-hPhO9C5mnxLacLFvg29b7fiZm-yT3zwneY.png,,token2049-singapore,2026,1,https://www.token2049.com/singapore/partners,,TOKEN2049 Singapore,,,,,,,,,,,,,,,,,,,,,,Carried over from 2025 lineup (per page label),
Alpha Affiliates,Sponsor/Exhibitor,,https://tickets.sigma.world/img/companies/tmp/company-100630-1708424384.png,"Bankera provides dedicated payment accounts, payment processing (fiat and crypto), card issuing and white-label solutions. It works closely with digital businesses – iGaming (both B2B and B2C, offering business and player accounts), crypto, affiliate, media and similar companies. Within the iGaming industry Bankera works with B2B and B2C companies, offering business and player accounts, and can offer payment solutions individually tailored to clientâ€™s needs – e.g., mass payouts, multi-currency accounts, SWIFT payments, debit cards.",sigma-world-rome,,1,,,"SiGMA World 2026 (Rome, Fiera Roma, Nov 2-5 2026)",,,,,,,,,,,,,,,,,,,,,,,
alpha_club_synergy (Telegram),Partner:Info Partners,https://t.me/alpha_club_synergy,https://blockchain-life.com/wp-content/uploads/2025/09/stanislav.jpg,,blockchain-life-forum,2026,1,,,,,,,,,,,,,,,,,,,,,,,,,,
ALPS,1 Block,https://www.alpsblockchain.com/,https://cdn.prod.website-files.com/687f979126432c8ce843e6d7/69272352fa7cecbcb3e42b56_alps-logo-updated.webp,"Alps is a global infrastructure company that designs, builds, and operates next-generation data centers for Bitcoin mining and high-performance computing, combining technological excellence with energy innovation.",bitcoin-mena,2025,1,https://mena.b.tc/sponsor,https://x.com/alpsblockchain; https://www.linkedin.com/company/alps-blockchain-spa/,Bitcoin MENA,,,,,,,,,,,,,,,,,,,,,,,
alt.co,1 Block,https://alt.co/,https://cdn.prod.website-files.com/68b852e37770c3bed85139ee/69e6df057f24158e436ab85d_alt-co-logo-2048x859.webp,"Leading KYC/AML expert for digital assets since 2017, providing compliance expertise and OTC trading services.",bitcoin-amsterdam,,1,,,,,,,,,,,,,,,,,,,,,,,,,,
Altair Tech,Byte,https://altairtech.io/,,,mining-disrupt,,1,,,,,,,,,,,,,,,,,,,,,,,,,,
AltCoin Daily,Partner,,https://api.rareevo.io/storage/domains/rareevo.io/organizations/logos/HE7ezJS1NUiNbCeCeqqYAuxrbLDVZDY4049sFjRw.png,,rare-evo,,1,,,Rare Evo 2026,,,,partner,,,,,,inactive,102,,,,,,,,,,,,
Altcointurk,Community Partner,,https://cdn.prod.website-files.com/6756df8f05088bc3e51c64ea/690da5d2be2dc786cfe7c9d1_I7xXw5PJcdxbQHftUN65S_tqtxtnZniOXG-Nl7sOmdA.png,,token2049-singapore,2026,1,https://www.token2049.com/singapore/partners,,TOKEN2049 Singapore,,,,,,,,,,,,,,,,,,,,,,Carried over from 2025 lineup (per page label),
Altenar,Sponsor/Exhibitor,,https://tickets.sigma.world/img/companies/tmp/company-100119-1747057016.png,"Founded in 2011, Altenar is a leading igaming software provider inspired by the vision of our customers. Any non-standard request is a strong reason for our professionals to expand the product’s capabilities by adapting it to a new market, new audience or new requirements. This flexibility has led us to become the preferred partner for licensed operators, and has also allowed us to share our experiences of the gaming industry to help grow our clients’ operational capacity. By providing the best customised solution in the field of sportsbook igaming software, we fully understand the value of trust between both sides….",sigma-world-rome,,1,,,"SiGMA World 2026 (Rome, Fiera Roma, Nov 2-5 2026)",,,,,,,,,,,,,,,,,,,,,,,
Altery,Silver Sponsor,,https://cdn.prod.website-files.com/6756df8f05088bc3e51c64ea/6a3a9432dbf521d9a6491487_Altery.png,,token2049-singapore,2026,1,https://www.token2049.com/singapore/partners,,TOKEN2049 Singapore,,,,,,,,,,,,,,,,,,,,,,Confirmed 2026 sponsor,
Altitude,Platinum,https://altitude.xyz/,,"Altitude is a financial platform that combines modern operating accounts, integrated payment rails, and treasury management into a single product. It enables businesses to open USD and EUR accounts with local bank details, on- and off-ramp between stablecoins and fiat with zero fees, and earn up to 3.25% APY on qualifying treasury balances. The platform serves crypto companies, startups, agencies, enterprises, and import/export businesses in over 150 countries.",solana-breakpoint,,1,,,,,,,,,,,,,,,,Payments,Company,Banking for companies on the frontier,"Altitude provides global business accounts, stablecoin and traditional bank payments, yield on balances, and CFO tools for companies operating across crypto and traditional finance.",https://x.com/altitude,,,,,,
altlayer,Bronze,https://altlayer.io/,https://framerusercontent.com/images/Z9sQrBo2zopeeHlqVVgXW13eOUY.png?scale-down-to=512&width=634&height=288,,korea-blockchain-week,2025,1,,,,,,,,,,,,,,,,,,,,,,,,,,
Altyn Wallet,Sponsor:Sapphire sponsors,https://altyn.one,https://blockchain-life.com/wp-content/uploads/2025/09/altyn-wallet-01.svg,Web3 wallet with a banking license for USDT-RUB operations,blockchain-life-forum,2026,1,,,,,,,,,,,,,,,,,,,,,,,,,,
Amana,1 Block,https://www.amana.app,https://cdn.prod.website-files.com/687f979126432c8ce843e6d7/6984c264cee0573303fa43c6_images-1.webp,"amana is a leading MENA neo-broker, established in 2010 and headquartered in Dubai. Serving a thriving community of over 350,000 users, amana empowers traders and investors with an all-in-one, commission-free trading app that provides access to 6,800+ global and regional assets — including 375+ crypto coins, stocks, forex, indices, commodities, ETFs, metals, and more. With a relentless focus on transparency, education, and inclusivity, amana is redefining access to financial markets in the region.",bitcoin-mena,2025,1,https://mena.b.tc/sponsor,https://x.com/chooseamana; https://www.linkedin.com/company/chooseamana; https://www.facebook.com/chooseamana; https://t.me/chooseamana,Bitcoin MENA,,,,,,,,,,,,,,,,,,,,,,,
Amazon Web Services (AWS),Partner,https://aws.amazon.com,,Participating cloud provider; scalability focus.,binance-blockchain-week,2025,1,https://www.passionateinmarketing.com/setting-the-stage-binance-announces-first-wave-of-global-speakers-for-blockchain-week-2025/,,,,,,,,,,,,,,,,,,,,,,,,,
American Bitcoin,Title,https://www.abtc.com/,https://cdn.prod.website-files.com/61e8788db85eabd9f0305f67/68f70d0b552e98e2c58db6de_american%20BTC.png,,blockchain-futurist-florida,,1,,,,,,,,,,,,,,,,,,,,,,,,,,
americanbitcoin,Title,https://americanbitcoin.com,https://framerusercontent.com/images/37kwYnQD3QJ35UsZKdOzcwsDc.png?scale-down-to=512&width=1065&height=480,,korea-blockchain-week,2025,1,,,,,,,,,,,,,,,,,,,,,,,,,,
Ampere,"Industrials, manufacturing & consumer goods",,,,web-summit-lisbon,2025,1,,,,,,,,,,,,,,,,,,,,,,,,,,https://websummit.com/appearances/lis25/f5008549-1dce-45b3-80cb-1afa4af7fd93/ampere
Amphi,Community Partner,https://x.com/amphixspace,,,bitcoin-asia,,1,,,,,,,,,,,,,,,,,,,,,,,,,,
Amplink Tech,Byte,https://www.amplinktech.com/crypto-mining-infrastructure.html/,,,mining-disrupt,,1,,,,,,,,,,,,,,,,,,,,,,,,,,
Amsterdam PR,Bronze,http://AmsterdamGroup.net,,,blockchain-futurist-toronto,,1,,,Blockchain Futurist Conference Toronto 2026,,,,,,,,,,,,,,,,,,,,,,,
AnchorWatch,Silver,https://www.anchorwatch.com,https://static.wixstatic.com/media/5b61ba_689cbeb127a24693804ff6a5ec020331.png,,bitcoin-policy-summit,2025,1,https://www.btcpolicysummit.org/sponsors,,Bitcoin Policy Summit 2025,,,,,,,,,,,,,,,,,,,,,,,
ANEN Connector,Byte,https://www.anen-connector.com/,,,mining-disrupt,,1,,,,,,,,,,,,,,,,,,,,,,,,,,
Angel AI,Silver & Bronze,https://www.angelai.com/,https://cdn.prod.website-files.com/61e8788db85eabd9f0305f67/6900d6d6885ef675f9b19f70_angelAI.png,,blockchain-futurist-florida,,1,,,,,,,,,,,,,,,,,,,,,,,,,,
Anodos,,,,,ripple-swell-apex,2025,1,,,,,,,,,,,,,,,,,,,,,,,,,,
anoma,Bronze,https://anoma.net/,https://framerusercontent.com/images/JkDBVdygQFgcxwJk6SoPgza3AVM.png?scale-down-to=512&width=634&height=288,,korea-blockchain-week,2025,1,,,,,,,,,,,,,,,,,,,,,,,,,,
Antalpha Prime,Tera,https://prime.antalpha.com/en-us/,,,mining-disrupt,,1,,,,,,,,,,,,,,,,,,,,,,,,,,
antix,Bronze,https://www.antix.ws/,https://framerusercontent.com/images/BTKPBtliQL06796CG6Kfms94HfI.png?scale-down-to=512&width=634&height=288,,korea-blockchain-week,2025,1,,,,,,,,,,,,,,,,,,,,,,,,,,
Anvil,Exhibitor,https://ada-anvil.io/,https://api.rareevo.io/storage/domains/rareevo.io/organizations/logos/anvil black.png,,rare-evo,,1,,,Rare Evo 2026,,,,exhibitor,,,,,,active,85,,,,,,,,,,,,
apecoin,Bronze,https://www.apecoin.com/,https://framerusercontent.com/images/q1ASySJbb4VkCoIoHYzaLpFKXQ.png?scale-down-to=512&width=634&height=288,,korea-blockchain-week,2025,1,,,,,,,,,,,,,,,,,,,,,,,,,,
ApexBrasil,"Politics, government & international trade",,,,web-summit-lisbon,2025,1,,,,,,,,,,,,,,,,,,,,,,,,,,https://websummit.com/appearances/lis25/f46ccde6-7c70-464e-bb04-dc20378d58b9/apexbrasil
Apexto Mining,Mega,https://apextomining.com/,,,mining-disrupt,,1,,,,,,,,,,,,,,,,,,,,,,,,,,
APH WEB3 (APAC Private Hub),Community Partner,,https://cdn.prod.website-files.com/6756df8f05088bc3e51c64ea/690da5d8b4badc43167933fd_vypqAoBnSLJ329uPErlrLgz6FDbM08HfjXdI82YlVBQ.jpeg,,token2049-singapore,2026,1,https://www.token2049.com/singapore/partners,,TOKEN2049 Singapore,,,,,,,,,,,,,,,,,,,,,,Carried over from 2025 lineup (per page label),
APIs Logik,Byte,https://www.apislogik.com/,,,mining-disrupt,,1,,,,,,,,,,,,,,,,,,,,,,,,,,
Aptos AlphaTeam,Community Partner,,https://cdn.prod.website-files.com/6756df8f05088bc3e51c64ea/690da5da174f524292899f78_z8_9Ug1Ln7Je9m7HYPhJJRkGAk42B4y5eYHuI83-_Fo.png,,token2049-singapore,2026,1,https://www.token2049.com/singapore/partners,,TOKEN2049 Singapore,,,,,,,,,,,,,,,,,,,,,,Carried over from 2025 lineup (per page label),
aptoslabs,Bronze,https://aptoslabs.com/,https://framerusercontent.com/images/tDSMre2shNb6Qbsp0dl2q1w3hNE.png?scale-down-to=512&width=634&height=288,,korea-blockchain-week,2025,1,,,,,,,,,,,,,,,,,,,,,,,,,,
Arab BTC,Partner:Info Partners,https://arab-btc.net/,https://blockchain-life.com/wp-content/uploads/2025/06/Black.png,,blockchain-life-forum,2026,1,,,,,,,,,,,,,,,,,,,,,,,,,,
arccommunity,Supporting Partner,https://arccommunity.com/,https://framerusercontent.com/images/Uh7eqm7HtiNT7pRpZQhij8MYpYY.png?scale-down-to=512&width=634&height=288,,korea-blockchain-week,2025,1,,,,,,,,,,,,,,,,,,,,,,,,,,
Argentum AI,Platinum & Gold,https://argentum-ai.com/,https://cdn.prod.website-files.com/61e8788db85eabd9f0305f67/68eeec69a7cf8c60d615f8a4_argentum.png,,blockchain-futurist-florida,,1,,,,,,,,,,,,,,,,,,,,,,,,,,
Arkiv,Prize Sponsor,https://arkiv.network,,,ethglobal-mumbai,,1,,,,,"$15,000 — A permissionless and trustless data layer; aims to empower data autonomy for everyone as a global backbone for data autonomy.",,,,,,,,,,,,,,,,,,,,,
Arkreen Network,Community Partner,,https://cdn.prod.website-files.com/6756df8f05088bc3e51c64ea/690da5dcb4badc4316793602_so23-OEshvQFFljQZwrMJ5sUMsCuoFd4Ejfd7QFDzUQ.png,,token2049-singapore,2026,1,https://www.token2049.com/singapore/partners,,TOKEN2049 Singapore,,,,,,,,,,,,,,,,,,,,,,Carried over from 2025 lineup (per page label),
Artificial Superintelligence (ASI) Alliance,AI & machine learning,,,,web-summit-lisbon,2025,1,,,,,,,,,,,,,,,,,,,,,,,,,,https://websummit.com/appearances/lis25/2bb4dcac-6691-4918-b3b3-0ed474ccf48e/artificial-superintelligence-asi-alliance
Ascent Rivals,Exhibitor,https://www.ascentrivals.com/,https://api.rareevo.io/storage/domains/rareevo.io/organizations/logos/ascentrivals_horiz.png,fdsfdasfdsafads,rare-evo,,1,,,Rare Evo 2026,,,,exhibitor,,,,,,active,81,,,,,,,,,,,,
Asia Web3 Alliance Japan,,,,,ripple-swell-apex,2025,1,,,,,,,,,,,,,,,,,,,,,,,,,,
ASIC Ark,Kilo,https://www.asicark.com/,,,mining-disrupt,,1,,,,,,,,,,,,,,,,,,,,,,,,,,
ASIC Jungle,Byte,https://asicjungle.com/,,,mining-disrupt,,1,,,,,,,,,,,,,,,,,,,,,,,,,,
Asic Plug,Byte,https://asicplug.com/,,,mining-disrupt,,1,,,,,,,,,,,,,,,,,,,,,,,,,,
ASIC Repair Parts,Mega,https://asicrepairparts.com/,,,mining-disrupt,,1,,,,,,,,,,,,,,,,,,,,,,,,,,
ASLMiner,Kilo,https://aslminer.com/,,,mining-disrupt,,1,,,,,,,,,,,,,,,,,,,,,,,,,,
Asosiasi Blockchain Indonesia,,,,,ripple-swell-apex,2025,1,,,,,,,,,,,,,,,,,,,,,,,,,,
Aspect Blockchain,Byte,https://www.aspectblockchain.com,,,mining-disrupt,,1,,,,,,,,,,,,,,,,,,,,,,,,,,
Association Blockchain Asia,,,,,ripple-swell-apex,2025,1,,,,,,,,,,,,,,,,,,,,,,,,,,
Association for Women in Cryptocurrency,Community Partner,,https://cdn.prod.website-files.com/6756df8f05088bc3e51c64ea/690da5dd2c60698584fe00aa_zHcJwP46LIHwhVD51ZRFXznw8lW1WNLIu6tlncptU54.jpeg,,token2049-singapore,2026,1,https://www.token2049.com/singapore/partners,,TOKEN2049 Singapore,,,,,,,,,,,,,,,,,,,,,,Carried over from 2025 lineup (per page label),
Association of Crypto Currency Enterprises and Start-ups Singapore (ACCESS),Community Partner,,https://cdn.prod.website-files.com/6756df8f05088bc3e51c64ea/690da5df0e3618fbe31cf48e__2_wnDiG_AiJ5ONkNu2GjrXSl7Qr-FcEb5-6m94dSnw.png,,token2049-singapore,2026,1,https://www.token2049.com/singapore/partners,,TOKEN2049 Singapore,,,,,,,,,,,,,,,,,,,,,,Carried over from 2025 lineup (per page label),
ATB,Silver,http://atb.com/,,,blockchain-futurist-toronto,,1,,,Blockchain Futurist Conference Toronto 2026,,,,,,,,,,,,,,,,,,,,,,,
Atlassian,SaaS,,,,web-summit-lisbon,2025,1,,,,,,,,,,,,,,,,,,,,,,,,,,https://websummit.com/appearances/lis25/7a829d3e-752e-4487-81d7-4b805eed1ed6/atlassian
Atmos Protocol,Community Partner,,https://cdn.prod.website-files.com/6756df8f05088bc3e51c64ea/690da5e0174f52429289a442_ZjhOJuv1B6F6xSVfosKGExyX0n0Oglcm_79ET1xKHjk.png,,token2049-singapore,2026,1,https://www.token2049.com/singapore/partners,,TOKEN2049 Singapore,,,,,,,,,,,,,,,,,,,,,,Carried over from 2025 lineup (per page label),
Atrium,Exhibitor,https://x.com/atrium_lab,https://api.rareevo.io/storage/domains/rareevo.io/organizations/logos/Atrium Black.png,,rare-evo,,1,,,Rare Evo 2026,,,,exhibitor,,,,,,inactive,88,,,,,,,,,,,,
Audemars Piguet,Lifestyle Partner,,https://cdn.prod.website-files.com/6756df8f05088bc3e51c64ea/68d15a0b8f77c992b284480f_AgVNLlYaJ2IGZ3Naa26mCMaFJt5ml3CljaAYJ6d9vKc.png,,token2049-singapore,2026,1,https://www.token2049.com/singapore/partners,,TOKEN2049 Singapore,,,,,,,,,,,,,,,,,,,,,,Carried over from 2025 lineup (per page label),
Ault Capital,Silver & Bronze,https://aultcapitalgroup.com/,https://cdn.prod.website-files.com/61e8788db85eabd9f0305f67/68dbe39252425f34560a08d4_ault%20capital.png,,blockchain-futurist-florida,,1,,,,,,,,,,,,,,,,,,,,,,,,,,
Auros,Platinum Sponsor,,https://cdn.prod.website-files.com/6756df8f05088bc3e51c64ea/6a3a85904730427b9108700e_Auros.png,,token2049-singapore,2026,1,https://www.token2049.com/singapore/partners,,TOKEN2049 Singapore,,,,,,,,,,,,,,,,,,,,,,Confirmed 2026 sponsor,
Autheo,Copper,https://www.autheo.com/,,,blockchain-futurist-toronto,,1,,,Blockchain Futurist Conference Toronto 2026,,,,,,,,,,,,,,,,,,,,,,,
Avalon Finance,Bronze,https://avalonfinance.xyz,https://static.wixstatic.com/media/5b61ba_ae2be8fea02f464495e0f7cce074255a.png,,bitcoin-policy-summit,2025,1,https://www.btcpolicysummit.org/sponsors,,Bitcoin Policy Summit 2025,,,,,,,,,,,,,,,,,,,,,,,
avax,Silver,https://www.avax.network/,https://framerusercontent.com/images/rPllW1FoT0BBU6VZZnk7EpDBes.png?scale-down-to=512&width=775&height=352,,korea-blockchain-week,2025,1,,,,,,,,,,,,,,,,,,,,,,,,,,
Avelacom,Gold Sponsor,,https://cdn.prod.website-files.com/6756df8f05088bc3e51c64ea/6a3a88ed853d800f451aba0f_Avelacom.png,,token2049-singapore,2026,1,https://www.token2049.com/singapore/partners,,TOKEN2049 Singapore,,,,,,,,,,,,,,,,,,,,,,Confirmed 2026 sponsor,
awe,Bronze,https://www.awe.box/,https://framerusercontent.com/images/PSRnsEVtYZajBe1Vxy6VfGf933A.png?scale-down-to=512&width=634&height=288,,korea-blockchain-week,2025,1,,,,,,,,,,,,,,,,,,,,,,,,,,
Awen,Exhibitor,https://awen.online/,https://api.rareevo.io/storage/domains/rareevo.io/organizations/logos/Awen Logo 2.0 Full Final.png,,rare-evo,,1,,,Rare Evo 2026,,,,exhibitor,,,,,,inactive,82,,,,,,,,,,,,
AWS,,,,,ripple-swell-apex,2025,1,,,,,,,,,,,,,,,,,,,,,,,,,,
Axal,Exhibitor,https://axal.com/,https://api.rareevo.io/storage/domains/rareevo.io/organizations/logos/axal_full.png,,rare-evo,,1,,,Rare Evo 2026,,,,exhibitor,,,,,,active,185,,,,,,,,,,,,
Axelar,,,,,ripple-swell-apex,2025,1,,,,,,,,,,,,,,,,,,,,,,,,,,
Axiology,,,,,ripple-swell-apex,2025,1,,,,,,,,,,,,,,,,,,,,,,,,,,
babyboomtoken,Gold,https://babyboomtoken.com/,https://framerusercontent.com/images/75JcD14U8HYM9NgCyXuDp5SMGVc.png?scale-down-to=512&width=775&height=352,,korea-blockchain-week,2025,1,,,,,,,,,,,,,,,,,,,,,,,,,,
Babylon Labs,Bronze,https://babylonlabs.io,https://static.wixstatic.com/media/5b61ba_bdb80b7628604c71965a5442314d7b1d.png,,bitcoin-policy-summit,2025,1,https://www.btcpolicysummit.org/sponsors,,Bitcoin Policy Summit 2025,,,,,,,,,,,,,,,,,,,,,,,
BackersStage Capital,Community Partner,,https://cdn.prod.website-files.com/6756df8f05088bc3e51c64ea/68b456fcd564abe267c90acf_vQ1wogFRMEpJDdWlRUELIjrZoa5t-VRMH255JJBMR5s.png,,token2049-singapore,2026,1,https://www.token2049.com/singapore/partners,,TOKEN2049 Singapore,,,,,,,,,,,,,,,,,,,,,,Carried over from 2025 lineup (per page label),
BadBad,Exhibitor,https://www.badbad.wtf/,https://eventstack.app/storage/domains/dev.rareevo.io/organizations/logos/6odZdjL13lI1kxfIn0XfzqGJOnNcwZRLdo7fxZgs.png,,rare-evo,,1,,,Rare Evo 2026,,,,exhibitor,,,,,,inactive,50,,,,,,,,,,,,
Baker,Community Partner,,https://api.rareevo.io/storage/domains/rareevo.io/organizations/logos/BakerHostetler_logo.png,,rare-evo,,1,,,Rare Evo 2026,,,,community_partner,,,,,,active,190,,,,,,,,,,,,
Ballet,Exhibitor,https://www.ballet.com/,https://api.rareevo.io/storage/domains/rareevo.io/organizations/logos/Ballet_Logo_Inverse1 copy.png,"Ballet is a U.S.-based company dedicated to making crypto safe and accessible to all by specializing in beginner-friendly, self-custodial cryptocurrency cold storage solutions. Ballet’s secure, high-quality wallets feature a patented 2-Factor Key Generation process that requires no account setup, no passwords, and no seed phrases. To date, users worldwide are securing over $1 billion in crypto assets using Ballet wallets.",rare-evo,,1,,,Rare Evo 2026,,,,exhibitor,,,,richard.zhu@ballet.com,,active,117,,,,,,,,,,,,
BananaTech,Sponsor:Gold sponsors,https://bananatech.space/,https://blockchain-life.com/wp-content/uploads/2025/03/Belyj-fon-copy.svg,White-label API provider for virtual and physical card solutions,blockchain-life-forum,2026,1,,,,,,,,,,,,,,,,,,,,,,,,,,
Bank,Exhibitor,https://www.bankerlabs.io/,https://api.rareevo.io/storage/domains/rareevo.io/organizations/logos/bank_horizblack.png,,rare-evo,,1,,,Rare Evo 2026,,,,exhibitor,,,,,,active,69,,,,,,,,,,,,
Bankera ( Era Finance Ltd ),Sponsor/Exhibitor,,https://tickets.sigma.world/img/companies/tmp/company-3-1702375761.png,"Bankera provides dedicated payment accounts, payment processing (fiat and crypto), card issuing and white-label solutions. It works closely with digital businesses – iGaming (both B2B and B2C, offering business and player accounts), crypto, affiliate, media and similar companies. Within the iGaming industry Bankera works with B2B and B2C companies, offering business and player accounts, and can offer payment solutions individually tailored to clientâ€™s needs – e.g., mass payouts, multi-currency accounts, SWIFT payments, debit cards.",sigma-world-rome,,1,,,"SiGMA World 2026 (Rome, Fiera Roma, Nov 2-5 2026)",,,,,,,,,,,,,,,,,,,,,,,
Barcelona Bitcoin Hub,Community Partner,https://satlantis.io/c/85/Barcelona-Bitcoin-Hub,,,bitcoin-asia,,1,,,,,,,,,,,,,,,,,,,,,,,,,,
Base58,General,https://base58.school,https://btcpp.nyc3.digitaloceanspaces.com/sponsors/base58_logo_blk.svg,,bitcoin-plusplus-berlin,,1,,,,,,,,,,,,,,,,,,,,,,,,,,
basketball.fun,Title,https://www.basketball.fun/,https://cdn.prod.website-files.com/61e8788db85eabd9f0305f67/68f5ca553f65034b70ca8d29_basketball%20fun.png,,blockchain-futurist-florida,,1,,,,,,,,,,,,,,,,,,,,,,,,,,
Batery Partners (Fonbet),Licensed Exhibitor,,https://tickets.sigma.world/img/companies/tmp/company-101662-1712321653.png,,sigma-world-rome,,1,,,"SiGMA World 2026 (Rome, Fiera Roma, Nov 2-5 2026)",,,,,,,,,,,,,,,,,,,,,,,
"Battery Finance, Inc.",1 Block,https://www.batteryfinance.io/,https://cdn.prod.website-files.com/687f979126432c8ce843e6d7/68e7e29ffb2d67aa3696915c_battery-finance-logo.webp,"Battery Finance, an affiliate of Newmarket Capital, is dedicated to the development and management of value-added institutional investment strategies built on and around bitcoin. Battery harnesses the energy of bitcoin and blends it with real-world assets to power novel financing solutions.",bitcoin-mena,2025,1,https://mena.b.tc/sponsor,https://www.linkedin.com/company/battery-finance/,Bitcoin MENA,,,,,,,,,,,,,,,,,,,,,,,
Bazoom,Sponsor/Exhibitor,,https://tickets.sigma.world/img/companies/tmp/company-100044-1727337700.png,,sigma-world-rome,,1,,,"SiGMA World 2026 (Rome, Fiera Roma, Nov 2-5 2026)",,,,,,,,,,,,,,,,,,,,,,,
BBC,Media Partner,,https://cdn.prod.website-files.com/6756df8f05088bc3e51c64ea/690da5ff174f52429289b4b8_18Ehu-AZgn3NiXlA-H0ejzeLqy2GhpfWUGMptH44QYw.png,,token2049-singapore,2026,1,https://www.token2049.com/singapore/partners,,TOKEN2049 Singapore,,,,,,,,,,,,,,,,,,,,,,Carried over from 2025 lineup (per page label),
BD GemX,Community Partner,,https://cdn.prod.website-files.com/6756df8f05088bc3e51c64ea/690da5f00e3618fbe31cfb91_BV22qX7veDAjKc0Z_NbzMGp6FWsP0wYpOTPGlgTXuYU.png,,token2049-singapore,2026,1,https://www.token2049.com/singapore/partners,,TOKEN2049 Singapore,,,,,,,,,,,,,,,,,,,,,,Carried over from 2025 lineup (per page label),
BD VENTURES,Community Partner,https://bdventures.vn,,,bitcoin-asia,,1,,,,,,,,,,,,,,,,,,,,,,,,,,
BeastPartners,Licensed Exhibitor,,https://tickets.sigma.world/img/companies/tmp/company-101984-1763712410.png,"Betby – B2B sportsbook provider, focused on innovation. Deep industry knowledge, state-of-the-art software and modern technologies, including ML & AI algorithms. BETBY has built and has been constantly improving a revolutionary sportsbook involving machine learning and artificial intelligence and integrated with premium quality data feeds. We develop, we predict, we detect and we do it quickly, efficiently and with absolute focus on needs of our partners.",sigma-world-rome,,1,,,"SiGMA World 2026 (Rome, Fiera Roma, Nov 2-5 2026)",,,,,,,,,,,,,,,,,,,,,,,
BeinCrypto,Media Partner,,https://cdn.prod.website-files.com/6756df8f05088bc3e51c64ea/690da9afad8f90b5e9dd8c40_EOsdeOfKUEJEzgewjWKTt9Tx_o9HobY4rzoKJtASOcs.png,,token2049-singapore,2026,1,https://www.token2049.com/singapore/partners,,TOKEN2049 Singapore,,,,,,,,,,,,,,,,,,,,,,Carried over from 2025 lineup (per page label),
Berkshire Hathaway HomeServices,Silver & Bronze,https://www.bhhsb.com/,https://cdn.prod.website-files.com/61e8788db85eabd9f0305f67/68f5c48d0decdd9736da077e_berkshire.png,,blockchain-futurist-florida,,1,,,,,,,,,,,,,,,,,,,,,,,,,,
Bespoke Group,Exhibitor,https://bespokegroup.io/,https://api.rareevo.io/storage/domains/rareevo.io/organizations/logos/bespoke_logo.png,,rare-evo,,1,,,Rare Evo 2026,,,,exhibitor,,,,,,active,160,,,,,,,,,,,,
BestChange,Sponsor:Gold sponsors;Sponsor:Special sponsors,https://bestchange.com,https://blockchain-life.com/wp-content/uploads/2025/06/bestchange_1-04.svg,Free exchanger monitor with live e-currency rates,blockchain-life-forum,2026,1,,,,,,,,,,,,,,,,,,,,,,,,,,
Betatransfer,Sponsor/Exhibitor,,https://tickets.sigma.world/img/companies/tmp/company-101227-1763711078.png,,sigma-world-rome,,1,,,"SiGMA World 2026 (Rome, Fiera Roma, Nov 2-5 2026)",,,,,,,,,,,,,,,,,,,,,,,
BETBY,Licensed Exhibitor,,https://tickets.sigma.world/img/companies/tmp/company-100121-1702375783.png,"Betby – B2B sportsbook provider, focused on innovation. Deep industry knowledge, state-of-the-art software and modern technologies, including ML & AI algorithms. BETBY has built and has been constantly improving a revolutionary sportsbook involving machine learning and artificial intelligence and integrated with premium quality data feeds. We develop, we predict, we detect and we do it quickly, efficiently and with absolute focus on needs of our partners.",sigma-world-rome,,1,,,"SiGMA World 2026 (Rome, Fiera Roma, Nov 2-5 2026)",,,,,,,,,,,,,,,,,,,,,,,
BetFi Poker,Exhibitor,https://x.com/betficasino,https://api.rareevo.io/storage/domains/rareevo.io/organizations/logos/betfipokerlogo.png,,rare-evo,,1,,,Rare Evo 2026,,,,exhibitor,,,,,,active,91,,,,,,,,,,,,
BHOPAL DAO,Community Partner,,https://cdn.prod.website-files.com/6756df8f05088bc3e51c64ea/690da606db02cef4064e9030_1uIe08BwhuhSL2jvqNq7CV846LOJBN6zbv1KCg6Bpp0.png,,token2049-singapore,2026,1,https://www.token2049.com/singapore/partners,,TOKEN2049 Singapore,,,,,,,,,,,,,,,,,,,,,,Carried over from 2025 lineup (per page label),
Big Betty Partners,Sponsor/Exhibitor,,https://tickets.sigma.world/img/companies/tmp/company-102149-1737033286.png,,sigma-world-rome,,1,,,"SiGMA World 2026 (Rome, Fiera Roma, Nov 2-5 2026)",,,,,,,,,,,,,,,,,,,,,,,
Binance,Sponsor,https://www.binance.com/,https://wojgrioccmbywgtruwfl.supabase.co/storage/v1/object/public/Media%20Folders/Coinfest%20Asia%202026/CMS/Partners/Sponsors/binance_1778931374471.png,,coinfest-asia,2026,1,,,,,,,,,,,,,,,,,,,,,,,,,,
Binance,Gold Sponsor,,https://cdn.prod.website-files.com/6756df8f05088bc3e51c64ea/6a3a88eb527447b6db158e3f_Binance.png,,token2049-singapore,2026,1,https://www.token2049.com/singapore/partners,,TOKEN2049 Singapore,,,,,,,,,,,,,,,,,,,,,,Confirmed 2026 sponsor,
Binance.US,Exhibitor,https://www.binance.us/,https://api.rareevo.io/storage/domains/rareevo.io/organizations/logos/binance_black.png,,rare-evo,,1,,,Rare Evo 2026,,,,exhibitor,,,,,yes,active,159,,,,,,,,,,,,
BingX,Sponsor:Innovative Sponsors;Sponsor:Special sponsors;Partner:Media Partners,http://bingx.com/partner/BL,https://blockchain-life.com/wp-content/uploads/2025/06/bingx-01.svg,Cryptocurrency exchange serving more than 40 million users worldwide,blockchain-life-forum,2026,1,,,,,,,,,,,,,,,,,,,,,,,,,,
BingX,Title Sponsor,,https://cdn.prod.website-files.com/6756df8f05088bc3e51c64ea/6a3a81d9af4b46759c2143f6_BingX.png,,token2049-singapore,2026,1,https://www.token2049.com/singapore/partners,,TOKEN2049 Singapore,,,,,,,,,,,,,,,,,,,,,,Confirmed 2026 sponsor,
BitBasel,Silver & Bronze,https://www.bitbasel.miami/,https://cdn.prod.website-files.com/61e8788db85eabd9f0305f67/687fb6ac1f7e1079723f2517_BITBASEL.png,,blockchain-futurist-florida,,1,,,,,,,,,,,,,,,,,,,,,,,,,,
BitBox,1 Block,https://bitbox.swiss/,https://cdn.prod.website-files.com/68b852e37770c3bed85139ee/69e6efad245fe28546046900_logo_v_color-3x.webp,Swiss-based open source hardware wallet builder prioritizing privacy and security with self-custody values.,bitcoin-amsterdam,,1,,,,,,,,,,,,,,,,,,,,,,,,,,
Bitbuy,Silver,https://bitbuy.ca/en-ca,,,blockchain-futurist-toronto,,1,,,Blockchain Futurist Conference Toronto 2026,,,,,,,,,,,,,,,,,,,,,,,
BitCluster,Byte,https://bitcluster.com/,,,mining-disrupt,,1,,,,,,,,,,,,,,,,,,,,,,,,,,
Bitcoin Addict Thailand,Community Partner,,https://cdn.prod.website-files.com/6756df8f05088bc3e51c64ea/690da609ed8ae6b07532f164_v797Cul__J7iElWuO5J7BdfA5kR5Py3zhyfhW3gK4Tw.png,,token2049-singapore,2026,1,https://www.token2049.com/singapore/partners,,TOKEN2049 Singapore,,,,,,,,,,,,,,,,,,,,,,Carried over from 2025 lineup (per page label),
Bitcoin Art Gallery,Kilo,https://bitcoinartgallery.com/,,,mining-disrupt,,1,,,,,,,,,,,,,,,,,,,,,,,,,,
Bitcoin Art Society,1 Block,https://bitcoinartsociety.com/,https://cdn.prod.website-files.com/687f979126432c8ce843e6d7/692a098aa931d40c26f42a6c_bitcoin-art-society.webp,"Bitcoin Art Society is a curator-led initiative dedicated to elevating Bitcoin‑native art and culture. We bring together artists, collectors, and institutions to create, exhibit, and preserve work whose provenance and story live on Bitcoin.Our mission is to highlight meaningful art, support creators, and make collecting on Bitcoin accessible and rewarding for a global audience. We believe in long‑term cultural value: careful curation, respectful presentation, and archival permanence.Instagram Link",bitcoin-mena,2025,1,https://mena.b.tc/sponsor,https://x.com/BtcArtSociety,Bitcoin MENA,,,,,,,,,,,,,,,,,,,,,,,
Bitcoin Ben,Byte,https://bitcoinben.io/,,,mining-disrupt,,1,,,,,,,,,,,,,,,,,,,,,,,,,,
Bitcoin Corporations,Silver,https://b.tc/corporations,https://static.wixstatic.com/media/5b61ba_271c6009228a4a9eae9b4171c919ddaf.png,,bitcoin-policy-summit,2025,1,https://www.btcpolicysummit.org/sponsors,,Bitcoin Policy Summit 2025,,,,,,,,,,,,,,,,,,,,,,,
Bitcoin Insider,Partner:Info Partners,https://www.bitcoininsider.org/,https://blockchain-life.com/wp-content/uploads/2025/09/bitcoininsider-logo-condensed-400x400-1.jpg,,blockchain-life-forum,2026,1,,,,,,,,,,,,,,,,,,,,,,,,,,
Bitcoin Mining Museum,Kilo,https://bitcoinminingmuseum.com/,,,mining-disrupt,,1,,,,,,,,,,,,,,,,,,,,,,,,,,
Bitcoin Mondays,Community Partner,https://t.me/miamibitcoinforever/213763,,,bitcoin-asia,,1,,,,,,,,,,,,,,,,,,,,,,,,,,
Bitcoin News,Community Partner,https://bitcoinnews.ch,,,bitcoin-asia,,1,,,,,,,,,,,,,,,,,,,,,,,,,,
Bitcoin News Asia,Partner:Info Partners,https://bitcoinnewsasia.com,https://blockchain-life.com/wp-content/uploads/2025/09/cropped-cropped-Bitcoin_News_Asia_Logo-1.png,,blockchain-life-forum,2026,1,,,,,,,,,,,,,,,,,,,,,,,,,,
Bitcoin Only Events,Media Partners,https://bitcoinonly.events/,https://btchel.com/wp-content/uploads/2026/03/Bitcoinonly-events-white-1024x341.png,,btchel,,1,,,,,,,,,,,,,,,,,,,,,,,,,,
Bitcoin Runners,Community Partner,https://bitcoinrunners.org/,,,bitcoin-asia,,1,,,,,,,,,,,,,,,,,,,,,,,,,,
Bitcoin Square,Community Partner,,https://cdn.prod.website-files.com/6756df8f05088bc3e51c64ea/690da63a3abeb16f4be71e52_tv9-wrXer1LCTFvzrj3IWziEyhvUd6WOJQEfJxFR-zM.png,,token2049-singapore,2026,1,https://www.token2049.com/singapore/partners,,TOKEN2049 Singapore,,,,,,,,,,,,,,,,,,,,,,Carried over from 2025 lineup (per page label),
Bitcoin Students Network,Community Partner,https://x.com/btcstudents,,,bitcoin-asia,,1,,,,,,,,,,,,,,,,,,,,,,,,,,
Bitcoin Students Network,Bronze,https://bitcoinstudentsnetwork.org,https://static.wixstatic.com/media/5b61ba_cdb36ef205cf42d796f59358f88206c2.png,,bitcoin-policy-summit,2025,1,https://www.btcpolicysummit.org/sponsors,,Bitcoin Policy Summit 2025,,,,,,,,,,,,,,,,,,,,,,,
Bitcoin 比特幣中文社團,Community Partner,,https://cdn.prod.website-files.com/6756df8f05088bc3e51c64ea/690da607bb6805f44c28acc2_QNdhniCD_c7TC5E2aKGICr2WhC8kvxf_0xQcoGhkRqk.jpeg,,token2049-singapore,2026,1,https://www.token2049.com/singapore/partners,,TOKEN2049 Singapore,,,,,,,,,,,,,,,,,,,,,,Carried over from 2025 lineup (per page label),
Biteye,Community Partner,,https://cdn.prod.website-files.com/6756df8f05088bc3e51c64ea/690da63fdb02cef4064e9fdc_Ywbp4mH6NNIYLwJKN3tFuy11OENEcXWsDBHcq5vILog.png,,token2049-singapore,2026,1,https://www.token2049.com/singapore/partners,,TOKEN2049 Singapore,,,,,,,,,,,,,,,,,,,,,,Carried over from 2025 lineup (per page label),
Bitfunded,1 Block,https://www.bitfunded.com,https://cdn.prod.website-files.com/687f979126432c8ce843e6d7/691b46e7894cafd50849bfe1_bitfunded.webp,Bitfunded is the easiest place to get a funded account in crypto. Prove your skills in a simulated challenge and trade with up to 150K USDT.,bitcoin-mena,2025,1,https://mena.b.tc/sponsor,https://x.com/bitfunded?lang=en; https://www.linkedin.com/company/bitfundedoficial/,Bitcoin MENA,,,,,,,,,,,,,,,,,,,,,,,
Bitget,Sponsor:Sapphire sponsors,https://bitget.com/,https://blockchain-life.com/wp-content/uploads/2025/06/dark_H_colour-1-1.svg,Universal Exchange with more than 130 million users worldwide,blockchain-life-forum,2026,1,,,,,,,,,,,,,,,,,,,,,,,,,,
bithumb,Partner (2025),https://www.bithumb.com,https://framerusercontent.com/images/pCMq2BMi31cFraSwf2AEyGyM2w.png?scale-down-to=512&width=619&height=153,,korea-blockchain-week,2025,1,,,,,,,,,,,,,,,,,,,,,,,,,,
Bitkub Exchange,,,,,ripple-swell-apex,2025,1,,,,,,,,,,,,,,,,,,,,,,,,,,
Bitmars,Mega,http://bitmars.io/,,,mining-disrupt,,1,,,,,,,,,,,,,,,,,,,,,,,,,,
bitmedia,Supporting Partner,https://bitmedia.io/,https://framerusercontent.com/images/WatcEpUks34BTQgG11nIpN1yFfE.png?scale-down-to=512&width=634&height=288,,korea-blockchain-week,2025,1,,,,,,,,,,,,,,,,,,,,,,,,,,
Bitment,Bronze,https://bitment.co,https://static.wixstatic.com/media/5b61ba_c08e703768bd4568964636edcef0bfce.png,,bitcoin-policy-summit,2025,1,https://www.btcpolicysummit.org/sponsors,,Bitcoin Policy Summit 2025,,,,,,,,,,,,,,,,,,,,,,,
BitOK,Sponsor:Sapphire sponsors;Partner:Info Partners,https://bitok.org,https://blockchain-life.com/wp-content/uploads/2025/06/BitOK-pink.svg,AML solutions in Web3,blockchain-life-forum,2026,1,,,,,,,,,,,,,,,,,,,,,,,,,,
Bitpanda,Gold Sponsor,,https://cdn.prod.website-files.com/6756df8f05088bc3e51c64ea/6a3a891b5dda6dc93848ca3e_Bitpanda.png,,token2049-singapore,2026,1,https://www.token2049.com/singapore/partners,,TOKEN2049 Singapore,,,,,,,,,,,,,,,,,,,,,,Confirmed 2026 sponsor,
BitProit,Byte,https://bitproit.com/,,,mining-disrupt,,1,,,,,,,,,,,,,,,,,,,,,,,,,,
BitRecord,Partner:Info Partners,https://bitrecord.one,https://blockchain-life.com/wp-content/uploads/2025/06/2023-09-26-16.01.35.jpg,,blockchain-life-forum,2026,1,,,,,,,,,,,,,,,,,,,,,,,,,,
Bits.media,Partner:Media Partners,https://bits.media/,https://blockchain-life.com/wp-content/uploads/2025/06/111-6.png,,blockchain-life-forum,2026,1,,,,,,,,,,,,,,,,,,,,,,,,,,
Bitsurance,Early Adopters,https://bitsurance.eu,https://btchel.com/wp-content/uploads/2025/12/bitsurancewhiteblack-1024x341.jpg,,btchel,,1,,,,,,,,,,,,,,,,,,,,,,,,,,
Bitunix,Gold Sponsor,,https://cdn.prod.website-files.com/6756df8f05088bc3e51c64ea/6a3a890644c42defed12df7f_Bitunix.png,,token2049-singapore,2026,1,https://www.token2049.com/singapore/partners,,TOKEN2049 Singapore,,,,,,,,,,,,,,,,,,,,,,Confirmed 2026 sponsor,
Bitvavo,Moon,https://bitvavo.com/en,https://cdn.prod.website-files.com/68b852e37770c3bed85139ee/69e6e4d63d93823cfdc2987c_bitvavo-recmh0EoenjbJtY8K.webp,"Leading European cryptocurrency trading exchange and largest EUR spot exchange globally, established 2018 in Amsterdam.",bitcoin-amsterdam,,1,,,,,,,,,,,,,,,,,,,,,,,,,,
Bitvocation,Media Partners,https://bitvocation.com/,https://btchel.com/wp-content/uploads/2026/03/Bitvocation-white-1024x341.png,,btchel,,1,,,,,,,,,,,,,,,,,,,,,,,,,,
Bitwadi,1 Block,https://bitwadi.com/,https://cdn.prod.website-files.com/687f979126432c8ce843e6d7/68e91e218fefa18442e13342_ezgif-1402cd0686f350.webp,"Bitwadi is the Middle East’s first Bitcoin-only platform, built to make buying, saving, and investing in Bitcoin simple, secure, and fully local. Founded in Saudi Arabia, Bitwadi bridges the gap between traditional finance and Bitcoin with transparent pricing, compliant infrastructure, and Arabic-first support. Our mission is to give individuals across the region a trusted and sovereign way to participate in the Bitcoin economy. Bitwadi is proudly independent, Bitcoin-only, and built for the long term.",bitcoin-mena,2025,1,https://mena.b.tc/sponsor,https://x.com/bitwadi; https://www.linkedin.com/company/bitwadi,Bitcoin MENA,,,,,,,,,,,,,,,,,,,,,,,
Bitwise,Exhibitor,https://bitwiseinvestments.com/,https://api.rareevo.io/storage/domains/rareevo.io/organizations/logos/bitwise logo black.png,,rare-evo,,1,,,Rare Evo 2026,,,,exhibitor,,,,,yes,active,19,,,,,,,,,,,,
Bitzero,1 Block,https://bitzero.com/,https://cdn.prod.website-files.com/68b852e37770c3bed85139ee/69e6e4ebf81a6a39e047a6d2_6488b0b0fcd2d95f6b83e262_629f8b813dd89d5f11168def_bitzero.webp,Blockchain and high-performance compute data center innovator emphasizing sustainable practices and community harmony.,bitcoin-amsterdam,,1,,,,,,,,,,,,,,,,,,,,,,,,,,
BiXBiT,1 Block,https://bixbit.io/en,https://cdn.prod.website-files.com/687f979126432c8ce843e6d7/6926272c675cbeda81b681ec_bixbit_logo.webp,"BiXBiT company designs and manufactures immersion cooling systems for ASIC, GPU, FPGA, server hardware, and develops software solutions to maximize the efficiency and performance of mining devices.",bitcoin-mena,2025,1,https://mena.b.tc/sponsor,https://twitter.com/Bixbit_USA; https://www.facebook.com/BiXBiTUSA; https://t.me/BiXBiT_SALES_BOT,Bitcoin MENA,,,,,,,,,,,,,,,,,,,,,,,
bladerite,Bronze,https://bladerite.io/,https://framerusercontent.com/images/8vriDd78ielX3YTWcatkqWaPQY.png?scale-down-to=512&width=634&height=288,,korea-blockchain-week,2025,1,,,,,,,,,,,,,,,,,,,,,,,,,,
Blaer,Copper,http://blaer.io/,https://cdn.prod.website-files.com/61e8788db85eabd9f0305f67/68f83e2481d74e2239e01be2_blaer.png,,blockchain-futurist-florida,,1,,,,,,,,,,,,,,,,,,,,,,,,,,
Blair Law Firm,Copper,https://blairlawfirm.ca/,,,blockchain-futurist-toronto,,1,,,Blockchain Futurist Conference Toronto 2026,,,,,,,,,,,,,,,,,,,,,,,
Blast Wheels,Bronze,https://blast-wheels.com/,,,blockchain-futurist-toronto,,1,,,Blockchain Futurist Conference Toronto 2026,,,,,,,,,,,,,,,,,,,,,,,
Blaze,Sponsor/Exhibitor,,https://tickets.sigma.world/img/companies/tmp/company-100708-1702375789.png,,sigma-world-rome,,1,,,"SiGMA World 2026 (Rome, Fiera Roma, Nov 2-5 2026)",,,,,,,,,,,,,,,,,,,,,,,
BlockBee.io,1 Block,https://blockbee.io/,https://cdn.prod.website-files.com/68b852e37770c3bed85139ee/69147f7182b923c8ceca69b1_66fea084510afb4d53c39b1c_blockbee_logo_upd.webp,Non-custodial B2B cryptocurrency platform ensuring seamless incoming and outgoing payment handling.,bitcoin-amsterdam,,1,,,,,,,,,,,,,,,,,,,,,,,,,,
Blockchain Association,Partner,https://theblockchainassociation.org/,,Partner organization for the 2026 symposium per SALT's official event description.,wyoming-blockchain-symposium,,1,,,,,,,,,,,,,,,,,,,,,,,,,,
Blockchain Business School,Education Partner,,https://cdn.prod.website-files.com/6756df8f05088bc3e51c64ea/68c7b7688fe5416ed5b9b223_jzBPIizRKzsR2OK-3-UVPv8brspCyKsKU7wzCtInLvg.svg,,token2049-singapore,2026,1,https://www.token2049.com/singapore/partners,,TOKEN2049 Singapore,,,,,,,,,,,,,,,,,,,,,,Carried over from 2025 lineup (per page label),
Blockchain Council,Education Partner,,https://cdn.prod.website-files.com/6756df8f05088bc3e51c64ea/68c7b76937d7ae55576bc9f4_vHPns8mjByOdgYuBK1dAILHGlb_nSrFR8oUlj4Av9-8.svg,,token2049-singapore,2026,1,https://www.token2049.com/singapore/partners,,TOKEN2049 Singapore,,,,,,,,,,,,,,,,,,,,,,Carried over from 2025 lineup (per page label),
Blockchain for Good Alliance (BGA),Community Partner,,https://cdn.prod.website-files.com/6756df8f05088bc3e51c64ea/690da65d9f1ff719a365dfd2_ZEiZmnPPWMoMlJNQclPlXD54RBfdRsVIcqWuZCd1tiY.png,,token2049-singapore,2026,1,https://www.token2049.com/singapore/partners,,TOKEN2049 Singapore,,,,,,,,,,,,,,,,,,,,,,Carried over from 2025 lineup (per page label),
Blockchain Lawyers Forum,Community Partner,,https://cdn.prod.website-files.com/6756df8f05088bc3e51c64ea/68b4506b9b501c075461171c_ZzZ1PVjz-heNIUPW2lhr6sF-p3lDbbHTan_JuY_aJ1I.png,,token2049-singapore,2026,1,https://www.token2049.com/singapore/partners,,TOKEN2049 Singapore,,,,,,,,,,,,,,,,,,,,,,Carried over from 2025 lineup (per page label),
Blockchain North,Platinum & Gold,https://blockchainnorth.ca/,https://cdn.prod.website-files.com/61e8788db85eabd9f0305f67/67d742819b9cdd619b7ff09c_Blockchain%20North.png,,blockchain-futurist-florida,,1,,,,,,,,,,,,,,,,,,,,,,,,,,
BlockchainAcademics (YouTube),Partner:Info Partners,https://www.youtube.com/c/BlockchainAcademics/,https://blockchain-life.com/wp-content/uploads/2025/09/blockchain_logo_main.png,,blockchain-life-forum,2026,1,,,,,,,,,,,,,,,,,,,,,,,,,,
blockchaingamealliance,Supporting Partner,https://blockchaingamealliance.net/,https://framerusercontent.com/images/gOiCUOhnpWGXRZkLhyO2mqvwwqw.png?scale-down-to=512&width=634&height=288,,korea-blockchain-week,2025,1,,,,,,,,,,,,,,,,,,,,,,,,,,
BlockchainProfs,Partner:Info Partners,https://linktr.ee/blockchainprofs,https://blockchain-life.com/wp-content/uploads/2025/08/New-Logo-Blockchain.png,,blockchain-life-forum,2026,1,,,,,,,,,,,,,,,,,,,,,,,,,,
BlockDelta,Partner:Info Partners,https://www.blockdelta.com,https://blockchain-life.com/wp-content/uploads/2025/06/BD-Full-Logo-PNG-1-1.png,,blockchain-life-forum,2026,1,,,,,,,,,,,,,,,,,,,,,,,,,,
BlockDelta - DBE,Community Partner,,https://cdn.prod.website-files.com/6756df8f05088bc3e51c64ea/690da666b4badc431679a085_D_t37lZzDdsEYPahWqJ4JkFzU-d_WVSDCzGmmggsHso.png,,token2049-singapore,2026,1,https://www.token2049.com/singapore/partners,,TOKEN2049 Singapore,,,,,,,,,,,,,,,,,,,,,,Carried over from 2025 lineup (per page label),
blockman,Supporting Partner,https://blockman.pro/,https://framerusercontent.com/images/VFWyRhzEUaxjlYp7HINrp0vUZqI.png?scale-down-to=512&width=634&height=288,,korea-blockchain-week,2025,1,,,,,,,,,,,,,,,,,,,,,,,,,,
blockmedia,Attending Media,https://www.blockmedia.co.kr/,https://framerusercontent.com/images/MDg3lKHwDZOmnA7znPBWNLihZcw.png?scale-down-to=512&width=634&height=288,,korea-blockchain-week,2025,1,,,,,,,,,,,,,,,,,,,,,,,,,,
blockoffice,Copper,https://www.blockoffice.com/,https://framerusercontent.com/images/9SvjmXTg6zxVrIeF6C16uxbW3MY.png?scale-down-to=512&width=634&height=288,,korea-blockchain-week,2025,1,,,,,,,,,,,,,,,,,,,,,,,,,,
Blockrise,1 Block,https://blockrise.com,https://cdn.prod.website-files.com/68b852e37770c3bed85139ee/69e6efad245fe285460468f1_66f5adb4a3abf91f63394bd7_blockrise_logo_fullv_black-20-20jos-20lazet.webp,"Bitcoin treasury provider since 2017 offering custody, trading, asset management, and inheritance with personal service.",bitcoin-amsterdam,,1,,,,,,,,,,,,,,,,,,,,,,,,,,
BlockSpaces,Bronze,https://blockspaces.com,https://static.wixstatic.com/media/5b61ba_d059fac71c6742e899baa34d7e22bd77.png,,bitcoin-policy-summit,2025,1,https://www.btcpolicysummit.org/sponsors,,Bitcoin Policy Summit 2025,,,,,,,,,,,,,,,,,,,,,,,
BlockTalkers,Community Partner,,https://cdn.prod.website-files.com/6756df8f05088bc3e51c64ea/68b45062001ec618b3acc133_wYVl2gNTqQV_wgs5Y6sSQGJUodFOpQlF8fnT3HYn_Kc.png,,token2049-singapore,2026,1,https://www.token2049.com/singapore/partners,,TOKEN2049 Singapore,,,,,,,,,,,,,,,,,,,,,,Carried over from 2025 lineup (per page label),
Blocktempo動區動趨,Community Partner,,https://cdn.prod.website-files.com/6756df8f05088bc3e51c64ea/690da66cdb02cef4064eb865_Ik4atqI5JKFS7yn_2qTZuQrrQ6Ad6RGNbNmDuVb2OB0.png,,token2049-singapore,2026,1,https://www.token2049.com/singapore/partners,,TOKEN2049 Singapore,,,,,,,,,,,,,,,,,,,,,,Carried over from 2025 lineup (per page label),
BlockTrace,Bronze,https://blocktrace.com,https://static.wixstatic.com/media/5b61ba_bb88943d83754343aa7221c56db8d51c.png,,bitcoin-policy-summit,2025,1,https://www.btcpolicysummit.org/sponsors,,Bitcoin Policy Summit 2025,,,,,,,,,,,,,,,,,,,,,,,
Blockworks,Media Partner,,https://cdn.prod.website-files.com/6756df8f05088bc3e51c64ea/690da92d2c60698584ff011f_ouQRDiK4xYhlPsyUqR0H8YOBc8YaXZt3AvinjL-gl5Y.png,,token2049-singapore,2026,1,https://www.token2049.com/singapore/partners,,TOKEN2049 Singapore,,,,,,,,,,,,,,,,,,,,,,Carried over from 2025 lineup (per page label),
BloFin,Title Sponsor,,https://cdn.prod.website-files.com/6756df8f05088bc3e51c64ea/6a3a81de045178585d1c992c_BloFin.png,,token2049-singapore,2026,1,https://www.token2049.com/singapore/partners,,TOKEN2049 Singapore,,,,,,,,,,,,,,,,,,,,,,Confirmed 2026 sponsor,
bloomberg,Attending Media,https://www.bloomberg.com/,https://framerusercontent.com/images/QP6d09tliekHQnw0LOC3fZMM.png?scale-down-to=512&width=634&height=288,,korea-blockchain-week,2025,1,,,,,,,,,,,,,,,,,,,,,,,,,,
Bloomberg,Media Partner,,https://cdn.prod.website-files.com/6756df8f05088bc3e51c64ea/6914046d22aa0440cd3d88ed_GEefjkXsgL6pJvYnoC9rCIgZL_H7MUnGrB-FrQyvEXg.png,,token2049-singapore,2026,1,https://www.token2049.com/singapore/partners,,TOKEN2049 Singapore,,,,,,,,,,,,,,,,,,,,,,Carried over from 2025 lineup (per page label),
bloomingbit,Attending Media,https://bloomingbit.io/,https://framerusercontent.com/images/GMPPhMvLVWdm5tvz8qlFKTONc.png?scale-down-to=512&width=634&height=288,,korea-blockchain-week,2025,1,,,,,,,,,,,,,,,,,,,,,,,,,,
Blueprint,Lifestyle Partner,,https://cdn.prod.website-files.com/6756df8f05088bc3e51c64ea/690da9d49f1ff719a3682a6c_a6P0Y6siG80JeIfsqKTE1GOCnXi_yGi8A5ODTI1Pyqw.png,,token2049-singapore,2026,1,https://www.token2049.com/singapore/partners,,TOKEN2049 Singapore,,,,,,,,,,,,,,,,,,,,,,Carried over from 2025 lineup (per page label),
bluewaters_people (Instagram),Partner:Info Partners,https://www.instagram.com/bluewaters_people,https://blockchain-life.com/wp-content/uploads/2025/06/logo-blue-3-7.jpg,,blockchain-life-forum,2026,1,,,,,,,,,,,,,,,,,,,,,,,,,,
BMB Web3,Partner:Info Partners,https://bmbweb3.com/,https://blockchain-life.com/wp-content/uploads/2025/06/photo_2025-08-08_16-15-15.jpg,,blockchain-life-forum,2026,1,,,,,,,,,,,,,,,,,,,,,,,,,,
boarding bridge DAO LLC,Community Partner,,https://cdn.prod.website-files.com/6756df8f05088bc3e51c64ea/68b45052193bb68ed31f6d8e_gfN67dWsuaOdeRn17MKZNcPJ6gddsK7yjDYrCb-Q7gg.png,,token2049-singapore,2026,1,https://www.token2049.com/singapore/partners,,TOKEN2049 Singapore,,,,,,,,,,,,,,,,,,,,,,Carried over from 2025 lineup (per page label),
Boundary Electric,Kilo,https://www.boundaryelectric.com/,,,mining-disrupt,,1,,,,,,,,,,,,,,,,,,,,,,,,,,
boundless,Copper,https://boundless.network/,https://framerusercontent.com/images/5zSgS3NjisATI86GQxLNIrAvNSM.png?scale-down-to=512&width=634&height=288,,korea-blockchain-week,2025,1,,,,,,,,,,,,,,,,,,,,,,,,,,
Braiins,Kilo,https://braiins.com/,,,mining-disrupt,,1,,,,,,,,,,,,,,,,,,,,,,,,,,
BrandPR,Partner:Info Partners,https://brandpr.io,https://blockchain-life.com/wp-content/uploads/2025/09/Artboard-1-copy-2-4x-scaled.png,,blockchain-life-forum,2026,1,,,,,,,,,,,,,,,,,,,,,,,,,,
Breadcrumbs,Exhibitor,https://www.breadcrumbs.app/,https://api.rareevo.io/storage/domains/rareevo.io/organizations/logos/breadcrumbs_horizontal.png,,rare-evo,,1,,,Rare Evo 2026,,,,exhibitor,,,,,,active,158,,,,,,,,,,,,
Brickyard,Bronze,https://justlaybrick.com,https://static.wixstatic.com/media/5b61ba_5b7bb79bac604ed285de20871010145b.png,,bitcoin-policy-summit,2025,1,https://www.btcpolicysummit.org/sponsors,,Bitcoin Policy Summit 2025,,,,,,,,,,,,,,,,,,,,,,,
brvcapital,Partner (2025),https://brvcapital.com/,https://framerusercontent.com/images/fBYQdDgrTeP5fqO28WFY8w07s.png?scale-down-to=512&width=740&height=280,,korea-blockchain-week,2025,1,,,,,,,,,,,,,,,,,,,,,,,,,,
Bryan Johnson,Lifestyle Partner,,https://cdn.prod.website-files.com/6756df8f05088bc3e51c64ea/690da9d6bb6805f44c2a009f_UtGOhmxA71IlQc833JyykKcpA8VG98j8fxjxFuYw21w.png,,token2049-singapore,2026,1,https://www.token2049.com/singapore/partners,,TOKEN2049 Singapore,,,,,,,,,,,,,,,,,,,,,,Carried over from 2025 lineup (per page label),
BTCC,1 Block,https://www.btcc.com/,https://cdn.prod.website-files.com/687f979126432c8ce843e6d7/6930a7b5061030c74a67c7b3_1f938900-bc24-4099-a0d5-d5284cee8fac-ticket-hs_file_upload-btcc-logo-ai-ad0308.webp,"Founded in June 2011 during Bitcoin's early days, BTCC has grown to become the world's longest-serving cryptocurrency exchange. Through every market cycle, BTCC's unwavering commitment to security and reliability has earned the trust of millions of traders worldwide.",bitcoin-mena,2025,1,https://mena.b.tc/sponsor,https://x.com/btccexchange?s=21&amp;t=miTeTwqPPkDqgWLDd2U9ZA; https://linkedin.com/company/yourbtcc; https://www.facebook.com/share/1ATWfXekM1/?mibextid=wwXIfr,Bitcoin MENA,,,,,,,,,,,,,,,,,,,,,,,
BTCWire,Partner:Media Partners,https://btcwire.io/,https://blockchain-life.com/wp-content/uploads/2025/06/Logo-1-1-scaled.png,,blockchain-life-forum,2026,1,,,,,,,,,,,,,,,,,,,,,,,,,,
BTSE Enterprise Solutions,Silver Sponsor,,https://cdn.prod.website-files.com/6756df8f05088bc3e51c64ea/6a3a9432dbf521d9a649147e_BTSE.png,,token2049-singapore,2026,1,https://www.token2049.com/singapore/partners,,TOKEN2049 Singapore,,,,,,,,,,,,,,,,,,,,,,Confirmed 2026 sponsor,
bubblemaps,Copper,https://bubblemaps.io/,https://framerusercontent.com/images/W2LL9qklrH7hSu7orziIB8FHcI.png?scale-down-to=512&width=634&height=288,,korea-blockchain-week,2025,1,,,,,,,,,,,,,,,,,,,,,,,,,,
Bull Bitcoin,Innovators,https://bullbitcoin.com,https://btchel.com/wp-content/uploads/2025/12/bullblack-1024x341.jpg,,btchel,,1,,,,,,,,,,,,,,,,,,,,,,,,,,
BVI Finance,Silver Sponsor,,https://cdn.prod.website-files.com/6756df8f05088bc3e51c64ea/6a3a942c91c44fea24bc5259_BVI-Finance.png,,token2049-singapore,2026,1,https://www.token2049.com/singapore/partners,,TOKEN2049 Singapore,,,,,,,,,,,,,,,,,,,,,,Confirmed 2026 sponsor,
bvihongkongoffice.com.hk,Silver Sponsor,,https://cdn.prod.website-files.com/6756df8f05088bc3e51c64ea/6a3a9433dbf521d9a6491491_BVI-Hong-Kong-Office.png,,token2049-singapore,2026,1,https://www.token2049.com/singapore/partners,,TOKEN2049 Singapore,,,,,,,,,,,,,,,,,,,,,,Confirmed 2026 sponsor,
byline,Attending Media,https://byline.network/,https://framerusercontent.com/images/HaicsHf6poLrQplfkKnNyD6JNw.png?scale-down-to=512&width=634&height=288,,korea-blockchain-week,2025,1,,,,,,,,,,,,,,,,,,,,,,,,,,
ByteX,Silver,https://bytex.io/,,,blockchain-futurist-toronto,,1,,,Blockchain Futurist Conference Toronto 2026,,,,,,,,,,,,,,,,,,,,,,,
Calamos,2 Block,https://www.calamos.com/,https://cdn.prod.website-files.com/687f979126432c8ce843e6d7/6920b9ce1430f4534f5e0a55_682b443047b9999cb156ce69_image001-20-1.webp,"Our history traces back to the challenging markets of the 1970s, when John P. Calamos, Sr. began his investment career using convertible securities to help clients build wealth and manage risk. The hallmarks of those early days—innovation, risk management and client focus—continue to define our organization today. Our investment solutions include alternative, equity, sustainable, multi-asset, fixed income and convertible strategies.We view our success and longevity as a reflection of our ability to meet the demands of investors through long-term performance, organic growth and strategic acquisition. Through that lens, we are honored that our assets under management have nearly doubled under the leadership of our President and Chief Executive Officer John Koudounis. Under his leadership, we have also expanded our presence in New York and Chicago, grown our wealth management capabilities, and established ourselves as a leading liquid alternatives provider, the third largest in the United States.Headquartered in Naperville, Illinois, Calamos Investments has offices in Chicago, New York, San Francisco, Milwaukee, Portland, and the Miami area.‍",bitcoin-mena,2025,1,https://mena.b.tc/sponsor,,Bitcoin MENA,,,,,,,,,,,,,,,,,,,,,,,
Cambrian Network,Exhibitor,https://www.cambrian.org/,https://api.rareevo.io/storage/domains/rareevo.io/organizations/logos/Cambrian_color.png,,rare-evo,,1,,,Rare Evo 2026,,,,exhibitor,,,,,,active,178,,,,,,,,,,,,
Camfil,Byte,https://www.camfil.com/en-us/,,,mining-disrupt,,1,,,,,,,,,,,,,,,,,,,,,,,,,,
Campeon Gaming,Licensed Exhibitor,,https://tickets.sigma.world/img/companies/tmp/company-101541-1709561549.png,,sigma-world-rome,,1,,,"SiGMA World 2026 (Rome, Fiera Roma, Nov 2-5 2026)",,,,,,,,,,,,,,,,,,,,,,,
Capella,Lifestyle Partner,,https://cdn.prod.website-files.com/6756df8f05088bc3e51c64ea/690da9d94c9d5a698ec482fd_7O1FJLJgoTwn9cH0Rl2czKtZz0r55Ab_gAmhRbq0UmY.png,,token2049-singapore,2026,1,https://www.token2049.com/singapore/partners,,TOKEN2049 Singapore,,,,,,,,,,,,,,,,,,,,,,Carried over from 2025 lineup (per page label),
caprishell,Community Partner,,https://cdn.prod.website-files.com/6756df8f05088bc3e51c64ea/68b456e9d1852018db4d86ed_jF83G6GWHw3QQ0PLN6sAg74djjcJmTZsdoEa1sPKdSU.png,,token2049-singapore,2026,1,https://www.token2049.com/singapore/partners,,TOKEN2049 Singapore,,,,,,,,,,,,,,,,,,,,,,Carried over from 2025 lineup (per page label),
Captain Capital,Community Partner,,https://cdn.prod.website-files.com/6756df8f05088bc3e51c64ea/68b456f5d564abe267c9051c_zhoIwUIU-F9V4TK4_xhp8k2IUIPvjroS-hw0yzmKt3o.png,,token2049-singapore,2026,1,https://www.token2049.com/singapore/partners,,TOKEN2049 Singapore,,,,,,,,,,,,,,,,,,,,,,Carried over from 2025 lineup (per page label),
Cardano Foundation,Exhibitor,https://cardanofoundation.org/,https://api.rareevo.io/storage/domains/rareevo.io/organizations/logos/CF-Logo-Full-Black_1500px.png,,rare-evo,,1,,,Rare Evo 2026,,,,exhibitor,,,,,,active,29,,,,,,,,,,,,
CardaStation,Exhibitor,https://www.cardastation.com/,https://api.rareevo.io/storage/domains/rareevo.io/organizations/logos/CARDAS~1.png,,rare-evo,,1,,,Rare Evo 2026,,,,exhibitor,,,,,,active,171,,,,,,,,,,,,
CardsPro,Silver Sponsor,,https://cdn.prod.website-files.com/6756df8f05088bc3e51c64ea/6a3a9432dbf521d9a649148d_CardsPro.png,,token2049-singapore,2026,1,https://www.token2049.com/singapore/partners,,TOKEN2049 Singapore,,,,,,,,,,,,,,,,,,,,,,Confirmed 2026 sponsor,
Catalyze Research,,,,,ripple-swell-apex,2025,1,,,,,,,,,,,,,,,,,,,,,,,,,,
CBIZ,Byte,https://www.cbiz.com/,,,mining-disrupt,,1,,,,,,,,,,,,,,,,,,,,,,,,,,
Celo,Title Sponsor,https://celo.org,,Layer-1 blockchain platform; Title Sponsor of Binance Blockchain Week Dubai 2025.,binance-blockchain-week,2025,1,https://crypto.ro/en/news/binance-blockchain-week-2025/,,,,,,,,,,,,,,,,,,,,,,,,,
Certik,Exhibitor,https://www.certik.com/,https://api.rareevo.io/storage/domains/rareevo.io/organizations/logos/画板 2 副本 2@4x.png,,rare-evo,,1,,,Rare Evo 2026,,,,exhibitor,,,,,,active,161,,,,,,,,,,,,
CertiK,Gold Sponsor,,https://cdn.prod.website-files.com/6756df8f05088bc3e51c64ea/6a3a890957d96d71b20bfe65_Certik.png,,token2049-singapore,2026,1,https://www.token2049.com/singapore/partners,,TOKEN2049 Singapore,,,,,,,,,,,,,,,,,,,,,,Confirmed 2026 sponsor,
chain,Bronze,https://chain.link/,https://framerusercontent.com/images/E5ek0QiTlZ5c5zoIKUK6ZB7vhg.png?scale-down-to=512&width=634&height=288,,korea-blockchain-week,2025,1,,,,,,,,,,,,,,,,,,,,,,,,,,
Chain Reaction,Byte,https://chain-reaction.io/,,,mining-disrupt,,1,,,,,,,,,,,,,,,,,,,,,,,,,,
chaincatcher,Supporting Partner,https://www.chaincatcher.com/,https://framerusercontent.com/images/SQtXO3h6IzbSQEjcHvgcT0nSW5M.png?scale-down-to=512&width=634&height=288,,korea-blockchain-week,2025,1,,,,,,,,,,,,,,,,,,,,,,,,,,
Chaintrade Collective,Community Partner,,https://cdn.prod.website-files.com/6756df8f05088bc3e51c64ea/68b456ee5cab43153f18774a_adsGFsfNJ9e0-q-K3kcFlA5lG17jwA7AGK-7Fv5sA7E.png,,token2049-singapore,2026,1,https://www.token2049.com/singapore/partners,,TOKEN2049 Singapore,,,,,,,,,,,,,,,,,,,,,,Carried over from 2025 lineup (per page label),
ChainUp,1 Block,https://www.chainup.com/,https://cdn.prod.website-files.com/687f979126432c8ce843e6d7/6927474ba03756b1431ce518_full-color-vertical.webp,"​ChainUp, a leading global provider of digital asset solutions, empowers businesses to navigate the complexities of this evolving ecosystem. ​Serving a diverse clientele from Web3 companies to established financial institutions, ChainUp's comprehensive suite of solutions includes crypto exchange solutions, liquidity technology, white label MPC wallet, KYT crypto tracing analytics tool, asset tokenization, crypto asset management, and Web3 infrastructure such as mining, staking, and blockchain APIs. For more information, visit: https://www.chainup.com/ ​",bitcoin-mena,2025,1,https://mena.b.tc/sponsor,https://x.com/ChainUPOfficial; https://www.linkedin.com/company/chainup-technology/; https://www.facebook.com/ChainUpTechnology/; https://t.me/ChainUpOfficial,Bitcoin MENA,,,,,,,,,,,,,,,,,,,,,,,
ChainUp,Gold Sponsor,,https://cdn.prod.website-files.com/6756df8f05088bc3e51c64ea/6a3a88fde01d7a219fbd5721_Chainup.png,,token2049-singapore,2026,1,https://www.token2049.com/singapore/partners,,TOKEN2049 Singapore,,,,,,,,,,,,,,,,,,,,,,Confirmed 2026 sponsor,
ChainWire,Community Partner,,https://cdn.prod.website-files.com/6756df8f05088bc3e51c64ea/68be8a4be71e4774e8f719c4_3vtqojDtFI_cNSN7M-xFEP28rf6phEKq7UzdVIg576I.svg,,token2049-singapore,2026,1,https://www.token2049.com/singapore/partners,,TOKEN2049 Singapore,,,,,,,,,,,,,,,,,,,,,,Carried over from 2025 lineup (per page label),
Chamber of Commerce and Industry of Serbia,"Politics, government & international trade",,,,web-summit-lisbon,2025,1,,,,,,,,,,,,,,,,,,,,,,,,,,https://websummit.com/appearances/lis25/f32348ea-f0d9-4ea6-b83f-7dda690aabe1/chamber-of-commerce-and-industry-of-serbia
Champion AI,Platinum & Gold,https://www.wearechampionai.com/,https://cdn.prod.website-files.com/61e8788db85eabd9f0305f67/6900d6d5738b0181eaa9f7dc_champion%20AI.png,,blockchain-futurist-florida,,1,,,,,,,,,,,,,,,,,,,,,,,,,,
ChangeNOW,Platinum Sponsor,,https://cdn.prod.website-files.com/6756df8f05088bc3e51c64ea/6a3a85955dda6dc9384538d8_ChangeNOW.png,,token2049-singapore,2026,1,https://www.token2049.com/singapore/partners,,TOKEN2049 Singapore,,,,,,,,,,,,,,,,,,,,,,Confirmed 2026 sponsor,
Chart Coffee,Community Partner,https://instagram.com/chartcoffee,,,bitcoin-asia,,1,,,,,,,,,,,,,,,,,,,,,,,,,,
cheems,Bronze,https://www.cheems.pet/,https://framerusercontent.com/images/clh5ZpkLZyDbUrV7MNAFulgN5o.png?scale-down-to=512&width=634&height=288,,korea-blockchain-week,2025,1,,,,,,,,,,,,,,,,,,,,,,,,,,
Cherry Servers,Gold,https://www.cherryservers.com/,,"Cherry Servers is an infrastructure provider offering bare metal servers, cloud instances, GPU servers, storage, and networking services. The platform serves teams that need high-performance, developer-friendly compute infrastructure.",solana-breakpoint,,1,,,,,,,,,https://www.linkedin.com/company/cherry-servers/,,,,,,,Infrastructure,Company,Bare metal cloud built for developers.,"Cherry Servers provides dedicated servers, cloud infrastructure, and GPU hosting for technical teams.",https://x.com/CherryServers,,https://github.com/cherryservers,,https://www.youtube.com/@cherryservers,,
Cholla,Byte,https://chollainc.com/,,,mining-disrupt,,1,,,,,,,,,,,,,,,,,,,,,,,,,,
chosun,Attending Media,https://biz.chosun.com/,https://framerusercontent.com/images/5NZ9LCPp3O0CWpxTacE5O7sBw1U.png?scale-down-to=512&width=634&height=288,,korea-blockchain-week,2025,1,,,,,,,,,,,,,,,,,,,,,,,,,,
chosun,Attending Media,https://www.chosun.com/,https://framerusercontent.com/images/tCwMBNDisodk0pQBQgFubijTxtM.png?scale-down-to=512&width=634&height=288,,korea-blockchain-week,2025,1,,,,,,,,,,,,,,,,,,,,,,,,,,
Cifra,Sponsor:Special sponsors,https://cifra.by/,https://blockchain-life.com/wp-content/uploads/2025/06/Cifra-Markets_light-02-01.svg,Legal crypto exchange offering trading and brokerage in the CIS region,blockchain-life-forum,2026,1,,,,,,,,,,,,,,,,,,,,,,,,,,
Circle,Gold Sponsor,,https://cdn.prod.website-files.com/6756df8f05088bc3e51c64ea/6a3a88efbec88c50679761d7_Circle.png,,token2049-singapore,2026,1,https://www.token2049.com/singapore/partners,,TOKEN2049 Singapore,,,,,,,,,,,,,,,,,,,,,,Confirmed 2026 sponsor,
CitizenX,1 Block,http://citizenx.com,https://cdn.prod.website-files.com/687f979126432c8ce843e6d7/68e93def3dc693b8df9c5129_e811a651-3867-44f4-bbd5-f9374121e698-ticket-hs_file_upload-logotype-standard-black.webp,"CitizenX is the world's first citizenship market. We help high-net-worth individuals and their families diversify their passport portfolio in Bitcoin-friendly jurisdictions, ensuring a safe future for you and your loved ones.‍",bitcoin-mena,2025,1,https://mena.b.tc/sponsor,http://x.com/citizenx; http://linkedin.com/company/citizenx; http://www.facebook.com/citizenx,Bitcoin MENA,,,,,,,,,,,,,,,,,,,,,,,
City of Lugano,Co-founder / Host City,https://www.lugano.ch,,Co-founder and host of Lugano's Plan B initiative,planb-forum-lugano,2026,1,,,,,,,,,,,,,,,,,,,,,,,,,,
Clarity DAO,Exhibitor,https://www.clarity.vote/,https://api.rareevo.io/storage/domains/rareevo.io/organizations/logos/3pncSYpmneuAxEMmL4aD7Etsck6mdVX5QCRLYUNx.png,,rare-evo,,1,,,Rare Evo 2026,,,,exhibitor,,,,,,inactive,115,,,,,,,,,,,,
Clark Hill,Bronze,https://www.clarkhill.com,https://static.wixstatic.com/media/5b61ba_6f68542eaddb4020abc4461fc9d55f87.png,,bitcoin-policy-summit,2025,1,https://www.btcpolicysummit.org/sponsors,,Bitcoin Policy Summit 2025,,,,,,,,,,,,,,,,,,,,,,,
CleanSpark,Gold,https://www.cleanspark.com,https://static.wixstatic.com/media/e8e7bd_155b6bb6b29644d4b46b578654764497.png,,bitcoin-policy-summit,2025,1,https://www.btcpolicysummit.org/sponsors,,Bitcoin Policy Summit 2025,,,,,,,,,,,,,,,,,,,,,,,
ClickHouse,Sponsor,https://clickhouse.com,https://wojgrioccmbywgtruwfl.supabase.co/storage/v1/object/public/Media%20Folders/Coinfest%20Asia%202026/CMS/Partners/Sponsors/clickhouse_1778931323268.png,,coinfest-asia,2026,1,,,,,,,,,,,,,,,,,,,,,,,,,,
Cloverum,Sponsor/Exhibitor,,https://tickets.sigma.world/img/companies/tmp/company-102316-1747829123.png,,sigma-world-rome,,1,,,"SiGMA World 2026 (Rome, Fiera Roma, Nov 2-5 2026)",,,,,,,,,,,,,,,,,,,,,,,
Club Satoshi,Community Partner,,https://cdn.prod.website-files.com/6756df8f05088bc3e51c64ea/690da69a174f52429289ec4d_TGn_iJleSy3erCcOLRuhj3J3rzPi60qKYplfRBUmRkk.png,,token2049-singapore,2026,1,https://www.token2049.com/singapore/partners,,TOKEN2049 Singapore,,,,,,,,,,,,,,,,,,,,,,Carried over from 2025 lineup (per page label),
clubsatoshi,Supporting Partner,https://clubsatoshi.io/,https://framerusercontent.com/images/aEsm1KUYOeBwwEeU0jPmEjkBNE.png?scale-down-to=512&width=634&height=288,,korea-blockchain-week,2025,1,,,,,,,,,,,,,,,,,,,,,,,,,,
CNA,Media Partner,,https://cdn.prod.website-files.com/6756df8f05088bc3e51c64ea/690da6ac9f1ff719a3660223_IxzwBkypjt6m5kxUa9hvbaWRCVOAiJOIqusqVqeGRmY.png,,token2049-singapore,2026,1,https://www.token2049.com/singapore/partners,,TOKEN2049 Singapore,,,,,,,,,,,,,,,,,,,,,,Carried over from 2025 lineup (per page label),
CNBC,Media Partner,,https://cdn.prod.website-files.com/6756df8f05088bc3e51c64ea/69140470bbfcda586b463768_sGJjS5xJ0x-x-Dh8KP3B7Ww9SUWjIOXuEO3KJ_rvAhw.png,,token2049-singapore,2026,1,https://www.token2049.com/singapore/partners,,TOKEN2049 Singapore,,,,,,,,,,,,,,,,,,,,,,Carried over from 2025 lineup (per page label),
CNN,Media Partner,,https://cdn.prod.website-files.com/6756df8f05088bc3e51c64ea/690da600db02cef4064e8d8e_0jjzD2tqX8KeZ9usE5739iBoC-skWsVOcO_jnb8dUlA.png,,token2049-singapore,2026,1,https://www.token2049.com/singapore/partners,,TOKEN2049 Singapore,,,,,,,,,,,,,,,,,,,,,,Carried over from 2025 lineup (per page label),
CockroachDB,Sponsor,https://www.cockroachlabs.com,https://wojgrioccmbywgtruwfl.supabase.co/storage/v1/object/public/Media%20Folders/Coinfest%20Asia%202026/CMS/Partners/Sponsors/cockroachDB_1778931417211.png,,coinfest-asia,2026,1,,,,,,,,,,,,,,,,,,,,,,,,,,
Coin Edition,Partner:Info Partners,https://coinedition.com/,https://blockchain-life.com/wp-content/uploads/2025/09/Coin-Edition-Hi-scaled.png,,blockchain-life-forum,2026,1,,,,,,,,,,,,,,,,,,,,,,,,,,
Coin Raftar,Partner,https://coinraftar.com/,https://api.rareevo.io/storage/domains/rareevo.io/organizations/media/CR V4 (1).png,,rare-evo,,1,,,Rare Evo 2026,,,,partner,,,,,,active,138,,,,,,,,,,,,
Coin Vigilante,1 Block,https://www.coinvigilante.com/,https://cdn.prod.website-files.com/687f979126432c8ce843e6d7/6924c840012211c898207d1a_images-1.webp,"Founded in 2021, the Coin Vigilante brand originated from the idea of creating high quality watches inspired by Bitcoin. Designed in the US, worn in over 30 countries - our goal is to craft unique timepieces that signify the importance of sound money for those who wear them - a movement that shows the world what we stand for. Our journey became a reality after launching a successful Kickstarter campaign where we raised 6 figures from backers across the world who believe in the movement.",bitcoin-mena,2025,1,https://mena.b.tc/sponsor,https://x.com/coin_vigilante?lang=en,Bitcoin MENA,,,,,,,,,,,,,,,,,,,,,,,
coin68,Supporting Partner,https://coin68.com/,https://framerusercontent.com/images/NmBkShPoGiyFZ7RqZbSHrmiVZEw.png?scale-down-to=512&width=634&height=288,,korea-blockchain-week,2025,1,,,,,,,,,,,,,,,,,,,,,,,,,,
coinage,Attending Media,https://www.coinage.media/,https://framerusercontent.com/images/hQY616kjHH4Z44E81AeqctXAAY.png?scale-down-to=512&width=634&height=288,,korea-blockchain-week,2025,1,,,,,,,,,,,,,,,,,,,,,,,,,,
Coinaute,Partner:Info Partners,https://coinaute.com/,https://blockchain-life.com/wp-content/uploads/2025/09/logo.webp,,blockchain-life-forum,2026,1,,,,,,,,,,,,,,,,,,,,,,,,,,
Coinbase Asset Management,Byte,https://cbam.coinbase.com/,,,mining-disrupt,,1,,,,,,,,,,,,,,,,,,,,,,,,,,
Coinbound,Platinum & Gold,http://coinbound.io/,https://cdn.prod.website-files.com/61e8788db85eabd9f0305f67/68e3f68702f681ef91a51a4f_coinbound.png,,blockchain-futurist-florida,,1,,,,,,,,,,,,,,,,,,,,,,,,,,
CoinCodex,Partner:Media Partners,https://coincodex.com/,https://blockchain-life.com/wp-content/uploads/2025/09/cc-logo-png.png,,blockchain-life-forum,2026,1,,,,,,,,,,,,,,,,,,,,,,,,,,
coindesk,Supporting Partner,https://consensus-hongkong.coindesk.com/,https://framerusercontent.com/images/9Bwr8vIOdghAe4jY55Whv0eE6Cg.png?scale-down-to=512&width=634&height=288,,korea-blockchain-week,2025,1,,,,,,,,,,,,,,,,,,,,,,,,,,
coineasy,Supporting Partner,https://www.coineasy.xyz/,https://framerusercontent.com/images/ydSjRD5xBVOj5aJfJAgktl7VrGg.png?scale-down-to=512&width=634&height=288,,korea-blockchain-week,2025,1,,,,,,,,,,,,,,,,,,,,,,,,,,
Coinlaa,1 Block,https://coinlaa.com/,https://cdn.prod.website-files.com/68b852e37770c3bed85139ee/69e6f346f81a6a39e04c601d_coinlaa-logo-f-1.webp,Crypto social network featuring 1000+ AI tools and 200+ specialized agents for Web3 traders and creators.,bitcoin-amsterdam,,1,,,,,,,,,,,,,,,,,,,,,,,,,,
coinmarketcap,Bronze,https://coinmarketcap.com/,https://framerusercontent.com/images/MERwvpqkshy9odStnkDIHF832ds.png?scale-down-to=512&width=634&height=288,,korea-blockchain-week,2025,1,,,,,,,,,,,,,,,,,,,,,,,,,,
Coinmotion,Innovators,https://coinmotion.com,https://btchel.com/wp-content/uploads/2025/12/CM-white-1024x341.jpg,,btchel,,1,,,,,,,,,,,,,,,,,,,,,,,,,,
coinness,Attending Media,https://www.coinness.com/,https://framerusercontent.com/images/UDuSq1nvnAFd85NmLVGhimtg.png?scale-down-to=512&width=634&height=288,,korea-blockchain-week,2025,1,,,,,,,,,,,,,,,,,,,,,,,,,,
coinpickle,Bronze,https://coinpickle.com/,https://framerusercontent.com/images/KBMg2jf5DuzEkoiykAHEoOy9w04.png?scale-down-to=512&width=634&height=288,,korea-blockchain-week,2025,1,,,,,,,,,,,,,,,,,,,,,,,,,,
coinpost,Bronze,https://coinpost.jp/,https://framerusercontent.com/images/Cln7u3UMFtYaWLI96wQ8Lhbs5E.png?scale-down-to=512&width=634&height=288,,korea-blockchain-week,2025,1,,,,,,,,,,,,,,,,,,,,,,,,,,
CoinRabbit,Silver Sponsor,,https://cdn.prod.website-files.com/6756df8f05088bc3e51c64ea/6a3a942c91c44fea24bc5243_CoinRabbit.png,,token2049-singapore,2026,1,https://www.token2049.com/singapore/partners,,TOKEN2049 Singapore,,,,,,,,,,,,,,,,,,,,,,Confirmed 2026 sponsor,
Cointelegraph,Media Partner,,https://cdn.prod.website-files.com/6756df8f05088bc3e51c64ea/690da930b4badc43167b2e85_nnFm86Ab2-BFE2xwjzQpETA41a1BMG249uEbjj0PihM.png,,token2049-singapore,2026,1,https://www.token2049.com/singapore/partners,,TOKEN2049 Singapore,,,,,,,,,,,,,,,,,,,,,,Carried over from 2025 lineup (per page label),
CoinTimes,Partner:Media Partners,https://cointimes.com.br/,https://blockchain-life.com/wp-content/uploads/2025/09/cointimes.png,,blockchain-life-forum,2026,1,,,,,,,,,,,,,,,,,,,,,,,,,,
CoinTurk,Partner:Media Partners,https://en.coin-turk.com/,https://blockchain-life.com/wp-content/uploads/2025/09/CN-logo.png,,blockchain-life-forum,2026,1,,,,,,,,,,,,,,,,,,,,,,,,,,
CoinW,2 Block,http://coinw.com,https://cdn.prod.website-files.com/687f979126432c8ce843e6d7/691c836960b5d9df1cdcdf2e_logo-2.webp,"CoinW stands as a pinnacle in the world of crypto trading platforms, where our unwavering commitment to security, transparency, and user-centric principles sets us apart. Powered by cutting-edge technology, boasting deep liquidity, and offering support for a diverse array of cryptocurrencies, we have cultivated a vast and dedicated user base, solidifying our position as one of the most secure exchanges globally.",bitcoin-mena,2025,1,https://mena.b.tc/sponsor,https://x.com/CoinWOfficial; https://www.linkedin.com/company/coinwofficial; https://t.me/CoinWENOfficial,Bitcoin MENA,,,,,,,,,,,,,,,,,,,,,,,
ComingSoon.ae,Partner:Info Partners,https://comingsoon.ae/,https://blockchain-life.com/wp-content/uploads/2025/06/logo-transp.png,,blockchain-life-forum,2026,1,,,,,,,,,,,,,,,,,,,,,,,,,,
Commons,,,,,ripple-swell-apex,2025,1,,,,,,,,,,,,,,,,,,,,,,,,,,
Compass Coffee,Silver,https://compasscoffee.com,https://static.wixstatic.com/media/5b61ba_5943b012260344c784f1ee34fdc70b5d.png,,bitcoin-policy-summit,2025,1,https://www.btcpolicysummit.org/sponsors,,Bitcoin Policy Summit 2025,,,,,,,,,,,,,,,,,,,,,,,
Concentrix,Telecommunications & IT,,,,web-summit-lisbon,2025,1,,,,,,,,,,,,,,,,,,,,,,,,,,https://websummit.com/appearances/lis25/0261a6db-6e2a-4e99-a23a-338d3a087ece/concentrix
Contentful,SaaS,,,,web-summit-lisbon,2025,1,,,,,,,,,,,,,,,,,,,,,,,,,,https://websummit.com/appearances/lis25/a17a6da8-381e-42e9-840e-db61bf92316f/contentful
contentos,Copper,https://www.contentos.io/,https://framerusercontent.com/images/hUkfEnCVaiNlkDmf2yuCbqICM.png?scale-down-to=512&width=634&height=288,,korea-blockchain-week,2025,1,,,,,,,,,,,,,,,,,,,,,,,,,,
Cornell University,University/College,https://www.cornell.edu/,https://api.rareevo.io/storage/domains/rareevo.io/organizations/colleges/cornell_logo_simple_black.png,,rare-evo,,1,,,Rare Evo 2026,,,,colleges,,,,,,active,140,,,,,,,,,,,,
Corytech,Sponsor/Exhibitor,,https://tickets.sigma.world/img/companies/tmp/company-101648-1711530887.png,,sigma-world-rome,,1,,,"SiGMA World 2026 (Rome, Fiera Roma, Nov 2-5 2026)",,,,,,,,,,,,,,,,,,,,,,,
COZ,Exhibitor,https://www.coz.io/,https://api.rareevo.io/storage/domains/rareevo.io/organizations/logos/COZ-logo-Black.png,,rare-evo,,1,,,Rare Evo 2026,,,,exhibitor,,,,,,inactive,196,,,,,,,,,,,,
CPA Words,Partner:Info Partners,https://cpawords.pro,https://blockchain-life.com/wp-content/uploads/2025/09/1704784232606-1.png,,blockchain-life-forum,2026,1,,,,,,,,,,,,,,,,,,,,,,,,,,
CPAex,Partner:Info Partners,,https://blockchain-life.com/wp-content/uploads/2025/09/cpaex_logo_basic.svg,,blockchain-life-forum,2026,1,,,,,,,,,,,,,,,,,,,,,,,,,,
CPower Energy,Byte,https://cpowerenergy.com/,,,mining-disrupt,,1,,,,,,,,,,,,,,,,,,,,,,,,,,
CreateHER Fest,Platinum & Gold,https://www.createherfest.com/,https://cdn.prod.website-files.com/61e8788db85eabd9f0305f67/68f5cbcce5402543f8b7a428_createherfest.png,,blockchain-futurist-florida,,1,,,,,,,,,,,,,,,,,,,,,,,,,,
Cregis,Silver Sponsor,,https://cdn.prod.website-files.com/6756df8f05088bc3e51c64ea/6a3a942c91c44fea24bc524e_Cregis.png,,token2049-singapore,2026,1,https://www.token2049.com/singapore/partners,,TOKEN2049 Singapore,,,,,,,,,,,,,,,,,,,,,,Confirmed 2026 sponsor,
CripthHub,Sponsor:Gold sponsors,https://cripthub.ru/en/,https://blockchain-life.com/wp-content/uploads/2025/09/cripthub-01.svg,Cryptocurrency exchange service with the conversion to fiat,blockchain-life-forum,2026,1,,,,,,,,,,,,,,,,,,,,,,,,,,
cronos,Bronze,https://cronos.org/,https://framerusercontent.com/images/ozZncYkEjckVYrQN4SGZbdoek.png?scale-down-to=512&width=634&height=288,,korea-blockchain-week,2025,1,,,,,,,,,,,,,,,,,,,,,,,,,,
Cryip,Partner:Info Partners,https://cryip.co/,https://blockchain-life.com/wp-content/uploads/2025/09/Cryip-Logo-Black.png,,blockchain-life-forum,2026,1,,,,,,,,,,,,,,,,,,,,,,,,,,
Cryptita Plays,Community Partner,,https://cdn.prod.website-files.com/6756df8f05088bc3e51c64ea/68b4505fd1852018db4a6fb6_4yyjBKodmJOv7TW8UTPEsMqy86-b9_WmxPW3t9sfb5M.png,,token2049-singapore,2026,1,https://www.token2049.com/singapore/partners,,TOKEN2049 Singapore,,,,,,,,,,,,,,,,,,,,,,Carried over from 2025 lineup (per page label),
Crypto Browser,Partner,,https://api.rareevo.io/storage/domains/dev.rareevo.io/organizations/logos/lbksdIiXbnTr836rFsMGQXN8WfUwTXfK7nxBrMn8.png,,rare-evo,,1,,,Rare Evo 2026,,,,partner,,,,,,active,110,,,,,,,,,,,,
Crypto Citizens Network,Gold,https://www.ccn.com/global-crypto-lifestyle-index/,,,blockchain-futurist-toronto,,1,,,Blockchain Futurist Conference Toronto 2026,,,,,,,,,,,,,,,,,,,,,,,
Crypto Coin Show,Silver & Bronze,https://cryptocoinshow.com/,https://cdn.prod.website-files.com/61e8788db85eabd9f0305f67/6900d6d519b72981b0e92047_crypto%20coin%20show.png,,blockchain-futurist-florida,,1,,,,,,,,,,,,,,,,,,,,,,,,,,
Crypto Data Space,Community Partner,,https://cdn.prod.website-files.com/6756df8f05088bc3e51c64ea/690da6e2d7500447ae644013_wyJWbAmFCm8ApFTqaOVCm2vv7D0hBRSpwdWasRbvRQU.png,,token2049-singapore,2026,1,https://www.token2049.com/singapore/partners,,TOKEN2049 Singapore,,,,,,,,,,,,,,,,,,,,,,Carried over from 2025 lineup (per page label),
Crypto Education,Silver,https://cryptoducation.ca/about/,,,blockchain-futurist-toronto,,1,,,Blockchain Futurist Conference Toronto 2026,,,,,,,,,,,,,,,,,,,,,,,
Crypto Events,Partner:Info Partners,https://crypto-events.ru,https://blockchain-life.com/wp-content/uploads/2025/09/logo-crypto-events-no-bg-dark-outline.png,,blockchain-life-forum,2026,1,,,,,,,,,,,,,,,,,,,,,,,,,,
Crypto Hiroba,Community Partner,,https://cdn.prod.website-files.com/6756df8f05088bc3e51c64ea/690da6e445a1c99c3f89f7ff_DF9ZxTnPeG25d8PzCMM742CkvuzbyX_JRXzTySJJXRk.png,,token2049-singapore,2026,1,https://www.token2049.com/singapore/partners,,TOKEN2049 Singapore,,,,,,,,,,,,,,,,,,,,,,Carried over from 2025 lineup (per page label),
Crypto In America,Exhibitor,https://www.cryptoinamerica.com/,https://api.rareevo.io/storage/domains/rareevo.io/organizations/logos/cryptoinamerica.png,,rare-evo,,1,,,Rare Evo 2026,,,,exhibitor,,,,,,active,192,,,,,,,,,,,,
Crypto InSite,Partner:Info Partners,https://crypto-insite.com/,https://blockchain-life.com/wp-content/uploads/2025/06/Crypto-Insite.png,,blockchain-life-forum,2026,1,,,,,,,,,,,,,,,,,,,,,,,,,,
Crypto LFDM,Partner:Info Partners,https://cryptolfdm.fr/,https://blockchain-life.com/wp-content/uploads/2025/09/logo-lfdm.png,,blockchain-life-forum,2026,1,,,,,,,,,,,,,,,,,,,,,,,,,,
Crypto Miners,2 Block,http://www.cryptominers.ae/,https://cdn.prod.website-files.com/687f979126432c8ce843e6d7/6929af49d85875223b2264ea_image.webp,"CryptoMiners specializes in miners hosting, hydro mining solutions and containers local manufacturing, colocation facilities and data centre setups for government and B2B partners, repair & maintenance services and blockchain projects. Having recognition on B2G levels and 8 physical stores and office across the globe, Visioning our future plans of eco-friendly solutions and energy efficiency through our worldwide R&D teams, we are expanding our services including sustainable PPE projects, data storage entity and one stop solution for all your crypto investment needs with trust and reliabilityInstagramTikTok",bitcoin-mena,2025,1,https://mena.b.tc/sponsor,https://x.com/cryptominersgcc; https://www.linkedin.com/company/82189887/; https://www.facebook.com/CryptoMinersAE; https://t.me/cryptominersGlobal,Bitcoin MENA,,,,,,,,,,,,,,,,,,,,,,,
Crypto Nomads Club,Community Partner,,https://cdn.prod.website-files.com/6756df8f05088bc3e51c64ea/690da6e53abeb16f4be764ab_t3eAdvE6WTRTZsWbJi9aMWTsDie8znFEA2nm4bNeoPg.png,,token2049-singapore,2026,1,https://www.token2049.com/singapore/partners,,TOKEN2049 Singapore,,,,,,,,,,,,,,,,,,,,,,Carried over from 2025 lineup (per page label),
Crypto Records,Copper,https://cryptorecords.ca/,,,blockchain-futurist-toronto,,1,,,Blockchain Futurist Conference Toronto 2026,,,,,,,,,,,,,,,,,,,,,,,
Crypto Valley Association,Community Partner,,https://cdn.prod.website-files.com/6756df8f05088bc3e51c64ea/690da6e844c40c87f347ff90_jV44RxDW6gDxPz6pl90n8mBIf2Qo9h1r7jw3sjoVEfE.png,,token2049-singapore,2026,1,https://www.token2049.com/singapore/partners,,TOKEN2049 Singapore,,,,,,,,,,,,,,,,,,,,,,Carried over from 2025 lineup (per page label),
Crypto.News,Partner:Media Partners,https://crypto.news,https://blockchain-life.com/wp-content/uploads/2025/09/crypto.news-logo-1.svg,,blockchain-life-forum,2026,1,,,,,,,,,,,,,,,,,,,,,,,,,,
Crypto.News,Partner:Media Partners,https://crypto.ru/,https://blockchain-life.com/wp-content/uploads/2025/03/crypto.ru_.svg,,blockchain-life-forum,2026,1,,,,,,,,,,,,,,,,,,,,,,,,,,
Crypto.news,Partner,,https://api.rareevo.io/storage/domains/dev.rareevo.io/organizations/logos/kACbgXJtB3A5MmdAhpr6LAfWstyvJYbJI91kx8h1.png,,rare-evo,,1,,,Rare Evo 2026,,,,partner,,,,,,active,105,,,,,,,,,,,,
cryptocurrency-association,Supporting Partner,https://cryptocurrency-association.org/,https://framerusercontent.com/images/vQf96wAaFrOyWWGU8QjybvBFQU.png?scale-down-to=512&width=634&height=288,,korea-blockchain-week,2025,1,,,,,,,,,,,,,,,,,,,,,,,,,,
CRYPTOFEMALE,Community Partner,,https://cdn.prod.website-files.com/6756df8f05088bc3e51c64ea/690da6edc3c6ddb3c2df4778_GvshQUwkzx72VMmR97Hr5UzmPIF8q5PbFQgpVuwYN8s.png,,token2049-singapore,2026,1,https://www.token2049.com/singapore/partners,,TOKEN2049 Singapore,,,,,,,,,,,,,,,,,,,,,,Carried over from 2025 lineup (per page label),
Cryptoken Media,Partner,https://cryptoken.media,https://api.rareevo.io/storage/domains/rareevo.io/organizations/logos/bHzMbp7egIsxrqMc1dxhi5kOoV8Qr2vuU2GBnPBp.png,,rare-evo,,1,,,Rare Evo 2026,,,,partner,,,,,,active,109,,,,,,,,,,,,
CryptoLogistics,Byte,https://cryptologistics.com/,,,mining-disrupt,,1,,,,,,,,,,,,,,,,,,,,,,,,,,
cryptomedwed (Telegram),Partner:Info Partners,https://t.me/cryptomedwed,https://blockchain-life.com/wp-content/uploads/2025/09/logo-02-scaled.png,,blockchain-life-forum,2026,1,,,,,,,,,,,,,,,,,,,,,,,,,,
CryptoMondays London,Community Partner,,https://cdn.prod.website-files.com/6756df8f05088bc3e51c64ea/690da6ee53bfc93b1b474013_3rlSUSyXHtOHzCGVKKWt-8wrOcwZbV20wRR6Oz-YyTo.png,,token2049-singapore,2026,1,https://www.token2049.com/singapore/partners,,TOKEN2049 Singapore,,,,,,,,,,,,,,,,,,,,,,Carried over from 2025 lineup (per page label),
cryptonomads,Supporting Partner,https://club.cryptonomads.org/,https://framerusercontent.com/images/bNxs99rIKyjHDNXsfWTdW08ws.png?scale-down-to=512&width=634&height=288,,korea-blockchain-week,2025,1,,,,,,,,,,,,,,,,,,,,,,,,,,
CryptoNVG,Partner:Info Partners,https://cryptonvg.com,https://blockchain-life.com/wp-content/uploads/2025/06/2025-07-29-15.14.28-1.png,,blockchain-life-forum,2026,1,,,,,,,,,,,,,,,,,,,,,,,,,,
cryptoquant,Supporting Partner,https://cryptoquant.com/,https://framerusercontent.com/images/AvZioEkVuugtsoqZhQ7RQtTKY.png?scale-down-to=512&width=634&height=288,,korea-blockchain-week,2025,1,,,,,,,,,,,,,,,,,,,,,,,,,,
Cryptorank,Community Partner,,https://cdn.prod.website-files.com/6756df8f05088bc3e51c64ea/68b450389b501c075460f9d2_SUGE1eq3-qUFQqeYL0uv6SRbYr8iT4lM7KMhQ1hBZFQ.png,,token2049-singapore,2026,1,https://www.token2049.com/singapore/partners,,TOKEN2049 Singapore,,,,,,,,,,,,,,,,,,,,,,Carried over from 2025 lineup (per page label),
CryptoRobotics,Partner:Media Partners,https://cryptorobotics.co,https://blockchain-life.com/wp-content/uploads/2025/09/bolshoj-logo-01-scaled.png,,blockchain-life-forum,2026,1,,,,,,,,,,,,,,,,,,,,,,,,,,
CryptoTale,Partner:Info Partners,https://cryptotale.org/,https://blockchain-life.com/wp-content/uploads/2025/06/Logo-png-01.png,,blockchain-life-forum,2026,1,,,,,,,,,,,,,,,,,,,,,,,,,,
Crystal Intelligence,Silver Sponsor,,https://cdn.prod.website-files.com/6756df8f05088bc3e51c64ea/6a3a942c91c44fea24bc5254_Crystal-Intelligence.png,,token2049-singapore,2026,1,https://www.token2049.com/singapore/partners,,TOKEN2049 Singapore,,,,,,,,,,,,,,,,,,,,,,Confirmed 2026 sponsor,
cryticallabs,Copper,https://cryticallabs.com/,https://framerusercontent.com/images/sFA8DkJugK0JH8izsYVszoiASzs.png?scale-down-to=512&width=634&height=288,,korea-blockchain-week,2025,1,,,,,,,,,,,,,,,,,,,,,,,,,,
Cswap Dex,Exhibitor,https://www.cswap.info/,https://api.rareevo.io/storage/domains/rareevo.io/organizations/logos/cswap stacked black.png,,rare-evo,,1,,,Rare Evo 2026,,,,exhibitor,,,,,,active,60,,,,,,,,,,,,
Curve,Exhibitor,https://www.curve.finance/dex/ethereum/swap,https://api.rareevo.io/storage/domains/rareevo.io/organizations/logos/curve logo.png,,rare-evo,,1,,,Rare Evo 2026,,,,exhibitor,,,,,,inactive,40,,,,,,,,,,,,
Cyberport,,,,,ripple-swell-apex,2025,1,,,,,,,,,,,,,,,,,,,,,,,,,,
Cyberport HK,Community Partner,https://cyberport.hk,,,bitcoin-asia,,1,,,,,,,,,,,,,,,,,,,,,,,,,,
Cygnal,Gold,https://www.cygn.al,https://static.wixstatic.com/media/5b61ba_72168ef3ee02428fbde4ed791a7d7f1e.png,,bitcoin-policy-summit,2025,1,https://www.btcpolicysummit.org/sponsors,,Bitcoin Policy Summit 2025,,,,,,,,,,,,,,,,,,,,,,,
Dalapay,Sponsor/Exhibitor,,https://tickets.sigma.world/img/companies/tmp/company-101836-1736862687.png,"FinXP is led by a team with a long experience serving and working in the iGaming industry. The company is growing fast and offers iGaming operators and suppliers multiple payment solutions including Business IBAN accounts, a Payment Gateway with 350 payment methods, SEPA Direct Debit services, clearing services, and bespoke payment solutions. FinXP, founded in 2014, is a Malta-based electronic money institution, licensed by the MFSA. Its license has been passported within the EU and EEA, and it is registered with the European Payments Council. For more information, please visit https://finxp.com or contact us on [email protected] .",sigma-world-rome,,1,,,"SiGMA World 2026 (Rome, Fiera Roma, Nov 2-5 2026)",,,,,,,,,,,,,,,,,,,,,,,
DAO Utah,Silver & Bronze,,https://cdn.prod.website-files.com/61e8788db85eabd9f0305f67/6898aa255dec567d1c920153_dao%20utah.png,,blockchain-futurist-florida,,1,,,,,,,,,,,,,,,,,,,,,,,,,,
Dartmouth College,University/College,https://home.dartmouth.edu/,https://api.rareevo.io/storage/domains/rareevo.io/organizations/colleges/Dartmouth-College-Logo-Vector.svg-.png,,rare-evo,,1,,,Rare Evo 2026,,,,colleges,,,,,,active,130,,,,,,,,,,,,
DataAirflow,Giga,https://dataairflow.com/,,,mining-disrupt,,1,,,,,,,,,,,,,,,,,,,,,,,,,,
Datadog,SaaS,,,,web-summit-lisbon,2025,1,,,,,,,,,,,,,,,,,,,,,,,,,,https://websummit.com/appearances/lis25/fad186f8-d7e5-47c5-aba8-02e7e227540b/datadog
DB8,Silver,https://www.db8.com/,,,blockchain-futurist-toronto,,1,,,Blockchain Futurist Conference Toronto 2026,,,,,,,,,,,,,,,,,,,,,,,
DCE Miner,Kilo,https://dceminer.com/,,,mining-disrupt,,1,,,,,,,,,,,,,,,,,,,,,,,,,,
DDC Enterprise,Bronze,,https://static.wixstatic.com/media/5b61ba_e1e0a7fa0fd2448ba1002a191acb9b48.png,,bitcoin-policy-summit,2025,1,https://www.btcpolicysummit.org/sponsors,,Bitcoin Policy Summit 2025,,,,,,,,,,,,,,,,,,,,,,,
DecentraClasses,Education Partner,,https://cdn.prod.website-files.com/6756df8f05088bc3e51c64ea/68c7b7662fc6c6ac1d8bf0fc_OtmkRNIwWrre82EJ47y9mOj6tSWRlmYaQZMgCOQmSrg.png,,token2049-singapore,2026,1,https://www.token2049.com/singapore/partners,,TOKEN2049 Singapore,,,,,,,,,,,,,,,,,,,,,,Carried over from 2025 lineup (per page label),
Decentral House,Community Partner,,https://cdn.prod.website-files.com/6756df8f05088bc3e51c64ea/690da70d53bfc93b1b474ff1_xLk0PdDeRrjlLNwB_SuEcfnCrvd5nHm2WmCg_5n6Gpw.png,,token2049-singapore,2026,1,https://www.token2049.com/singapore/partners,,TOKEN2049 Singapore,,,,,,,,,,,,,,,,,,,,,,Carried over from 2025 lineup (per page label),
Decentrix Africa,Community Partner,,https://cdn.prod.website-files.com/6756df8f05088bc3e51c64ea/68b4504abe0c511439aa5e59_qjOk97qGfvS1_QK2qPKh8m_ljpPjzWHVZYv2MfhTsL4.png,,token2049-singapore,2026,1,https://www.token2049.com/singapore/partners,,TOKEN2049 Singapore,,,,,,,,,,,,,,,,,,,,,,Carried over from 2025 lineup (per page label),
decrypt,Attending Media,https://decrypt.co/,https://framerusercontent.com/images/g7dVe7P2cnlvBOvkhsIVWHjQ1Q.png?scale-down-to=512&width=634&height=288,,korea-blockchain-week,2025,1,,,,,,,,,,,,,,,,,,,,,,,,,,
Decrypt,Media Partner,,https://cdn.prod.website-files.com/6756df8f05088bc3e51c64ea/690da92b2c60698584fefe16_oGZY4v15yZtFm6-fwkJrKoblAPkc160Ner-c1XkNlMo.png,,token2049-singapore,2026,1,https://www.token2049.com/singapore/partners,,TOKEN2049 Singapore,,,,,,,,,,,,,,,,,,,,,,Carried over from 2025 lineup (per page label),
DegenSafe,Silver & Bronze,https://degensafe.fun,https://cdn.prod.website-files.com/61e8788db85eabd9f0305f67/68d4014e1a1e4ec238b64740_degensafe.png,,blockchain-futurist-florida,,1,,,,,,,,,,,,,,,,,,,,,,,,,,
Delgado's Fuego,Community Partner,https://delgadosfuego.com/pages/btc,,,bitcoin-asia,,1,,,,,,,,,,,,,,,,,,,,,,,,,,
Deloitte,Bronze,https://www2.deloitte.com/us/en.html,https://static.wixstatic.com/media/5b61ba_9653ab8389d34817b96f6e68acb58356.png,,bitcoin-policy-summit,2025,1,https://www.btcpolicysummit.org/sponsors,,Bitcoin Policy Summit 2025,,,,,,,,,,,,,,,,,,,,,,,
Deloitte,Exhibitor,https://www.deloitte.com/us/en.html,https://api.rareevo.io/storage/domains/rareevo.io/organizations/logos/Logo_Deloitte-1.png,,rare-evo,,1,,,Rare Evo 2026,,,,exhibitor,,,,,yes,inactive,42,,,,,,,,,,,,
DeLorean Labs,Platinum & Gold,https://deloreanlabs.com/,https://cdn.prod.website-files.com/61e8788db85eabd9f0305f67/680ad070f12383cf943aa23a_delorean.png,,blockchain-futurist-florida,,1,,,,,,,,,,,,,,,,,,,,,,,,,,
Delta DeFi,Exhibitor,https://www.deltadefi.io/,https://api.rareevo.io/storage/domains/rareevo.io/organizations/logos/delta_black.png,,rare-evo,,1,,,Rare Evo 2026,,,,exhibitor,,,,,,inactive,121,,,,,,,,,,,,
DePinDay,Community Partner,,https://cdn.prod.website-files.com/6756df8f05088bc3e51c64ea/690da71449068ce5a0a63589_4tuRGvO6c2Nu3PM0FRy4GgXSg0qulSi7-LBOh5_MJqk.png,,token2049-singapore,2026,1,https://www.token2049.com/singapore/partners,,TOKEN2049 Singapore,,,,,,,,,,,,,,,,,,,,,,Carried over from 2025 lineup (per page label),
DevIT,Partner,https://devitjobs.com/,https://api.rareevo.io/storage/domains/rareevo.io/organizations/media/devit.png,,rare-evo,,1,,,Rare Evo 2026,,,,partner,,,,,,active,143,,,,,,,,,,,,
DGroup Capital,Community Partner,,https://cdn.prod.website-files.com/6756df8f05088bc3e51c64ea/690da71612ab0e92130981b9_4WyAFPRW9_uEdKh6mUPvndfQIeqWwgJ5tf_07-Nvk9w.png,,token2049-singapore,2026,1,https://www.token2049.com/singapore/partners,,TOKEN2049 Singapore,,,,,,,,,,,,,,,,,,,,,,Carried over from 2025 lineup (per page label),
Diamond Lake Minerals,Silver & Bronze,https://diamondlakeminerals.com/,https://cdn.prod.website-files.com/61e8788db85eabd9f0305f67/68f5c48d5bbc1be1b66c79db_diamondlake.png,,blockchain-futurist-florida,,1,,,,,,,,,,,,,,,,,,,,,,,,,,
DigiShares,Copper,http://digishares.io/,https://cdn.prod.website-files.com/61e8788db85eabd9f0305f67/68e3fff40d38b7e014ab920a_digishares.png,,blockchain-futurist-florida,,1,,,,,,,,,,,,,,,,,,,,,,,,,,
Digital Shovel,Byte,http://digitalshovel.com/,,,mining-disrupt,,1,,,,,,,,,,,,,,,,,,,,,,,,,,
Digital Spenders Club,Platinum & Gold,https://www.spenders.club/,https://cdn.prod.website-files.com/61e8788db85eabd9f0305f67/68dbe231c5239313861827be_DSL.png,,blockchain-futurist-florida,,1,,,,,,,,,,,,,,,,,,,,,,,,,,
Dignity Health,Exhibitor,https://strosenh.org/,https://api.rareevo.io/storage/domains/rareevo.io/organizations/logos/DignityHealth-logo.png,,rare-evo,,1,,,Rare Evo 2026,,,,exhibitor,,,,,,active,177,,,,,,,,,,,,
DiscoCat,Copper,https://discocat.com/,https://cdn.prod.website-files.com/61e8788db85eabd9f0305f67/68e3f782e468f6fc67e35e4d_discocat.png,,blockchain-futurist-florida,,1,,,,,,,,,,,,,,,,,,,,,,,,,,
Disrupted,Partner:Info Partners,https://www.dsrptd.net/blog,https://blockchain-life.com/wp-content/uploads/2025/06/24_20231014_143522_0023.png,,blockchain-life-forum,2026,1,,,,,,,,,,,,,,,,,,,,,,,,,,
DLT LAW,Silver Sponsor,,https://cdn.prod.website-files.com/6756df8f05088bc3e51c64ea/6a3a9432dbf521d9a649148a_DLT-Law.png,,token2049-singapore,2026,1,https://www.token2049.com/singapore/partners,,TOKEN2049 Singapore,,,,,,,,,,,,,,,,,,,,,,Confirmed 2026 sponsor,
DMG Blockchain,Byte,https://www.dmgblockchain.com/,,,mining-disrupt,,1,,,,,,,,,,,,,,,,,,,,,,,,,,
DNS Pay,Sponsor/Exhibitor,,https://tickets.sigma.world/img/companies/tmp/company-101231-1702376035.jpg,"FinXP is led by a team with a long experience serving and working in the iGaming industry. The company is growing fast and offers iGaming operators and suppliers multiple payment solutions including Business IBAN accounts, a Payment Gateway with 350 payment methods, SEPA Direct Debit services, clearing services, and bespoke payment solutions. FinXP, founded in 2014, is a Malta-based electronic money institution, licensed by the MFSA. Its license has been passported within the EU and EEA, and it is registered with the European Payments Council. For more information, please visit https://finxp.com or contact us on [email protected] .",sigma-world-rome,,1,,,"SiGMA World 2026 (Rome, Fiera Roma, Nov 2-5 2026)",,,,,,,,,,,,,,,,,,,,,,,
dogeos,Title,https://dogeos.io,https://framerusercontent.com/images/SR9dUeVO8xryoDve4mwOldZEGf4.png?scale-down-to=512&width=1057&height=480,,korea-blockchain-week,2025,1,,,,,,,,,,,,,,,,,,,,,,,,,,
Doginal Dogs,Silver & Bronze,https://www.doginaldogs.com/,https://cdn.prod.website-files.com/61e8788db85eabd9f0305f67/68b0be5417937c5c123aea26_doginal%20dogs.png,,blockchain-futurist-florida,,1,,,,,,,,,,,,,,,,,,,,,,,,,,
Doginal Dogs,Silver,https://www.barkmedia.xyz/,,,blockchain-futurist-toronto,,1,,,Blockchain Futurist Conference Toronto 2026,,,,,,,,,,,,,,,,,,,,,,,
donga,Attending Media,https://www.donga.com/,https://framerusercontent.com/images/qAXPYM1fyjKiM8v6cybZeC2V80.png?scale-down-to=512&width=634&height=288,,korea-blockchain-week,2025,1,,,,,,,,,,,,,,,,,,,,,,,,,,
Draper Dragon,Exhibitor,https://orion.draperdragon.com/,https://api.rareevo.io/storage/domains/rareevo.io/organizations/logos/orion_stacked.png,,rare-evo,,1,,,Rare Evo 2026,,,,exhibitor,,,,,,active,195,,,,,,,,,,,,
Drawbridge,Copper,https://trydrawbridge.com/,,,blockchain-futurist-toronto,,1,,,Blockchain Futurist Conference Toronto 2026,,,,,,,,,,,,,,,,,,,,,,,
DreamMiner,Giga,https://www.dreamminer.net/,,,mining-disrupt,,1,,,,,,,,,,,,,,,,,,,,,,,,,,
Dry Coolers,Kilo,https://drycoolers.com/,,,mining-disrupt,,1,,,,,,,,,,,,,,,,,,,,,,,,,,
Dubai Global News,Partner:Info Partners,http://dubaiglobalnews.com,https://blockchain-life.com/wp-content/uploads/2025/06/dgn-1-scaled.png,,blockchain-life-forum,2026,1,,,,,,,,,,,,,,,,,,,,,,,,,,
Duitku,Sponsor,https://www.duitku.com/,https://wojgrioccmbywgtruwfl.supabase.co/storage/v1/object/public/Media%20Folders/Coinfest%20Asia%202026/CMS/Partners/Sponsors/duitku_1778931395256.png,,coinfest-asia,2026,1,,,,,,,,,,,,,,,,,,,,,,,,,,
Duke University,University/College,https://www.duke.edu/,https://api.rareevo.io/storage/domains/rareevo.io/organizations/colleges/Duke_University_logo.svg.png,,rare-evo,,1,,,Rare Evo 2026,,,,colleges,,,,,,active,131,,,,,,,,,,,,
DWF Labs,Platinum Sponsor,,https://cdn.prod.website-files.com/6756df8f05088bc3e51c64ea/6a3a858e4ef93b29c09fcc66_DWF-Labs.png,,token2049-singapore,2026,1,https://www.token2049.com/singapore/partners,,TOKEN2049 Singapore,,,,,,,,,,,,,,,,,,,,,,Confirmed 2026 sponsor,
Easy2Mine,Kilo,https://easy2mine.io/,,,mining-disrupt,,1,,,,,,,,,,,,,,,,,,,,,,,,,,
EasyA,,,,,ripple-swell-apex,2025,1,,,,,,,,,,,,,,,,,,,,,,,,,,
EBEA,Innovators,https://ebea.work/,https://btchel.com/wp-content/uploads/2026/06/EBEA-white-1024x341.jpg,,btchel,,1,,,,,,,,,,,,,,,,,,,,,,,,,,
economist,Attending Media,https://economist.co.kr/,https://framerusercontent.com/images/j43gWKKMIbmwA3menmW8fmFCQ0.png?scale-down-to=512&width=634&height=288,,korea-blockchain-week,2025,1,,,,,,,,,,,,,,,,,,,,,,,,,,
edaily,Attending Media,https://www.edaily.co.kr/,https://framerusercontent.com/images/KbfMUwLNILAaC3yl2MwGpj0AKU.png?scale-down-to=512&width=634&height=288,,korea-blockchain-week,2025,1,,,,,,,,,,,,,,,,,,,,,,,,,,
Edarabia,Partner:Media Partners,https://www.edarabia.com/,https://blockchain-life.com/wp-content/uploads/2025/06/Snimok-ekrana-2025-08-15-v-14.10.38-1.png,,blockchain-life-forum,2026,1,,,,,,,,,,,,,,,,,,,,,,,,,,
Edge and Node,Exhibitor,https://www.edgeandnode.com/,https://api.rareevo.io/storage/domains/rareevo.io/organizations/logos/E&N-Wordmark-Blue@2x.png,,rare-evo,,1,,,Rare Evo 2026,,,,exhibitor,,,,,,active,162,,,,,,,,,,,,
eigenlayer,Gold,https://www.eigenlayer.xyz/,https://framerusercontent.com/images/SOY1vYB3DwcnPGGI7XcS49TQI.png?scale-down-to=512&width=775&height=352,,korea-blockchain-week,2025,1,,,,,,,,,,,,,,,,,,,,,,,,,,
Elektron Energy,Tera,https://elektronenergy.io/,,,mining-disrupt,,1,,,,,,,,,,,,,,,,,,,,,,,,,,
Elektron Energy,Mega,https://www.elektron-energy.com/,,,mining-disrupt,,1,,,,,,,,,,,,,,,,,,,,,,,,,,
Ellipal,Silver Sponsor,,https://cdn.prod.website-files.com/6756df8f05088bc3e51c64ea/6a3a942c91c44fea24bc5251_Ellipal.png,,token2049-singapore,2026,1,https://www.token2049.com/singapore/partners,,TOKEN2049 Singapore,,,,,,,,,,,,,,,,,,,,,,Confirmed 2026 sponsor,
Eloborud,Partner:Info Partners,https://eloborud.ru/,https://blockchain-life.com/wp-content/uploads/2025/09/eloborud-logo.png,,blockchain-life-forum,2026,1,,,,,,,,,,,,,,,,,,,,,,,,,,
Elysia,,,,,ripple-swell-apex,2025,1,,,,,,,,,,,,,,,,,,,,,,,,,,
Elyx,Lifestyle Partner,,https://cdn.prod.website-files.com/6756df8f05088bc3e51c64ea/690da9e44c9d5a698ec48914_KfL1Ks0Dh-6S2S2JBqWTqtGMIrm9o_V8LhImqCf8zuw.png,,token2049-singapore,2026,1,https://www.token2049.com/singapore/partners,,TOKEN2049 Singapore,,,,,,,,,,,,,,,,,,,,,,Carried over from 2025 lineup (per page label),
Emurgo,Exhibitor,https://www.emurgo.io/,https://api.rareevo.io/storage/domains/rareevo.io/organizations/logos/EMURGO (Dark).png,,rare-evo,,1,,,Rare Evo 2026,,,,exhibitor,,,,,,inactive,126,,,,,,,,,,,,
Enel,Byte,https://www.enel.com/,,,mining-disrupt,,1,,,,,,,,,,,,,,,,,,,,,,,,,,
Enreach.AI,Copper,https://www.enreach.ai/,,,blockchain-futurist-toronto,,1,,,Blockchain Futurist Conference Toronto 2026,,,,,,,,,,,,,,,,,,,,,,,
enso,Gold,https://www.enso.finance/,https://framerusercontent.com/images/rnnlWaoos6BVpvMJ4FvYAJc64.png?scale-down-to=512&width=775&height=352,,korea-blockchain-week,2025,1,,,,,,,,,,,,,,,,,,,,,,,,,,
Eon Digital,Byte,https://eon-digital.co/,,,mining-disrupt,,1,,,,,,,,,,,,,,,,,,,,,,,,,,
Epic Blockchain,Byte,https://epicblockchain.io/,,,mining-disrupt,,1,,,,,,,,,,,,,,,,,,,,,,,,,,
Epidemic Sound,Entertainment & media,,,,web-summit-lisbon,2025,1,,,,,,,,,,,,,,,,,,,,,,,,,,https://websummit.com/appearances/lis25/461c8a6a-e035-4842-84fe-c8fc5e632d03/epidemic-sound
Epoch Pool,Exhibitor,https://epochstakepool.com/,https://api.rareevo.io/storage/domains/rareevo.io/organizations/logos/Fe0fHLGtIeiWODq3BF43I9RUGCRVvxQwpIRECmWx.png,,rare-evo,,1,,,Rare Evo 2026,,,,exhibitor,,,,,,inactive,97,,,,,,,,,,,,
ERA Wallet,1 Block,https://era-wallet.com/,https://cdn.prod.website-files.com/687f979126432c8ce843e6d7/6926149bee2acb0b0bcc60d4_c6d369e3-6fbe-4769-b7c3-24caf87834b4-ticket-hs_file_upload-era_black.webp,"ERA Wallet is a Dubai-based startup that develops, manufactures, and sells a next-generation hardware crypto wallet. ERA is a fully air-gapped device designed for maximum security and ease of use. It gives users full control through transparent verification and offline signing. The device combines a durable IP67-rated body, advanced key-protection mechanisms, and a paperless NFC backup system, making self-custody intuitive and reliable.",bitcoin-mena,2025,1,https://mena.b.tc/sponsor,https://x.com/era_wallet; https://linkedin.com/company/erahrdwlt; https://www.facebook.com/p/ERA-Wallet-61575603702201/; https://t.me/erawlt,Bitcoin MENA,,,,,,,,,,,,,,,,,,,,,,,
espressosys,Bronze,https://www.espressosys.com/,https://framerusercontent.com/images/srKMM08hqBI9Iwx3dqopj10tI.png?scale-down-to=512&width=634&height=288,,korea-blockchain-week,2025,1,,,,,,,,,,,,,,,,,,,,,,,,,,
estatex,Bronze,https://www.estatex.eu/,https://framerusercontent.com/images/2j0VViuyA25jWeT94rtyCd9CBo.png?scale-down-to=512&width=634&height=288,,korea-blockchain-week,2025,1,,,,,,,,,,,,,,,,,,,,,,,,,,
Ethereum Foundation,Exhibitor,https://ethereum.foundation/,https://api.rareevo.io/storage/domains/rareevo.io/organizations/logos/eth_enterprise.png,,rare-evo,,1,,,Rare Evo 2026,,,,exhibitor,,,,,yes,inactive,152,,,,,,,,,,,,
EtherPR,Partner,https://etherpr.com/,https://api.rareevo.io/storage/domains/rareevo.io/organizations/media/EPR Black Profile@4x.png,,rare-evo,,1,,,Rare Evo 2026,,,,partner,,,,,,active,137,,,,,,,,,,,,
etherscan,Supporting Partner,https://etherscan.io/,https://framerusercontent.com/images/EYKH3UGJ4lPZEvP86DS3MS3A0I.png?scale-down-to=512&width=634&height=288,,korea-blockchain-week,2025,1,,,,,,,,,,,,,,,,,,,,,,,,,,
etnews,Attending Media,https://www.etnews.com/,https://framerusercontent.com/images/kgnBWuJ7zgUBbHdHEZTB6ev5A.png?scale-down-to=512&width=634&height=288,,korea-blockchain-week,2025,1,,,,,,,,,,,,,,,,,,,,,,,,,,
Etoday,Partner:Info Partners,https://etoday.kz,https://blockchain-life.com/wp-content/uploads/2025/09/ETODAY.jpeg,,blockchain-life-forum,2026,1,,,,,,,,,,,,,,,,,,,,,,,,,,
EToro,2 Block,https://www.etoro.com/en-us/,https://cdn.prod.website-files.com/687f979126432c8ce843e6d7/68e7e290606ad184dcd27180_etoro-logo.webp,"For more than a decade, eToro has been a leader in the global Fintech revolution. It is the world’s leading social trading network, with millions of registered users and an array of innovative trading and investment tools.",bitcoin-mena,2025,1,https://mena.b.tc/sponsor,https://twitter.com/eToro?ref_src=twsrc%5Egoogle%7Ctwcamp%5Eserp%7Ctwgr%5Eauthor; https://www.linkedin.com/company/etoro/; https://www.facebook.com/eToro,Bitcoin MENA,,,,,,,,,,,,,,,,,,,,,,,
European Commission DG Competition,"Politics, government & international trade",,,,web-summit-lisbon,2025,1,,,,,,,,,,,,,,,,,,,,,,,,,,https://websummit.com/appearances/lis25/c60aec27-def9-4396-b34d-465060db2994/european-commission-dg-competition
Everminer,Byte,https://everminer.io/,,,mining-disrupt,,1,,,,,,,,,,,,,,,,,,,,,,,,,,
Everstake,Exhibitor,https://everstake.one/,https://api.rareevo.io/storage/domains/rareevo.io/organizations/logos/everstake-seeklogo.png,,rare-evo,,1,,,Rare Evo 2026,,,,exhibitor,,,,,,active,180,,,,,,,,,,,,
Evertas,Mega,https://evertas.com/,,,mining-disrupt,,1,,,,,,,,,,,,,,,,,,,,,,,,,,
EverValue Coin,Silver Sponsor,,https://cdn.prod.website-files.com/6756df8f05088bc3e51c64ea/6a3a942c91c44fea24bc5246_Evervalue.png,,token2049-singapore,2026,1,https://www.token2049.com/singapore/partners,,TOKEN2049 Singapore,,,,,,,,,,,,,,,,,,,,,,Confirmed 2026 sponsor,
EVERY.MEME,Silver & Bronze,https://every.meme/,https://cdn.prod.website-files.com/61e8788db85eabd9f0305f67/6900d6d68621b50868b79466_every%20meme.png,,blockchain-futurist-florida,,1,,,,,,,,,,,,,,,,,,,,,,,,,,
Exfins,Partner:Info Partners,https://exfins.ru/,https://blockchain-life.com/wp-content/uploads/2025/06/EKSPERT-FINANS-svetlyj-fon.png,,blockchain-life-forum,2026,1,,,,,,,,,,,,,,,,,,,,,,,,,,
exilist,Supporting Partner,https://exilist.io/,https://framerusercontent.com/images/odjReEZ1mTXrG9VDskRfyv6aJE.png?scale-down-to=512&width=634&height=288,,korea-blockchain-week,2025,1,,,,,,,,,,,,,,,,,,,,,,,,,,
EY,Community Partner,https://www.ey.com/en_us,https://api.rareevo.io/storage/domains/rareevo.io/organizations/logos/EY_logo_2019.svg.png,,rare-evo,,1,,,Rare Evo 2026,,,,community_partner,,,,,,active,200,,,,,,,,,,,,
FameEX,Silver Sponsor,,https://cdn.prod.website-files.com/6756df8f05088bc3e51c64ea/6a3a942de3d292527bdbd00d_FameEx.png,,token2049-singapore,2026,1,https://www.token2049.com/singapore/partners,,TOKEN2049 Singapore,,,,,,,,,,,,,,,,,,,,,,Confirmed 2026 sponsor,
Family Offices Investors Summit,Community Partner,,https://cdn.prod.website-files.com/6756df8f05088bc3e51c64ea/690da73bbb6805f44c28d795_QMdff8zIm5rj6ccDSTnCY7spBZMn8O_x5aIN_V9ahcI.png,,token2049-singapore,2026,1,https://www.token2049.com/singapore/partners,,TOKEN2049 Singapore,,,,,,,,,,,,,,,,,,,,,,Carried over from 2025 lineup (per page label),
FarmGod,Kilo,https://farmgod.io/,,,mining-disrupt,,1,,,,,,,,,,,,,,,,,,,,,,,,,,
FastTrack,Sponsor/Exhibitor,,https://tickets.sigma.world/img/companies/tmp/company-100805-1761747686.png,"FinXP is led by a team with a long experience serving and working in the iGaming industry. The company is growing fast and offers iGaming operators and suppliers multiple payment solutions including Business IBAN accounts, a Payment Gateway with 350 payment methods, SEPA Direct Debit services, clearing services, and bespoke payment solutions. FinXP, founded in 2014, is a Malta-based electronic money institution, licensed by the MFSA. Its license has been passported within the EU and EEA, and it is registered with the European Payments Council. For more information, please visit https://finxp.com or contact us on [email protected] .",sigma-world-rome,,1,,,"SiGMA World 2026 (Rome, Fiera Roma, Nov 2-5 2026)",,,,,,,,,,,,,,,,,,,,,,,
FB-Killa,Partner:Info Partners,https://fb-killa.pro/,https://blockchain-life.com/wp-content/uploads/2025/06/Vertical-black.png,,blockchain-life-forum,2026,1,,,,,,,,,,,,,,,,,,,,,,,,,,
FBOX Data,Kilo,https://www.fboxdata.com/,,,mining-disrupt,,1,,,,,,,,,,,,,,,,,,,,,,,,,,
Feel Mining,Sponsor:Innovative Sponsors,https://feel-mining.com,https://blockchain-life.com/wp-content/uploads/2025/09/feel_mining_dark-01.svg,Global Bitcoin mining and hosting provider operating in 6 countries since 2017,blockchain-life-forum,2026,1,,,,,,,,,,,,,,,,,,,,,,,,,,
Felix Gaming,Licensed Exhibitor,,https://tickets.sigma.world/img/companies/tmp/company-102272-1745835289.png,"Gurupay is an electronic money institution, designed to provide SEPA payments for corporate clients and individuals. Main focus is to maintain top-quality services as well as customer support standards. Gurupay holds all clientâ€™s assets in the dedicated account of the Bank of Lithuania. There is no safer way to keep funds, considering that our Electronic Money Institution is among the topmost secure online payment companies in Europe. Trusted globally Global companies use GuruPay to make direct SEPA payments. Get your individual IBAN account by completing a few easy steps. Tailored solutions Our aim is to provide payments solutions based on…",sigma-world-rome,,1,,,"SiGMA World 2026 (Rome, Fiera Roma, Nov 2-5 2026)",,,,,,,,,,,,,,,,,,,,,,,
FemT3ch,Silver,https://x.com/FemT3ch,,,blockchain-futurist-toronto,,1,,,Blockchain Futurist Conference Toronto 2026,,,,,,,,,,,,,,,,,,,,,,,
FemTech / The Wright Success,Platinum & Gold,http://thewrightsuccess.com/,https://cdn.prod.website-files.com/61e8788db85eabd9f0305f67/68eee7bf1af6310189c41047_femtech.png,,blockchain-futurist-florida,,1,,,,,,,,,,,,,,,,,,,,,,,,,,
Ferveret,Kilo,https://www.ferveret.com/,,,mining-disrupt,,1,,,,,,,,,,,,,,,,,,,,,,,,,,
Financial Times,Media Partner,,https://cdn.prod.website-files.com/6756df8f05088bc3e51c64ea/6914047b7c2303764e60c1cf_kOLGSrUGXksH3uW-6zdHth44IgddW2Jnknw-6uPXEw4.png,,token2049-singapore,2026,1,https://www.token2049.com/singapore/partners,,TOKEN2049 Singapore,,,,,,,,,,,,,,,,,,,,,,Carried over from 2025 lineup (per page label),
FinXP,Sponsor/Exhibitor,,https://tickets.sigma.world/img/companies/tmp/company-101363-1702376091.png,"FinXP is led by a team with a long experience serving and working in the iGaming industry. The company is growing fast and offers iGaming operators and suppliers multiple payment solutions including Business IBAN accounts, a Payment Gateway with 350 payment methods, SEPA Direct Debit services, clearing services, and bespoke payment solutions. FinXP, founded in 2014, is a Malta-based electronic money institution, licensed by the MFSA. Its license has been passported within the EU and EEA, and it is registered with the European Payments Council. For more information, please visit https://finxp.com or contact us on [email protected] .",sigma-world-rome,,1,,,"SiGMA World 2026 (Rome, Fiera Roma, Nov 2-5 2026)",,,,,,,,,,,,,,,,,,,,,,,
Flexa,Exhibitor,https://flexa.co/,https://api.rareevo.io/storage/domains/rareevo.io/organizations/logos/flexa_new.png,,rare-evo,,1,,,Rare Evo 2026,,,,exhibitor,,,,,,inactive,125,,,,,,,,,,,,
Flowdesk,,,,,ripple-swell-apex,2025,1,,,,,,,,,,,,,,,,,,,,,,,,,,
Fluxor,Community Partner,,https://cdn.prod.website-files.com/6756df8f05088bc3e51c64ea/690da75a6e7623b6eea00bed_ngH_Z1lLjYKSz5U067z5AAWCXPssGROSc8E9jyNRJOU.png,,token2049-singapore,2026,1,https://www.token2049.com/singapore/partners,,TOKEN2049 Singapore,,,,,,,,,,,,,,,,,,,,,,Carried over from 2025 lineup (per page label),
Fluxx,Byte,https://www.fluxx.io/,,,mining-disrupt,,1,,,,,,,,,,,,,,,,,,,,,,,,,,
fnnews,Attending Media,https://www.fnnews.com/,https://framerusercontent.com/images/PKaaJBHxhLVhIvNuCJq9o1dORBw.png?scale-down-to=512&width=634&height=288,,korea-blockchain-week,2025,1,,,,,,,,,,,,,,,,,,,,,,,,,,
Fog Hashing,Kilo,https://foghashing.io/,,,mining-disrupt,,1,,,,,,,,,,,,,,,,,,,,,,,,,,
Fold,Silver,https://foldapp.com,https://static.wixstatic.com/media/5b61ba_a9a03547a61540d7bf09b14c5b2c6724.png,,bitcoin-policy-summit,2025,1,https://www.btcpolicysummit.org/sponsors,,Bitcoin Policy Summit 2025,,,,,,,,,,,,,,,,,,,,,,,
followin,Supporting Partner,https://followin.io/,https://framerusercontent.com/images/7KJnbsh0ILGoMLRpyfbLhoZI4yg.png?scale-down-to=512&width=634&height=288,,korea-blockchain-week,2025,1,,,,,,,,,,,,,,,,,,,,,,,,,,
Forbes,Media Partner,,https://cdn.prod.website-files.com/6756df8f05088bc3e51c64ea/691404808f47b05a5aa254cb_TUPhaPBDI5M2NotajB-WOnm2EieA0VkZDBWP1CRnyX4.png,,token2049-singapore,2026,1,https://www.token2049.com/singapore/partners,,TOKEN2049 Singapore,,,,,,,,,,,,,,,,,,,,,,Carried over from 2025 lineup (per page label),
Foreman,Kilo,https://foreman.mn/,,,mining-disrupt,,1,,,,,,,,,,,,,,,,,,,,,,,,,,
foresightnews,Attending Media,https://www.foresightnews.com/,https://framerusercontent.com/images/UKjVGJsotq6kowvdNC8jq8fGdU.png?scale-down-to=512&width=634&height=288,,korea-blockchain-week,2025,1,,,,,,,,,,,,,,,,,,,,,,,,,,
ForumPay,Silver Sponsor,,https://cdn.prod.website-files.com/6756df8f05088bc3e51c64ea/6a3a9432dbf521d9a6491484_ForumPay.png,,token2049-singapore,2026,1,https://www.token2049.com/singapore/partners,,TOKEN2049 Singapore,,,,,,,,,,,,,,,,,,,,,,Confirmed 2026 sponsor,
Foundever,Telecommunications & IT,,,,web-summit-lisbon,2025,1,,,,,,,,,,,,,,,,,,,,,,,,,,https://websummit.com/appearances/lis25/f8178d4d-36f8-4dcf-8749-a815d637174a/foundever
Foundry Digital,Giga,http://foundrydigital.com/,,,mining-disrupt,,1,,,,,,,,,,,,,,,,,,,,,,,,,,
Fp Block,Exhibitor,https://www.fpblock.com/,https://api.rareevo.io/storage/domains/rareevo.io/organizations/logos/Primary_Logo.001.png,,rare-evo,,1,,,Rare Evo 2026,,,,exhibitor,,,,,,active,44,,,,,,,,,,,,
fractionai,Silver,https://fractionai.xyz/,https://framerusercontent.com/images/bIxQEj439Cb7xhijCmHvy1nQAIQ.png?scale-down-to=512&width=775&height=352,,korea-blockchain-week,2025,1,,,,,,,,,,,,,,,,,,,,,,,,,,
Frax,Exhibitor,https://frax.com/,https://api.rareevo.io/storage/domains/rareevo.io/organizations/logos/0_j7rZrlom9mN8k9nG.png,,rare-evo,,1,,,Rare Evo 2026,,,,exhibitor,,,,,,active,25,,,,,,,,,,,,
Freespinz,Licensed Exhibitor,,https://tickets.sigma.world/img/companies/tmp/company-102306-1748429430.png,,sigma-world-rome,,1,,,"SiGMA World 2026 (Rome, Fiera Roma, Nov 2-5 2026)",,,,,,,,,,,,,,,,,,,,,,,
Fu Jen Catholic University Finance Lab,Education Partner,,https://cdn.prod.website-files.com/6756df8f05088bc3e51c64ea/690da56dbb6805f44c288449_SQ6L6gSJBGKHJWome3GqqSY7NsQbZ2_-HDvuDYY8Fnw.jpeg,,token2049-singapore,2026,1,https://www.token2049.com/singapore/partners,,TOKEN2049 Singapore,,,,,,,,,,,,,,,,,,,,,,Carried over from 2025 lineup (per page label),
FWX Community,Community Partner,,https://cdn.prod.website-files.com/6756df8f05088bc3e51c64ea/68b450563be39756a8b46121_g1qM8tJZC2RAWTYtN2qtIN6QweyMcfzPdioMmPY24r8.png,,token2049-singapore,2026,1,https://www.token2049.com/singapore/partners,,TOKEN2049 Singapore,,,,,,,,,,,,,,,,,,,,,,Carried over from 2025 lineup (per page label),
G.Club,Licensed Exhibitor,,https://tickets.sigma.world/img/companies/tmp/company-101277-1702376051.png,,sigma-world-rome,,1,,,"SiGMA World 2026 (Rome, Fiera Roma, Nov 2-5 2026)",,,,,,,,,,,,,,,,,,,,,,,
gaiaprotocol,Title,https://gaiaprotocol.com,https://framerusercontent.com/images/42zrZHQMUvLxEDNsy3yTrAWWMA.png?scale-down-to=512&width=1057&height=480,,korea-blockchain-week,2025,1,,,,,,,,,,,,,,,,,,,,,,,,,,
gaib,Bronze,https://www.gaib.ai/,https://framerusercontent.com/images/cixXgYk9EAw7noRY3l6v2HtwRis.png?scale-down-to=512&width=634&height=288,,korea-blockchain-week,2025,1,,,,,,,,,,,,,,,,,,,,,,,,,,
Galaxy,Gold,https://www.galaxy.com,https://static.wixstatic.com/media/e8e7bd_303f419fcac5405f85d1cd839bc57ca2.png,,bitcoin-policy-summit,2025,1,https://www.btcpolicysummit.org/sponsors,,Bitcoin Policy Summit 2025,,,,,,,,,,,,,,,,,,,,,,,
galxe,Supporting Partner,https://galxe.com/,https://framerusercontent.com/images/sAvs6CDIOXYDkm0ZPnDhATugdCo.png?scale-down-to=512&width=634&height=288,,korea-blockchain-week,2025,1,,,,,,,,,,,,,,,,,,,,,,,,,,
GameMine Alliance（GMA）,Community Partner,,https://cdn.prod.website-files.com/6756df8f05088bc3e51c64ea/690da76945a1c99c3f8a3917__K4vPW6NRZoZm8TyNh2PzZ7Tmcirl_xYecyOuCFQbEU.png,,token2049-singapore,2026,1,https://www.token2049.com/singapore/partners,,TOKEN2049 Singapore,,,,,,,,,,,,,,,,,,,,,,Carried over from 2025 lineup (per page label),
Gather,Silver Sponsor,,https://cdn.prod.website-files.com/6756df8f05088bc3e51c64ea/6a3a9453c17822ec8e8b91f0_Gather.png,,token2049-singapore,2026,1,https://www.token2049.com/singapore/partners,,TOKEN2049 Singapore,,,,,,,,,,,,,,,,,,,,,,Confirmed 2026 sponsor,
GdeJob,Partner:Info Partners,https://gdejob.com/,https://blockchain-life.com/wp-content/uploads/2025/09/logo-gdejob-200x100-1.png,,blockchain-life-forum,2026,1,,,,,,,,,,,,,,,,,,,,,,,,,,
GekkoScience,Kilo,https://www.gekkoscience.com/,,,mining-disrupt,,1,,,,,,,,,,,,,,,,,,,,,,,,,,
Gembla,Partner:Info Partners,https://gembla.net,https://blockchain-life.com/wp-content/uploads/2025/09/photo_2025-10-27-10.20.29.jpeg,,blockchain-life-forum,2026,1,,,,,,,,,,,,,,,,,,,,,,,,,,
Gemini,Moon,https://www.gemini.com/,https://cdn.prod.website-files.com/68b852e37770c3bed85139ee/69e6e4ebf81a6a39e047a6c9_gemini-fulllogo-rgb-flare.webp,"Platform founded in 2014 allowing customers to buy, sell, store, and earn cryptocurrencies like Bitcoin and ether.",bitcoin-amsterdam,,1,,,,,,,,,,,,,,,,,,,,,,,,,,
Gen3,Silver & Bronze,http://gen3mag.com/,https://cdn.prod.website-files.com/61e8788db85eabd9f0305f67/6900d6d6eda7412b1b59ee58_gen3.png,,blockchain-futurist-florida,,1,,,,,,,,,,,,,,,,,,,,,,,,,,
gen3mag (X),Partner:Info Partners,https://x.com/gen3mag,https://blockchain-life.com/wp-content/uploads/2025/06/photo_2025-07-01_11-57-05.jpg,,blockchain-life-forum,2026,1,,,,,,,,,,,,,,,,,,,,,,,,,,
Genun Games,Exhibitor,https://www.genun.gg/,https://eventstack.app/storage/domains/dev.rareevo.io/organizations/logos/z0S6f8s9BaPlXVacHoUFBMU04emkhhWAf0Rb6Du7.png,,rare-evo,,1,,,Rare Evo 2026,,,,exhibitor,,,,,,inactive,84,,,,,,,,,,,,
Genzio,Platinum & Gold,https://www.genzio.co/,https://cdn.prod.website-files.com/61e8788db85eabd9f0305f67/67d742807a06f7f4f69e8d59_genzio.png,,blockchain-futurist-florida,,1,,,,,,,,,,,,,,,,,,,,,,,,,,
Genzio,Partner,,https://api.rareevo.io/storage/domains/dev.rareevo.io/organizations/logos/apWx1mC6WpVTSQd0QjxgvRyFIt54dMJdryqwarrE.png,,rare-evo,,1,,,Rare Evo 2026,,,,partner,,,,,,active,108,,,,,,,,,,,,
German Park,"Politics, government & international trade",,,,web-summit-lisbon,2025,1,,,,,,,,,,,,,,,,,,,,,,,,,,https://websummit.com/appearances/lis25/9c8d101b-309b-4b0f-a37c-c02a3614aaaa/german-park
GFI Research,Community Partner,,https://cdn.prod.website-files.com/6756df8f05088bc3e51c64ea/690da76bb4badc43167a3199_2xYbwrQ_X0X5NjhNkBpXopWVsOCrTuhDQkxCjV6x2Y0.png,,token2049-singapore,2026,1,https://www.token2049.com/singapore/partners,,TOKEN2049 Singapore,,,,,,,,,,,,,,,,,,,,,,Carried over from 2025 lineup (per page label),
GFTN,Community Partner,,https://cdn.prod.website-files.com/6756df8f05088bc3e51c64ea/690da76c6b5af2491da620e1_5Ex4LedYxBR3d3yYbEyrHWficAbU2oUP_yzPzrWW6Hs.png,,token2049-singapore,2026,1,https://www.token2049.com/singapore/partners,,TOKEN2049 Singapore,,,,,,,,,,,,,,,,,,,,,,Carried over from 2025 lineup (per page label),
GibdotMeme,Exhibitor,https://gib.meme/,https://api.rareevo.io/storage/domains/rareevo.io/organizations/logos/gibmeme_color_horizontal@2x.png,,rare-evo,,1,,,Rare Evo 2026,,,,exhibitor,,,,,,inactive,182,,,,,,,,,,,,
Girin Labs,,,,,ripple-swell-apex,2025,1,,,,,,,,,,,,,,,,,,,,,,,,,,
Global Coin Research,Community Partner,,https://cdn.prod.website-files.com/6756df8f05088bc3e51c64ea/68b456fa8da76888e5b63691_GG6FvzKMXmZ2lU7Cwpt3qJ3fcjBhDJZscrGhgjFbY8Y.png,,token2049-singapore,2026,1,https://www.token2049.com/singapore/partners,,TOKEN2049 Singapore,,,,,,,,,,,,,,,,,,,,,,Carried over from 2025 lineup (per page label),
global fintech institute,Community Partner,,https://cdn.prod.website-files.com/6756df8f05088bc3e51c64ea/68b450322c5ae5e54bee4859_vUdF62DBDLdOMMh--RUBDID5B9xO4Osra-muQLMf9kE.png,,token2049-singapore,2026,1,https://www.token2049.com/singapore/partners,,TOKEN2049 Singapore,,,,,,,,,,,,,,,,,,,,,,Carried over from 2025 lineup (per page label),
Globant,AI & machine learning,,,,web-summit-lisbon,2025,1,,,,,,,,,,,,,,,,,,,,,,,,,,https://websummit.com/appearances/lis25/f1067fa6-9d48-4d39-ac65-2fc37bbd9458/globant
Go Arlo,Copper,http://goarlo.ai/,https://cdn.prod.website-files.com/61e8788db85eabd9f0305f67/68d448559c3825d6034c3dcd_arlo.png,,blockchain-futurist-florida,,1,,,,,,,,,,,,,,,,,,,,,,,,,,
GOAT Gallery,Gold,https://www.goat.gallery/,,,blockchain-futurist-toronto,,1,,,Blockchain Futurist Conference Toronto 2026,,,,,,,,,,,,,,,,,,,,,,,
GoDaddy,Exhibitor,https://www.godaddy.com/,https://api.rareevo.io/storage/domains/rareevo.io/organizations/logos/godaddy.png,,rare-evo,,1,,,Rare Evo 2026,,,,exhibitor,,,,,,active,186,,,,,,,,,,,,
Gokhshtein Media,Partner,,https://api.rareevo.io/storage/domains/dev.rareevo.io/organizations/logos/kK3sGpBdSBbZoofTWYzncd2UP8XVtiLEnxEg1Lp7.png,,rare-evo,,1,,,Rare Evo 2026,,,,partner,,,,,,active,107,,,,,,,,,,,,
gokite,Bronze,https://gokite.ai/,https://framerusercontent.com/images/Gq2cZgsKcjtzxGJ6U00HVVDA.png?scale-down-to=512&width=634&height=288,,korea-blockchain-week,2025,1,,,,,,,,,,,,,,,,,,,,,,,,,,
GoldenGateX,Sponsor:Gold sponsors,https://goldengatex.net/ru/,https://blockchain-life.com/wp-content/uploads/2025/09/GoldenGate_white-01.svg,"Cryptocurrency exchanger: cash, non-cash payments, payment of invoices",blockchain-life-forum,2026,1,,,,,,,,,,,,,,,,,,,,,,,,,,
Goldshell,Kilo,https://www.goldshell.com/,,,mining-disrupt,,1,,,,,,,,,,,,,,,,,,,,,,,,,,
GoldZip,Community Partner,,https://cdn.prod.website-files.com/6756df8f05088bc3e51c64ea/68b4504cd39bd61c08e31d7b_-jg7M8kRLrA9tCFScp6Zy2um64erHL_Stl29CtCTPDQ.svg,,token2049-singapore,2026,1,https://www.token2049.com/singapore/partners,,TOKEN2049 Singapore,,,,,,,,,,,,,,,,,,,,,,Carried over from 2025 lineup (per page label),
Google Cloud,Partner,https://cloud.google.com,,Participating cloud provider; scalability and large-scale blockchain systems focus.,binance-blockchain-week,2025,1,https://www.passionateinmarketing.com/setting-the-stage-binance-announces-first-wave-of-global-speakers-for-blockchain-week-2025/,,,,,,,,,,,,,,,,,,,,,,,,,
GR8 Tech,Licensed Exhibitor,,https://tickets.sigma.world/img/companies/tmp/company-101217-1710237942.png,,sigma-world-rome,,1,,,"SiGMA World 2026 (Rome, Fiera Roma, Nov 2-5 2026)",,,,,,,,,,,,,,,,,,,,,,,
Grant Thornton Advisors LLC,Legal & professional services,,,,web-summit-lisbon,2025,1,,,,,,,,,,,,,,,,,,,,,,,,,,https://websummit.com/appearances/lis25/0bc8d7c5-a4ee-47da-8af2-d4954e5f98f5/grant-thornton-advisors-llc
GreenHash,Kilo,http://greenhash.tech/,,,mining-disrupt,,1,,,,,,,,,,,,,,,,,,,,,,,,,,
Gridmatic,Byte,https://www.gridmatic.com/,,,mining-disrupt,,1,,,,,,,,,,,,,,,,,,,,,,,,,,
Groq,AI & machine learning,,,,web-summit-lisbon,2025,1,,,,,,,,,,,,,,,,,,,,,,,,,,https://websummit.com/appearances/lis25/835aabd4-32f6-4fe6-bcbe-7e47d56c8bec/groq
gurufin,Bronze,https://www.gurufin.io/,https://framerusercontent.com/images/yUEhzSBDisgCCIswIp9DGk5bno.png?scale-down-to=512&width=634&height=288,,korea-blockchain-week,2025,1,,,,,,,,,,,,,,,,,,,,,,,,,,
Gurupay,Licensed Exhibitor,,https://tickets.sigma.world/img/companies/tmp/company-101115-1702375960.png,"Gurupay is an electronic money institution, designed to provide SEPA payments for corporate clients and individuals. Main focus is to maintain top-quality services as well as customer support standards. Gurupay holds all clientâ€™s assets in the dedicated account of the Bank of Lithuania. There is no safer way to keep funds, considering that our Electronic Money Institution is among the topmost secure online payment companies in Europe. Trusted globally Global companies use GuruPay to make direct SEPA payments. Get your individual IBAN account by completing a few easy steps. Tailored solutions Our aim is to provide payments solutions based on…",sigma-world-rome,,1,,,"SiGMA World 2026 (Rome, Fiera Roma, Nov 2-5 2026)",,,,,,,,,,,,,,,,,,,,,,,
H.E.R. DAO,,,,,ripple-swell-apex,2025,1,,,,,,,,,,,,,,,,,,,,,,,,,,
H2Data,Kilo,https://h2data.net/,,,mining-disrupt,,1,,,,,,,,,,,,,,,,,,,,,,,,,,
Habanero,Sponsor/Exhibitor,,https://tickets.sigma.world/img/companies/tmp/company-100162-1702375783.png,"Habanero creates Slot and Table games popular in both Western and Asian gaming markets. We provide world-class products, reliability, and support – to enable your success. Our complete catalogue of Slot games, Table Games and Video Pokers delivers the best gaming experience using HTML5. We offer our customers the ability to control and manage every aspect of their gaming business, including configuration, administration, and player management. The full-featured backoffice is designed to accommodate multiple languages, currencies, and products on a single multi-tenant installation. Currently certified in 20+ countries, Habanero continues to expand its presence.",sigma-world-rome,,1,,,"SiGMA World 2026 (Rome, Fiera Roma, Nov 2-5 2026)",,,,,,,,,,,,,,,,,,,,,,,
hack,Title,https://hack.vc,https://framerusercontent.com/images/85jSY7Esh1xuTmWdB2AdMzyIKAA.png?scale-down-to=512&width=1055&height=480,,korea-blockchain-week,2025,1,,,,,,,,,,,,,,,,,,,,,,,,,,
Hack Seasons,Community Partner,,https://cdn.prod.website-files.com/6756df8f05088bc3e51c64ea/690da77dad8f90b5e9dbf49e_Vs5qdV-dRcOmzis0vqSgzBu7k5tH8Wd6KtxpGZKI-_E.png,,token2049-singapore,2026,1,https://www.token2049.com/singapore/partners,,TOKEN2049 Singapore,,,,,,,,,,,,,,,,,,,,,,Carried over from 2025 lineup (per page label),
Hacken,Exhibitor,https://hacken.io/,https://api.rareevo.io/storage/domains/rareevo.io/organizations/logos/hacken_stacked.png,,rare-evo,,1,,,Rare Evo 2026,,,,exhibitor,,,,,,active,155,,,,,,,,,,,,
Hakflow,Copper,https://hakflow.com,https://cdn.prod.website-files.com/61e8788db85eabd9f0305f67/68d4035194417c16116eabf8_hakflow.png,,blockchain-futurist-florida,,1,,,,,,,,,,,,,,,,,,,,,,,,,,
Hamorny,Community Partner,,https://cdn.prod.website-files.com/6756df8f05088bc3e51c64ea/68b456ec2812f4d0e2b86922_mQUgIlXn4qwG0wIMhrCZ95tXo1P6-x8tGGlNcerMQBg.png,,token2049-singapore,2026,1,https://www.token2049.com/singapore/partners,,TOKEN2049 Singapore,,,,,,,,,,,,,,,,,,,,,,Carried over from 2025 lineup (per page label),
"Hangzhou CADRO Computing Technology Co., Ltd.",1 Block,https://drolin-box.com/,,,bitcoin-asia,,1,,,,,,,,,,,,,,,,,,,,,,,,,,
hankookilbo,Attending Media,https://www.hankookilbo.com/,https://framerusercontent.com/images/btEpBqcCCdI6mIceceeWoFN7YE.png?scale-down-to=512&width=634&height=288,,korea-blockchain-week,2025,1,,,,,,,,,,,,,,,,,,,,,,,,,,
Hardfork Media,Silver & Bronze,https://www.hardfork.media/,https://cdn.prod.website-files.com/61e8788db85eabd9f0305f67/68d401a0bf082fac40eb42d6_hardfork.png,,blockchain-futurist-florida,,1,,,,,,,,,,,,,,,,,,,,,,,,,,
Harvard University,University/College,https://www.harvard.edu/,https://api.rareevo.io/storage/domains/rareevo.io/organizations/colleges/Harvard_University_logo.svg.png,,rare-evo,,1,,,Rare Evo 2026,,,,colleges,,,,,,inactive,132,,,,,,,,,,,,
Hash-Cycle,Kilo,https://hash-cycle.com/,,,mining-disrupt,,1,,,,,,,,,,,,,,,,,,,,,,,,,,
Hashera,1 Block,https://hashera.io/home,https://cdn.prod.website-files.com/68b852e37770c3bed85139ee/69e6ec5787801cbb31b5fbc1_hashera.webp,Bitcoin-only mining powerhouse delivering vertically integrated infrastructure with transparency and precision.,bitcoin-amsterdam,,1,,,,,,,,,,,,,,,,,,,,,,,,,,
Hashgraph,Exhibitor,https://www.hashgraph.com/,https://eventstack.app/storage/domains/dev.rareevo.io/organizations/logos/lGiIaxBYbVdqe6Q2ZJfM0HU4HSQDjPqhaLIM7PUM.png,,rare-evo,,1,,,Rare Evo 2026,,,,exhibitor,,,,,,inactive,34,,,,,,,,,,,,
HashHouse,1 Block,http://www.hashhouse.tech,https://cdn.prod.website-files.com/687f979126432c8ce843e6d7/68e7e27d3a235342f9ddab6b_hash-house-rec2lPKguoi7P1LxO.webp,"HashHouse is a leading provider of innovative solutions in the field of cryptocurrency mining and liquid cooling. With a focus on efficiency and performance, the company offers cutting-edge products and services to empower clients to maximize their mining capabilities. HashHouse is dedicated to pushing boundaries and revolutionizing the industry, empowering clients with turnkey solutions that embody the spirit of progress and excellence in the Bitcoin Mining space.",bitcoin-mena,2025,1,https://mena.b.tc/sponsor,https://x.com/hashhousetech,Bitcoin MENA,,,,,,,,,,,,,,,,,,,,,,,
Hashtag Web3,Community Partner,,https://cdn.prod.website-files.com/6756df8f05088bc3e51c64ea/690da786ac79d71273af6f48_yMXCX5dArL8j4MHG-ecl_6YqUGLeYckau0wvj-CjbcY.png,,token2049-singapore,2026,1,https://www.token2049.com/singapore/partners,,TOKEN2049 Singapore,,,,,,,,,,,,,,,,,,,,,,Carried over from 2025 lineup (per page label),
HashWhale,Kilo,https://www.hashwhale.io/,,,mining-disrupt,,1,,,,,,,,,,,,,,,,,,,,,,,,,,
Hedgie,Gold,https://hedgie.io/,,,blockchain-futurist-toronto,,1,,,Blockchain Futurist Conference Toronto 2026,,,,,,,,,,,,,,,,,,,,,,,
Hedley Studios,Lifestyle Partner,,https://cdn.prod.website-files.com/6756df8f05088bc3e51c64ea/690da9e044c40c87f349fe45_W8WFiTyw3aMDEjiBs2XnnW0URsNwioDrk0yfTviZAcc.png,,token2049-singapore,2026,1,https://www.token2049.com/singapore/partners,,TOKEN2049 Singapore,,,,,,,,,,,,,,,,,,,,,,Carried over from 2025 lineup (per page label),
HelpInver,Partner:Info Partners,https://helpinver.com/,https://blockchain-life.com/wp-content/uploads/2025/06/2024-06-07-10.01.31.jpg,,blockchain-life-forum,2026,1,,,,,,,,,,,,,,,,,,,,,,,,,,
Herald Exchange,1 Block,https://herald.exchange/,https://cdn.prod.website-files.com/687f979126432c8ce843e6d7/6925cc0c3a8f435c6c45771b_herald-logo.webp,"HeraldEX is an all-in-one crypto platform that lets users trade with ease, access essential services like OTC, on-ramp and off-ramp, and send money globally through, stable-coin remittance.",bitcoin-mena,2025,1,https://mena.b.tc/sponsor,https://x.com/herald_exchange; https://www.linkedin.com/company/herald-exchange/; https://www.facebook.com/herald.exchange/; https://t.me/heraldexcrew,Bitcoin MENA,,,,,,,,,,,,,,,,,,,,,,,
heraldcorp,Attending Media,https://biz.heraldcorp.com/,https://framerusercontent.com/images/bFrMhDmSxlZZ1xHRcpUfzdrwRw.png?scale-down-to=512&width=634&height=288,,korea-blockchain-week,2025,1,,,,,,,,,,,,,,,,,,,,,,,,,,
Hive Digital Technologies,Tera,https://www.hivedigitaltechnologies.com/,,,mining-disrupt,,1,,,,,,,,,,,,,,,,,,,,,,,,,,
Hiveon,Mega,https://hiveon.com/,,,mining-disrupt,,1,,,,,,,,,,,,,,,,,,,,,,,,,,
HKU Quantitative Research Society,Education Partner,,https://cdn.prod.website-files.com/6756df8f05088bc3e51c64ea/68c7b76d36ce07ba68e472e3_rHM9kaNpHdE7raEAg3PGCqI0YNjainrumwclZeMF6DU.png,,token2049-singapore,2026,1,https://www.token2049.com/singapore/partners,,TOKEN2049 Singapore,,,,,,,,,,,,,,,,,,,,,,Carried over from 2025 lineup (per page label),
HOL,Exhibitor,https://hol.org/,https://api.rareevo.io/storage/domains/rareevo.io/organizations/logos/Logo_Whole_Dark.png,,rare-evo,,1,,,Rare Evo 2026,,,,exhibitor,,,,,,active,156,,,,,,,,,,,,
Hong Kong International New Economic Research Institute,Silver Sponsor,,https://cdn.prod.website-files.com/6756df8f05088bc3e51c64ea/6a3a9453c17822ec8e8b91f4_Hong-Kong-International-New-Economic-Research-Institute.png,,token2049-singapore,2026,1,https://www.token2049.com/singapore/partners,,TOKEN2049 Singapore,,,,,,,,,,,,,,,,,,,,,,Confirmed 2026 sponsor,
HookahPlace,Partner:Venue Partners,https://www.hookahplace.ae/,https://blockchain-life.com/wp-content/uploads/2025/06/IMG_0251.png,,blockchain-life-forum,2026,1,,,,,,,,,,,,,,,,,,,,,,,,,,
Horizons,HR & recruitment,,,,web-summit-lisbon,2025,1,,,,,,,,,,,,,,,,,,,,,,,,,,https://websummit.com/appearances/lis25/875366f2-3196-488d-8ba5-68a29b920e3f/horizons
Hoseki,Bronze,https://hoseki.app,https://static.wixstatic.com/media/5b61ba_f28f7889ee994de4a5e0d91e44f2dbcb.png,,bitcoin-policy-summit,2025,1,https://www.btcpolicysummit.org/sponsors,,Bitcoin Policy Summit 2025,,,,,,,,,,,,,,,,,,,,,,,
Hosky,Exhibitor,https://hosky.io/,https://api.rareevo.io/storage/domains/rareevo.io/organizations/logos/hoskylogo.png,A very good dog!,rare-evo,,1,,,Rare Evo 2026,,,,exhibitor,,,,,,active,73,,,,,,,,,,,,
House of ZK,Gold,https://www.hozk.io/,,,blockchain-futurist-toronto,,1,,,Blockchain Futurist Conference Toronto 2026,,,,,,,,,,,,,,,,,,,,,,,
Howden,Exhibitor,https://www.howdengroup.com/,https://api.rareevo.io/storage/domains/rareevo.io/organizations/logos/howden-1.png,,rare-evo,,1,,,Rare Evo 2026,,,,exhibitor,,,,,,active,139,,,,,,,,,,,,
HP Crypto,Community Partner,,https://cdn.prod.website-files.com/6756df8f05088bc3e51c64ea/68b45702d1852018db4d9362_Wf1eL2cqxByVoAjAaavCABEQTLnlV0hWVgrriBAr_Pk.png,,token2049-singapore,2026,1,https://www.token2049.com/singapore/partners,,TOKEN2049 Singapore,,,,,,,,,,,,,,,,,,,,,,Carried over from 2025 lineup (per page label),
Huawei,Telecommunications & IT,,,,web-summit-lisbon,2025,1,,,,,,,,,,,,,,,,,,,,,,,,,,https://websummit.com/appearances/lis25/e1ea4f64-989c-4070-9110-380d594bab86/huawei
Hyderabad DAO,Community Partner,,https://cdn.prod.website-files.com/6756df8f05088bc3e51c64ea/690da79dad8f90b5e9dc1060_Qj0B4knwesvkbiQFplqlQkoiRlvAkqhb9CXM1uhHgho.png,,token2049-singapore,2026,1,https://www.token2049.com/singapore/partners,,TOKEN2049 Singapore,,,,,,,,,,,,,,,,,,,,,,Carried over from 2025 lineup (per page label),
ibel,Copper,https://ibel.korea.ac.kr/,https://framerusercontent.com/images/AWtUIXIntyvM5lyzSFNBYBKAL8s.png?scale-down-to=512&width=634&height=288,,korea-blockchain-week,2025,1,,,,,,,,,,,,,,,,,,,,,,,,,,
IBM,AI & machine learning,,,,web-summit-lisbon,2025,1,,,,,,,,,,,,,,,,,,,,,,,,,"Tier shown is industry category (site groups partners by industry, not by sponsorship level). 2026 lineup not yet published; captured 2025 (lis25) partner directory.",https://websummit.com/appearances/lis25/fb8ab8b0-17f2-4686-b336-d189c2c9d605/ibm
IceRiver,Giga,https://www.iceriver.io/,,,mining-disrupt,,1,,,,,,,,,,,,,,,,,,,,,,,,,,
ICODA,Sponsor:Gold sponsors;Partner:Media Partners,https://icoda.io/,https://blockchain-life.com/wp-content/uploads/2025/09/icoda-light-1.svg,All-in-one crypto marketing agency guiding projects from launch to scale,blockchain-life-forum,2026,1,,,,,,,,,,,,,,,,,,,,,,,,,,
Icoholder,Partner,https://icoholder.com/,https://api.rareevo.io/storage/domains/rareevo.io/organizations/logos/2gxXDEDGDp0GuXRGsA33ilww1l2Xxa0phoJ3DaUf.png,,rare-evo,,1,,,Rare Evo 2026,,,,partner,,,,,,active,106,,,,,,,,,,,,
iGlobal,Partner:Info Partners,https://iGlobal.community,https://blockchain-life.com/wp-content/uploads/2025/06/iglobal-logo-actual-transparent.png,,blockchain-life-forum,2026,1,,,,,,,,,,,,,,,,,,,,,,,,,,
IM8,Lifestyle Partner,,https://cdn.prod.website-files.com/6756df8f05088bc3e51c64ea/68d15a362856d3e957696314_R8-x0RKBpvQImXi3Xvcmn02uHddl04V3RjcPRGsQxuo.svg,,token2049-singapore,2026,1,https://www.token2049.com/singapore/partners,,TOKEN2049 Singapore,,,,,,,,,,,,,,,,,,,,,,Carried over from 2025 lineup (per page label),
Incode Technologies,Gold Sponsor,,https://cdn.prod.website-files.com/6756df8f05088bc3e51c64ea/6a3a88f6988b6014c206e938_Incode.png,,token2049-singapore,2026,1,https://www.token2049.com/singapore/partners,,TOKEN2049 Singapore,,,,,,,,,,,,,,,,,,,,,,Confirmed 2026 sponsor,
Indodax,Sponsor,https://indodax.com/,https://wojgrioccmbywgtruwfl.supabase.co/storage/v1/object/public/Media%20Folders/Coinfest%20Asia%202026/CMS/Partners/Sponsors/indodax_1778931476182.png,,coinfest-asia,2026,1,,,,,,,,,,,,,,,,,,,,,,,,,,
Industry Events,Partner:Info Partners,https://www.industryevents.com/,https://blockchain-life.com/wp-content/uploads/2025/09/High-res-Industry-Events-logo-scaled.jpg,,blockchain-life-forum,2026,1,,,,,,,,,,,,,,,,,,,,,,,,,,
InfoSec Portal,Partner:Info Partners,https://infosecportal.ru/,https://blockchain-life.com/wp-content/uploads/2025/09/ISP_square_yellow_512x512-1-1.png,,blockchain-life-forum,2026,1,,,,,,,,,,,,,,,,,,,,,,,,,,
Injective,Exhibitor,https://injective.com/,https://api.rareevo.io/storage/domains/rareevo.io/organizations/logos/injective-logo-RGB-blue-1.png,,rare-evo,,1,,,Rare Evo 2026,,,,exhibitor,,,,,,active,145,,,,,,,,,,,,
InnMind,Community Partner,,https://cdn.prod.website-files.com/6756df8f05088bc3e51c64ea/68cd2238010ea6b2e1d87978_WHdND_FuH7PXJ8mK7K9oCZObSUYzPY9I2j6vx_ZsaQA.png,,token2049-singapore,2026,1,https://www.token2049.com/singapore/partners,,TOKEN2049 Singapore,,,,,,,,,,,,,,,,,,,,,,Carried over from 2025 lineup (per page label),
InOrbyt,Copper,http://inorbyt.io/,https://cdn.prod.website-files.com/61e8788db85eabd9f0305f67/68cc67f5bb1c4c133e3d6ae6_inorbyt.png,,blockchain-futurist-florida,,1,,,,,,,,,,,,,,,,,,,,,,,,,,
Inpay,Silver Sponsor,,https://cdn.prod.website-files.com/6756df8f05088bc3e51c64ea/6a3a9453c17822ec8e8b91fa_Inpay.png,,token2049-singapore,2026,1,https://www.token2049.com/singapore/partners,,TOKEN2049 Singapore,,,,,,,,,,,,,,,,,,,,,,Confirmed 2026 sponsor,
Inpulse,Partner:Community partners,https://inpulse.events/,https://blockchain-life.com/wp-content/uploads/2025/09/In-Pulse-Logo-Black-scaled.png,,blockchain-life-forum,2026,1,,,,,,,,,,,,,,,,,,,,,,,,,,
InstaXchange,Sponsor/Exhibitor,,https://tickets.sigma.world/img/companies/tmp/company-102534-1755705527.jpg,"Inwizo is an international financial company operating in EU and CIS countries. We help our clients to develop from completely different business areas and with any turnover. We give the market a simple and versatile solution that allows organizing payment acceptance by all modern methods without extra costs and efforts. Due to our own processing and applied technologies, we can offer our clients the most convenient, reliable, and technological product in the electronic payments field.",sigma-world-rome,,1,,,"SiGMA World 2026 (Rome, Fiera Roma, Nov 2-5 2026)",,,,,,,,,,,,,,,,,,,,,,,
Intelliflex,Tera,https://intelliflex.io/,,,mining-disrupt,,1,,,,,,,,,,,,,,,,,,,,,,,,,,
Intersect,Exhibitor,https://www.intersectmbo.org/,https://api.rareevo.io/storage/domains/rareevo.io/organizations/logos/intersect logo.png,,rare-evo,,1,,,Rare Evo 2026,,,,exhibitor,,,,,,active,36,,,,,,,,,,,,
Intrfac3,Gold,https://intrfac3.com/login,,,blockchain-futurist-toronto,,1,,,Blockchain Futurist Conference Toronto 2026,,,,,,,,,,,,,,,,,,,,,,,
intuition,Copper,https://intuition.systems/,https://framerusercontent.com/images/1KTDlTELgXLa2IWrlCjzei4PhI.png?scale-down-to=512&width=634&height=288,,korea-blockchain-week,2025,1,,,,,,,,,,,,,,,,,,,,,,,,,,
invasion.ae (Instagram),Partner:Venue Partners,https://www.instagram.com/invasion.ae/,https://blockchain-life.com/wp-content/uploads/2025/08/invasion.png,,blockchain-life-forum,2026,1,,,,,,,,,,,,,,,,,,,,,,,,,,
Invest HK,Bronze,https://www.hketotoronto.gov.hk/,,,blockchain-futurist-toronto,,1,,,Blockchain Futurist Conference Toronto 2026,,,,,,,,,,,,,,,,,,,,,,,
Inwizo,Sponsor/Exhibitor,,https://tickets.sigma.world/img/companies/tmp/company-101098-1729858700.png,"Inwizo is an international financial company operating in EU and CIS countries. We help our clients to develop from completely different business areas and with any turnover. We give the market a simple and versatile solution that allows organizing payment acceptance by all modern methods without extra costs and efforts. Due to our own processing and applied technologies, we can offer our clients the most convenient, reliable, and technological product in the electronic payments field.",sigma-world-rome,,1,,,"SiGMA World 2026 (Rome, Fiera Roma, Nov 2-5 2026)",,,,,,,,,,,,,,,,,,,,,,,
io,Silver,https://io.net/,https://framerusercontent.com/images/YEZLMMSMTAOmRJ76W3e1iCIlgfY.png?scale-down-to=512&width=775&height=352,,korea-blockchain-week,2025,1,,,,,,,,,,,,,,,,,,,,,,,,,,
IQ,Exhibitor,https://iqai.com/,https://api.rareevo.io/storage/domains/rareevo.io/organizations/logos/IQ Logo Pink Lg.png,,rare-evo,,1,,,Rare Evo 2026,,,,exhibitor,,,,,,active,75,,,,,,,,,,,,
Iren,Silver,https://iren.com,https://static.wixstatic.com/media/dea30a_5380499946a44afba68a863b2dcff542.png,,bitcoin-policy-summit,2025,1,https://www.btcpolicysummit.org/sponsors,,Bitcoin Policy Summit 2025,,,,,,,,,,,,,,,,,,,,,,,
Istanbul Blockchain Week,Community Partner,,https://cdn.prod.website-files.com/6756df8f05088bc3e51c64ea/690da7ce45a1c99c3f8a5912_S3SolrEiE8toAuRAp-gBFIHfsJBpBwB-xvcNhgA_rmo.png,,token2049-singapore,2026,1,https://www.token2049.com/singapore/partners,,TOKEN2049 Singapore,,,,,,,,,,,,,,,,,,,,,,Carried over from 2025 lineup (per page label),
Itaú Unibanco S.A.,Fintech & financial services,,,,web-summit-lisbon,2025,1,,,,,,,,,,,,,,,,,,,,,,,,,,https://websummit.com/appearances/lis25/9642343e-b083-4953-8366-44b050a21bfe/itau-unibanco-s.a.
JAI by One Siam,Lifestyle Partner,,https://cdn.prod.website-files.com/6756df8f05088bc3e51c64ea/690da9ddd77bedd17fcb99bf_0_8DavvP0Zq48wuoiYh3QejPV7s96d9eZRLI1QZDgOQ.png,,token2049-singapore,2026,1,https://www.token2049.com/singapore/partners,,TOKEN2049 Singapore,,,,,,,,,,,,,,,,,,,,,,Carried over from 2025 lineup (per page label),
Japan Cryptoasset Business Association,Community Partner,,https://cdn.prod.website-files.com/6756df8f05088bc3e51c64ea/68a70cb20af19c55c10a3f90_nCJ0xu2hhBRjJOk7odsa7VK61q_shImsLT93VIai5rw.svg,,token2049-singapore,2026,1,https://www.token2049.com/singapore/partners,,TOKEN2049 Singapore,,,,,,,,,,,,,,,,,,,,,,Carried over from 2025 lineup (per page label),
JCDecaux,"Advertising, content & marketing",,,,web-summit-lisbon,2025,1,,,,,,,,,,,,,,,,,,,,,,,,,,https://websummit.com/appearances/lis25/3059b94b-fb8a-4d8e-858f-8e6a781bd357/jcdecaux
Jenbacher,Mega,https://www.jenbacher.com/en/,,,mining-disrupt,,1,,,,,,,,,,,,,,,,,,,,,,,,,,
Jetking,Bronze,,https://static.wixstatic.com/media/5b61ba_38bd948abeb0457e89041f740da982b2.png,,bitcoin-policy-summit,2025,1,https://www.btcpolicysummit.org/sponsors,,Bitcoin Policy Summit 2025,,,,,,,,,,,,,,,,,,,,,,,
JH Marlin Global,1 Block,https://www.jhmarlinglobal.com,,,bitcoin-asia,,1,,,,,,,,,,,,,,,,,,,,,,,,,,
Jim Partners,Sponsor/Exhibitor,,https://tickets.sigma.world/img/companies/tmp/company-100047-1702375951.svg,"Mancala Gaming is an online gaming software supplier that specializes in slot machines and dice slots. The company is headquartered in Prague and was founded in 2019. They already boast a library of more than 50 casino games. The company has its own way of doing things, with a strong focus on staying true to its roots, or being close to the player and listening to what the player wants and needs. They also stay true to their own vision, which they believe allows them to build unique and exciting slots. Also, Mancala Gaming has come up with a unique…",sigma-world-rome,,1,,,"SiGMA World 2026 (Rome, Fiera Roma, Nov 2-5 2026)",,,,,,,,,,,,,,,,,,,,,,,
jinse,Supporting Partner,https://www.jinse.com/,https://framerusercontent.com/images/tGqDnl1SeaymP3inK3RcWBvwU0.png?scale-down-to=512&width=634&height=288,,korea-blockchain-week,2025,1,,,,,,,,,,,,,,,,,,,,,,,,,,
Jito,Platinum,https://www.jito.network/,,"Jito operates two core products on Solana: a liquid staking protocol that lets users stake any amount of SOL and receive JitoSOL with auto-compounded rewards amplified by MEV extraction, and a MEV infrastructure suite including an open-source validator client and transaction relayer. The Jito Foundation governs the protocol through JTO token holders who shape its development.",solana-breakpoint,,1,,,,,,,,,https://www.linkedin.com/company/jito-labs,,,,,,,Staking,Protocol,Non-custodial liquid staking on Solana,"Jito is the largest DeFi protocol on Solana, providing non-custodial liquid staking with MEV rewards and MEV-optimized validator infrastructure.",https://x.com/jito_sol,https://discord.gg/jito,https://github.com/jito-foundation,,,,
JoinAff,Sponsor/Exhibitor,,https://tickets.sigma.world/img/companies/tmp/company-101171-1723550997.png,,sigma-world-rome,,1,,,"SiGMA World 2026 (Rome, Fiera Roma, Nov 2-5 2026)",,,,,,,,,,,,,,,,,,,,,,,
JPEG Trading,Gold Sponsor,,https://cdn.prod.website-files.com/6756df8f05088bc3e51c64ea/6a3a88f1df60cf2f8a02e12b_JPEG-Trading.png,,token2049-singapore,2026,1,https://www.token2049.com/singapore/partners,,TOKEN2049 Singapore,,,,,,,,,,,,,,,,,,,,,,Confirmed 2026 sponsor,
JSBit,Mega,https://www.jsbit.com/,,,mining-disrupt,,1,,,,,,,,,,,,,,,,,,,,,,,,,,
Jumeirah,Lifestyle Partner,,https://cdn.prod.website-files.com/6756df8f05088bc3e51c64ea/690da9cc44c40c87f349f35e_jqEp4TxRBqsiJRZKWBCTImMds3xUnv_4Oi4uab4wEFY.png,,token2049-singapore,2026,1,https://www.token2049.com/singapore/partners,,TOKEN2049 Singapore,,,,,,,,,,,,,,,,,,,,,,Carried over from 2025 lineup (per page label),
Jumio,Silver Sponsor,,https://cdn.prod.website-files.com/6756df8f05088bc3e51c64ea/6a3a9453c17822ec8e8b9200_Jumio.png,,token2049-singapore,2026,1,https://www.token2049.com/singapore/partners,,TOKEN2049 Singapore,,,,,,,,,,,,,,,,,,,,,,Confirmed 2026 sponsor,
K&K Data Services,Kilo,https://www.kkdatasvc.com/,,,mining-disrupt,,1,,,,,,,,,,,,,,,,,,,,,,,,,,
K36,Sponsor/Exhibitor,,https://tickets.sigma.world/img/companies/tmp/company-100954-1702375884.jpg,,sigma-world-rome,,1,,,"SiGMA World 2026 (Rome, Fiera Roma, Nov 2-5 2026)",,,,,,,,,,,,,,,,,,,,,,,
K9 Finance,Copper,https://www.k9finance.com/,https://cdn.prod.website-files.com/61e8788db85eabd9f0305f67/68ab1e9383e14b898cb3333c_k9%20finance.png,,blockchain-futurist-florida,,1,,,,,,,,,,,,,,,,,,,,,,,,,,
Kaboom Racks,Byte,https://kaboomracks.com/,,,mining-disrupt,,1,,,,,,,,,,,,,,,,,,,,,,,,,,
Kadena,Silver & Bronze,https://www.kadena.io/leadership/annelise-osborne,https://cdn.prod.website-files.com/61e8788db85eabd9f0305f67/68cc6468837f1b8e9b5bc4d4_kadena.png,,blockchain-futurist-florida,,1,,,,,,,,,,,,,,,,,,,,,,,,,,
karincatraders (X),Partner:Info Partners,https://x.com/karincatraders/,https://blockchain-life.com/wp-content/uploads/2025/08/photo_2025-08-25_11-56-29.jpg,,blockchain-life-forum,2026,1,,,,,,,,,,,,,,,,,,,,,,,,,,
KAST,1 Block,https://www.kast.xyz/,https://cdn.prod.website-files.com/687f979126432c8ce843e6d7/68e7e290606ad184dcd2716b_kast-recozGJwF2IJhu0EK.webp,"KAST is an app to save, send, and spend stablecoins around the world. With its virtual and physical cards, you can spend money and earn points on every purchase. Bitcoin Card coming soon.",bitcoin-mena,2025,1,https://mena.b.tc/sponsor,https://x.com/KASTcard; https://www.linkedin.com/company/kastofficial,Bitcoin MENA,,,,,,,,,,,,,,,,,,,,,,,
KD Wire,Community Partner,,https://cdn.prod.website-files.com/6756df8f05088bc3e51c64ea/68b4506d9b501c075461180a_zUq9xiKuRTSTDW72ergluJEeu9Bygvco7T-lu2QZvi8.png,,token2049-singapore,2026,1,https://www.token2049.com/singapore/partners,,TOKEN2049 Singapore,,,,,,,,,,,,,,,,,,,,,,Carried over from 2025 lineup (per page label),
Kesco Logistics,Byte,https://www.kescologistics.com/,,,mining-disrupt,,1,,,,,,,,,,,,,,,,,,,,,,,,,,
Khalani,Community Partner,,https://api.rareevo.io/storage/domains/rareevo.io/organizations/logos/khalani_blue.png,,rare-evo,,1,,,Rare Evo 2026,,,,community_partner,,,,,,active,173,,,,,,,,,,,,
kiiras,Supporting Partner,https://kiiras.bstage.in/,https://framerusercontent.com/images/jP8B1NL8WPYJCeQ8AfTUeaU9M.png?scale-down-to=512&width=634&height=288,,korea-blockchain-week,2025,1,,,,,,,,,,,,,,,,,,,,,,,,,,
KNG Partners,Sponsor/Exhibitor,,https://tickets.sigma.world/img/companies/tmp/company-101644-1726818385.jpeg,,sigma-world-rome,,1,,,"SiGMA World 2026 (Rome, Fiera Roma, Nov 2-5 2026)",,,,,,,,,,,,,,,,,,,,,,,
Komainu,1 Block,https://www.komainu.com/,https://cdn.prod.website-files.com/687f979126432c8ce843e6d7/6903e7530c9bf2562d6bb480_komainu_stacked_logo_rgb.webp,"Komainu is the institutional gateway for digital assets, headquartered in Jersey, with offices in London, Dubai, and Singapore. Offering bank-grade infrastructure for institutional investors, Komainu provides seamless, connected and secure services with multi-jurisdictional regulatory oversight, merging expertise from traditional financial services with leading security standards for the next generation of institutional digital asset custody, servicing & financing solutions.",bitcoin-mena,2025,1,https://mena.b.tc/sponsor,https://twitter.com/komainucustody; https://www.linkedin.com/company/komainu-the-institutional-gateway-for-digital-assets,Bitcoin MENA,,,,,,,,,,,,,,,,,,,,,,,
KPMG,Legal & professional services,,,,web-summit-lisbon,2025,1,,,,,,,,,,,,,,,,,,,,,,,,,,https://websummit.com/appearances/lis25/5448f07e-9e42-425c-b668-2d1d7f562b0d/kpmg
Kraken,Host,https://www.kraken.com/,,Co-host of the Wyoming Blockchain Symposium 2026.,wyoming-blockchain-symposium,,1,,,,,,,,,,,,,,,,,,,,,,,,,,
Krown Network,Platinum,https://krown.network,,,blockchain-futurist-toronto,,1,,,Blockchain Futurist Conference Toronto 2026,,,,,,,,,,,,,,,,,,,,,,,
KryptoEkipa,Community Partner,,https://cdn.prod.website-files.com/6756df8f05088bc3e51c64ea/68b45029001ec618b3ac9707_YyAj6CvyP-QWFKigl-tca93rNxilG5PjRYs1sC7g0vI.png,,token2049-singapore,2026,1,https://www.token2049.com/singapore/partners,,TOKEN2049 Singapore,,,,,,,,,,,,,,,,,,,,,,Carried over from 2025 lineup (per page label),
Kryptosphere DeVinci,Education Partner,,https://cdn.prod.website-files.com/6756df8f05088bc3e51c64ea/690da57052395be292a59f52_4VWBBLOrqJ33tMlmW0_c0ySJQRBd0KTLtvQMjnI5x44.jpeg,,token2049-singapore,2026,1,https://www.token2049.com/singapore/partners,,TOKEN2049 Singapore,,,,,,,,,,,,,,,,,,,,,,Carried over from 2025 lineup (per page label),
kto,Silver,https://kto.visitkorea.or.kr/,https://framerusercontent.com/images/FEBU4wuDR2elM5eVfmERsRg694Y.png?scale-down-to=512&width=775&height=352,,korea-blockchain-week,2025,1,,,,,,,,,,,,,,,,,,,,,,,,,,
KULR AI,Bronze,https://kulr.ai,https://static.wixstatic.com/media/5b61ba_311b864562d840e6b969e81b28a890cc.png,,bitcoin-policy-summit,2025,1,https://www.btcpolicysummit.org/sponsors,,Bitcoin Policy Summit 2025,,,,,,,,,,,,,,,,,,,,,,,
KWARXS,Silver & Bronze,http://kxs-bay.com/,https://cdn.prod.website-files.com/61e8788db85eabd9f0305f67/68dbe41fdb81c548deb3fa93_kwarxs.png,,blockchain-futurist-florida,,1,,,,,,,,,,,,,,,,,,,,,,,,,,
KYC2020,Copper,https://www.kyc2020.com/,,,blockchain-futurist-toronto,,1,,,Blockchain Futurist Conference Toronto 2026,,,,,,,,,,,,,,,,,,,,,,,
Kyle Guthro,Silver,https://www.kyleguthro.com/,,,blockchain-futurist-toronto,,1,,,Blockchain Futurist Conference Toronto 2026,,,,,,,,,,,,,,,,,,,,,,,
LaFinteca,Sponsor/Exhibitor,,https://tickets.sigma.world/img/companies/tmp/company-101214-1705498652.jpg,,sigma-world-rome,,1,,,"SiGMA World 2026 (Rome, Fiera Roma, Nov 2-5 2026)",,,,,,,,,,,,,,,,,,,,,,,
Lala stars (Stars Partners),Sponsor/Exhibitor,,https://tickets.sigma.world/img/companies/tmp/company-100844-1747376705.png,"Savvy Affiliate marketers turn to MessageWhiz for effective SMS campaigns with the highest conversion rates. They rely on our messaging expertise and best delivering routes to optimize their marketing efforts. Supercharge your SMS marketing with MessageWhiz’s dedicated messaging specialists on every account, intuitive easy-to-use platform, and competitive rates.",sigma-world-rome,,1,,,"SiGMA World 2026 (Rome, Fiera Roma, Nov 2-5 2026)",,,,,,,,,,,,,,,,,,,,,,,
Laser Digital,1 Block,https://www.laserdigital.com/,https://cdn.prod.website-files.com/687f979126432c8ce843e6d7/690cb451e5167ea141d59210_cee4d170-3344-49d7-95b8-c8e591773a92-ticket-hs_file_upload-ld_main-logo_digital.webp,"Laser Digital is a full-spectrum digital finance company, powering institutional participation in the on-chain economy. As a regulated and trusted counterparty, we enable institutions, miners, treasuries, and whales holding the world’s most popular cryptocurrency – Bitcoin, to capitalise on existing and emerging opportunities. Our services include yield-bearing BTC asset management fund, tailored OTC spot & derivatives trading and structured treasury management. BTC holders benefit from our global connectivity across key markets, as well as our network of trusted counterparties from staking to custody, and team of highly experienced professionals (ex-Barclays, Nomura, Brevan Howard, B2C2, Bluecrest, GSR).",bitcoin-mena,2025,1,https://mena.b.tc/sponsor,https://x.com/LaserDigital_; https://www.linkedin.com/company/laserdigital/,Bitcoin MENA,,,,,,,,,,,,,,,,,,,,,,,
Layan Verde,Sponsor:Platinum sponsors,https://layanverde.com,https://blockchain-life.com/wp-content/uploads/2025/09/layanverde-01.svg,,blockchain-life-forum,2026,1,,,,,,,,,,,,,,,,,,,,,,,,,,
layerzero,Silver,https://layerzero.network/,https://framerusercontent.com/images/SAtIy9OxA0YXLeM7MtO4osOK0.png?scale-down-to=512&width=775&height=352,,korea-blockchain-week,2025,1,,,,,,,,,,,,,,,,,,,,,,,,,,
LCMG,Sponsor:Platinum sponsors,https://lcmg.ru,https://blockchain-life.com/wp-content/uploads/2025/06/LCMG-lkya-svetlogo-i-temnogo-01-1.svg,"Worldwide delivery, logistics and customs clearance of asics & other goods",blockchain-life-forum,2026,1,,,,,,,,,,,,,,,,,,,,,,,,,,
leanbranding,Supporting Partner,https://www.leanbranding.co.kr/,https://framerusercontent.com/images/1ktumD8KhbepRk1ornEHosOQBI8.png?scale-down-to=512&width=634&height=288,,korea-blockchain-week,2025,1,,,,,,,,,,,,,,,,,,,,,,,,,,
Ledger,Gold Sponsor,,https://cdn.prod.website-files.com/6756df8f05088bc3e51c64ea/6a3a8938fe8300bab06b16d6_Ledger.png,,token2049-singapore,2026,1,https://www.token2049.com/singapore/partners,,TOKEN2049 Singapore,,,,,,,,,,,,,,,,,,,,,,Confirmed 2026 sponsor,
Ledn,Bronze,https://ledn.io,https://static.wixstatic.com/media/5b61ba_2e384a070aab40898c378cfc43277310.png,,bitcoin-policy-summit,2025,1,https://www.btcpolicysummit.org/sponsors,,Bitcoin Policy Summit 2025,,,,,,,,,,,,,,,,,,,,,,,
LeedMiner,Kilo,https://www.leedminer.com/,,,mining-disrupt,,1,,,,,,,,,,,,,,,,,,,,,,,,,,
Legalaes,Sponsor:Platinum sponsors,https://legalaes.com/,https://blockchain-life.com/wp-content/uploads/2025/03/Legalaes-01.svg,"Crypto, tokenization and fintech turnkey solution licensing",blockchain-life-forum,2026,1,,,,,,,,,,,,,,,,,,,,,,,,,,
Lenzo,Byte,https://lenzo.co.jp/,,,mining-disrupt,,1,,,,,,,,,,,,,,,,,,,,,,,,,,
Letine Mining,Kilo,https://www.letinemining.com/,,,mining-disrupt,,1,,,,,,,,,,,,,,,,,,,,,,,,,,
Lets Connect,Community Partner,https://x.com/letsconnectco,,,bitcoin-asia,,1,,,,,,,,,,,,,,,,,,,,,,,,,,
Lf Decentralized Trust,Exhibitor,https://www.linuxfoundation.org/,https://api.rareevo.io/storage/domains/rareevo.io/organizations/logos/lfdt-stacked-color.png,,rare-evo,,1,,,Rare Evo 2026,,,,exhibitor,,,,,,active,13,,,,,,,,,,,,
LF Decentralized Trust,Community Partner,,https://cdn.prod.website-files.com/6756df8f05088bc3e51c64ea/690da7f0c3c6ddb3c2dffb29_duWr9E11R7BeUQSNcQZkAF79djFcEsLoyWZZeGIZyqw.png,,token2049-singapore,2026,1,https://www.token2049.com/singapore/partners,,TOKEN2049 Singapore,,,,,,,,,,,,,,,,,,,,,,Carried over from 2025 lineup (per page label),
Lian Li Work,Byte,https://www.lianliwork.com/,,,mining-disrupt,,1,,,,,,,,,,,,,,,,,,,,,,,,,,
Liberation Travel,Majority,https://liberation.travel/,https://btchel.com/wp-content/uploads/2026/06/Liberation-Travel-1024x341.jpg,,btchel,,1,,,,,,,,,,,,,,,,,,,,,,,,,,
Lighter,Exhibitor,https://lighter.xyz/,https://api.rareevo.io/storage/domains/rareevo.io/organizations/logos/dark_logo_full.png,,rare-evo,,1,,,Rare Evo 2026,,,,exhibitor,,,,,,active,167,,,,,,,,,,,,
Lightspark,Bronze,https://www.lightspark.com,https://static.wixstatic.com/media/5b61ba_063f2a728b054f329d5da33fba229431.png,,bitcoin-policy-summit,2025,1,https://www.btcpolicysummit.org/sponsors,,Bitcoin Policy Summit 2025,,,,,,,,,,,,,,,,,,,,,,,
LinkedIn,SaaS,,,,web-summit-lisbon,2025,1,,,,,,,,,,,,,,,,,,,,,,,,,,https://websummit.com/appearances/lis25/13248e31-9820-4076-9e84-5ee87b5d8b3b/linkedin
LMAX Digital,1 Block,https://www.lmaxdigital.com/overview/,https://cdn.prod.website-files.com/687f979126432c8ce843e6d7/68e7e29ffb2d67aa3696916b_lmax-digital-logo.webp,"LMAX Digital is the institutional crypto currency exchange, operated by LMAX Group.Leveraging LMAX Group proven, robust technology and liquidity relationships, LMAX Digital delivers a market-leading solution for physical trading and custodial services for the most liquid crypto currencies – such as BTC (Bitcoin).Delivering trust, reliability and deep institutional liquidity, LMAX Digital ensures complete transparency, open access and a level playing field for all institutional crypto currency market participants – within a secure trading environment.LMAX Digital is regulated by the Gibraltar Financial Services Commission (GFSC) as a DLT provider for execution and custody services.",bitcoin-mena,2025,1,https://mena.b.tc/sponsor,https://x.com/LMAX; https://www.linkedin.com/company/lmax-group/,Bitcoin MENA,,,,,,,,,,,,,,,,,,,,,,,
LOD,Byte,https://lod.io/,,,mining-disrupt,,1,,,,,,,,,,,,,,,,,,,,,,,,,,
LQWD Technologies,Bronze,https://lqwdtech.com,https://static.wixstatic.com/media/5b61ba_57760e0e9b054e8e903b6d16334194b0.png,,bitcoin-policy-summit,2025,1,https://www.btcpolicysummit.org/sponsors,,Bitcoin Policy Summit 2025,,,,,,,,,,,,,,,,,,,,,,,
LunaPR,Silver Sponsor,,https://cdn.prod.website-files.com/6756df8f05088bc3e51c64ea/6a3a9432dbf521d9a6491481_LunaPR.png,,token2049-singapore,2026,1,https://www.token2049.com/singapore/partners,,TOKEN2049 Singapore,,,,,,,,,,,,,,,,,,,,,,Confirmed 2026 sponsor,
Luxor,Byte,https://luxor.tech/,,,mining-disrupt,,1,,,,,,,,,,,,,,,,,,,,,,,,,,
LVGEA,Exhibitor,,https://api.rareevo.io/storage/domains/rareevo.io/organizations/logos/lvgea.png,,rare-evo,,1,,,Rare Evo 2026,,,,exhibitor,,,,,,active,176,,,,,,,,,,,,
M31 Capital,Silver,https://m31.capital,https://static.wixstatic.com/media/5b61ba_9a1f359fcf524d6eb32d1ce2b28b5a81.png,,bitcoin-policy-summit,2025,1,https://www.btcpolicysummit.org/sponsors,,Bitcoin Policy Summit 2025,,,,,,,,,,,,,,,,,,,,,,,
Maddox Transformer,Kilo,https://www.maddoxtransformer.com/,,,mining-disrupt,,1,,,,,,,,,,,,,,,,,,,,,,,,,,
Magnetto,Silver Sponsor,,https://cdn.prod.website-files.com/6756df8f05088bc3e51c64ea/6a3a9453c17822ec8e8b91ea_Magnetto.png,,token2049-singapore,2026,1,https://www.token2049.com/singapore/partners,,TOKEN2049 Singapore,,,,,,,,,,,,,,,,,,,,,,Confirmed 2026 sponsor,
Makeberry,Sponsor/Exhibitor,,https://tickets.sigma.world/img/companies/tmp/company-102312-1747728693.png,"Savvy Affiliate marketers turn to MessageWhiz for effective SMS campaigns with the highest conversion rates. They rely on our messaging expertise and best delivering routes to optimize their marketing efforts. Supercharge your SMS marketing with MessageWhiz’s dedicated messaging specialists on every account, intuitive easy-to-use platform, and competitive rates.",sigma-world-rome,,1,,,"SiGMA World 2026 (Rome, Fiera Roma, Nov 2-5 2026)",,,,,,,,,,,,,,,,,,,,,,,
Malaysia blockchain Association,Community Partner,,https://cdn.prod.website-files.com/6756df8f05088bc3e51c64ea/690da814ad8f90b5e9dc5bb3_1Z5EHzpP2BC7srEzZBEexrISgRfPzwQ_fj2Pg2ekdus.png,,token2049-singapore,2026,1,https://www.token2049.com/singapore/partners,,TOKEN2049 Singapore,,,,,,,,,,,,,,,,,,,,,,Carried over from 2025 lineup (per page label),
ManageEngine,SaaS,,,,web-summit-lisbon,2025,1,,,,,,,,,,,,,,,,,,,,,,,,,,https://websummit.com/appearances/lis25/f2e6c3c7-19d0-40c0-b8ea-b6705e484f98/manageengine
Mancala Gaming,Licensed Exhibitor,,https://tickets.sigma.world/img/companies/tmp/company-100639-1702375757.png,"Mancala Gaming is an online gaming software supplier that specializes in slot machines and dice slots. The company is headquartered in Prague and was founded in 2019. They already boast a library of more than 50 casino games. The company has its own way of doing things, with a strong focus on staying true to its roots, or being close to the player and listening to what the player wants and needs. They also stay true to their own vision, which they believe allows them to build unique and exciting slots. Also, Mancala Gaming has come up with a unique…",sigma-world-rome,,1,,,"SiGMA World 2026 (Rome, Fiera Roma, Nov 2-5 2026)",,,,,,,,,,,,,,,,,,,,,,,
Mandarin Oriental,Lifestyle Partner,,https://cdn.prod.website-files.com/6756df8f05088bc3e51c64ea/68d15a185797d81ec5cf77da_gI5PKccBW_xfAsl81dbJWVKY-sUrty8fhqantkvp4_k.svg,,token2049-singapore,2026,1,https://www.token2049.com/singapore/partners,,TOKEN2049 Singapore,,,,,,,,,,,,,,,,,,,,,,Carried over from 2025 lineup (per page label),
mapprotocol,Bronze,https://www.mapprotocol.io/,https://framerusercontent.com/images/qmgZH0UIikOZzV8De8uNhZHas.png?scale-down-to=512&width=634&height=288,,korea-blockchain-week,2025,1,,,,,,,,,,,,,,,,,,,,,,,,,,
Marathon Digital Holdings (MARA),Title,https://www.mara.com,https://static.wixstatic.com/media/5b61ba_6169ff0a40354c5991da3de57f499e64.png,,bitcoin-policy-summit,2025,1,https://www.btcpolicysummit.org/sponsors,,Bitcoin Policy Summit 2025,,,,,,,,,,,,,,,,,,,,,,,
Marina Bay Sands,Lifestyle Partner,,https://cdn.prod.website-files.com/6756df8f05088bc3e51c64ea/690da9caad8b104d46309956_4d6ELU_yUdpb5w2n6KCvyisFg91Sc23UG4ALLe57b8M.png,,token2049-singapore,2026,1,https://www.token2049.com/singapore/partners,,TOKEN2049 Singapore,,,,,,,,,,,,,,,,,,,,,,Carried over from 2025 lineup (per page label),
MarketCoin,Sponsor:Gold sponsors,https://marketcoin.io/en/,https://blockchain-life.com/wp-content/uploads/2025/06/Marketcoin-01-01.svg,"Crypto exchange offices with withdrawal to fiat, 7+ years on Bestchange",blockchain-life-forum,2026,1,,,,,,,,,,,,,,,,,,,,,,,,,,
MarketLabs,Sponsor:Premium sponsors,https://marketlabs.io,https://blockchain-life.com/wp-content/uploads/2025/06/MarketLabs_green_SVG_black-copy-01.svg,Global market making partner for a long term run,blockchain-life-forum,2026,1,,,,,,,,,,,,,,,,,,,,,,,,,,
Mastercard,Partner,https://www.mastercard.com,,"Participating partner; brought traditional finance context to discussions on payment rails, settlement speed, and digital connectivity.",binance-blockchain-week,2025,1,https://www.passionateinmarketing.com/setting-the-stage-binance-announces-first-wave-of-global-speakers-for-blockchain-week-2025/,,,,,,,,,,,,,,,,,,,,,,,,,
Matador,Bronze,https://matador.network,https://static.wixstatic.com/media/5b61ba_5ca0ab953ec8410fbe270b7fc748536d.png,,bitcoin-policy-summit,2025,1,https://www.btcpolicysummit.org/sponsors,,Bitcoin Policy Summit 2025,,,,,,,,,,,,,,,,,,,,,,,
matrixport,Supporting Partner,https://www.matrixport.com/,https://framerusercontent.com/images/k5zdLoEwq7RFXNawqNzJzz44sY8.png?scale-down-to=512&width=634&height=288,,korea-blockchain-week,2025,1,,,,,,,,,,,,,,,,,,,,,,,,,,
mawari,Bronze,https://www.mawari.io/,https://framerusercontent.com/images/ibxY6JCEWv2ghiJ4ZdZKib1Ng.png?scale-down-to=512&width=634&height=288,,korea-blockchain-week,2025,1,,,,,,,,,,,,,,,,,,,,,,,,,,
MBM,Community Partner,,https://cdn.prod.website-files.com/6756df8f05088bc3e51c64ea/68b456f12684d65d97b5b1d9_esJlnIN9YK5ZL3q540r8dfjwDiLkspxgtTSqt0-0DqM.png,,token2049-singapore,2026,1,https://www.token2049.com/singapore/partners,,TOKEN2049 Singapore,,,,,,,,,,,,,,,,,,,,,,Carried over from 2025 lineup (per page label),
McLaren,Lifestyle Partner,,https://cdn.prod.website-files.com/6756df8f05088bc3e51c64ea/68d15a0d6c5c7afb9b2fb956_EhvO0DlrDLMUJPIGYVbMaTf9TzYVl7pg3e9EclwSKC4.png,,token2049-singapore,2026,1,https://www.token2049.com/singapore/partners,,TOKEN2049 Singapore,,,,,,,,,,,,,,,,,,,,,,Carried over from 2025 lineup (per page label),
Medici,Sponsor:Gold sponsors,https://medici.expert,https://blockchain-life.com/wp-content/uploads/2025/09/Medici-for-black-background-1.svg,Legal and consulting firm specializing in fintech and blockchain advisory services,blockchain-life-forum,2026,1,,,,,,,,,,,,,,,,,,,,,,,,,,
Medier,Sponsor/Exhibitor,,https://tickets.sigma.world/img/companies/tmp/company-102778-1764845224.png,"Savvy Affiliate marketers turn to MessageWhiz for effective SMS campaigns with the highest conversion rates. They rely on our messaging expertise and best delivering routes to optimize their marketing efforts. Supercharge your SMS marketing with MessageWhiz’s dedicated messaging specialists on every account, intuitive easy-to-use platform, and competitive rates.",sigma-world-rome,,1,,,"SiGMA World 2026 (Rome, Fiera Roma, Nov 2-5 2026)",,,,,,,,,,,,,,,,,,,,,,,
MegaMiner,Mega,http://megaminer.market/,,,mining-disrupt,,1,,,,,,,,,,,,,,,,,,,,,,,,,,
MegaPari,Licensed Exhibitor,,https://tickets.sigma.world/img/companies/tmp/company-100090-1702375863.png,"Megapari Partners, founded in 2019, is a trusted iGaming affiliate program working with 50,000+ partners across 100+ GEOs. Offering RevShare up to 70%, CPA, and Hybrid deals, it provides personalized support and tailored solutions. The program’s strong performance earned international recognition, including a SiGMA Awards nomination.",sigma-world-rome,,1,,,"SiGMA World 2026 (Rome, Fiera Roma, Nov 2-5 2026)",,,,,,,,,,,,,,,,,,,,,,,
Melrose PR,Silver & Bronze,https://www.melrosepr.com/,https://cdn.prod.website-files.com/61e8788db85eabd9f0305f67/67e6b7c77e77bb6c6c70cb8e_melrose.png,,blockchain-futurist-florida,,1,,,,,,,,,,,,,,,,,,,,,,,,,,
Mempool.space,Title,https://mempool.space/,https://btcpp.nyc3.digitaloceanspaces.com/sponsors/mempool-space-logo-black.svg,,bitcoin-plusplus-berlin,,1,,,,,,,,,,,,,,,,,,,,,,,,,,
Mesh,Title Sponsor,,https://cdn.prod.website-files.com/6756df8f05088bc3e51c64ea/6a3a81de045178585d1c9929_Mesh.png,,token2049-singapore,2026,1,https://www.token2049.com/singapore/partners,,TOKEN2049 Singapore,,,,,,,,,,,,,,,,,,,,,,Confirmed 2026 sponsor,
MessageWhiz,Sponsor/Exhibitor,,https://tickets.sigma.world/img/companies/tmp/company-101145-1734423235.png,"Savvy Affiliate marketers turn to MessageWhiz for effective SMS campaigns with the highest conversion rates. They rely on our messaging expertise and best delivering routes to optimize their marketing efforts. Supercharge your SMS marketing with MessageWhiz’s dedicated messaging specialists on every account, intuitive easy-to-use platform, and competitive rates.",sigma-world-rome,,1,,,"SiGMA World 2026 (Rome, Fiera Roma, Nov 2-5 2026)",,,,,,,,,,,,,,,,,,,,,,,
messari,Attending Media,https://messari.io/,https://framerusercontent.com/images/AGkCF1Hhmmy9ME8abpFzGEGQFbY.png?scale-down-to=512&width=634&height=288,,korea-blockchain-week,2025,1,,,,,,,,,,,,,,,,,,,,,,,,,,
Metaplex,Gold,https://www.metaplex.com/,,"Metaplex provides the core programs and standards for digital assets on Solana, including Token Metadata, Core, Bubblegum for compressed NFTs, Candy Machine for NFT launches, and Genesis for token generation events. It also maintains developer tooling such as the Umi JavaScript client and the DAS API for indexing and reading asset data. The protocol is stewarded by the Metaplex Foundation and governed with the MPLX token.",solana-breakpoint,,1,,,,,,,,,https://www.linkedin.com/company/metaplex-foundation,,,,,,,Infrastructure,Protocol,The digital asset standard on Solana,Metaplex is an onchain protocol for creating and managing tokens and NFTs on Solana. Its programs define the digital asset standards used across the Solana ecosystem.,https://x.com/metaplex,https://discord.com/invite/metaplex,https://github.com/metaplex-foundation,,,,
metis,Bronze,https://www.metis.io/,https://framerusercontent.com/images/DGWVvQMoDyfgPIa5PLAWPNBKrTY.png?scale-down-to=512&width=634&height=288,,korea-blockchain-week,2025,1,,,,,,,,,,,,,,,,,,,,,,,,,,
Metrics,Silver,https://getmetrics.ca/,,,blockchain-futurist-toronto,,1,,,Blockchain Futurist Conference Toronto 2026,,,,,,,,,,,,,,,,,,,,,,,
mew,Bronze,https://mew.xyz/,https://framerusercontent.com/images/JZpX8TaEemNJRSZMiiVjBa9Xc.png?scale-down-to=512&width=634&height=288,,korea-blockchain-week,2025,1,,,,,,,,,,,,,,,,,,,,,,,,,,
MEXC,Platinum Sponsor,,https://cdn.prod.website-files.com/6756df8f05088bc3e51c64ea/6a3a859c4ef93b29c09fd5d0_MEXC.png,,token2049-singapore,2026,1,https://www.token2049.com/singapore/partners,,TOKEN2049 Singapore,,,,,,,,,,,,,,,,,,,,,,Confirmed 2026 sponsor,
MicroBT,2 Block,http://www.whatsminer.com,https://cdn.prod.website-files.com/687f979126432c8ce843e6d7/6930dbffec6f98d8ebe9d9be_micro-bt.webp,"MicroBT is a technology company based on blockchain, focusing on the R&D, production and sales of integrated circuit chips and products, and provides high-performance computing system solutions and technical service. WhatsMiner is a leading brand of mining hardware and chip design developed by MicroBT. As one of the most efficient and cost-effective mining brands on the market, WhatsMiner is widely used in retail and institutional mining by customers around the world.Learn more on our YouTube channel: https://www.youtube.com/c/WhatsMiner",bitcoin-mena,2025,1,https://mena.b.tc/sponsor,http://twitter.com/Whatsminer_MBT; https://www.linkedin.com/company/whatsminer/; http://www.facebook.com/WhatsMiner; https://t.me/whatsminercommunity,Bitcoin MENA,,,,,,,,,,,,,,,,,,,,,,,
MicroBT,Giga,http://microbt.com/,,,mining-disrupt,,1,,,,,,,,,,,,,,,,,,,,,,,,,,
Microsoft,Partner,https://www.microsoft.com,,Participating cloud provider; scalability focus.,binance-blockchain-week,2025,1,https://www.passionateinmarketing.com/setting-the-stage-binance-announces-first-wave-of-global-speakers-for-blockchain-week-2025/,,,,,,,,,,,,,,,,,,,,,,,,,
Miden,Exhibitor,https://miden.xyz/,https://api.rareevo.io/storage/domains/rareevo.io/organizations/logos/miden.png,,rare-evo,,1,,,Rare Evo 2026,,,,exhibitor,,,,,,active,142,,,,,,,,,,,,
Midnight,Exhibitor,https://midnight.network/,https://api.rareevo.io/storage/domains/rareevo.io/organizations/logos/Midnight-RGB_Logo-Horizontal-Black.png,,rare-evo,,1,,,Rare Evo 2026,,,,exhibitor,,,,,,active,6,,,,,,,,,,,,
MillionMiner,1 Block,https://www.millionminer.com/,https://cdn.prod.website-files.com/687f979126432c8ce843e6d7/690b4d01efacde390b387498_whatsapp-image-2025-11-05-at-02-38-16.webp,"MillionMiner is the leading provider of professional mining hardware in Europe. With strong partnerships with industry leaders such as NiceHash, VoskCoin, EMCD and many more, MillionMiner not only offers first-class ASIC miners, but also exclusive access to events, mining pools and hosting services worldwide. Whether you are new to mining or a professional, we combine state-of-the-art technology with reliable support, fair prices and an international network for sustainable mining success.",bitcoin-mena,2025,1,https://mena.b.tc/sponsor,https://x.com/millionminercom?s=21; https://www.linkedin.com/company/millionminer/; https://t.me/millionminer,Bitcoin MENA,,,,,,,,,,,,,,,,,,,,,,,
mindnetwork,Bronze,https://www.mindnetwork.xyz/,https://framerusercontent.com/images/8w02Fbm3lTLJLuAfgZ2axf8OrbE.png?scale-down-to=512&width=634&height=288,,korea-blockchain-week,2025,1,,,,,,,,,,,,,,,,,,,,,,,,,,
Minersloop,Innovators,https://minersloop.com,https://btchel.com/wp-content/uploads/2025/12/Minerslopp-white-1024x341.jpg,,btchel,,1,,,,,,,,,,,,,,,,,,,,,,,,,,
Mining Grid,Moon,https://miningrid.com/,https://cdn.prod.website-files.com/687f979126432c8ce843e6d7/68e7e29ffb2d67aa36969162_mining-grid-reczuzH3B894XCNyT.webp,"Mining Grid is dedicated to providing solutions designed to simplify and scale mining efforts for the Bitcoin enthusiast. Our flagship platform, Mining Race is a user-friendly mobile application that offers an innovative, community-driven approach to BTC mining. Focused on speed and simplicity, Mining Race aims to bring Bitcoin mining to users worldwide, helping them achieve high-performance results seamlessly.​Youtube",bitcoin-mena,2025,1,https://mena.b.tc/sponsor,https://www.linkedin.com/company/mining-grid; https://t.me/miningrace,Bitcoin MENA,,,,,,,,,,,,,,,,,,,,,,,
mintlayer (X),Partner:Info Partners,https://x.com/mintlayer/,https://blockchain-life.com/wp-content/uploads/2025/08/ML-LOGO-2.png,,blockchain-life-forum,2026,1,,,,,,,,,,,,,,,,,,,,,,,,,,
Minutes Network,Exhibitor,https://minutesnetwork.io/,https://api.rareevo.io/storage/domains/rareevo.io/organizations/logos/MNTX WHITE.png,,rare-evo,,1,,,Rare Evo 2026,,,,exhibitor,,,,,yes,active,21,,,,,,,,,,,,
mk,Attending Media,https://www.mk.co.kr/,https://framerusercontent.com/images/5hKZNDWLlyMmqil2t04Fuo6sY.png?scale-down-to=512&width=634&height=288,,korea-blockchain-week,2025,1,,,,,,,,,,,,,,,,,,,,,,,,,,
MMGP,Partner:Info Partners,https://mmgp.com/,https://blockchain-life.com/wp-content/uploads/2025/06/logo_mmgp_.png,,blockchain-life-forum,2026,1,,,,,,,,,,,,,,,,,,,,,,,,,,
MOD 42,Giga,https://www.mod42llc.com/,,,mining-disrupt,,1,,,,,,,,,,,,,,,,,,,,,,,,,,
Moledao,Community Partner,,https://cdn.prod.website-files.com/6756df8f05088bc3e51c64ea/690da84ded8ae6b07533931f_Z6hJxozeKatAn2-peGSEw_Hg7e_nkR2g0Ywps3uZF4c.png,,token2049-singapore,2026,1,https://www.token2049.com/singapore/partners,,TOKEN2049 Singapore,,,,,,,,,,,,,,,,,,,,,,Carried over from 2025 lineup (per page label),
MonaProof,Partner:Media Partners,https://monaproof.com,https://blockchain-life.com/wp-content/uploads/2025/06/Monaproof_out_s-pruzhinkoj-copy-3-scaled.png,,blockchain-life-forum,2026,1,,,,,,,,,,,,,,,,,,,,,,,,,,
Monash Blockchain Club,Education Partner,,https://cdn.prod.website-files.com/6756df8f05088bc3e51c64ea/690da571a16472f2c8c0b1b1_-IZrGdpecsuG1NwlylLCLt_j0VIYXW7s-74kr31XdrU.png,,token2049-singapore,2026,1,https://www.token2049.com/singapore/partners,,TOKEN2049 Singapore,,,,,,,,,,,,,,,,,,,,,,Carried over from 2025 lineup (per page label),
Monsterblockhk,Community Partner,https://monsterblockhk.com,,,bitcoin-asia,,1,,,,,,,,,,,,,,,,,,,,,,,,,,
Moon Inc.,Strategic Partner,https://www.1723.hk/,,,bitcoin-asia,,1,,,,,,,,,,,,,,,,,,,,,,,,,,
moongate,Supporting Partner,https://www.moongate.id,https://framerusercontent.com/images/cXI0LjpkjqPZGf0wzJP0WaTcwFo.png?scale-down-to=512&width=634&height=288,,korea-blockchain-week,2025,1,,,,,,,,,,,,,,,,,,,,,,,,,,
Moonshot,Kilo,https://moonshotus.com/,,,mining-disrupt,,1,,,,,,,,,,,,,,,,,,,,,,,,,,
MOONWALK SYSTEMS,1 Block,https://www.moonwalk.systems,https://cdn.prod.website-files.com/687f979126432c8ce843e6d7/691f8fe36705c28e7c0c5697_672e1b76dfad25eaff1e9cbf_social-20media_instagram-20copy.webp,"MOONWALK SYSTEMS was founded as a stepping stone for driving innovation in the blockchain industry within the region. Our ambitious plan to propel the advancement of the blockchain technology and data centers development started in 2020 at the heart of the region's crypto hub - Dubai. Since then, we have expanded our presence globally with strategically located offices worldwide.Our ground-breaking approach to providing turnkey blockchain solutions makes us the go-to destination for entrepreneurs and businesses. In addition, our hosting facilities offer comprehensive solutions for blockchain related-hardware owners, with cutting-edge cooling and security systems, so you can rest assured that you are getting the most out of your investment!",bitcoin-mena,2025,1,https://mena.b.tc/sponsor,,Bitcoin MENA,,,,,,,,,,,,,,,,,,,,,,,
Mozilla Ads,"Advertising, content & marketing",,,,web-summit-lisbon,2025,1,,,,,,,,,,,,,,,,,,,,,,,,,,https://websummit.com/appearances/lis25/a1797c4b-6a73-4af2-bb68-afc10eddf3a8/mozilla-ads
Moët Hennessy Diageo (MHD),Lifestyle Partner,,https://cdn.prod.website-files.com/6756df8f05088bc3e51c64ea/68d15a157c66a41bf1bd98d4_qOYo3xwRizcB9Qa9w5M6XYiAPudNWDT1aesRyH7Bk3k.avif,,token2049-singapore,2026,1,https://www.token2049.com/singapore/partners,,TOKEN2049 Singapore,,,,,,,,,,,,,,,,,,,,,,Carried over from 2025 lineup (per page label),
MPM Labs Web3 Powerhouse Ltd.,Community Partner,,https://cdn.prod.website-files.com/6756df8f05088bc3e51c64ea/68b45068001ec618b3acc449__7LtbecAtZvEEjHpeO3YH686-I2b-vlHEZB4zhhHPJM.svg,,token2049-singapore,2026,1,https://www.token2049.com/singapore/partners,,TOKEN2049 Singapore,,,,,,,,,,,,,,,,,,,,,,Carried over from 2025 lineup (per page label),
Mpost,Partner:Media Partners,https://mpost.io/,https://blockchain-life.com/wp-content/uploads/2025/06/M-POST_logo-02.png,,blockchain-life-forum,2026,1,,,,,,,,,,,,,,,,,,,,,,,,,,
MST Blockchain,Silver Sponsor,,https://cdn.prod.website-files.com/6756df8f05088bc3e51c64ea/6a3a9453c17822ec8e8b91ed_MST-Blockchain.png,,token2049-singapore,2026,1,https://www.token2049.com/singapore/partners,,TOKEN2049 Singapore,,,,,,,,,,,,,,,,,,,,,,Confirmed 2026 sponsor,
MSX,Gold Sponsor,,https://cdn.prod.website-files.com/6756df8f05088bc3e51c64ea/6a3a893e988b6014c2072874_MSX.png,,token2049-singapore,2026,1,https://www.token2049.com/singapore/partners,,TOKEN2049 Singapore,,,,,,,,,,,,,,,,,,,,,,Confirmed 2026 sponsor,
mt,Attending Media,https://www.mt.co.kr/,https://framerusercontent.com/images/thWX7glcf59rjakW7GjHn663u0s.png?scale-down-to=512&width=634&height=288,,korea-blockchain-week,2025,1,,,,,,,,,,,,,,,,,,,,,,,,,,
Multiversx,Exhibitor,https://multiversx.com/,https://api.rareevo.io/storage/domains/rareevo.io/organizations/logos/xvol4rJjC2kxYgm0pCCrQMSPdDOUoVwU6hLx9knX.png,,rare-evo,,1,,,Rare Evo 2026,,,,exhibitor,,,,,,active,10,,,,,,,,,,,,
MZUN GLOBAL,1 Block,https://mzun.ae/,https://cdn.prod.website-files.com/687f979126432c8ce843e6d7/692717f1a67367226865ffa0_logo-transparent-2.webp,"Mzun Global is a diversified international investment and technology firm with a strategic focus on the digital asset ecosystem and advanced computing infrastructure. We provide integrated solutions across digital asset investment, high-performance computing platforms, and large-scale digital infrastructure operations. Supported by deep financial expertise, energy-efficient engineering, and scalable compute architecture, Mazoon Global empowers partners to participate in the future of digital finance with clarity and confidence. Our mission is to build transparent, reliable, and technologically advanced platforms that unlock long-term value in an increasingly digital global economy.",bitcoin-mena,2025,1,https://mena.b.tc/sponsor,,Bitcoin MENA,,,,,,,,,,,,,,,,,,,,,,,
Médecins Sans Frontières (MSF) / Doctors Without Borders,Charities & NGOs,,,,web-summit-lisbon,2025,1,,,,,,,,,,,,,,,,,,,,,,,,,,https://websummit.com/appearances/lis25/97a1e298-86c2-47fb-8bd2-d61be58e0cef/medecins-sans-frontieres-msf-doctors-without-borders
N.exchange,1 Block,https://n.exchange/,https://cdn.prod.website-files.com/687f979126432c8ce843e6d7/6911e951c0e6400ce8002b56_a633a6a1-bdc3-448f-903d-7c3a934e43ec-ticket-hs_file_upload-n_exchange_logo_high_res-2.webp,"Integrate crypto trading into your platform with our high-performance, compliant API. Launch in days with enterprise-grade speed, security, and reliability.",bitcoin-mena,2025,1,https://mena.b.tc/sponsor,https://www.linkedin.com/company/n-exchange/,Bitcoin MENA,,,,,,,,,,,,,,,,,,,,,,,
n.exchange,Silver Sponsor,,https://cdn.prod.website-files.com/6756df8f05088bc3e51c64ea/6a3a9453c17822ec8e8b91e6_N.Exchange.png,,token2049-singapore,2026,1,https://www.token2049.com/singapore/partners,,TOKEN2049 Singapore,,,,,,,,,,,,,,,,,,,,,,Confirmed 2026 sponsor,
N1 Partners (Stable Tech),Sponsor/Exhibitor,,https://tickets.sigma.world/img/companies/tmp/company-101140-1702375994.jpg,,sigma-world-rome,,1,,,"SiGMA World 2026 (Rome, Fiera Roma, Nov 2-5 2026)",,,,,,,,,,,,,,,,,,,,,,,
NaaS (Network as a Service),Bronze,,https://static.wixstatic.com/media/5b61ba_c17c22384de34232a9956811057e1892.png,,bitcoin-policy-summit,2025,1,https://www.btcpolicysummit.org/sponsors,,Bitcoin Policy Summit 2025,,,,,,,,,,,,,,,,,,,,,,,
Nanocosmos,Sponsor/Exhibitor,,https://tickets.sigma.world/img/companies/tmp/company-102106-1733749335.png,"Payneteasy is a payment technology company offering a white-label, payment-gateway to PSPs as well as a payment cashier to merchants such as Fx brokers, Crypto exchanges, Gaming operators and more. We can also offer payment services via our PSP customers.",sigma-world-rome,,1,,,"SiGMA World 2026 (Rome, Fiera Roma, Nov 2-5 2026)",,,,,,,,,,,,,,,,,,,,,,,
Nanyang Technological University,Education Partner,,https://cdn.prod.website-files.com/6756df8f05088bc3e51c64ea/690da573db02cef4064e6f89_HZlKhoeQJHFvC1bSffaCOZrEFQ5OISoN57XkYY3h9sY.png,,token2049-singapore,2026,1,https://www.token2049.com/singapore/partners,,TOKEN2049 Singapore,,,,,,,,,,,,,,,,,,,,,,Carried over from 2025 lineup (per page label),
National Gallery Singapore,Lifestyle Partner,,https://cdn.prod.website-files.com/6756df8f05088bc3e51c64ea/690da9da29497ebf0f7d9501_wJEMthosvFQtocxUlIG_CVEHM_FM_VzKm6YCM7X-2jw.png,,token2049-singapore,2026,1,https://www.token2049.com/singapore/partners,,TOKEN2049 Singapore,,,,,,,,,,,,,,,,,,,,,,Carried over from 2025 lineup (per page label),
NBJ,Partner:Info Partners,https://nbj.ru/,https://blockchain-life.com/wp-content/uploads/2025/09/01_NBJ_Logo_ENG.jpg,,blockchain-life-forum,2026,1,,,,,,,,,,,,,,,,,,,,,,,,,,
NCHU Blockchain Club,Education Partner,,https://cdn.prod.website-files.com/6756df8f05088bc3e51c64ea/690da574b4badc431678c41a_iu6z2f8fLzwSMr04cCFXWTMfJ8VQGFIy0oLMzHEdYqY.jpeg,,token2049-singapore,2026,1,https://www.token2049.com/singapore/partners,,TOKEN2049 Singapore,,,,,,,,,,,,,,,,,,,,,,Carried over from 2025 lineup (per page label),
Neopool,Disrupter,https://neopool.com/,,,mining-disrupt,,1,,,,,,,,,,,,,,,,,,,,,,,,,,
Nethermind,Exhibitor,https://www.nethermind.io/,https://api.rareevo.io/storage/domains/rareevo.io/organizations/logos/NM_Logo_Horizontal_Dark.png,,rare-evo,,1,,,Rare Evo 2026,,,,exhibitor,,,,,,active,191,,,,,,,,,,,,
neura-ai,Silver,http://www.neura-ai.io/,https://framerusercontent.com/images/lHaCb32pyCsUcJmAC8CJHXSAzaM.png?scale-down-to=512&width=775&height=352,,korea-blockchain-week,2025,1,,,,,,,,,,,,,,,,,,,,,,,,,,
Nevada,Sponsor,,https://api.rareevo.io/storage/domains/rareevo.io/organizations/logos/nevada.png,,rare-evo,,1,,,Rare Evo 2026,,,,sponsor,,,,,,active,147,,,,,,,,,,,,
New West Data,Byte,https://newwestdata.com/,,,mining-disrupt,,1,,,,,,,,,,,,,,,,,,,,,,,,,,
New York Times,Media Partner,,https://cdn.prod.website-files.com/6756df8f05088bc3e51c64ea/690da5fbb4badc431679573d_sC5pwczFXkuLVYhQKbX8Dhytrhg72Ijdl0BuM4eU0MU.png,,token2049-singapore,2026,1,https://www.token2049.com/singapore/partners,,TOKEN2049 Singapore,,,,,,,,,,,,,,,,,,,,,,Carried over from 2025 lineup (per page label),
NewBit Exchange,Gold Sponsor,,https://cdn.prod.website-files.com/6756df8f05088bc3e51c64ea/6a3a8948aac7a7d665a9703f_Risesun.png,,token2049-singapore,2026,1,https://www.token2049.com/singapore/partners,,TOKEN2049 Singapore,,,,,,,,,,,,,,,,,,,,,,Confirmed 2026 sponsor,
NewMarket Capital,Silver,https://newmarketcapital.com,https://static.wixstatic.com/media/5b61ba_8aa9a723006a44fab3a075e31c843770.png,,bitcoin-policy-summit,2025,1,https://www.btcpolicysummit.org/sponsors,,Bitcoin Policy Summit 2025,,,,,,,,,,,,,,,,,,,,,,,
news,Silver,https://news.bitcoin.com/,https://framerusercontent.com/images/cBdV6HrU7UUQasWp1C5nprWCv7c.png?scale-down-to=512&width=775&height=352,,korea-blockchain-week,2025,1,,,,,,,,,,,,,,,,,,,,,,,,,,
News Patrolling,Partner:Info Partners,http://newspatrolling.com,https://blockchain-life.com/wp-content/uploads/2025/06/newspatrolling-logo.png,,blockchain-life-forum,2026,1,,,,,,,,,,,,,,,,,,,,,,,,,,
news1,Attending Media,https://www.news1.kr/,https://framerusercontent.com/images/9YCs14dc0UPhdIylVzQWw30CYmo.png?scale-down-to=512&width=634&height=288,,korea-blockchain-week,2025,1,,,,,,,,,,,,,,,,,,,,,,,,,,
newsis,Attending Media,https://www.newsis.com/,https://framerusercontent.com/images/rIrZbo1R4UK0zmfi0QUNa9Cgc1E.png?scale-down-to=512&width=634&height=288,,korea-blockchain-week,2025,1,,,,,,,,,,,,,,,,,,,,,,,,,,
NEXPACE,Platinum+ Sponsor,,,Platinum+ Sponsor.,binance-blockchain-week,2025,1,https://crypto.ro/en/news/binance-blockchain-week-2025/,,,,,,,,,,,,,,,,,,,,,,,,,
Next Layer Capital,Bronze,https://nextlayer.capital,https://static.wixstatic.com/media/5b61ba_7c112a1e524c497f90a4eed0d5b2e318.png,,bitcoin-policy-summit,2025,1,https://www.btcpolicysummit.org/sponsors,,Bitcoin Policy Summit 2025,,,,,,,,,,,,,,,,,,,,,,,
NiceHash,1 Block,https://www.nicehash.com,,,bitcoin-asia,,1,,,,,,,,,,,,,,,,,,,,,,,,,,
Nikkei,Media Partner,,https://cdn.prod.website-files.com/6756df8f05088bc3e51c64ea/690da6afc3c6ddb3c2df12a8_9ZwkvDhksIf2WtStW3dlPU4Jhjdt38BDJsGsFxD14DA.png,,token2049-singapore,2026,1,https://www.token2049.com/singapore/partners,,TOKEN2049 Singapore,,,,,,,,,,,,,,,,,,,,,,Carried over from 2025 lineup (per page label),
NinjaGuild_Japan (NGG),Community Partner,,https://cdn.prod.website-files.com/6756df8f05088bc3e51c64ea/68b456fe193bb68ed32121bc_Ol7pptw0LZfi6nEgtCGyKwicgvWbNARzgtT0hPZthK8.png,,token2049-singapore,2026,1,https://www.token2049.com/singapore/partners,,TOKEN2049 Singapore,,,,,,,,,,,,,,,,,,,,,,Carried over from 2025 lineup (per page label),
Nirvana,Silver,https://www.nirvana.finance/,,,blockchain-futurist-toronto,,1,,,Blockchain Futurist Conference Toronto 2026,,,,,,,,,,,,,,,,,,,,,,,
Nobu,Lifestyle Partner,,https://cdn.prod.website-files.com/6756df8f05088bc3e51c64ea/690da9d0b4badc43167ba069_PXkOovwjn73dNCuYlKZX_UAfUblf6vgQfZNGsciXm3Y.png,,token2049-singapore,2026,1,https://www.token2049.com/singapore/partners,,TOKEN2049 Singapore,,,,,,,,,,,,,,,,,,,,,,Carried over from 2025 lineup (per page label),
Node Z,Education Partner,,https://cdn.prod.website-files.com/6756df8f05088bc3e51c64ea/690da5762448f1afec191b7f_BBLguIOssdjyyLQKxpDz4oGG-nZiqQTrX1x7pZ3F4N8.png,,token2049-singapore,2026,1,https://www.token2049.com/singapore/partners,,TOKEN2049 Singapore,,,,,,,,,,,,,,,,,,,,,,Carried over from 2025 lineup (per page label),
NODEOPS,Community Partner,,https://cdn.prod.website-files.com/6756df8f05088bc3e51c64ea/690da87cbb6805f44c297f00_qQTwBJKvfQUzIiGf5Z9P1kFPxR2Us2g_Fr0F-_NxFB8.png,,token2049-singapore,2026,1,https://www.token2049.com/singapore/partners,,TOKEN2049 Singapore,,,,,,,,,,,,,,,,,,,,,,Carried over from 2025 lineup (per page label),
NodeTimes,Partner:Info Partners,https://nodetimes.com,https://blockchain-life.com/wp-content/uploads/2025/09/node_times_logo_sq.png,,blockchain-life-forum,2026,1,,,,,,,,,,,,,,,,,,,,,,,,,,
NoIDPay,Copper,https://noidpay.com/,https://cdn.prod.website-files.com/61e8788db85eabd9f0305f67/68cc67f5661709f15c505117_noidpay.png,,blockchain-futurist-florida,,1,,,,,,,,,,,,,,,,,,,,,,,,,,
Nomad Capitalist,1 Block,https://nomadcapitalist.com/,,,bitcoin-asia,,1,,,,,,,,,,,,,,,,,,,,,,,,,,
Nomyx,Exhibitor,https://www.nomyx.io/,https://api.rareevo.io/storage/domains/rareevo.io/organizations/logos/nomyx-logo.png,,rare-evo,,1,,,Rare Evo 2026,,,,exhibitor,,,,,,active,187,,,,,,,,,,,,
Notisend,Partner:Info Partners,https://notisend.ru/,https://blockchain-life.com/wp-content/uploads/2025/09/Notisend_logo_chernyj.svg,,blockchain-life-forum,2026,1,,,,,,,,,,,,,,,,,,,,,,,,,,
Novomod,Byte,https://novomod.com/,,,mining-disrupt,,1,,,,,,,,,,,,,,,,,,,,,,,,,,
NuEnerGen,Kilo,https://www.nuenergen.com/,,,mining-disrupt,,1,,,,,,,,,,,,,,,,,,,,,,,,,,
NYDIG,Headline,https://www.nydig.com/,https://btcpp.nyc3.digitaloceanspaces.com/sponsors/nydig_dark.svg,,bitcoin-plusplus-berlin,,1,,,,,,,,,,,,,,,,,,,,,,,,,,
OBM,Byte,https://obm.io/miners/,,,mining-disrupt,,1,,,,,,,,,,,,,,,,,,,,,,,,,,
Octav,Exhibitor,https://octav.fi/,https://api.rareevo.io/storage/domains/rareevo.io/organizations/logos/Octav_icon_lookup_side (1)-1.png,"Octav is an all-in-one portfolio tracker and data intelligence platform for EVM chains, Solana, and Hyperliquid. It uses advanced transaction labeling to automatically decipher DeFi activity, cost basis, P&L, NAV, gas fees, and protocol positions, then makes it exportable for treasury management, accounting, and tax needs. Built for funds, curators, DAOs, accountants, and traders.",rare-evo,,1,,,Rare Evo 2026,,,,exhibitor,,,,info@octav.fi,,active,57,,,,,,,,,,,,
Odyssey,Exhibitor,https://odyssey.finance/,https://api.rareevo.io/storage/domains/rareevo.io/organizations/logos/black-no-bg.png,"A DeFi super app with leverage yield, curated vaults, and advanced trading.",rare-evo,,1,,,Rare Evo 2026,,,,exhibitor,,,,,,active,128,,,,,,,,,,,,
Official Crypto Nostra,Silver & Bronze,https://officialcryptonostra.com/,https://cdn.prod.website-files.com/61e8788db85eabd9f0305f67/6900d6d8d27a0fe234a663ae_official%20crypto%20nostra.png,,blockchain-futurist-florida,,1,,,,,,,,,,,,,,,,,,,,,,,,,,
OG Club DAO,Community Partner,,https://cdn.prod.website-files.com/6756df8f05088bc3e51c64ea/690da87e2c60698584fecd82_bZEJ_wboIu9huwn24RO9Lvhd-TQZl9UwMirGbyuC-Qw.png,,token2049-singapore,2026,1,https://www.token2049.com/singapore/partners,,TOKEN2049 Singapore,,,,,,,,,,,,,,,,,,,,,,Carried over from 2025 lineup (per page label),
OIA Global,Byte,https://www.oiaglobal.com/,,,mining-disrupt,,1,,,,,,,,,,,,,,,,,,,,,,,,,,
OKX,Title Sponsor,,https://cdn.prod.website-files.com/6756df8f05088bc3e51c64ea/6a3a81d16557c2a7d41bcc34_OKX.png,,token2049-singapore,2026,1,https://www.token2049.com/singapore/partners,,TOKEN2049 Singapore,,,,,,,,,,,,,,,,,,,,,,Confirmed 2026 sponsor,
Old Money Payments,Sponsor/Exhibitor,,https://tickets.sigma.world/img/companies/tmp/company-101872-1722514488.png,"Payneteasy is a payment technology company offering a white-label, payment-gateway to PSPs as well as a payment cashier to merchants such as Fx brokers, Crypto exchanges, Gaming operators and more. We can also offer payment services via our PSP customers.",sigma-world-rome,,1,,,"SiGMA World 2026 (Rome, Fiera Roma, Nov 2-5 2026)",,,,,,,,,,,,,,,,,,,,,,,
Ookla,Telecommunications & IT,,,,web-summit-lisbon,2025,1,,,,,,,,,,,,,,,,,,,,,,,,,,https://websummit.com/appearances/lis25/f051d20f-4854-4862-bd33-e4af36dfc2fc/ookla
openledger,Bronze,https://openledger.xyz/,https://framerusercontent.com/images/BQVrDM92CbG10dZpo5iiLuV2M.png?scale-down-to=512&width=634&height=288,,korea-blockchain-week,2025,1,,,,,,,,,,,,,,,,,,,,,,,,,,
OpenSea,Exhibitor,https://opensea.io/,https://api.rareevo.io/storage/domains/rareevo.io/organizations/logos/OpenSea-Full-Logo (dark).png,fdsfadsfad,rare-evo,,1,,,Rare Evo 2026,,,,exhibitor,,,,,,active,37,,,,,,,,,,,,
Optio,Platinum & Gold,https://optio.community,https://cdn.prod.website-files.com/61e8788db85eabd9f0305f67/68cbaa43ca5c9415efb1f575_optio.png,,blockchain-futurist-florida,,1,,,,,,,,,,,,,,,,,,,,,,,,,,
Orbis86,Partner:Media Partners,https://orbis86.com/,https://blockchain-life.com/wp-content/uploads/2025/06/logo-orbis-86.jpg,,blockchain-life-forum,2026,1,,,,,,,,,,,,,,,,,,,,,,,,,,
Orbis86,Community Partner,,https://cdn.prod.website-files.com/6756df8f05088bc3e51c64ea/68b4505b001ec618b3acba91_niGZI_ltXnbqOH5alhnEzRUndeq0r-z0Lja_N6IDQ0g.png,,token2049-singapore,2026,1,https://www.token2049.com/singapore/partners,,TOKEN2049 Singapore,,,,,,,,,,,,,,,,,,,,,,Carried over from 2025 lineup (per page label),
orbs,Bronze,https://www.orbs.com/,https://framerusercontent.com/images/miLlLT0nEEEOzUsBRGxeiZfMHM.png?scale-down-to=512&width=634&height=288,,korea-blockchain-week,2025,1,,,,,,,,,,,,,,,,,,,,,,,,,,
orbt,Title,https://www.orbt.xyz/,https://framerusercontent.com/images/wQJ33deRPjDE2HRe2x2ndqkpT0.png?scale-down-to=512&width=1057&height=480,,korea-blockchain-week,2025,1,,,,,,,,,,,,,,,,,,,,,,,,,,
orderly,Bronze,https://orderly.network/,https://framerusercontent.com/images/PUGfOej4tICuvPK3eukQJQ8rk.png?scale-down-to=512&width=634&height=288,,korea-blockchain-week,2025,1,,,,,,,,,,,,,,,,,,,,,,,,,,
Origin Protocol,Exhibitor,https://www.originprotocol.com/,https://api.rareevo.io/storage/domains/rareevo.io/organizations/logos/Origin Logo - Black.png,,rare-evo,,1,,,Rare Evo 2026,,,,exhibitor,,,,,,active,123,,,,,,,,,,,,
Orion Digital,Gold,https://www.oriondigitalinc.com/,,,blockchain-futurist-toronto,,1,,,Blockchain Futurist Conference Toronto 2026,,,,,,,,,,,,,,,,,,,,,,,
Oversubscribed Capital,Community Partner,,https://cdn.prod.website-files.com/6756df8f05088bc3e51c64ea/690da893fe1c83daec56e1e3_OtNq6CnA1PT8ERnLDHydqAtPRe_I5CZ5KWV75vrMt7E.png,,token2049-singapore,2026,1,https://www.token2049.com/singapore/partners,,TOKEN2049 Singapore,,,,,,,,,,,,,,,,,,,,,,Carried over from 2025 lineup (per page label),
OversubscribedC (X),Partner:Info Partners,https://x.com/OversubscribedC,https://blockchain-life.com/wp-content/uploads/2025/09/logo-3.png,,blockchain-life-forum,2026,1,,,,,,,,,,,,,,,,,,,,,,,,,,
OVEX,1 Block,https://ovex.com/en,https://cdn.prod.website-files.com/687f979126432c8ce843e6d7/6914864a0a19b83f891a1f76_da3140d2-4331-4f6c-978a-280f83db0e7a-ticket-hs_file_upload-ovex-logo-black.webp,"OVEX is an African-focused crypto exchange enabling cryptocurrency as the default settlement layer for faster, more secure cross-border payments. We provide deep liquidity and robust local rails for high-volume and institutional-grade clients.",bitcoin-mena,2025,1,https://mena.b.tc/sponsor,https://x.com/OVEXIO; https://www.linkedin.com/company/ovex-exchange/; https://www.facebook.com/OVEXio,Bitcoin MENA,,,,,,,,,,,,,,,,,,,,,,,
OVHcloud,Silver Sponsor,,https://cdn.prod.website-files.com/6756df8f05088bc3e51c64ea/6a3a9458c17822ec8e8b9335_OVHCloud.png,,token2049-singapore,2026,1,https://www.token2049.com/singapore/partners,,TOKEN2049 Singapore,,,,,,,,,,,,,,,,,,,,,,Confirmed 2026 sponsor,
P.Cash,Sponsor:Gold sponsors,https://p.cash/ru,https://blockchain-life.com/wp-content/uploads/2025/06/p.cash_light-01.svg,"Non-custodial wallet and analytics with PIRATE, COSA, and wDASH integration",blockchain-life-forum,2026,1,,,,,,,,,,,,,,,,,,,,,,,,,,
pacific-meta,Copper,https://pacific-meta.co.jp/,https://framerusercontent.com/images/hl4r3a0LXEhvc57IUS5CSn7oQ.png?scale-down-to=512&width=634&height=288,,korea-blockchain-week,2025,1,,,,,,,,,,,,,,,,,,,,,,,,,,
Palau Digital Residency Program,Community Partner,,https://cdn.prod.website-files.com/6756df8f05088bc3e51c64ea/690da89f44c40c87f34916f1_1fEGHV3waSgbTHPQK7Wrq6uD4Ez-mWbx4fNUkKULSJ4.png,,token2049-singapore,2026,1,https://www.token2049.com/singapore/partners,,TOKEN2049 Singapore,,,,,,,,,,,,,,,,,,,,,,Carried over from 2025 lineup (per page label),
Palladium Network,Silver & Bronze,https://plld.net,https://cdn.prod.website-files.com/61e8788db85eabd9f0305f67/68d401fb45431b69ca7fb48c_palladium.png,,blockchain-futurist-florida,,1,,,,,,,,,,,,,,,,,,,,,,,,,,
PandeeBot (Telegram),Partner:Info Partners,https://t.me/PandeeBot,https://blockchain-life.com/wp-content/uploads/2025/09/Logo-Pandee.png,,blockchain-life-forum,2026,1,,,,,,,,,,,,,,,,,,,,,,,,,,
panewslab,Attending Media,https://www.panewslab.com/,https://framerusercontent.com/images/rXK7xEKWpo5P3BIpTYPfNRFSV4.png?scale-down-to=512&width=634&height=288,,korea-blockchain-week,2025,1,,,,,,,,,,,,,,,,,,,,,,,,,,
Passey,1 Block,https://passey.xyz/,,,bitcoin-asia,,1,,,,,,,,,,,,,,,,,,,,,,,,,,
PAX Markets,Silver Sponsor,,https://cdn.prod.website-files.com/6756df8f05088bc3e51c64ea/6a3a9453c17822ec8e8b91fd_PAX-Markets.png,,token2049-singapore,2026,1,https://www.token2049.com/singapore/partners,,TOKEN2049 Singapore,,,,,,,,,,,,,,,,,,,,,,Confirmed 2026 sponsor,
Pay Planet (Techmark Limited),Sponsor/Exhibitor,,https://tickets.sigma.world/img/companies/tmp/company-102769-1764155552.png,"Payneteasy is a payment technology company offering a white-label, payment-gateway to PSPs as well as a payment cashier to merchants such as Fx brokers, Crypto exchanges, Gaming operators and more. We can also offer payment services via our PSP customers.",sigma-world-rome,,1,,,"SiGMA World 2026 (Rome, Fiera Roma, Nov 2-5 2026)",,,,,,,,,,,,,,,,,,,,,,,
Payneteasy,Sponsor/Exhibitor,,https://tickets.sigma.world/img/companies/tmp/company-101329-1702376080.png,"Payneteasy is a payment technology company offering a white-label, payment-gateway to PSPs as well as a payment cashier to merchants such as Fx brokers, Crypto exchanges, Gaming operators and more. We can also offer payment services via our PSP customers.",sigma-world-rome,,1,,,"SiGMA World 2026 (Rome, Fiera Roma, Nov 2-5 2026)",,,,,,,,,,,,,,,,,,,,,,,
PaynoPain,Sponsor/Exhibitor,,https://tickets.sigma.world/img/companies/tmp/company-101125-1702375963.png,"PaynoPain is a Spanish fintech company that has been a benchmark within the online payment vertical for 10 years. Their main activity focuses on research and development of payment tools to facilitate day-to-day transactions, using the most current technology in order to guarantee agility in processes and the maximum security. At PaynoPain they are specialized in helping to comply with regulations, such as PSD2, without increasing friction points. Faster payments for a higher conversion rate and more satisfied customers.",sigma-world-rome,,1,,,"SiGMA World 2026 (Rome, Fiera Roma, Nov 2-5 2026)",,,,,,,,,,,,,,,,,,,,,,,
Payper,Gold,https://payper.ca/,,,blockchain-futurist-toronto,,1,,,Blockchain Futurist Conference Toronto 2026,,,,,,,,,,,,,,,,,,,,,,,
payprotocol,Silver,https://www.payprotocol.io/,https://framerusercontent.com/images/XfLDwEgFYCIfmgotFWrYbNmU.png?scale-down-to=512&width=775&height=352,,korea-blockchain-week,2025,1,,,,,,,,,,,,,,,,,,,,,,,,,,
Paystand,Kilo,https://www.paystand.com/,,,mining-disrupt,,1,,,,,,,,,,,,,,,,,,,,,,,,,,
PBpay,Sponsor/Exhibitor,,https://tickets.sigma.world/img/companies/tmp/company-101383-1702376099.png,,sigma-world-rome,,1,,,"SiGMA World 2026 (Rome, Fiera Roma, Nov 2-5 2026)",,,,,,,,,,,,,,,,,,,,,,,
peaq,Title,https://www.peaq.network,https://framerusercontent.com/images/Tzpe8DSRciJSkKo1uj7TTqx7M.png?scale-down-to=512&width=1057&height=480,,korea-blockchain-week,2025,1,,,,,,,,,,,,,,,,,,,,,,,,,,
Peerfolio,Copper,https://getpeerfolio.app/,,,blockchain-futurist-toronto,,1,,,Blockchain Futurist Conference Toronto 2026,,,,,,,,,,,,,,,,,,,,,,,
Peerkat,,,,,ripple-swell-apex,2025,1,,,,,,,,,,,,,,,,,,,,,,,,,,
Peersyst,,,,,ripple-swell-apex,2025,1,,,,,,,,,,,,,,,,,,,,,,,,,,
Permex Petroleum,1 Block,https://permexpetroleum.com,https://cdn.prod.website-files.com/68b852e37770c3bed85139ee/69e6f327814dd91e31172f1c_permexpetroleum_dark-_3_.webp,Junior oil and gas company with operations in Permian Basin and Delaware Sub-Basin focusing on sustainable development.,bitcoin-amsterdam,,1,,,,,,,,,,,,,,,,,,,,,,,,,,
Philippine Blockchain Week,Community Partner,,https://cdn.prod.website-files.com/6756df8f05088bc3e51c64ea/690da8a144c40c87f349189c_Bk5YDbUSmfxmrHFrbc_NkHZobmKN7-p4Ws_WaiQkN68.png,,token2049-singapore,2026,1,https://www.token2049.com/singapore/partners,,TOKEN2049 Singapore,,,,,,,,,,,,,,,,,,,,,,Carried over from 2025 lineup (per page label),
PhotonPay,Silver Sponsor,,https://cdn.prod.website-files.com/6756df8f05088bc3e51c64ea/6a3a9453c17822ec8e8b91f7_PhotonPay.png,,token2049-singapore,2026,1,https://www.token2049.com/singapore/partners,,TOKEN2049 Singapore,,,,,,,,,,,,,,,,,,,,,,Confirmed 2026 sponsor,
Picsart,"Advertising, content & marketing",,,,web-summit-lisbon,2025,1,,,,,,,,,,,,,,,,,,,,,,,,,,https://websummit.com/appearances/lis25/a5657034-fa20-4fc8-b14d-c4b015fb9981/picsart
PitchBook,Venture capital & private equity,,,,web-summit-lisbon,2025,1,,,,,,,,,,,,,,,,,,,,,,,,,,https://websummit.com/appearances/lis25/ba44f04b-f187-44fb-a660-486b46a597b3/pitchbook
PlanX,Silver Sponsor,,https://cdn.prod.website-files.com/6756df8f05088bc3e51c64ea/6a3a9458c17822ec8e8b9332_PlanX.png,,token2049-singapore,2026,1,https://www.token2049.com/singapore/partners,,TOKEN2049 Singapore,,,,,,,,,,,,,,,,,,,,,,Confirmed 2026 sponsor,
Plaud Inc.,AI & machine learning,,,,web-summit-lisbon,2025,1,,,,,,,,,,,,,,,,,,,,,,,,,,https://websummit.com/appearances/lis25/7ef9fcb6-0ee2-424b-9f36-5de123b89a27/plaud-inc.
Playfina,Sponsor/Exhibitor,,https://tickets.sigma.world/img/companies/tmp/company-101533-1709281813.webp,"SoftGamings is a B2B casino platforms provider and gaming systems aggregator. With over 13 years of experience in the industry, SoftGamings provides solutions demanded in the market and develops its own creative solutions – White Label, Turnkey, Self-Service, Bitcoin platform solutions, Bonus System Standalone feature, Sportsbook solution, Slots Bundle, Live Bundle and Casino Games Integration. SoftGamingsâ€™ strong IT team can also provide gamification possibilities, which is one of the major industry trends. Products portfolio includes 150+ gaming suppliers with 3000+ games.",sigma-world-rome,,1,,,"SiGMA World 2026 (Rome, Fiera Roma, Nov 2-5 2026)",,,,,,,,,,,,,,,,,,,,,,,
PlebSource,Mega,https://plebsource.com/,,,mining-disrupt,,1,,,,,,,,,,,,,,,,,,,,,,,,,,
Pledge Protocol,Copper,https://www.pledgeprotocol.com/,https://cdn.prod.website-files.com/61e8788db85eabd9f0305f67/67f80e2318520d9c6f328bf0_pledge%20protocol.png,,blockchain-futurist-florida,,1,,,,,,,,,,,,,,,,,,,,,,,,,,
Plug and Play,Community Partner,,https://cdn.prod.website-files.com/6756df8f05088bc3e51c64ea/690da8b60e3618fbe31dd4a6_4VTrm11CY-lklojTYY00LrCa456AJOtQaE8qMEzCKQo.png,,token2049-singapore,2026,1,https://www.token2049.com/singapore/partners,,TOKEN2049 Singapore,,,,,,,,,,,,,,,,,,,,,,Carried over from 2025 lineup (per page label),
Plug and Play APAC,Community Partner,,https://cdn.prod.website-files.com/6756df8f05088bc3e51c64ea/68b4503cf50745445fc27572_1bTQ3SVYW8UlfIhkeavMvFNMXSJIJ-6czvilzD2H9Rg.png,,token2049-singapore,2026,1,https://www.token2049.com/singapore/partners,,TOKEN2049 Singapore,,,,,,,,,,,,,,,,,,,,,,Carried over from 2025 lineup (per page label),
plumenetwork,Title;Silver,https://plumenetwork.xyz,https://framerusercontent.com/images/0DN4PwzRnQu186fHsalub8Tb8E.svg?width=266&height=122,,korea-blockchain-week,2025,1,,,,,,,,,,,,,,,,,,,,,,,,,,
Pluralsight,SaaS,,,,web-summit-lisbon,2025,1,,,,,,,,,,,,,,,,,,,,,,,,,,https://websummit.com/appearances/lis25/9e51c5cb-e9c6-41e7-b0a2-9d1b38606acd/pluralsight
PLUSworld,Partner:Info Partners,https://plusworld.ru,https://blockchain-life.com/wp-content/uploads/2025/09/plus-word1-1.png,,blockchain-life-forum,2026,1,,,,,,,,,,,,,,,,,,,,,,,,,,
polymesh,Bronze,https://polymesh.network/,https://framerusercontent.com/images/YcrViscXY5wprKjZmWZWxzcJw.png?scale-down-to=512&width=634&height=288,,korea-blockchain-week,2025,1,,,,,,,,,,,,,,,,,,,,,,,,,,
PowerPool,Byte,https://powerpool.io/,,,mining-disrupt,,1,,,,,,,,,,,,,,,,,,,,,,,,,,
PR Newswire,Community Partner,,https://cdn.prod.website-files.com/6756df8f05088bc3e51c64ea/690da8b745a1c99c3f8aa4a6_P0HPDayuvo45S_KrAWBsALS6_x4OlPHOOBMjZ3S0HQs.png,,token2049-singapore,2026,1,https://www.token2049.com/singapore/partners,,TOKEN2049 Singapore,,,,,,,,,,,,,,,,,,,,,,Carried over from 2025 lineup (per page label),
Prenetics/IM8,1 Block,https://www.prenetics.com/,https://cdn.prod.website-files.com/687f979126432c8ce843e6d7/69207b004edd760f6028191b_logo_red-samantha-kwok.webp,"Prenetics (NASDAQ: PRE) is the world's first sustainable Bitcoin treasury company, uniquely positioned with a dual-engine growth strategy that combines profitable healthcare operations with systematic Bitcoin accumulation through both organic cash flows and strategic external funding. Prenetics operates IM8, the world's fastest-growing supplements brand co-founded by David Beckham, which will generate $100M+ ARR in its first 12 months from launch, providing strong cash flows to fund daily Bitcoin purchases. This positions Prenetics to build one of the largest corporate Bitcoin treasury strategies while maintaining operational profitability and providing both asset value protection and unlimited Bitcoin upside potential.",bitcoin-mena,2025,1,https://mena.b.tc/sponsor,https://x.com/prenetics; https://www.linkedin.com/company/prenetics; https://www.facebook.com/prenetics/,Bitcoin MENA,,,,,,,,,,,,,,,,,,,,,,,
Primal,1 Block,https://primal.net,https://cdn.prod.website-files.com/68b852e37770c3bed85139ee/69e6ec5987801cbb31b5fc10_primal-logo_white-bg-miljan-braticevic.webp,Most popular Nostr client with built-in Bitcoin wallet functionality.,bitcoin-amsterdam,,1,,,,,,,,,,,,,,,,,,,,,,,,,,
Princeton Blockchain Club,Education Partner,,https://cdn.prod.website-files.com/6756df8f05088bc3e51c64ea/68c7b776052fdcd38265aeaa_nv7x9IJwml1A57yk_ER38uAFJJE9SCruIfvb7hdmNCk.png,,token2049-singapore,2026,1,https://www.token2049.com/singapore/partners,,TOKEN2049 Singapore,,,,,,,,,,,,,,,,,,,,,,Carried over from 2025 lineup (per page label),
Print Crypto,Byte,https://printcrypto.io/,,,mining-disrupt,,1,,,,,,,,,,,,,,,,,,,,,,,,,,
Privy,Exhibitor,https://www.privy.io/,https://api.rareevo.io/storage/domains/rareevo.io/organizations/logos/Privy_Brandmark_Black.png,,rare-evo,,1,,,Rare Evo 2026,,,,exhibitor,,,,,,active,116,,,,,,,,,,,,
Pro-Babki,Partner:Info Partners,https://pro-babki.ru/,https://blockchain-life.com/wp-content/uploads/2025/06/probabki-svg-logo.svg,,blockchain-life-forum,2026,1,,,,,,,,,,,,,,,,,,,,,,,,,,
Proleo.io,Partner:Info Partners,https://proleo.io/,https://blockchain-life.com/wp-content/uploads/2025/06/Proleo-Logo.png,,blockchain-life-forum,2026,1,,,,,,,,,,,,,,,,,,,,,,,,,,
Prometheus Productions,Exhibitor,,https://api.rareevo.io/storage/domains/rareevo.io/organizations/logos/prometheus_tansparent.png,,rare-evo,,1,,,Rare Evo 2026,,,,exhibitor,,,,,,active,154,,,,,,,,,,,,
Promocode Media,Partner,https://promocodemedia.com/,https://api.rareevo.io/storage/domains/rareevo.io/organizations/logos/Typeset logo black.png,"Promocode Media is your trusted source for exclusive promotional codes and maximum savings on premier blockchain and Web3 conferences. Trusted by over 200K readers, Promocode Media specialize in curating the best discounts, ticket promo codes, and insider deals for top events in blockchain, AI, fintech, and emerging tech trends.",rare-evo,,1,,,Rare Evo 2026,,,,partner,,,,,,inactive,127,,,,,,,,,,,,
Proof of Sweat,Exhibitor,,https://api.rareevo.io/storage/domains/rareevo.io/organizations/logos/pos_transparent.png,,rare-evo,,1,,,Rare Evo 2026,,,,exhibitor,,,,,,active,153,,,,,,,,,,,,
psy,Bronze,https://psy.xyz/,https://framerusercontent.com/images/ZZfdIGmxfXgtYZ1MXUGKc3gcgU.png?scale-down-to=512&width=634&height=288,,korea-blockchain-week,2025,1,,,,,,,,,,,,,,,,,,,,,,,,,,
PTT (Peace Through Trade),Platinum & Gold,https://zdkl.online/,https://cdn.prod.website-files.com/61e8788db85eabd9f0305f67/68bef2d7428f2b40c62492a5_ptt.png,,blockchain-futurist-florida,,1,,,,,,,,,,,,,,,,,,,,,,,,,,
Pudgy,Gold,https://x.com/PudgyCanada,,,blockchain-futurist-toronto,,1,,,Blockchain Futurist Conference Toronto 2026,,,,,,,,,,,,,,,,,,,,,,,
PuneDAO,Community Partner,,https://cdn.prod.website-files.com/6756df8f05088bc3e51c64ea/690da8bd6b5af2491da66e30_kW50QH0hrj2iBsUHbm5xPuZ68_cA0w4Gyd6hXVGENns.png,,token2049-singapore,2026,1,https://www.token2049.com/singapore/partners,,TOKEN2049 Singapore,,,,,,,,,,,,,,,,,,,,,,Carried over from 2025 lineup (per page label),
Purple Horizons,Silver & Bronze,https://purplehorizons.io/,https://cdn.prod.website-files.com/61e8788db85eabd9f0305f67/68712e4c4441cc43a4544e31_purple%20horizons.png,,blockchain-futurist-florida,,1,,,,,,,,,,,,,,,,,,,,,,,,,,
Pyth,Gold,https://www.pyth.network/,,"Pyth is a decentralized oracle network that publishes low-latency price feeds and market data for crypto, equities, foreign exchange, and commodities. The network is used by onchain applications that need timely data for trading, lending, risk management, and other financial workflows.",solana-breakpoint,,1,,,,,,,,,https://www.linkedin.com/company/pyth-network/,,,,,,,Infrastructure,Protocol,Real-time market data for decentralized applications.,Pyth is an oracle network delivering real-time financial market data to applications across Solana and other blockchains.,https://x.com/PythNetwork,https://discord.com/invite/PythNetwork,https://github.com/pyth-network,https://t.me/Pyth_Network,https://www.youtube.com/@pythnetwork,,
Qatar Insurance,Fintech & financial services,,,,web-summit-lisbon,2025,1,,,,,,,,,,,,,,,,,,,,,,,,,,https://websummit.com/appearances/lis25/cecf8be0-6815-4c3f-98d2-0a284c176b57/qatar-insurance
Qualcomm,AI & machine learning,,,,web-summit-lisbon,2025,1,,,,,,,,,,,,,,,,,,,,,,,,,,https://websummit.com/appearances/lis25/8dd3c750-43ae-4d64-9714-c7e288245a39/qualcomm
Quasa,Partner:Info Partners,https://quasa.io/rewards,https://blockchain-life.com/wp-content/uploads/2025/06/2025-08-15-17.47.41.jpg,,blockchain-life-forum,2026,1,,,,,,,,,,,,,,,,,,,,,,,,,,
Rain,1 Block,https://www.rain.com/en-ae,https://cdn.prod.website-files.com/687f979126432c8ce843e6d7/69207ab6e37138240e301d09_6716624caa24a00270c670ab_logo_light.webp,"Rain is a cryptocurrency brokerage and custodian servicing the Middle East, Turkey, and North Africa.",bitcoin-mena,2025,1,https://mena.b.tc/sponsor,https://x.com/rain; https://www.linkedin.com/company/rain/; https://www.facebook.com/rainfinancial,Bitcoin MENA,,,,,,,,,,,,,,,,,,,,,,,
Ralph Lauren,Lifestyle Partner,,https://cdn.prod.website-files.com/6756df8f05088bc3e51c64ea/68d973246e9c04ee80f831d9_lcZChpPiN-2ADFGvVMNhjQo3va0AFm7nRe4z3VEifIk.svg,,token2049-singapore,2026,1,https://www.token2049.com/singapore/partners,,TOKEN2049 Singapore,,,,,,,,,,,,,,,,,,,,,,Carried over from 2025 lineup (per page label),
Ravariant Labs,Exhibitor,https://www.ravariant.com/,https://api.rareevo.io/storage/domains/rareevo.io/organizations/logos/ravariant-logo_black.png,,rare-evo,,1,,,Rare Evo 2026,,,,exhibitor,,,,,,active,169,,,,,,,,,,,,
RBC,Partner:Strategic Info Partner,https://www.rbc.ru/,https://blockchain-life.com/wp-content/uploads/2025/06/Snimok-ekrana-2025-08-12-v-15.39.30.png,,blockchain-life-forum,2026,1,,,,,,,,,,,,,,,,,,,,,,,,,,
Ready Player Club,Community Partner,,https://cdn.prod.website-files.com/6756df8f05088bc3e51c64ea/6891933b3356a6d78eb03e83_tlpPI_Ibt4SM--FgIUysN8-DZQigzblO3Q2o-ukns8M.svg,,token2049-singapore,2026,1,https://www.token2049.com/singapore/partners,,TOKEN2049 Singapore,,,,,,,,,,,,,,,,,,,,,,Carried over from 2025 lineup (per page label),
Rebud,Exhibitor,https://www.rebud.com/,https://eventstack.app/storage/domains/dev.rareevo.io/organizations/logos/ScqNkdqFW6nHSWAGahQ0saUNR09qeFPgP6JYd48v.png,,rare-evo,,1,,,Rare Evo 2026,,,,exhibitor,,,,,,inactive,71,,,,,,,,,,,,
recall,Bronze,https://recall.network/,https://framerusercontent.com/images/jMHXJCGQnslmkfLcbYzK15JRs.png?scale-down-to=512&width=634&height=288,,korea-blockchain-week,2025,1,,,,,,,,,,,,,,,,,,,,,,,,,,
Recognizant,Silver & Bronze,http://recognizant.io/,https://cdn.prod.website-files.com/61e8788db85eabd9f0305f67/68e3fff416da78274b1a8919_re%20cog%20nizant.png,,blockchain-futurist-florida,,1,,,,,,,,,,,,,,,,,,,,,,,,,,
recyclefarm,Bronze,https://recyclefarm.io/,https://framerusercontent.com/images/AWdL7nqAM7m3kcR8yyw7vr4p65Y.png?scale-down-to=512&width=634&height=288,,korea-blockchain-week,2025,1,,,,,,,,,,,,,,,,,,,,,,,,,,
RedotPay,,,,,ripple-swell-apex,2025,1,,,,,,,,,,,,,,,,,,,,,,,,,,
rekt,Bronze,https://rekt.com/,https://framerusercontent.com/images/8pJYMBjfNBx2neJlUwxszXpOXc.png?scale-down-to=512&width=634&height=288,,korea-blockchain-week,2025,1,,,,,,,,,,,,,,,,,,,,,,,,,,
Remote,HR & recruitment,,,,web-summit-lisbon,2025,1,,,,,,,,,,,,,,,,,,,,,,,,,,https://websummit.com/appearances/lis25/dc813b64-c774-4b88-80a1-0811375dac9d/remote
Rensa Filtration,Byte,https://www.rensafiltration.com/,,,mining-disrupt,,1,,,,,,,,,,,,,,,,,,,,,,,,,,
RepairBit,Kilo,https://repairbit.io/,,,mining-disrupt,,1,,,,,,,,,,,,,,,,,,,,,,,,,,
Replit,SaaS,,,,web-summit-lisbon,2025,1,,,,,,,,,,,,,,,,,,,,,,,,,profile UUID not captured,https://websummit.com/appearances/lis25/
reuters,Attending Media,https://www.reuters.com/,https://framerusercontent.com/images/h3GTK9w2jyRgIuhhwDeHG9aqZs.png?scale-down-to=512&width=634&height=288,,korea-blockchain-week,2025,1,,,,,,,,,,,,,,,,,,,,,,,,,,
Reuters,Media Partner,,https://cdn.prod.website-files.com/6756df8f05088bc3e51c64ea/6914048240bb7ca15a625b52_FdkOUJAD2cEtPuxC3eIctij6KRJKFTWuPrCGHzenQeU.png,,token2049-singapore,2026,1,https://www.token2049.com/singapore/partners,,TOKEN2049 Singapore,,,,,,,,,,,,,,,,,,,,,,Carried over from 2025 lineup (per page label),
RevenueLab (RevSharks),Sponsor/Exhibitor,,https://tickets.sigma.world/img/companies/tmp/company-100093-1702375996.png,,sigma-world-rome,,1,,,"SiGMA World 2026 (Rome, Fiera Roma, Nov 2-5 2026)",,,,,,,,,,,,,,,,,,,,,,,
Revolut People,HR & recruitment,,,,web-summit-lisbon,2025,1,,,,,,,,,,,,,,,,,,,,,,,,,,https://websummit.com/appearances/lis25/bae85ee2-7f4f-4301-a96a-b514bac459aa/revolut-people
Revolve Labs,Kilo,https://www.revolvelabs.ai/,,,mining-disrupt,,1,,,,,,,,,,,,,,,,,,,,,,,,,,
ReWallet AG,1 Block,https://rewallet.com,,,bitcoin-asia,,1,,,,,,,,,,,,,,,,,,,,,,,,,,
rialo,Silver,https://www.rialo.xyz/,https://framerusercontent.com/images/IoQCkhZrThaug6etQ3JSEyki6Fw.png?scale-down-to=512&width=775&height=352,,korea-blockchain-week,2025,1,,,,,,,,,,,,,,,,,,,,,,,,,,
Riot Platforms,Gold,https://www.riotplatforms.com,https://static.wixstatic.com/media/dea30a_ff9ba308a6b2447785d86eb9e4ad5841.png,,bitcoin-policy-summit,2025,1,https://www.btcpolicysummit.org/sponsors,,Bitcoin Policy Summit 2025,,,,,,,,,,,,,,,,,,,,,,,
Rise In,Community Partner,,https://cdn.prod.website-files.com/6756df8f05088bc3e51c64ea/690da8c7d77bedd17fcb4836_rH0tC5qROQu1LE7y6azQazmTTXMOuatm9eG_U6xenT8.png,,token2049-singapore,2026,1,https://www.token2049.com/singapore/partners,,TOKEN2049 Singapore,,,,,,,,,,,,,,,,,,,,,,Carried over from 2025 lineup (per page label),
River,Bronze,https://river.com,https://static.wixstatic.com/media/5b61ba_aab8e8b01fed4f6b8331a51f4312ddad.png,,bitcoin-policy-summit,2025,1,https://www.btcpolicysummit.org/sponsors,,Bitcoin Policy Summit 2025,,,,,,,,,,,,,,,,,,,,,,,
riverArk,Exhibitor,https://riverark.io/,https://api.rareevo.io/storage/domains/rareevo.io/organizations/logos/RA_logo_Lg.png,,rare-evo,,1,,,Rare Evo 2026,,,,exhibitor,,,,,,active,198,,,,,,,,,,,,
RK Mission Critical,Byte,https://www.rkmissioncritical.com/,,,mining-disrupt,,1,,,,,,,,,,,,,,,,,,,,,,,,,,
roa,Bronze,https://roa.airsdropalerts.click/claim,https://framerusercontent.com/images/uQPCppCQ4254zhZjhW2HjT5xd0.png?scale-down-to=512&width=634&height=288,,korea-blockchain-week,2025,1,,,,,,,,,,,,,,,,,,,,,,,,,,
roam,Silver,https://www.roam.network/,https://framerusercontent.com/images/83SLONC0OL2u1AveM4Ictc6KL2A.png?scale-down-to=512&width=775&height=352,,korea-blockchain-week,2025,1,,,,,,,,,,,,,,,,,,,,,,,,,,
Robinhood,Gold,https://robinhood.com/us/en/,,,blockchain-futurist-toronto,,1,,,Blockchain Futurist Conference Toronto 2026,,,,,,,,,,,,,,,,,,,,,,,
Roland Berger,Legal & professional services,,,,web-summit-lisbon,2025,1,,,,,,,,,,,,,,,,,,,,,,,,,,https://websummit.com/appearances/lis25/bcd0e1a8-5159-4120-bdc8-936b84776369/roland-berger
roninchain,Bronze,https://roninchain.com/,https://framerusercontent.com/images/nKp0utHwGiba74FDIdbK1YmAAwA.png?scale-down-to=512&width=634&height=288,,korea-blockchain-week,2025,1,,,,,,,,,,,,,,,,,,,,,,,,,,
Roundtable,Gold,https://roundtable.io/,,,blockchain-futurist-toronto,,1,,,Blockchain Futurist Conference Toronto 2026,,,,,,,,,,,,,,,,,,,,,,,
Roxom TV,1 Block,https://roxom.tv/,https://cdn.prod.website-files.com/687f979126432c8ce843e6d7/68e7e27d3a235342f9ddab62_roxom-tv-logo.webp,,bitcoin-mena,2025,1,https://mena.b.tc/sponsor,,Bitcoin MENA,,,,,,,,,,,,,,,,,,,,,,,
RUDN University,Partner:Community partners,https://www.rudn.ru,https://blockchain-life.com/wp-content/uploads/2025/09/3Tv97BWW3GdamYlx7qMiYth8gPs9GB01OXv3njhr.png,,blockchain-life-forum,2026,1,,,,,,,,,,,,,,,,,,,,,,,,,,
Ruinart,Lifestyle Partner,,https://cdn.prod.website-files.com/6756df8f05088bc3e51c64ea/68d15a1f2a9a9b37af52c58b_yrfsc31gTBlXGGmrXocbNJI7ESSpLwwKZZBEoOOFp6k.avif,,token2049-singapore,2026,1,https://www.token2049.com/singapore/partners,,TOKEN2049 Singapore,,,,,,,,,,,,,,,,,,,,,,Carried over from 2025 lineup (per page label),
Rutab,Partner:Info Partners,https://rutab.net,https://blockchain-life.com/wp-content/uploads/2025/09/rutab.png,,blockchain-life-forum,2026,1,,,,,,,,,,,,,,,,,,,,,,,,,,
Sadis & Goldberg,Silver & Bronze,http://sadis.com/,https://cdn.prod.website-files.com/61e8788db85eabd9f0305f67/68c6f576fa9f9797d7cb089b_sadis.png,,blockchain-futurist-florida,,1,,,,,,,,,,,,,,,,,,,,,,,,,,
saharalabs,Diamond,https://www.saharalabs.ai/,https://framerusercontent.com/images/0PAlaQIKBB1mW10CLHCQIJc6A.png?scale-down-to=512&width=1056&height=480,,korea-blockchain-week,2025,1,,,,,,,,,,,,,,,,,,,,,,,,,,
SALT,Host,https://www.salt.org/,,Co-host and organizer of the Wyoming Blockchain Symposium.,wyoming-blockchain-symposium,,1,,,,,,,,,,,,,,,,,,,,,,,,,,
Samara AG,Bronze,https://samara-ag.com,https://static.wixstatic.com/media/5b61ba_cbae50dbcc59424ba14dd6840a575311.png,,bitcoin-policy-summit,2025,1,https://www.btcpolicysummit.org/sponsors,,Bitcoin Policy Summit 2025,,,,,,,,,,,,,,,,,,,,,,,
Sarson Funds,Silver & Bronze,https://sarsonfunds.com/,https://cdn.prod.website-files.com/61e8788db85eabd9f0305f67/68eed6642050fa9ea5c3d8ba_sarson%20funds.png,,blockchain-futurist-florida,,1,,,,,,,,,,,,,,,,,,,,,,,,,,
Satori Coin,1 Block,https://satoricoin.com,,,bitcoin-asia,,1,,,,,,,,,,,,,,,,,,,,,,,,,,
Satoshi Energy,Bronze,https://satoshienergy.com,https://static.wixstatic.com/media/5b61ba_397f9594c17d426b9f61f52e1f989460.png,,bitcoin-policy-summit,2025,1,https://www.btcpolicysummit.org/sponsors,,Bitcoin Policy Summit 2025,,,,,,,,,,,,,,,,,,,,,,,
Satsuma,1 Block,https://www.satsuma.digital/,https://cdn.prod.website-files.com/68b852e37770c3bed85139ee/69e6ec97f81a6a39e0485b91_685c2c3cbc7b29e56f3fc7ae_sat-logo.webp,AI-powered analytical tools company creating trusted convergence point between institutional finance and blockchain.,bitcoin-amsterdam,,1,,,,,,,,,,,,,,,,,,,,,,,,,,
Sazmining,Bronze,https://sazmining.com,https://static.wixstatic.com/media/5b61ba_4e217b65755a40c48752134825a5ce15.png,,bitcoin-policy-summit,2025,1,https://www.btcpolicysummit.org/sponsors,,Bitcoin Policy Summit 2025,,,,,,,,,,,,,,,,,,,,,,,
SCMP,Media Partner,,https://cdn.prod.website-files.com/6756df8f05088bc3e51c64ea/690da6adbe2dc786cfe819c1_DC_Uo4-QWoDqJpQ5AVl2z7_WIQOxBIDYJHokj72K1DM.png,,token2049-singapore,2026,1,https://www.token2049.com/singapore/partners,,TOKEN2049 Singapore,,,,,,,,,,,,,,,,,,,,,,Carried over from 2025 lineup (per page label),
scroll,Bronze,https://scroll.io/,https://framerusercontent.com/images/HPnGccR0Ef25FUzlL0mrvJOhDU.png?scale-down-to=512&width=634&height=288,,korea-blockchain-week,2025,1,,,,,,,,,,,,,,,,,,,,,,,,,,
Sealion Cargo,Byte,https://sealioncargo.com/cryptologistics/,,,mining-disrupt,,1,,,,,,,,,,,,,,,,,,,,,,,,,,
secondswap,Bronze,https://www.secondswap.io/,https://framerusercontent.com/images/24yqJjqQFzNUDzpomNtNFbaJLE.png?scale-down-to=512&width=634&height=288,,korea-blockchain-week,2025,1,,,,,,,,,,,,,,,,,,,,,,,,,,
SecureShift,Sponsor:Gold sponsors,https://secureshift.io,https://blockchain-life.com/wp-content/uploads/2025/09/Secureshift-logo-.svg,Crypto swap platform founded in 2022 supporting 3000+ assets,blockchain-life-forum,2026,1,,,,,,,,,,,,,,,,,,,,,,,,,,
Securities.io,Partner:Info Partners,http://www.securities.io/,https://blockchain-life.com/wp-content/uploads/2025/09/1040x200-blacktext.png,,blockchain-life-forum,2026,1,,,,,,,,,,,,,,,,,,,,,,,,,,
sedaily,Attending Media,https://www.sedaily.com/,https://framerusercontent.com/images/22nVC3fYThxRllS471ThIb4sHO4.png?scale-down-to=512&width=634&height=288,,korea-blockchain-week,2025,1,,,,,,,,,,,,,,,,,,,,,,,,,,
Sei,Partner,https://www.sei.io,,Participating partner; infrastructure and AI-driven design focus.,binance-blockchain-week,2025,1,https://www.passionateinmarketing.com/setting-the-stage-binance-announces-first-wave-of-global-speakers-for-blockchain-week-2025/,,,,,,,,,,,,,,,,,,,,,,,,,
SellGPU,Byte,https://sellgpu.com/,,,mining-disrupt,,1,,,,,,,,,,,,,,,,,,,,,,,,,,
Semler Scientific,Bronze,https://semlerscientific.com,https://static.wixstatic.com/media/5b61ba_65bcc2ddb3ff4cf2bd67a9d2a4446b72.png,,bitcoin-policy-summit,2025,1,https://www.btcpolicysummit.org/sponsors,,Bitcoin Policy Summit 2025,,,,,,,,,,,,,,,,,,,,,,,
SendPulse,SaaS,,,,web-summit-lisbon,2025,1,,,,,,,,,,,,,,,,,,,,,,,,,,https://websummit.com/appearances/lis25/0ae42971-d707-4c93-867b-b1c46544f151/sendpulse
SH3 Agency,Community Partner,,https://cdn.prod.website-files.com/6756df8f05088bc3e51c64ea/690da8c945a1c99c3f8aaa1e_W1vQ6KeYm0lPH2cjx25MdVu0n202ohhYbeXXiny04uk.png,,token2049-singapore,2026,1,https://www.token2049.com/singapore/partners,,TOKEN2049 Singapore,,,,,,,,,,,,,,,,,,,,,,Carried over from 2025 lineup (per page label),
Shakepay,Copper,https://shakepay.com/,,,blockchain-futurist-toronto,,1,,,Blockchain Futurist Conference Toronto 2026,,,,,,,,,,,,,,,,,,,,,,,
sharpstechnology,Silver,https://sharpstechnology.com/,https://framerusercontent.com/images/y4npNmZGXTTSIDKkABC0ephivM4.png?scale-down-to=512&width=775&height=352,,korea-blockchain-week,2025,1,,,,,,,,,,,,,,,,,,,,,,,,,,
Shekel,Exhibitor,https://shekel.xyz/,https://api.rareevo.io/storage/domains/rareevo.io/organizations/logos/symbol-color-wordmark-dark.png,,rare-evo,,1,,,Rare Evo 2026,,,,exhibitor,,,,,,active,197,,,,,,,,,,,,
Shib.io,Platinum & Gold,https://shib.io/,https://cdn.prod.website-files.com/61e8788db85eabd9f0305f67/6882aa56b5d54a1bab4604d0_shib.io.png,,blockchain-futurist-florida,,1,,,,,,,,,,,,,,,,,,,,,,,,,,
Shiro Neko,Silver & Bronze,https://www.shironeko.gg/,https://cdn.prod.website-files.com/61e8788db85eabd9f0305f67/6898aa696722a09433b7f4f1_shiro.png,,blockchain-futurist-florida,,1,,,,,,,,,,,,,,,,,,,,,,,,,,
ShowUp,Community Partner,,https://cdn.prod.website-files.com/6756df8f05088bc3e51c64ea/690da8ecb4badc43167afb80_fox9U-w5S22b_c0FXAttqrxU16y1ljqtO_mkxwanzC8.png,,token2049-singapore,2026,1,https://www.token2049.com/singapore/partners,,TOKEN2049 Singapore,,,,,,,,,,,,,,,,,,,,,,Carried over from 2025 lineup (per page label),
Sidan Lab,Exhibitor,https://sidan.io/,https://api.rareevo.io/storage/domains/rareevo.io/organizations/logos/sidanlogo.png,,rare-evo,,1,,,Rare Evo 2026,,,,exhibitor,,,,,,inactive,122,,,,,,,,,,,,
sidekick,Bronze,https://sidekick.fans/,https://framerusercontent.com/images/LiPMmQcRvmBNmxBPDlwv90513Xo.png?scale-down-to=512&width=634&height=288,,korea-blockchain-week,2025,1,,,,,,,,,,,,,,,,,,,,,,,,,,
sign,Gold,https://sign.global/,https://framerusercontent.com/images/SdrKkaSFUwHgkFvM97dUGb7H7E.png?scale-down-to=512&width=775&height=352,,korea-blockchain-week,2025,1,,,,,,,,,,,,,,,,,,,,,,,,,,
SilverTimes,Silver Sponsor,,https://cdn.prod.website-files.com/6756df8f05088bc3e51c64ea/6a3a9458c17822ec8e8b9338_SilverTimes.png,,token2049-singapore,2026,1,https://www.token2049.com/singapore/partners,,TOKEN2049 Singapore,,,,,,,,,,,,,,,,,,,,,,Confirmed 2026 sponsor,
Simple Mining,1 Block,https://www.simplemining.io/,https://cdn.prod.website-files.com/687f979126432c8ce843e6d7/68e7e27d3a235342f9ddab5f_simple-mining-logo.webp,"Simple Mining is a Vertically Integrated Bitcoin company. We are committed to providing a world class experience in hosting, repairs, and sales for ASIC mining equipment.",bitcoin-mena,2025,1,https://mena.b.tc/sponsor,https://x.com/simpleminingio,Bitcoin MENA,,,,,,,,,,,,,,,,,,,,,,,
SimpleProof,Bronze,https://simpleproof.com,https://static.wixstatic.com/media/5b61ba_f3401b66a9b94181b82fe0d82399a40c.png,,bitcoin-policy-summit,2025,1,https://www.btcpolicysummit.org/sponsors,,Bitcoin Policy Summit 2025,,,,,,,,,,,,,,,,,,,,,,,
Singapore Fintech Association,Community Partner,,https://cdn.prod.website-files.com/6756df8f05088bc3e51c64ea/690da8ed757d8ae52566b50c_K9ciqsROYAh1F2S2ySZY0KNRGiRdAPsEniR9HAYvz1k.png,,token2049-singapore,2026,1,https://www.token2049.com/singapore/partners,,TOKEN2049 Singapore,,,,,,,,,,,,,,,,,,,,,,Carried over from 2025 lineup (per page label),
Singapore Fintech Association (SFA),,,,,ripple-swell-apex,2025,1,,,,,,,,,,,,,,,,,,,,,,,,,,
sktelecom,Gold,https://www.sktelecom.com/,https://framerusercontent.com/images/jr0vAcKWz0TwFc0Vyrs1qRCIA.png?scale-down-to=512&width=775&height=352,,korea-blockchain-week,2025,1,,,,,,,,,,,,,,,,,,,,,,,,,,
Skywalk,Exhibitor,https://www.skywalk.to/,https://api.rareevo.io/storage/domains/rareevo.io/organizations/logos/skywalk_withicon.png,,rare-evo,,1,,,Rare Evo 2026,,,,exhibitor,,,,,,active,184,,,,,,,,,,,,
Sleap.io,Platinum & Gold,https://sleap.io/,https://cdn.prod.website-files.com/61e8788db85eabd9f0305f67/67da1c74054942d76dedeefd_sleap.io.png,,blockchain-futurist-florida,,1,,,,,,,,,,,,,,,,,,,,,,,,,,
Slotegrator,Licensed Exhibitor,,https://tickets.sigma.world/img/companies/tmp/company-100149-1702375749.png,"Since 2012, Slotegrator has been one of the iGaming industryâ€™s leading software and business solution providers for online casino and sportsbook operators. The companyâ€™s main focus is software development and support for online casino platforms, as well as the integration of game content and payment systems. The company works with licensed game developers and offers a vast portfolio of casino content: slots, live casino games, poker, virtual sports, table games, lotteries, casual games, and data feeds for betting. Slotegrator also provides consulting services in gambling license acquisition and business incorporation.",sigma-world-rome,,1,,,"SiGMA World 2026 (Rome, Fiera Roma, Nov 2-5 2026)",,,,,,,,,,,,,,,,,,,,,,,
Smarter Web Company,Bronze,https://smarterwebcompany.co.uk,https://static.wixstatic.com/media/5b61ba_167a6c1bcb434e6e8b937c5346b49f81.png,,bitcoin-policy-summit,2025,1,https://www.btcpolicysummit.org/sponsors,,Bitcoin Policy Summit 2025,,,,,,,,,,,,,,,,,,,,,,,
Smartico,Sponsor/Exhibitor,,https://tickets.sigma.world/img/companies/tmp/company-101196-1702376016.png,,sigma-world-rome,,1,,,"SiGMA World 2026 (Rome, Fiera Roma, Nov 2-5 2026)",,,,,,,,,,,,,,,,,,,,,,,
Smith Filter,Byte,https://smithfilter.com/,,,mining-disrupt,,1,,,,,,,,,,,,,,,,,,,,,,,,,,
Soapbox,Hackathon,https://soapbox.pub/,https://btcpp.nyc3.digitaloceanspaces.com/sponsors/soapbox.svg,,bitcoin-plusplus-berlin,,1,,,,,,,,,,,,,,,,,,,,,,,,,,
SoftGamings,Sponsor/Exhibitor,,https://tickets.sigma.world/img/companies/tmp/company-100061-1723552734.png,"SoftGamings is a B2B casino platforms provider and gaming systems aggregator. With over 13 years of experience in the industry, SoftGamings provides solutions demanded in the market and develops its own creative solutions – White Label, Turnkey, Self-Service, Bitcoin platform solutions, Bonus System Standalone feature, Sportsbook solution, Slots Bundle, Live Bundle and Casino Games Integration. SoftGamingsâ€™ strong IT team can also provide gamification possibilities, which is one of the major industry trends. Products portfolio includes 150+ gaming suppliers with 3000+ games.",sigma-world-rome,,1,,,"SiGMA World 2026 (Rome, Fiera Roma, Nov 2-5 2026)",,,,,,,,,,,,,,,,,,,,,,,
SOFTSWISS,Sponsor/Exhibitor,,https://tickets.sigma.world/img/companies/tmp/company-100151-1742206718.png,"SOFTSWISS is a widely-acclaimed iGaming expert and the very first online gambling software company to start working with cryptocurrencies in 2013, having introduced a bitcoin-optimised online casino solution. The SOFTSWISS brand appeared in July 2009 in Minsk, Belarus. Today the company has an international team, which counts 1,000+ employees and has an official presence in several countries such as Georgia, Malta, and Poland. The company has a vast product portfolio, which includes an Online Casino Platform, Crypto Casino Solution, Managed Services, Game Aggregator with thousands of casino games, the Affilka affiliate platform, the Sportsbook Platform and the Jackpot Aggregator, a…",sigma-world-rome,,1,,,"SiGMA World 2026 (Rome, Fiera Roma, Nov 2-5 2026)",,,,,,,,,,,,,,,,,,,,,,,
Soil,,,,,ripple-swell-apex,2025,1,,,,,,,,,,,,,,,,,,,,,,,,,,
Solana Policy Institute,Platinum,https://www.solanapolicyinstitute.org/,,"The Solana Policy Institute is a non-partisan, not-for-profit organization focused on educating policymakers about how decentralized networks like Solana are transforming the digital economy. The institute serves as a liaison between policymakers and the Solana ecosystem, advocating for legislation and regulation that supports industry growth in the United States.",solana-breakpoint,,1,,,,,,,,,https://www.linkedin.com/company/solana-policy-institute,,,,,,,Policy,Community,Educating policymakers on how decentralized networks are the future of the digital economy,"The Solana Policy Institute is a non-partisan, not-for-profit organization that educates policymakers on decentralized networks and advocates for legal clarity for the Solana ecosystem.",https://x.com/SolanaInstitute,,,,,,
sollong,Bronze,https://sollong.xyz/,https://framerusercontent.com/images/JxuvZc4TEOIXWtNm8Z2QtuJuv7k.png?scale-down-to=512&width=634&height=288,,korea-blockchain-week,2025,1,,,,,,,,,,,,,,,,,,,,,,,,,,
Solo Satoshi,Mega,https://www.solosatoshi.com/,,,mining-disrupt,,1,,,,,,,,,,,,,,,,,,,,,,,,,,
somnia,Bronze,https://www.somnia.network/,https://framerusercontent.com/images/n8fqBO4rfM5NsukETzsTgjMWAQA.png?scale-down-to=512&width=634&height=288,,korea-blockchain-week,2025,1,,,,,,,,,,,,,,,,,,,,,,,,,,
soniclabs,Bronze,https://www.soniclabs.com/,https://framerusercontent.com/images/P36IyS2Z72GHhJpjKG4ZoW1h334.png?scale-down-to=512&width=634&height=288,,korea-blockchain-week,2025,1,,,,,,,,,,,,,,,,,,,,,,,,,,
soo,Silver,https://soo.network/,https://framerusercontent.com/images/jL7emSU6XaN41FfKhP2MokqH0E.png?scale-down-to=512&width=775&height=352,,korea-blockchain-week,2025,1,,,,,,,,,,,,,,,,,,,,,,,,,,
Soqu,Kilo,https://soqucoin.com/,,,mining-disrupt,,1,,,,,,,,,,,,,,,,,,,,,,,,,,
Sotheby’s,Lifestyle Partner,,https://cdn.prod.website-files.com/6756df8f05088bc3e51c64ea/68d15a135235e1e52af23ba0_RCGJOAvgmPTi2-hG1Zvq_bxUM9z5Knn7dzPib-N05dU.png,,token2049-singapore,2026,1,https://www.token2049.com/singapore/partners,,TOKEN2049 Singapore,,,,,,,,,,,,,,,,,,,,,,Carried over from 2025 lineup (per page label),
Sound HSA,Bronze,https://soundhsa.com,https://static.wixstatic.com/media/5b61ba_7136ca4b3c3c45768e2f3e1449590321.png,,bitcoin-policy-summit,2025,1,https://www.btcpolicysummit.org/sponsors,,Bitcoin Policy Summit 2025,,,,,,,,,,,,,,,,,,,,,,,
Space and Time,Exhibitor,https://www.spaceandtime.io/,https://api.rareevo.io/storage/domains/rareevo.io/organizations/logos/logo-main-black.png,,rare-evo,,1,,,Rare Evo 2026,,,,exhibitor,,,,,,active,146,,,,,,,,,,,,
spacecoin,Title,https://spacecoin.network,https://framerusercontent.com/images/QrQJUvRg9I0JV5iyy9zJ5am1nc.png?scale-down-to=512&width=1057&height=480,,korea-blockchain-week,2025,1,,,,,,,,,,,,,,,,,,,,,,,,,,
SparkPoint,Community Partner,,https://cdn.prod.website-files.com/6756df8f05088bc3e51c64ea/690da8fbdb02cef406502164_nL8RivvL5WcdyvIecQaYnCgJGuO05n_nHXiMy4gcmgw.png,,token2049-singapore,2026,1,https://www.token2049.com/singapore/partners,,TOKEN2049 Singapore,,,,,,,,,,,,,,,,,,,,,,Carried over from 2025 lineup (per page label),
Spayz.io,Sponsor/Exhibitor,,https://tickets.sigma.world/img/companies/tmp/company-101382-1746689684.png,"TaDa Gaming Ltd. is a group of well-experienced gaming developers dedicated to creating the best and most original games in pursuit of excellence and innovation, which are our core values. We design exciting online video slots, bingo, table games, and fishing games, stay ahead of the competition and keep releasing innovative games.",sigma-world-rome,,1,,,"SiGMA World 2026 (Rome, Fiera Roma, Nov 2-5 2026)",,,,,,,,,,,,,,,,,,,,,,,
SpearTrades,Copper,http://speartrades.com/,https://cdn.prod.website-files.com/61e8788db85eabd9f0305f67/68cc67f5d59db681895d4284_speartrades.png,,blockchain-futurist-florida,,1,,,,,,,,,,,,,,,,,,,,,,,,,,
Spinbetter,Sponsor/Exhibitor,,https://tickets.sigma.world/img/companies/tmp/company-101245-1748500201.png,"TaDa Gaming Ltd. is a group of well-experienced gaming developers dedicated to creating the best and most original games in pursuit of excellence and innovation, which are our core values. We design exciting online video slots, bingo, table games, and fishing games, stay ahead of the competition and keep releasing innovative games.",sigma-world-rome,,1,,,"SiGMA World 2026 (Rome, Fiera Roma, Nov 2-5 2026)",,,,,,,,,,,,,,,,,,,,,,,
Spinnovate Tech,Silver,,,,blockchain-futurist-toronto,,1,,,Blockchain Futurist Conference Toronto 2026,,,,,,,,,,,,,,,,,,,,,,,
stable,Partner (2025),https://stable.xyz,https://framerusercontent.com/images/9T8GmI4zi5wJu9zYU74XUQNmww.svg?width=194&height=50,,korea-blockchain-week,2025,1,,,,,,,,,,,,,,,,,,,,,,,,,,
Stakwork,Workshop,https://stakwork.com/,https://btcpp.nyc3.digitaloceanspaces.com/sponsors/stak.svg,,bitcoin-plusplus-berlin,,1,,,,,,,,,,,,,,,,,,,,,,,,,,
Stanford,University/College,https://www.stanford.edu/,https://api.rareevo.io/storage/domains/rareevo.io/organizations/colleges/stanford.png,,rare-evo,,1,,,Rare Evo 2026,,,,colleges,,,,,,active,136,,,,,,,,,,,,
Startup Portugal,"Politics, government & international trade",,,,web-summit-lisbon,2025,1,,,,,,,,,,,,,,,,,,,,,,,,,,https://websummit.com/appearances/lis25/3a54d79c-41d7-4607-8812-2d9d4140d61d/startup-portugal
Startup Qatar,"Politics, government & international trade",,,,web-summit-lisbon,2025,1,,,,,,,,,,,,,,,,,,,,,,,,,,https://websummit.com/appearances/lis25/d4e4a6b4-913f-4033-942a-90746e0c7e2b/startup-qatar
StayPartners,Licensed Exhibitor,,https://tickets.sigma.world/img/companies/tmp/company-101275-1702376050.png,"Created in 2015, Vavada is a reliable operator. More than 40 suppliers are connected to the project. We build customer loyalty and have a good reputation with affiliates.",sigma-world-rome,,1,,,"SiGMA World 2026 (Rome, Fiera Roma, Nov 2-5 2026)",,,,,,,,,,,,,,,,,,,,,,,
Stocksify,Community Partner,,https://cdn.prod.website-files.com/6756df8f05088bc3e51c64ea/690da8fdb4badc43167b0a94_xkyB9vXyHwFtwp5qA3lX9reteCGsPX5RJCLGVbxhdIg.jpeg,,token2049-singapore,2026,1,https://www.token2049.com/singapore/partners,,TOKEN2049 Singapore,,,,,,,,,,,,,,,,,,,,,,Carried over from 2025 lineup (per page label),
Strategy,Gold,https://www.strategy.com,https://static.wixstatic.com/media/5b61ba_fad736f4cab24caba73d0ea39d2bcecf.png,,bitcoin-policy-summit,2025,1,https://www.btcpolicysummit.org/sponsors,,Bitcoin Policy Summit 2025,,,,,,,,,,,,,,,,,,,,,,,
Streamflow,Gold,https://streamflow.finance/,,"Streamflow is a token distribution platform for teams that need automated vesting, airdrops, staking, and on-chain payroll. Its tooling helps projects schedule token releases, run batch payouts, and keep distributions auditable.",solana-breakpoint,,1,,,,,,,,,https://www.linkedin.com/company/streamflow-finance,,,,,,,Developer Tools,Platform,Token distribution infrastructure for Solana.,"Streamflow provides token vesting, airdrops, staking, and on-chain payroll tooling for Solana and web3 teams.",https://x.com/streamflow_fi,,https://github.com/streamflow-finance,,https://www.youtube.com/@streamflow_finance,,
Strebe Finance,,,,,ripple-swell-apex,2025,1,,,,,,,,,,,,,,,,,,,,,,,,,,
Strike,1 Block,https://strike.me,https://cdn.prod.website-files.com/68b852e37770c3bed85139ee/69e6e4bd208638d5620432fa_ido8z-nfs8_1762198482568.webp,Global Bitcoin app available in over 100 countries enabling simple fast money transfers starting as little as one cent.,bitcoin-amsterdam,,1,,,,,,,,,,,,,,,,,,,,,,,,,,
Strive,2 Block,https://strive.com,,,bitcoin-asia,,1,,,,,,,,,,,,,,,,,,,,,,,,,,
stronghold,Bronze,https://stronghold.co/,https://framerusercontent.com/images/cGb5J0w6whM1cSJktaSRaVsk.png?scale-down-to=512&width=634&height=288,,korea-blockchain-week,2025,1,,,,,,,,,,,,,,,,,,,,,,,,,,
Sugarfactory,Official Venue Partner,https://www.sugarfactory.nl/,https://cdn.prod.website-files.com/68b852e37770c3bed85139ee/69e6f310d8ca4de6b2c39340_66b01b32-bdcc-479b-a49f-0922f8850f16-ticket-hs_file_upload-logo.webp,Industrial event venue housed in historic sugar factory with 8000 m2 of space near Amsterdam.,bitcoin-amsterdam,,1,,,,,,,,,,,,,,,,,,,,,,,,,,
Sui,Title Sponsor,,https://cdn.prod.website-files.com/6756df8f05088bc3e51c64ea/6a3a81d0229b43e91e7018f7_Sui.png,,token2049-singapore,2026,1,https://www.token2049.com/singapore/partners,,TOKEN2049 Singapore,,,,,,,,,,,,,,,,,,,,,,Confirmed 2026 sponsor,
Sui Philippines,Community Partner,,https://cdn.prod.website-files.com/6756df8f05088bc3e51c64ea/690da8fe29497ebf0f7d82a3_2E5RifhSMbbdUNQlyEa8Ib3SFKhufCgyCK6FrxZNUiw.png,,token2049-singapore,2026,1,https://www.token2049.com/singapore/partners,,TOKEN2049 Singapore,,,,,,,,,,,,,,,,,,,,,,Carried over from 2025 lineup (per page label),
Sullivan Hart,Silver,https://www.sullivanhart.com/,,,blockchain-futurist-toronto,,1,,,Blockchain Futurist Conference Toronto 2026,,,,,,,,,,,,,,,,,,,,,,,
Summ,Silver Sponsor,,https://cdn.prod.website-files.com/6756df8f05088bc3e51c64ea/6a3a9453c17822ec8e8b9203_Summ.png,,token2049-singapore,2026,1,https://www.token2049.com/singapore/partners,,TOKEN2049 Singapore,,,,,,,,,,,,,,,,,,,,,,Confirmed 2026 sponsor,
Sumsub,Gold Sponsor,,https://cdn.prod.website-files.com/6756df8f05088bc3e51c64ea/6a3a8950662a3d54b8e85874_Sumsub.png,,token2049-singapore,2026,1,https://www.token2049.com/singapore/partners,,TOKEN2049 Singapore,,,,,,,,,,,,,,,,,,,,,,Confirmed 2026 sponsor,
Sumup,Fintech & financial services,,,,web-summit-lisbon,2025,1,,,,,,,,,,,,,,,,,,,,,,,,,,https://websummit.com/appearances/lis25/7e00aa8c-861e-48a9-9d7a-51ff61979e8b/sumup
Sundae Labs,Exhibitor,https://sundae.fi/,https://api.rareevo.io/storage/domains/rareevo.io/organizations/logos/PNG_sundae_labs_logo_black.png,,rare-evo,,1,,,Rare Evo 2026,,,,exhibitor,,,,,,active,56,,,,,,,,,,,,
Sundial,Exhibitor,https://www.sundialprotocol.com/,https://api.rareevo.io/storage/domains/rareevo.io/organizations/logos/Sundial Black Logo.png,,rare-evo,,1,,,Rare Evo 2026,,,,exhibitor,,,,,,active,28,,,,,,,,,,,,
Sunway Blockchain Club,Education Partner,,https://cdn.prod.website-files.com/6756df8f05088bc3e51c64ea/68c7b7616e294a9c547f888c_LQsiBtORYWAODIi6aC9X1arGPpvIua1OMcOMVGiR1gI.png,,token2049-singapore,2026,1,https://www.token2049.com/singapore/partners,,TOKEN2049 Singapore,,,,,,,,,,,,,,,,,,,,,,Carried over from 2025 lineup (per page label),
superior,Gold,https://superior.one/,https://framerusercontent.com/images/vMPi680Fgaczo9zjzp136nBR7dY.png?scale-down-to=512&width=775&height=352,,korea-blockchain-week,2025,1,,,,,,,,,,,,,,,,,,,,,,,,,,
Supermoon,Community Partner,,https://cdn.prod.website-files.com/6756df8f05088bc3e51c64ea/690da9119f1ff719a36792ed_PydsY7EZ55t8Esoj6R6GAvu_epwN63UbX3DK9vN_gRk.png,,token2049-singapore,2026,1,https://www.token2049.com/singapore/partners,,TOKEN2049 Singapore,,,,,,,,,,,,,,,,,,,,,,Carried over from 2025 lineup (per page label),
SWAG42,Sponsor/Exhibitor,,https://tickets.sigma.world/img/companies/tmp/company-101378-1702376097.png,"TaDa Gaming Ltd. is a group of well-experienced gaming developers dedicated to creating the best and most original games in pursuit of excellence and innovation, which are our core values. We design exciting online video slots, bingo, table games, and fishing games, stay ahead of the competition and keep releasing innovative games.",sigma-world-rome,,1,,,"SiGMA World 2026 (Rome, Fiera Roma, Nov 2-5 2026)",,,,,,,,,,,,,,,,,,,,,,,
Syz Capital,1 Block,https://syzcapital.com/,,,bitcoin-asia,,1,,,,,,,,,,,,,,,,,,,,,,,,,,
T1 LABS,Community Partner,,https://cdn.prod.website-files.com/6756df8f05088bc3e51c64ea/68b456f8879d5e7bff620845_L-ZuvcGap2V8x5e42qyugKHU9fAabLt54gx6Nz8uZ_I.png,,token2049-singapore,2026,1,https://www.token2049.com/singapore/partners,,TOKEN2049 Singapore,,,,,,,,,,,,,,,,,,,,,,Carried over from 2025 lineup (per page label),
TaDa Gaming (Dubai),Sponsor/Exhibitor,,https://tickets.sigma.world/img/companies/tmp/company-100167-1765356352.png,"TaDa Gaming Ltd. is a group of well-experienced gaming developers dedicated to creating the best and most original games in pursuit of excellence and innovation, which are our core values. We design exciting online video slots, bingo, table games, and fishing games, stay ahead of the competition and keep releasing innovative games.",sigma-world-rome,,1,,,"SiGMA World 2026 (Rome, Fiera Roma, Nov 2-5 2026)",,,,,,,,,,,,,,,,,,,,,,,
Taiwan Blockchain Academia,Education Partner,,https://cdn.prod.website-files.com/6756df8f05088bc3e51c64ea/68c7b7644953e80533eeeb3a_93-Uj-5ks4izHvTmqU0H1pGIPWqAbeCbUkO5f-nEMGk.png,,token2049-singapore,2026,1,https://www.token2049.com/singapore/partners,,TOKEN2049 Singapore,,,,,,,,,,,,,,,,,,,,,,Carried over from 2025 lineup (per page label),
Taiwan FinTech Association,Community Partner,,https://cdn.prod.website-files.com/6756df8f05088bc3e51c64ea/690da913c3c6ddb3c2e0b785_ylQV39cOQ2t7ByLK-ct7pxubH06Kbs0hyVCcyzqKjPI.png,,token2049-singapore,2026,1,https://www.token2049.com/singapore/partners,,TOKEN2049 Singapore,,,,,,,,,,,,,,,,,,,,,,Carried over from 2025 lineup (per page label),
Tangem,Gold Sponsor,,https://cdn.prod.website-files.com/6756df8f05088bc3e51c64ea/6a3a8958f2fb913f99a71e2a_Tangem.png,,token2049-singapore,2026,1,https://www.token2049.com/singapore/partners,,TOKEN2049 Singapore,,,,,,,,,,,,,,,,,,,,,,Confirmed 2026 sponsor,
taskon,Supporting Partner,https://taskon.xyz/,https://framerusercontent.com/images/ZpcAsPe5837HmkJ6Wo1YcD0I84.png?scale-down-to=512&width=634&height=288,,korea-blockchain-week,2025,1,,,,,,,,,,,,,,,,,,,,,,,,,,
Tatler Asia,Lifestyle Partner,,https://cdn.prod.website-files.com/6756df8f05088bc3e51c64ea/68d15a332a9a9b37af52d28c_pEgmqP9IB2j4EgFwLKiqQoth4z72BTRsXKfDPvkvOq4.svg,,token2049-singapore,2026,1,https://www.token2049.com/singapore/partners,,TOKEN2049 Singapore,,,,,,,,,,,,,,,,,,,,,,Carried over from 2025 lineup (per page label),
Taylor’s University Blockchain Club,Education Partner,,https://cdn.prod.website-files.com/6756df8f05088bc3e51c64ea/68c7b778827c73ac42e24f1c_gFhBaOjdvscQei5qb3ESdyyQ4X8Ly94cm2S5baLbN4w.png,,token2049-singapore,2026,1,https://www.token2049.com/singapore/partners,,TOKEN2049 Singapore,,,,,,,,,,,,,,,,,,,,,,Carried over from 2025 lineup (per page label),
techcrunch,Attending Media,https://techcrunch.com/,https://framerusercontent.com/images/2tQ9WdVlrremh8OO6Bu0canRIUQ.png?scale-down-to=512&width=634&height=288,,korea-blockchain-week,2025,1,,,,,,,,,,,,,,,,,,,,,,,,,,
Telecom Times,Partner:Info Partners,https://telecomtimes.ru/,https://blockchain-life.com/wp-content/uploads/2025/09/Snimok-ekrana-2026-04-30-v-11.52.41.png,,blockchain-life-forum,2026,1,,,,,,,,,,,,,,,,,,,,,,,,,,
Terahash,Innovators,https://terahash.space/en/,https://btchel.com/wp-content/uploads/2026/03/Terahash-logo-1024x341.jpg,,btchel,,1,,,,,,,,,,,,,,,,,,,,,,,,,,
TeraWulf,Gold,https://www.terawulf.com,https://static.wixstatic.com/media/dea30a_a300a2ec32a7443eb701322805bf418c.png,,bitcoin-policy-summit,2025,1,https://www.btcpolicysummit.org/sponsors,,Bitcoin Policy Summit 2025,,,,,,,,,,,,,,,,,,,,,,,
TerraHosting,Mega,https://terrahosting.io/,,,mining-disrupt,,1,,,,,,,,,,,,,,,,,,,,,,,,,,
Tether,Co-founder / Title Partner,https://tether.io,,Co-founder of Lugano's Plan B initiative (joint initiative with City of Lugano),planb-forum-lugano,2026,1,,,,,,,,,,,,,,,,,,,,,,,,,,
tethermax,Bronze,https://tethermax.io/,https://framerusercontent.com/images/YAgeZ3Q1hln1WqS7QFzkhjCVxYk.png?scale-down-to=512&width=634&height=288,,korea-blockchain-week,2025,1,,,,,,,,,,,,,,,,,,,,,,,,,,
Texas Blockchain Council,Silver,https://texasblockchaincouncil.org,https://static.wixstatic.com/media/5b61ba_722adb00a695447896501093058f5e62.png,,bitcoin-policy-summit,2025,1,https://www.btcpolicysummit.org/sponsors,,Bitcoin Policy Summit 2025,,,,,,,,,,,,,,,,,,,,,,,
TFTC (The First Twitter Circle),Bronze,https://tftc.io,https://static.wixstatic.com/media/5b61ba_e0a9db96ea5448fd86e3fadc9b9f335d.png,,bitcoin-policy-summit,2025,1,https://www.btcpolicysummit.org/sponsors,,Bitcoin Policy Summit 2025,,,,,,,,,,,,,,,,,,,,,,,
The Bar Toronto,Bronze,http://thebartoronto.com/,,,blockchain-futurist-toronto,,1,,,Blockchain Futurist Conference Toronto 2026,,,,,,,,,,,,,,,,,,,,,,,
The Bitcoin Podcast,Bronze,https://bitcoinpodcast.net,https://static.wixstatic.com/media/5b61ba_3e3b60558e464ee1be2fe32d88fa0644.png,,bitcoin-policy-summit,2025,1,https://www.btcpolicysummit.org/sponsors,,Bitcoin Policy Summit 2025,,,,,,,,,,,,,,,,,,,,,,,
The Bitcoin Way,1 Block,https://www.thebitcoinway.com/,https://cdn.prod.website-files.com/687f979126432c8ce843e6d7/68e7e27d3a235342f9ddab74_36f2e5f6-9eba-45ba-a4da-7e27c3f1437c-ticket-hs_file_upload-original-compressed-dark.webp,"The Bitcoin Way empowers individuals and institutions to achieve true financial sovereignty. We guide clients through every step of the Bitcoin journey, from secure self-custody to running their own node, with a focus on education, security, and long-term sustainability.",bitcoin-mena,2025,1,https://mena.b.tc/sponsor,https://x.com/Thebitcoinway_/,Bitcoin MENA,,,,,,,,,,,,,,,,,,,,,,,
The Block,Media Partner,,https://cdn.prod.website-files.com/6756df8f05088bc3e51c64ea/690da92944c40c87f34983d6_Z1_ZM5HRft5is5vN3Gfge6Gq-ionYNwIAi_aWBSR1_o.png,,token2049-singapore,2026,1,https://www.token2049.com/singapore/partners,,TOKEN2049 Singapore,,,,,,,,,,,,,,,,,,,,,,Carried over from 2025 lineup (per page label),
The Blockchain Center Abu Dhabi,2 Block,https://theblockchaincenter.ae/,https://cdn.prod.website-files.com/687f979126432c8ce843e6d7/69247eadd03a959abdddf0fe_6751c108c3fc1077bb79597b_tbcad-darktext-dana-abusalem-_2_.webp,"The Blockchain Center in Abu Dhabi is the leading hub for innovation, education, and collaboration. It drives blockchain adoption through strategic partnerships, venture funding, and cutting-edge research. The Blockchain Center supports startups, enterprises, and regulators in building a global Web3 ecosystem, solidifying it’s global position as a leader in blockchain and emerging technologies.",bitcoin-mena,2025,1,https://mena.b.tc/sponsor,https://x.com/adbc_ae,Bitcoin MENA,,,,,,,,,,,,,,,,,,,,,,,
The Blockchain Group,Bronze,https://theblockchain-group.com,https://static.wixstatic.com/media/5b61ba_1a097464febc40ae80122fc570ff1002.png,,bitcoin-policy-summit,2025,1,https://www.btcpolicysummit.org/sponsors,,Bitcoin Policy Summit 2025,,,,,,,,,,,,,,,,,,,,,,,
The Blocklabs Inc (The BLOKC),Community Partner,,https://cdn.prod.website-files.com/6756df8f05088bc3e51c64ea/690da924ac79d71273b039a8_6AZbg_jSBD-QxrVarDDD_asnhwmDJ4ULVd2mKkGVCLY.png,,token2049-singapore,2026,1,https://www.token2049.com/singapore/partners,,TOKEN2049 Singapore,,,,,,,,,,,,,,,,,,,,,,Carried over from 2025 lineup (per page label),
The Business Times,Media Partner,,https://cdn.prod.website-files.com/6756df8f05088bc3e51c64ea/68bba814747cc06e6b2052e5_hAiyZt9w3jnLSYmoRJz-y6L-pICcXH4_AtSQZobAx4o.png,,token2049-singapore,2026,1,https://www.token2049.com/singapore/partners,,TOKEN2049 Singapore,,,,,,,,,,,,,,,,,,,,,,Carried over from 2025 lineup (per page label),
The Cryptonomist,Partner:Media Partners,https://en.cryptonomist.ch/,https://blockchain-life.com/wp-content/uploads/2025/06/The-Cryptonomist-logo.png,,blockchain-life-forum,2026,1,,,,,,,,,,,,,,,,,,,,,,,,,,
The Digital Chamber,Exhibitor,https://digitalchamber.org/,https://api.rareevo.io/storage/domains/rareevo.io/organizations/logos/Artboard 2@4x.png,,rare-evo,,1,,,Rare Evo 2026,,,,exhibitor,,,,,,active,189,,,,,,,,,,,,
The Glove,Partner:Info Partners,https://theglove.ru,https://blockchain-life.com/wp-content/uploads/2025/09/glov-black.svg,,blockchain-life-forum,2026,1,,,,,,,,,,,,,,,,,,,,,,,,,,
The Malaysian Youth FinTech Association,Community Partner,,https://cdn.prod.website-files.com/6756df8f05088bc3e51c64ea/690da935757d8ae52566dbc2_dJ5Ve8v-I7AavkBhUcfGwEv2pjTTmGwUyHhBxQ_wZfk.png,,token2049-singapore,2026,1,https://www.token2049.com/singapore/partners,,TOKEN2049 Singapore,,,,,,,,,,,,,,,,,,,,,,Carried over from 2025 lineup (per page label),
The Mallard Order,Exhibitor,,https://api.rareevo.io/storage/domains/rareevo.io/organizations/logos/mallard_hor_black2.png,,rare-evo,,1,,,Rare Evo 2026,,,,exhibitor,,,,,,active,164,,,,,,,,,,,,
The Ohio State University,University/College,https://www.osu.edu/,https://api.rareevo.io/storage/domains/rareevo.io/organizations/colleges/Ohio_State_University-Logo.e.png,,rare-evo,,1,,,Rare Evo 2026,,,,colleges,,,,,,active,129,,,,,,,,,,,,
The Rider Residences,Copper,https://residencesinmiami.com/the-rider-residences/?gad_source=1&gad_campaignid=22883482025&gbraid=0AAAAABdXRnehSf4LXlO_Jyv9P6fcN_I9t&gclid=Cj0KCQjwqqDFBhDhARIsAIHTlktJViGp5DXoZrjFFZXoLuiCIPcs4tH7PlqZivktvUiD0JndzJkGR_IaAvs-EALw_wcB,https://cdn.prod.website-files.com/61e8788db85eabd9f0305f67/68ab23d1f4b4ec0e918af431_the%20rider.png,,blockchain-futurist-florida,,1,,,,,,,,,,,,,,,,,,,,,,,,,,
The Sandbox,Partner,https://www.sandbox.game,,Participating partner; gaming economies focus.,binance-blockchain-week,2025,1,https://www.passionateinmarketing.com/setting-the-stage-binance-announces-first-wave-of-global-speakers-for-blockchain-week-2025/,,,,,,,,,,,,,,,,,,,,,,,,,
The Straits Times,Media Partner,,https://cdn.prod.website-files.com/6756df8f05088bc3e51c64ea/690da6b552395be292a5cf65_nT1WdPZ2ESGbHu9QcVfpQbbHXXxXnoOlmDqFFUJl6Xo.png,,token2049-singapore,2026,1,https://www.token2049.com/singapore/partners,,TOKEN2049 Singapore,,,,,,,,,,,,,,,,,,,,,,Carried over from 2025 lineup (per page label),
The Wall Street Journal,Media Partner,,https://cdn.prod.website-files.com/6756df8f05088bc3e51c64ea/690da5f7db02cef4064e891e_-305XNXb__bEKqsiW8Vn4sa5jszw-nZASJb5_fWeRNc.png,,token2049-singapore,2026,1,https://www.token2049.com/singapore/partners,,TOKEN2049 Singapore,,,,,,,,,,,,,,,,,,,,,,Carried over from 2025 lineup (per page label),
The White Paper Reading Club,Silver,https://www.thewhitepaperreading.club/,,,blockchain-futurist-toronto,,1,,,Blockchain Futurist Conference Toronto 2026,,,,,,,,,,,,,,,,,,,,,,,
theblock,Attending Media,https://www.theblock.co/,https://framerusercontent.com/images/KtvYefz162P1D2BtPOeZWjaBSQ.png?scale-down-to=512&width=634&height=288,,korea-blockchain-week,2025,1,,,,,,,,,,,,,,,,,,,,,,,,,,
theblockbeats,Supporting Partner,https://www.theblockbeats.info/,https://framerusercontent.com/images/SnwlQOUrvuMekdZHlHSXezfbRKs.png?scale-down-to=512&width=634&height=288,,korea-blockchain-week,2025,1,,,,,,,,,,,,,,,,,,,,,,,,,,
thecoinrepublic,Supporting Partner,https://www.thecoinrepublic.com/,https://framerusercontent.com/images/0QPoLF0K9zspcYErV2n45I9EBk8.png?scale-down-to=512&width=634&height=288,,korea-blockchain-week,2025,1,,,,,,,,,,,,,,,,,,,,,,,,,,
TheNewsCrypto,Partner,https://thenewscrypto.com/,https://api.rareevo.io/storage/domains/rareevo.io/organizations/media/TNC logo(r).png,,rare-evo,,1,,,Rare Evo 2026,,,,partner,,,,,,active,144,,,,,,,,,,,,
Thera-Vibe,Copper,https://www.thera-vibe.com/,,,blockchain-futurist-toronto,,1,,,Blockchain Futurist Conference Toronto 2026,,,,,,,,,,,,,,,,,,,,,,,
Thrust,Title,https://thrust.com/,https://cdn.prod.website-files.com/61e8788db85eabd9f0305f67/68eee15e583402799529df49_thrust.png,,blockchain-futurist-florida,,1,,,,,,,,,,,,,,,,,,,,,,,,,,
Tictacc,Giga,http://www.tictacc.cn/pc/,,,mining-disrupt,,1,,,,,,,,,,,,,,,,,,,,,,,,,,
tina,Bronze,https://tina.im/,https://framerusercontent.com/images/eMJt9UYU1ZZ8A2xUzGsEb36GU.png?scale-down-to=512&width=634&height=288,,korea-blockchain-week,2025,1,,,,,,,,,,,,,,,,,,,,,,,,,,
TODA,Partner:Venue Partners,https://toda.ae/,https://blockchain-life.com/wp-content/uploads/2025/06/Copy-of-Logo_3d_all-1-1-scaled.png,,blockchain-life-forum,2026,1,,,,,,,,,,,,,,,,,,,,,,,,,,
token-relations,Attending Media,https://www.token-relations.com/,https://framerusercontent.com/images/mfvdXskc7b9Q9nfa4Xxv03xFpTY.png?scale-down-to=512&width=634&height=288,,korea-blockchain-week,2025,1,,,,,,,,,,,,,,,,,,,,,,,,,,
tokenpost,Attending Media,https://tokenpost.com/,https://framerusercontent.com/images/DIr1kGevn3BlmtGPMeCXC3PGiw.png?scale-down-to=512&width=634&height=288,,korea-blockchain-week,2025,1,,,,,,,,,,,,,,,,,,,,,,,,,,
Tokocrypto,Sponsor,https://www.tokocrypto.com/,https://wojgrioccmbywgtruwfl.supabase.co/storage/v1/object/public/Media%20Folders/Coinfest%20Asia%202026/CMS/Partners/Sponsors/tokocrypto_1778931451629.png,,coinfest-asia,2026,1,,,,,,,,,,,,,,,,,,,,,,,,,,
TON (The Open Network),Partner,https://ton.org,,Participating partner; infrastructure focus.,binance-blockchain-week,2025,1,https://www.passionateinmarketing.com/setting-the-stage-binance-announces-first-wave-of-global-speakers-for-blockchain-week-2025/,,,,,,,,,,,,,,,,,,,,,,,,,
Toobit,Platinum Sponsor,,https://cdn.prod.website-files.com/6756df8f05088bc3e51c64ea/6a3a859c4ef93b29c09fd5cd_Toobit.png,,token2049-singapore,2026,1,https://www.token2049.com/singapore/partners,,TOKEN2049 Singapore,,,,,,,,,,,,,,,,,,,,,,Confirmed 2026 sponsor,
toobit.com,Gold Sponsor,,https://cdn.prod.website-files.com/6756df8f05088bc3e51c64ea/6a3a895e49e87f0ee5e737a7_Toobit.png,,token2049-singapore,2026,1,https://www.token2049.com/singapore/partners,,TOKEN2049 Singapore,,,,,,,,,,,,,,,,,,,,,,Confirmed 2026 sponsor,
Toptal,AI & machine learning,,,,web-summit-lisbon,2025,1,,,,,,,,,,,,,,,,,,,,,,,,,,https://websummit.com/appearances/lis25/a5a98d99-98de-48a8-a945-25d0b601c439/toptal
Tothemoon,Gold Sponsor,,https://cdn.prod.website-files.com/6756df8f05088bc3e51c64ea/6a3a8962e01d7a219fbdcd05_Tothemoon.png,,token2049-singapore,2026,1,https://www.token2049.com/singapore/partners,,TOKEN2049 Singapore,,,,,,,,,,,,,,,,,,,,,,Confirmed 2026 sponsor,
Trade stars,Silver Sponsor,,https://cdn.prod.website-files.com/6756df8f05088bc3e51c64ea/6a3a9458c17822ec8e8b933b_TradeStars.png,,token2049-singapore,2026,1,https://www.token2049.com/singapore/partners,,TOKEN2049 Singapore,,,,,,,,,,,,,,,,,,,,,,Confirmed 2026 sponsor,
TradingBeasts,Partner:Media Partners,https://tradingbeasts.com/,https://blockchain-life.com/wp-content/uploads/2025/09/tradingbeasts-main-logo.png,,blockchain-life-forum,2026,1,,,,,,,,,,,,,,,,,,,,,,,,,,
tradingview,Supporting Partner,https://www.tradingview.com/,https://framerusercontent.com/images/OoMwTDj7G2mVc1MsIa0h5SbWGlY.png?scale-down-to=512&width=634&height=288,,korea-blockchain-week,2025,1,,,,,,,,,,,,,,,,,,,,,,,,,,
Transform Group,Silver,https://www.transformventures.io/,,,blockchain-futurist-toronto,,1,,,Blockchain Futurist Conference Toronto 2026,,,,,,,,,,,,,,,,,,,,,,,
Travala.com,Official Travel Partner,https://www.travala.com,,Official travel partner for flight and hotel bookings,planb-forum-lugano,2026,1,,,,,,,,,,,,,,,,,,,,,,,,,,
travelswap,Copper,https://travelswap.xyz/,https://framerusercontent.com/images/09rQq6WxON09qxOPUK45BBSJ3Bc.png?scale-down-to=512&width=634&height=288,,korea-blockchain-week,2025,1,,,,,,,,,,,,,,,,,,,,,,,,,,
Travls,Gold,https://travls.io/,,,blockchain-futurist-toronto,,1,,,Blockchain Futurist Conference Toronto 2026,,,,,,,,,,,,,,,,,,,,,,,
Trezor,Early Adopters,https://trezor.io/,https://btchel.com/wp-content/uploads/2026/03/Trezor-logo-1024x341.jpg,,btchel,,1,,,,,,,,,,,,,,,,,,,,,,,,,,
Triv,Sponsor,https://triv.co.id/id,https://wojgrioccmbywgtruwfl.supabase.co/storage/v1/object/public/Media%20Folders/Coinfest%20Asia%202026/CMS/Partners/Sponsors/triv_1778931289786.png,,coinfest-asia,2026,1,,,,,,,,,,,,,,,,,,,,,,,,,,
TRON,Title Sponsor,,https://cdn.prod.website-files.com/6756df8f05088bc3e51c64ea/6a3a81d9af4b46759c2143f9_TRON.png,,token2049-singapore,2026,1,https://www.token2049.com/singapore/partners,,TOKEN2049 Singapore,,,,,,,,,,,,,,,,,,,,,,Confirmed 2026 sponsor,
True Label,Sponsor/Exhibitor,,https://tickets.sigma.world/img/companies/tmp/company-102148-1737033205.png,,sigma-world-rome,,1,,,"SiGMA World 2026 (Rome, Fiera Roma, Nov 2-5 2026)",,,,,,,,,,,,,,,,,,,,,,,
Truflation,Silver & Bronze,http://truflation.com/,https://cdn.prod.website-files.com/61e8788db85eabd9f0305f67/67e541ef4faf980cea1b52a4_truflation.png,,blockchain-futurist-florida,,1,,,,,,,,,,,,,,,,,,,,,,,,,,
Tsunami house,Community Partner,,https://cdn.prod.website-files.com/6756df8f05088bc3e51c64ea/68b45700193bb68ed3212202_fYuqcFvoyfvHVEdbZsl5ZeRl4wgL3-UTlQf7VtO3YWg.png,,token2049-singapore,2026,1,https://www.token2049.com/singapore/partners,,TOKEN2049 Singapore,,,,,,,,,,,,,,,,,,,,,,Carried over from 2025 lineup (per page label),
Tunzer (Crederes),Sponsor/Exhibitor,,https://tickets.sigma.world/img/companies/tmp/company-102113-1734007601.png,,sigma-world-rome,,1,,,"SiGMA World 2026 (Rome, Fiera Roma, Nov 2-5 2026)",,,,,,,,,,,,,,,,,,,,,,,
TurbineFi,Exhibitor,https://www.turbinefi.com/,https://api.rareevo.io/storage/domains/rareevo.io/organizations/logos/turbine_logo_black.png,,rare-evo,,1,,,Rare Evo 2026,,,,exhibitor,,,,,,active,172,,,,,,,,,,,,
Turingbitchain,1 Block,https://tbc.top/,,,bitcoin-asia,,1,,,,,,,,,,,,,,,,,,,,,,,,,,
Two Prime,Bronze,https://twoprime.com,https://static.wixstatic.com/media/5b61ba_db8f2f27507045a9973fc9c335eefa0e.png,,bitcoin-policy-summit,2025,1,https://www.btcpolicysummit.org/sponsors,,Bitcoin Policy Summit 2025,,,,,,,,,,,,,,,,,,,,,,,
Tyfany,Sponsor/Exhibitor,,https://tickets.sigma.world/img/companies/tmp/company-102413-1753089915.png,,sigma-world-rome,,1,,,"SiGMA World 2026 (Rome, Fiera Roma, Nov 2-5 2026)",,,,,,,,,,,,,,,,,,,,,,,
TYN Magazine,Partner:Media Partners,https://tynmagazine.com/,https://blockchain-life.com/wp-content/uploads/2025/06/tynmagazine16823554841682355484.png,,blockchain-life-forum,2026,1,,,,,,,,,,,,,,,,,,,,,,,,,,
UAE Singapore Business Council,Community Partner,,https://cdn.prod.website-files.com/6756df8f05088bc3e51c64ea/68b456f6d39bd61c08e49853_WMqWOBNlUHqcGpCBLj3u3ZQ9UjVvcLERUe0hq_qhzoQ.png,,token2049-singapore,2026,1,https://www.token2049.com/singapore/partners,,TOKEN2049 Singapore,,,,,,,,,,,,,,,,,,,,,,Carried over from 2025 lineup (per page label),
UltraMining,Partner:Info Partners,https://ultramining.com/en/,https://blockchain-life.com/wp-content/uploads/2025/08/Clip-path-group-1.png,,blockchain-life-forum,2026,1,,,,,,,,,,,,,,,,,,,,,,,,,,
Uminers,2 Block,https://uminers.com/,https://cdn.prod.website-files.com/687f979126432c8ce843e6d7/68e7e290606ad184dcd27183_uminers-logo.webp,"Uminers is a global provider of Bitcoin mining solutions, serving over 7,000 clients with high-performance ASIC hardware, hosting, and logistics. The company delivers more than 5,000 miners monthly and operates a large-scale, hydro-powered data center in Ethiopia. Its new 175 MW facility will support both blockchain and AI workloads, aligning with Uminers’ strategy to future-proof its infrastructure. Headquartered in Hong Kong with 14+ years of experience, Uminers delivers trusted, turnkey services to the Bitcoin mining community.",bitcoin-mena,2025,1,https://mena.b.tc/sponsor,https://x.com/uminersofficial; https://www.linkedin.com/company/uminers; https://www.facebook.com/uminers; https://t.me/uminerschain,Bitcoin MENA,,,,,,,,,,,,,,,,,,,,,,,
UN Global Compact Network Portugal,Charities & NGOs,,,,web-summit-lisbon,2025,1,,,,,,,,,,,,,,,,,,,,,,,,,,https://websummit.com/appearances/lis25/dd502cc3-b9e6-4806-8164-81d76dc19f9b/un-global-compact-network-portugal
Unchained,Gold,https://www.unchained.com,https://static.wixstatic.com/media/dea30a_8e41481a578c4c65a8fb9aa680ac3a66.png,,bitcoin-policy-summit,2025,1,https://www.btcpolicysummit.org/sponsors,,Bitcoin Policy Summit 2025,,,,,,,,,,,,,,,,,,,,,,,
UnclaimedSOL,Gold,https://unclaimedsol.com/,,UnclaimedSOL provides tools for Solana users to identify and claim eligible unclaimed rewards or assets. Its product focuses on simplifying discovery and recovery flows for users who may have missed ecosystem opportunities.,solana-breakpoint,,1,,,,,,,,,,,,,,,,Community,Platform,Find and claim missed Solana rewards.,"UnclaimedSOL helps Solana users discover and claim eligible rewards, assets, and missed opportunities.",https://x.com/unclaimed_sol,https://discord.gg/SG8hdqfPPt,,https://t.me/unclaimedsol,,,
Unit Network,Exhibitor,https://unit.network/,https://api.rareevo.io/storage/domains/rareevo.io/organizations/logos/unit_network.png,,rare-evo,,1,,,Rare Evo 2026,,,,exhibitor,,,,,,active,179,,,,,,,,,,,,
Unitree Robotics,"Hardware, robotics & IoT",,,,web-summit-lisbon,2025,1,,,,,,,,,,,,,,,,,,,,,,,,,,https://websummit.com/appearances/lis25/9c50b458-44db-474a-856b-0615c3c18096/unitree-robotics
Unity Finance (UnityF / UF),Sponsor/Exhibitor,,https://tickets.sigma.world/img/companies/tmp/company-102311-1747657520.png,,sigma-world-rome,,1,,,"SiGMA World 2026 (Rome, Fiera Roma, Nov 2-5 2026)",,,,,,,,,,,,,,,,,,,,,,,
Universe Pro,Silver Sponsor,,https://cdn.prod.website-files.com/6756df8f05088bc3e51c64ea/6a3a9458c17822ec8e8b932a_UniversePro.png,,token2049-singapore,2026,1,https://www.token2049.com/singapore/partners,,TOKEN2049 Singapore,,,,,,,,,,,,,,,,,,,,,,Confirmed 2026 sponsor,
University of Colorado,University/College,https://www.colorado.edu/,https://api.rareevo.io/storage/domains/rareevo.io/organizations/colleges/University_of_Colorado_Boulder_logo.png,,rare-evo,,1,,,Rare Evo 2026,,,,colleges,,,,,,active,133,,,,,,,,,,,,
University of Oregon,University/College,https://www.uoregon.edu/,https://api.rareevo.io/storage/domains/rareevo.io/organizations/colleges/oregon_u.png,,rare-evo,,1,,,Rare Evo 2026,,,,colleges,,,,,,active,135,,,,,,,,,,,,
University of Wyoming Center for Blockchain and Digital Innovation (CBDI),Partner,https://www.uwyo.edu/cbdi/,,Supporting/partner organization for the symposium.,wyoming-blockchain-symposium,,1,,,,,,,,,,,,,,,,,,,,,,,,,,
UNLOCK Blockchain,Partner:Info Partners,https://www.unlock-bc.com/en,https://blockchain-life.com/wp-content/uploads/2025/09/unlock-bc.png,,blockchain-life-forum,2026,1,,,,,,,,,,,,,,,,,,,,,,,,,,
UNLV,University/College,https://www.unlv.edu/,"https://api.rareevo.io/storage/domains/rareevo.io/organizations/colleges/University_of_Nevada,_Las_Vegas_logo.svg.png",,rare-evo,,1,,,Rare Evo 2026,,,,colleges,,,,,,active,134,,,,,,,,,,,,
UPay,Sponsor:Platinum sponsors,https://upay.best,https://blockchain-life.com/wp-content/uploads/2025/06/UPay-3-3.svg,Crypto cards issuance and crypto payment solutions for your business,blockchain-life-forum,2026,1,,,,,,,,,,,,,,,,,,,,,,,,,,
UPay,Silver Sponsor,,https://cdn.prod.website-files.com/6756df8f05088bc3e51c64ea/6a3a9458c17822ec8e8b9324_UPay.png,,token2049-singapore,2026,1,https://www.token2049.com/singapore/partners,,TOKEN2049 Singapore,,,,,,,,,,,,,,,,,,,,,,Confirmed 2026 sponsor,
Uproot,Bronze,,https://static.wixstatic.com/media/5b61ba_034c6aab5e674bb49cf49344d1cc5127.png,,bitcoin-policy-summit,2025,1,https://www.btcpolicysummit.org/sponsors,,Bitcoin Policy Summit 2025,,,,,,,,,,,,,,,,,,,,,,,
UrVote,Bronze,https://www.urvote.ca/,,,blockchain-futurist-toronto,,1,,,Blockchain Futurist Conference Toronto 2026,,,,,,,,,,,,,,,,,,,,,,,
Utila,Copper,https://utila.io/,,,blockchain-futurist-toronto,,1,,,Blockchain Futurist Conference Toronto 2026,,,,,,,,,,,,,,,,,,,,,,,
Utila,Silver Sponsor,,https://cdn.prod.website-files.com/6756df8f05088bc3e51c64ea/6a3a9458c17822ec8e8b932d_Utila.png,,token2049-singapore,2026,1,https://www.token2049.com/singapore/partners,,TOKEN2049 Singapore,,,,,,,,,,,,,,,,,,,,,,Confirmed 2026 sponsor,
UTXO Management,Bronze,https://utxo.management,https://static.wixstatic.com/media/5b61ba_42864b5e3ca04aacb51f02ad5f3b4717.png,,bitcoin-policy-summit,2025,1,https://www.btcpolicysummit.org/sponsors,,Bitcoin Policy Summit 2025,,,,,,,,,,,,,,,,,,,,,,,
Uweb（university of web3),Education Partner,,https://cdn.prod.website-files.com/6756df8f05088bc3e51c64ea/68c7b77a36ce07ba68e477af_vMtWuZM2FowTPVLO3sp0I2g8MC2wPLt8EKxxC_tR1C0.png,,token2049-singapore,2026,1,https://www.token2049.com/singapore/partners,,TOKEN2049 Singapore,,,,,,,,,,,,,,,,,,,,,,Carried over from 2025 lineup (per page label),
uxlink,Gold,https://www.uxlink.io/,https://framerusercontent.com/images/Bhm9N6XySXP15b5w3UToeKt6LQQ.png?scale-down-to=512&width=766&height=352,,korea-blockchain-week,2025,1,,,,,,,,,,,,,,,,,,,,,,,,,,
ValueHash,Byte,https://valuehash.com/,,,mining-disrupt,,1,,,,,,,,,,,,,,,,,,,,,,,,,,
Vamos Pago (TodayPay),Sponsor/Exhibitor,,https://tickets.sigma.world/img/companies/tmp/company-102088-1745825063.jpg,,sigma-world-rome,,1,,,"SiGMA World 2026 (Rome, Fiera Roma, Nov 2-5 2026)",,,,,,,,,,,,,,,,,,,,,,,
VaultNow,Sponsor:Gold sponsors,https://vaultnow.co/?utm_source=blockchain-life.com&utm_medium=partnership_event&utm_campaign=blockchain_2026,https://blockchain-life.com/wp-content/uploads/2025/09/VaultNow_white-01.svg,All-in-one crypto payment and accounting solution for business,blockchain-life-forum,2026,1,,,,,,,,,,,,,,,,,,,,,,,,,,
vavada,Licensed Exhibitor,,https://tickets.sigma.world/img/companies/tmp/company-100022-1702376082.png,"Created in 2015, Vavada is a reliable operator. More than 40 suppliers are connected to the project. We build customer loyalty and have a good reputation with affiliates.",sigma-world-rome,,1,,,"SiGMA World 2026 (Rome, Fiera Roma, Nov 2-5 2026)",,,,,,,,,,,,,,,,,,,,,,,
VC ARENA,Community Partner,,https://cdn.prod.website-files.com/6756df8f05088bc3e51c64ea/690da97453bfc93b1b485cf5_iRbzRNBIfHfWf_b0GsMYfIGBQNosBYiTYckruW1Ymlc.png,,token2049-singapore,2026,1,https://www.token2049.com/singapore/partners,,TOKEN2049 Singapore,,,,,,,,,,,,,,,,,,,,,,Carried over from 2025 lineup (per page label),
Vegangster,Sponsor/Exhibitor,,https://tickets.sigma.world/img/companies/tmp/company-101889-1753356588.png,"0xProcessing is an all-in-one crypto payment gateway with an acceptance rate of up to 99.9%. It enables businesses to receive and send payments in 50+ cryptocurrencies across 14 major networks, with no banking limits or geographical restrictions. Fast integration — go live in one day. Experience secure, fast transactions and unlock global business opportunities.",sigma-world-rome,,1,,,"SiGMA World 2026 (Rome, Fiera Roma, Nov 2-5 2026)",,,,,,,,,,,,,,,,,,,,,,,
Venture Capital Community,Community Partner,https://t.me/venturecapitalcommunity,,,bitcoin-asia,,1,,,,,,,,,,,,,,,,,,,,,,,,,,
Venus Ventures,Platinum & Gold,https://www.spatial.io/s/Venusventures-Metaverse-Ecosystem-Main-Arena-65b410ab26a6360c2c4b4ce7?share=716612250724116910,https://cdn.prod.website-files.com/61e8788db85eabd9f0305f67/68eeda126200a9159888f69b_venus%20ventures.png,,blockchain-futurist-florida,,1,,,,,,,,,,,,,,,,,,,,,,,,,,
Vercel,SaaS,,,,web-summit-lisbon,2025,1,,,,,,,,,,,,,,,,,,,,,,,,,,https://websummit.com/appearances/lis25/4b4e4bcb-b6c6-41a4-b05d-062314499fac/vercel
ViaBTC,Kilo,https://www.viabtc.com/,,,mining-disrupt,,1,,,,,,,,,,,,,,,,,,,,,,,,,,
Vinanz,Bronze,https://vinanz.co.uk,https://static.wixstatic.com/media/5b61ba_5218511412d54d6d88f04d3b475ab3d0.png,,bitcoin-policy-summit,2025,1,https://www.btcpolicysummit.org/sponsors,,Bitcoin Policy Summit 2025,,,,,,,,,,,,,,,,,,,,,,,
Virginia Blockchain Council,Bronze,https://vablockcouncil.org,https://static.wixstatic.com/media/5b61ba_171ed3896af24152b74df2dce54a8740.png,,bitcoin-policy-summit,2025,1,https://www.btcpolicysummit.org/sponsors,,Bitcoin Policy Summit 2025,,,,,,,,,,,,,,,,,,,,,,,
VirgoCX,Silver & Bronze,https://virgocx.ca/,https://cdn.prod.website-files.com/61e8788db85eabd9f0305f67/68dbe1f8d5dae5fbc7abbf9c_virgo.png,,blockchain-futurist-florida,,1,,,,,,,,,,,,,,,,,,,,,,,,,,
Virtuals Protocol,Exhibitor,https://app.virtuals.io/,https://api.rareevo.io/storage/domains/rareevo.io/organizations/logos/Logo Black Transparent.png,,rare-evo,,1,,,Rare Evo 2026,,,,exhibitor,,,,,,active,23,,,,,,,,,,,,
Visa,Fintech & financial services,,,,web-summit-lisbon,2025,1,,,,,,,,,,,,,,,,,,,,,,,,,,https://websummit.com/appearances/lis25/7efc9f5c-5d94-44ba-8761-5d5809d22dd5/visa
VNTR,Community Partner,,https://cdn.prod.website-files.com/6756df8f05088bc3e51c64ea/690da97853bfc93b1b485ed2_MAKOCS29XW3r1qlylLQ-EPMaI99fMNbYzzDwgm3lxWs.png,,token2049-singapore,2026,1,https://www.token2049.com/singapore/partners,,TOKEN2049 Singapore,,,,,,,,,,,,,,,,,,,,,,Carried over from 2025 lineup (per page label),
VOIS (Vodafone Intelligent Solutions),Telecommunications & IT,,,,web-summit-lisbon,2025,1,,,,,,,,,,,,,,,,,,,,,,,,,,https://websummit.com/appearances/lis25/180f17d2-3715-4337-b036-098f5c2e2e86/vois-vodafone-intelligent-solutions
VolcMiner,1 Block,https://t.me/volcminer_support,https://cdn.prod.website-files.com/687f979126432c8ce843e6d7/690a87ca7dbf663abda7fd18_682d4755bece80b66690a435_volcminer-logo-e9-bb-91-e7-99-bd-04.webp,"VOLCMINER is committed to becoming a global leader in chip innovation. By providing cutting-edge technology and a comprehensive ecosystem, we continuously push the boundaries of high-performance miners which could customizable air cooling, water cooling, oil cooling, machine size,machine appearance etc.",bitcoin-mena,2025,1,https://mena.b.tc/sponsor,https://t.me/volcminer_support,Bitcoin MENA,,,,,,,,,,,,,,,,,,,,,,,
VolcMiner,Mega,https://www.volcminer.com/,,,mining-disrupt,,1,,,,,,,,,,,,,,,,,,,,,,,,,,
Voyager,Exhibitor,,https://api.rareevo.io/storage/domains/rareevo.io/organizations/logos/Voyager Logo Black.png,,rare-evo,,1,,,Rare Evo 2026,,,,exhibitor,,,,,,active,174,,,,,,,,,,,,
Vybe Network,Gold,https://www.vybenetwork.com/,,"Vybe Network is a Solana data and intelligence platform that provides APIs, analytics, and dashboards for developers, traders, and ecosystem teams. Its tools help users inspect Solana activity, markets, and assets through accessible data products.",solana-breakpoint,,1,,,,,,,,,,,,,,,,Developer Tools,Platform,Solana intelligence for builders and analysts.,"Vybe Network provides Solana data, analytics, and API tooling for applications and market participants.",https://x.com/Vybe_Network,,,https://t.me/VybeNetwork_Official,,,
w3,Exhibitor,https://w3.io/,https://api.rareevo.io/storage/domains/rareevo.io/organizations/logos/w3-logo-horizontal-dark.png,,rare-evo,,1,,,Rare Evo 2026,,,,exhibitor,,,,,,active,168,,,,,,,,,,,,
w3k,Supporting Partner,https://w3k.io/,https://framerusercontent.com/images/qGfe2zzvnY1HLtdkNzUYTwTtJE.png?scale-down-to=512&width=634&height=288,,korea-blockchain-week,2025,1,,,,,,,,,,,,,,,,,,,,,,,,,,
Wachsman,Exhibitor,https://wachsman.com/,https://api.rareevo.io/storage/domains/rareevo.io/organizations/logos/logo-dark.png,,rare-evo,,1,,,Rare Evo 2026,,,,exhibitor,,,,,,inactive,118,,,,,,,,,,,,
waketonup (Telegram),Partner:Info Partners,https://t.me/waketonup,https://blockchain-life.com/wp-content/uploads/2025/09/IMG_6915-scaled.png,,blockchain-life-forum,2026,1,,,,,,,,,,,,,,,,,,,,,,,,,,
WalletConnect,Partner,https://walletconnect.com,,Participating partner; infrastructure focus.,binance-blockchain-week,2025,1,https://www.passionateinmarketing.com/setting-the-stage-binance-announces-first-wave-of-global-speakers-for-blockchain-week-2025/,,,,,,,,,,,,,,,,,,,,,,,,,
WalletConnect,Gold,https://walletconnect.network/,,"WalletConnect is an open protocol and product ecosystem for connecting wallets to decentralized applications. It provides wallet connection, messaging, and identity infrastructure used by apps and wallets across multiple blockchain ecosystems.",solana-breakpoint,,1,,,,,,,,,,,,,,,,Developer Tools,Platform,The wallet UX layer for the decentralized web.,"WalletConnect provides wallet connectivity, messaging, and identity infrastructure for web3 applications.",https://x.com/wcthub,https://discord.com/invite/walletconnectnetwork,,https://t.me/walletconnect,,,
Wallstreetbets,Community Partner,,https://cdn.prod.website-files.com/6756df8f05088bc3e51c64ea/690da97dac79d71273b04ba7_2Rsbioyxcq-K1KeTg3b7MHo-V-kuql9_CgqVtE8oh1I.png,,token2049-singapore,2026,1,https://www.token2049.com/singapore/partners,,TOKEN2049 Singapore,,,,,,,,,,,,,,,,,,,,,,Carried over from 2025 lineup (per page label),
walrus,Bronze,https://walrus.xyz/,https://framerusercontent.com/images/AAEXO8V4ovhCFMPhWMVP66hACsg.png?scale-down-to=512&width=634&height=288,,korea-blockchain-week,2025,1,,,,,,,,,,,,,,,,,,,,,,,,,,
WasabiCard,Gold Sponsor,,https://cdn.prod.website-files.com/6756df8f05088bc3e51c64ea/6a3a8962e01d7a219fbdcd0b_Wasabicard.png,,token2049-singapore,2026,1,https://www.token2049.com/singapore/partners,,TOKEN2049 Singapore,,,,,,,,,,,,,,,,,,,,,,Confirmed 2026 sponsor,
Waterloo,University/College,https://uwaterloo.ca/,https://api.rareevo.io/storage/domains/rareevo.io/organizations/colleges/University-of-Waterloo-Vertical-Logo-Vector.svg-.png,,rare-evo,,1,,,Rare Evo 2026,,,,colleges,,,,,,active,149,,,,,,,,,,,,
WAV3,Community Partner,,https://cdn.prod.website-files.com/6756df8f05088bc3e51c64ea/68b456f0d564abe267c90243_FsZY6n4quVHuBpQL-lUxtNV5XGzUvXceBcb39qy2n4g.png,,token2049-singapore,2026,1,https://www.token2049.com/singapore/partners,,TOKEN2049 Singapore,,,,,,,,,,,,,,,,,,,,,,Carried over from 2025 lineup (per page label),
Wayup,Exhibitor,https://www.wayup.io/,https://api.rareevo.io/storage/domains/rareevo.io/organizations/logos/Wayup_shape.png,,rare-evo,,1,,,Rare Evo 2026,,,,exhibitor,,,,,,active,87,,,,,,,,,,,,
Web3 Bacolod,Community Partner,,https://cdn.prod.website-files.com/6756df8f05088bc3e51c64ea/68b45065d35ac2ce60cd90c0_WjZsr46ev26wMRVlBF4DQrZ1GMQwXyM7eROZXI5iLpQ.png,,token2049-singapore,2026,1,https://www.token2049.com/singapore/partners,,TOKEN2049 Singapore,,,,,,,,,,,,,,,,,,,,,,Carried over from 2025 lineup (per page label),
Web3 Cebu,Community Partner,,https://cdn.prod.website-files.com/6756df8f05088bc3e51c64ea/68b456f3fd9516a2ff9043e4_moCccMng3gQRxQdo9xwmXNClCID9z6w7tl5t5wOnvnk.png,,token2049-singapore,2026,1,https://www.token2049.com/singapore/partners,,TOKEN2049 Singapore,,,,,,,,,,,,,,,,,,,,,,Carried over from 2025 lineup (per page label),
Web3 San Carlos,Community Partner,,https://cdn.prod.website-files.com/6756df8f05088bc3e51c64ea/690da9842c60698584ff2f05_VrmPYO9ouCE6-i9AUZWy0xiACGMJKTUaDI8RVlIHjZA.jpeg,,token2049-singapore,2026,1,https://www.token2049.com/singapore/partners,,TOKEN2049 Singapore,,,,,,,,,,,,,,,,,,,,,,Carried over from 2025 lineup (per page label),
Web3 With Elius & Simo,Community Partner,,https://cdn.prod.website-files.com/6756df8f05088bc3e51c64ea/690da988b4badc43167b7305_aDKW3S7rN_uRyYAO__JTFjR-FJ1wikjpnScGDIavZL0.png,,token2049-singapore,2026,1,https://www.token2049.com/singapore/partners,,TOKEN2049 Singapore,,,,,,,,,,,,,,,,,,,,,,Carried over from 2025 lineup (per page label),
Web3events,Community Partner,,https://cdn.prod.website-files.com/6756df8f05088bc3e51c64ea/690da98e9f1ff719a367f331_6x9btYTxRz3YiIw9IvOhyXgN5I-KjNyOlLWemJmSY44.png,,token2049-singapore,2026,1,https://www.token2049.com/singapore/partners,,TOKEN2049 Singapore,,,,,,,,,,,,,,,,,,,,,,Carried over from 2025 lineup (per page label),
web3festival,Bronze,https://www.web3festival.org/,https://framerusercontent.com/images/3kI6u5q2By7soLcwamYmUIHqBAY.png?scale-down-to=512&width=634&height=288,,korea-blockchain-week,2025,1,,,,,,,,,,,,,,,,,,,,,,,,,,
Web3Labs,Strategic Partner,https://web3labs.g-rocket.co/,,,bitcoin-asia,,1,,,,,,,,,,,,,,,,,,,,,,,,,,
Web3MeetUpsDubai (Telegram),Partner:Info Partners,https://t.me/Web3MeetUpsDubai,https://blockchain-life.com/wp-content/uploads/2025/08/web3-1.png,,blockchain-life-forum,2026,1,,,,,,,,,,,,,,,,,,,,,,,,,,
Web3spell,Community Partner,,https://cdn.prod.website-files.com/6756df8f05088bc3e51c64ea/690da9869f1ff719a367ee15_0gq4yaAyolzQ-vyOkQNm63Q3_bFwhiyPaqgiZZawdXQ.jpeg,,token2049-singapore,2026,1,https://www.token2049.com/singapore/partners,,TOKEN2049 Singapore,,,,,,,,,,,,,,,,,,,,,,Carried over from 2025 lineup (per page label),
Web3TO,Gold,https://www.web3to.ca/,,,blockchain-futurist-toronto,,1,,,Blockchain Futurist Conference Toronto 2026,,,,,,,,,,,,,,,,,,,,,,,
WeChange,Gold Sponsor,,https://cdn.prod.website-files.com/6756df8f05088bc3e51c64ea/6a3a896b527447b6db15b172_Wechange.png,,token2049-singapore,2026,1,https://www.token2049.com/singapore/partners,,TOKEN2049 Singapore,,,,,,,,,,,,,,,,,,,,,,Confirmed 2026 sponsor,
WEEX,Platinum Sponsor,,https://cdn.prod.website-files.com/6756df8f05088bc3e51c64ea/6a3a859c4ef93b29c09fd5d4_WEEX.png,,token2049-singapore,2026,1,https://www.token2049.com/singapore/partners,,TOKEN2049 Singapore,,,,,,,,,,,,,,,,,,,,,,Confirmed 2026 sponsor,
Wekos,Kilo,https://www.wekos.net/,,,mining-disrupt,,1,,,,,,,,,,,,,,,,,,,,,,,,,,
Wenaltseason,Community Partner,,https://cdn.prod.website-files.com/6756df8f05088bc3e51c64ea/68cd154d51aca5c2215c425d_zWj-CMnUyQPq8SG8Fw1YCOSw444ra3g52BkTTx0kbiI.svg,,token2049-singapore,2026,1,https://www.token2049.com/singapore/partners,,TOKEN2049 Singapore,,,,,,,,,,,,,,,,,,,,,,Carried over from 2025 lineup (per page label),
West Virginia University,University/College,https://www.wvu.edu/,https://api.rareevo.io/storage/domains/rareevo.io/organizations/colleges/wvu.png,,rare-evo,,1,,,Rare Evo 2026,,,,colleges,,,,,,active,150,,,,,,,,,,,,
WikiBit,Partner:Info Partners,https://wikibit.com/,https://blockchain-life.com/wp-content/uploads/2025/09/photo_6140995285967114391_y.jpg,,blockchain-life-forum,2026,1,,,,,,,,,,,,,,,,,,,,,,,,,,
Win Win Partners,Sponsor/Exhibitor,,https://tickets.sigma.world/img/companies/tmp/company-102309-1747383657.svg,,sigma-world-rome,,1,,,"SiGMA World 2026 (Rome, Fiera Roma, Nov 2-5 2026)",,,,,,,,,,,,,,,,,,,,,,,
Winfinity,Sponsor/Exhibitor,,https://tickets.sigma.world/img/companies/tmp/company-100867-1724062225.webp,,sigma-world-rome,,1,,,"SiGMA World 2026 (Rome, Fiera Roma, Nov 2-5 2026)",,,,,,,,,,,,,,,,,,,,,,,
Wintermute,Exhibitor,https://www.wintermute.com/,https://api.rareevo.io/storage/domains/rareevo.io/organizations/logos/Wintermute Night Green-1.png,,rare-evo,,1,,,Rare Evo 2026,,,,exhibitor,,,,,,active,141,,,,,,,,,,,,
wiw3ch,Supporting Partner,https://www.wiw3ch.com/,https://framerusercontent.com/images/OjgNjRFwRUzXyMvBxaipuoNJHI.png?scale-down-to=512&width=634&height=288,,korea-blockchain-week,2025,1,,,,,,,,,,,,,,,,,,,,,,,,,,
Wolf,Partner,,https://api.rareevo.io/storage/domains/dev.rareevo.io/organizations/logos/CAVC3wDVhNnR54KJC1X1hzIM1ueRNIgNQKnMkkgR.png,,rare-evo,,1,,,Rare Evo 2026,,,,partner,,,,,,active,104,,,,,,,,,,,,
Wolf Capital,Community Partner,,https://cdn.prod.website-files.com/6756df8f05088bc3e51c64ea/68b45046d1852018db4a6595_4CfC-G5L-4WYqM-a3lBDOXKKZsxOkCHDu1MeEXkGfbY.png,,token2049-singapore,2026,1,https://www.token2049.com/singapore/partners,,TOKEN2049 Singapore,,,,,,,,,,,,,,,,,,,,,,Carried over from 2025 lineup (per page label),
Women in Crypto,,,,,ripple-swell-apex,2025,1,,,,,,,,,,,,,,,,,,,,,,,,,,
Women in Web3 Switzerland (WiW3CH),Community Partner,,https://cdn.prod.website-files.com/6756df8f05088bc3e51c64ea/690da994ad8f90b5e9dd8155_2Zaq61cxivX-cQupm7KzvY6PqUIzxH_no1ET_H2mkf8.png,,token2049-singapore,2026,1,https://www.token2049.com/singapore/partners,,TOKEN2049 Singapore,,,,,,,,,,,,,,,,,,,,,,Carried over from 2025 lineup (per page label),
world,Attending Media,https://world.kbs.co.kr/,https://framerusercontent.com/images/Jbb11gdHxnkuRcqpJz5VQLTPm8.png?scale-down-to=512&width=634&height=288,,korea-blockchain-week,2025,1,,,,,,,,,,,,,,,,,,,,,,,,,,
World Boss Media,Gold,http://worldbossmedia.com/,,,blockchain-futurist-toronto,,1,,,Blockchain Futurist Conference Toronto 2026,,,,,,,,,,,,,,,,,,,,,,,
World Mobile,Exhibitor,https://worldmobile.io/,https://api.rareevo.io/storage/domains/rareevo.io/organizations/logos/WorldMobile Logo Black.png,,rare-evo,,1,,,Rare Evo 2026,,,,exhibitor,,,,,yes,active,18,,,,,,,,,,,,
wowtv,Attending Media,https://www.wowtv.co.kr/,https://framerusercontent.com/images/EqrUjkWpWL7rEgkGTZ6RK1mdLk.png?scale-down-to=512&width=634&height=288,,korea-blockchain-week,2025,1,,,,,,,,,,,,,,,,,,,,,,,,,,
Wright Fan,Mega,https://wrightfan.com/,,,mining-disrupt,,1,,,,,,,,,,,,,,,,,,,,,,,,,,
Wristcheck,Lifestyle Partner,,https://cdn.prod.website-files.com/6756df8f05088bc3e51c64ea/690da9dc45a1c99c3f8b197c_lg4eTbFX3w-N6TD2WMJdr5JkxeN_JAqKgNKRQcwFBE0.png,,token2049-singapore,2026,1,https://www.token2049.com/singapore/partners,,TOKEN2049 Singapore,,,,,,,,,,,,,,,,,,,,,,Carried over from 2025 lineup (per page label),
wsj,Attending Media,https://www.wsj.com/,https://framerusercontent.com/images/eWa03DXDTA8JuB8t1JBrBVgHY4.png?scale-down-to=512&width=634&height=288,,korea-blockchain-week,2025,1,,,,,,,,,,,,,,,,,,,,,,,,,,
Xaman,,,,,ripple-swell-apex,2025,1,,,,,,,,,,,,,,,,,,,,,,,,,,
XBO,Sponsor/Exhibitor,,https://tickets.sigma.world/img/companies/tmp/company-101930-1724317628.png,,sigma-world-rome,,1,,,"SiGMA World 2026 (Rome, Fiera Roma, Nov 2-5 2026)",,,,,,,,,,,,,,,,,,,,,,,
XBTO,1 Block,https://www.xbto.com/,https://cdn.prod.website-files.com/687f979126432c8ce843e6d7/68e7e290606ad184dcd27186_xbto-logo.webp,"Founded in 2015, XBTO is a full-service digital asset platform that offers institutions, family offices and high net worth individuals access to best-in-class investment solutions, enabling them to navigate the digital asset market with confidence. ​The organization is licensed by the Bermuda Monetary Authority under the Digital Asset Business Act and has received an IPA from the FSRA in ADGM. XBTO has a presence in 6 locations: Bermuda, Miami, New York, London, Paris, and Abu Dhabi.",bitcoin-mena,2025,1,https://mena.b.tc/sponsor,https://x.com/xbtogroup; https://www.linkedin.com/company/xbto,Bitcoin MENA,,,,,,,,,,,,,,,,,,,,,,,
xion,Bronze,https://xion.burnt.com/,https://framerusercontent.com/images/U6UgKvAi8zyxCCRNpWh6Kcos.png?scale-down-to=512&width=634&height=288,,korea-blockchain-week,2025,1,,,,,,,,,,,,,,,,,,,,,,,,,,
Xiongmao Digital,Partner:Info Partners,https://xiongmaodigital.com,https://blockchain-life.com/wp-content/uploads/2025/06/XMD_9.png,,blockchain-life-forum,2026,1,,,,,,,,,,,,,,,,,,,,,,,,,,
XO (VistaJet),Lifestyle Partner,,https://cdn.prod.website-files.com/6756df8f05088bc3e51c64ea/690da9d76e2711fe3cc283b6_CfETjAKsuR4k2qDmMAy6fMhHDA8a1rcSWGehpJAy49c.png,,token2049-singapore,2026,1,https://www.token2049.com/singapore/partners,,TOKEN2049 Singapore,,,,,,,,,,,,,,,,,,,,,,Carried over from 2025 lineup (per page label),
XRP Ledger Foundation (XRPLF),,,,,ripple-swell-apex,2025,1,,,,,,,,,,,,,,,,,,,,,,,,,,
xrp.cafe,,,,,ripple-swell-apex,2025,1,,,,,,,,,,,,,,,,,,,,,,,,,,
XRPL Labs,,,,,ripple-swell-apex,2025,1,,,,,,,,,,,,,,,,,,,,,,,,,,
xter,Bronze,https://xter.io/,https://framerusercontent.com/images/HDfwC4XOdTDUBGpzzEhociupyk.png?scale-down-to=512&width=634&height=288,,korea-blockchain-week,2025,1,,,,,,,,,,,,,,,,,,,,,,,,,,
xylo,Bronze,https://xylo.world/product/wallet,https://framerusercontent.com/images/wCOv6CuVEVq8sPUfIuzQwJnxVo.png?scale-down-to=512&width=634&height=288,,korea-blockchain-week,2025,1,,,,,,,,,,,,,,,,,,,,,,,,,,
Yaspa,Sponsor/Exhibitor,,https://tickets.sigma.world/img/companies/tmp/company-102339-1749732680.png,,sigma-world-rome,,1,,,"SiGMA World 2026 (Rome, Fiera Roma, Nov 2-5 2026)",,,,,,,,,,,,,,,,,,,,,,,
Yearn,Exhibitor,https://yearn.fi/,https://api.rareevo.io/storage/domains/rareevo.io/organizations/logos/YEARN_LOGO_BLUE_RGB.png,,rare-evo,,1,,,Rare Evo 2026,,,,exhibitor,,,,,,inactive,39,,,,,,,,,,,,
Yellow,Prize Partner,https://yellow.org,https://ethglobal.b-cdn.net/organizations/5wcw4/square-logo/default.png,,ethglobal-lisbon,,1,,,,"$15,000",,,,,,,,,,,,,,,,,,,,,,
yggplay,Bronze,https://www.yggplay.fun/,https://framerusercontent.com/images/ZsJ11Nu6NvgqXSbxH167PHUUvE.png?scale-down-to=512&width=634&height=288,,korea-blockchain-week,2025,1,,,,,,,,,,,,,,,,,,,,,,,,,,
Yield Guild Games (YGG),Partner,https://www.yieldguild.io,,Participating partner; gaming economies focus.,binance-blockchain-week,2025,1,https://www.passionateinmarketing.com/setting-the-stage-binance-announces-first-wave-of-global-speakers-for-blockchain-week-2025/,,,,,,,,,,,,,,,,,,,,,,,,,
yna,Attending Media,https://www.yna.co.kr/,https://framerusercontent.com/images/HIm3eex0bw3E9KG7a3zo4bzSxU.png?scale-down-to=512&width=634&height=288,,korea-blockchain-week,2025,1,,,,,,,,,,,,,,,,,,,,,,,,,,
Young Founders School,Community Partner,,https://cdn.prod.website-files.com/6756df8f05088bc3e51c64ea/68cd1582f2394d6236fbb228_onfHCvnteKK8ibu5_v97YFFYcqmrriBQb3ouVOGGQDs.png,,token2049-singapore,2026,1,https://www.token2049.com/singapore/partners,,TOKEN2049 Singapore,,,,,,,,,,,,,,,,,,,,,,Carried over from 2025 lineup (per page label),
"Yunnan Xikai Electrical Equipment Co., Ltd",1 Block,https://ynxikai.com/,https://cdn.prod.website-files.com/687f979126432c8ce843e6d7/692eed8449a1ee0e99935a0e_73400571-7458-480f-bbd9-cef9ee9289bb-ticket-hs_file_upload-logo.webp,"Yunnan Xikai Electrical Equipment Co., Ltd. is a global leader in modular Bitcoin mining farm construction, and Bitmain’s premier partner in this space—delivering specialized Bitcoin mining infrastructure expertise to advance the global industry.With 7 years of independent R&D and in-house manufacturing, it controls core mining electrical infrastructure supply chains (partnering with leaders like ABB and Schneider Electric) and provides Bitcoin farm-specific end-to-end turnkey solutions (design, construction, O&M).Its proven Bitcoin mining project portfolio includes Paraguay’s 455MW water-cooled farm, delivering optimized infrastructure to support clients’ swift hash rate deployment and stable mining operations.‍",bitcoin-mena,2025,1,https://mena.b.tc/sponsor,,Bitcoin MENA,,,,,,,,,,,,,,,,,,,,,,,
Za Rulem,Partner:Media Partners,https://www.zr.ru/,https://blockchain-life.com/wp-content/uploads/2025/09/ZR-Logo.png,,blockchain-life-forum,2026,1,,,,,,,,,,,,,,,,,,,,,,,,,,
ZAN,Silver Sponsor,,https://cdn.prod.website-files.com/6756df8f05088bc3e51c64ea/6a3a9458c17822ec8e8b9321_Zan.png,,token2049-singapore,2026,1,https://www.token2049.com/singapore/partners,,TOKEN2049 Singapore,,,,,,,,,,,,,,,,,,,,,,Confirmed 2026 sponsor,
zdnet,Attending Media,https://zdnet.co.kr/,https://framerusercontent.com/images/L0iMIESV6Qoi1PIR9v91muvfKU.png?scale-down-to=512&width=634&height=288,,korea-blockchain-week,2025,1,,,,,,,,,,,,,,,,,,,,,,,,,,
Zenex,Sponsor/Exhibitor,,https://tickets.sigma.world/img/companies/tmp/company-100993-1752559843.png,,sigma-world-rome,,1,,,"SiGMA World 2026 (Rome, Fiera Roma, Nov 2-5 2026)",,,,,,,,,,,,,,,,,,,,,,,
ZeroHash,Bronze,https://zerohash.com,https://static.wixstatic.com/media/5b61ba_c07695d9d3d9480892abf6c1d706a2cd.png,,bitcoin-policy-summit,2025,1,https://www.btcpolicysummit.org/sponsors,,Bitcoin Policy Summit 2025,,,,,,,,,,,,,,,,,,,,,,,
ZEX PR WIRE,Silver Sponsor,,https://cdn.prod.website-files.com/6756df8f05088bc3e51c64ea/6a3a9458c17822ec8e8b931e_ZEX-PR-Wire.png,,token2049-singapore,2026,1,https://www.token2049.com/singapore/partners,,TOKEN2049 Singapore,,,,,,,,,,,,,,,,,,,,,,Confirmed 2026 sponsor,
Zhongguancun Chico Information Technology and Service Alliance,Charities & NGOs,,,,web-summit-lisbon,2025,1,,,,,,,,,,,,,,,,,,,,,,,,,,https://websummit.com/appearances/lis25/d2206626-723c-45cf-886b-7871ae248f32/zhongguancun-chico-information-technology-and-service-alliance
Zia Finance,Exhibitor,,https://api.rareevo.io/storage/domains/rareevo.io/organizations/logos/zia.png,,rare-evo,,1,,,Rare Evo 2026,,,,exhibitor,,,,,,active,183,,,,,,,,,,,,
Zircon Securities,Silver Sponsor,,https://cdn.prod.website-files.com/6756df8f05088bc3e51c64ea/6a3a9458c17822ec8e8b9327_Zircon-Securities.png,,token2049-singapore,2026,1,https://www.token2049.com/singapore/partners,,TOKEN2049 Singapore,,,,,,,,,,,,,,,,,,,,,,Confirmed 2026 sponsor,
zircuit,Copper,https://www.zircuit.com/,https://framerusercontent.com/images/dWpUjWhLCPFbsskJOpiRjkB3QdE.png?scale-down-to=512&width=634&height=288,,korea-blockchain-week,2025,1,,,,,,,,,,,,,,,,,,,,,,,,,,
zo,Bronze,https://zo.xyz/,https://framerusercontent.com/images/km4lwZ0VfPBwuZ0kCPGPYVsRaHQ.png?scale-down-to=512&width=634&height=288,,korea-blockchain-week,2025,1,,,,,,,,,,,,,,,,,,,,,,,,,,
Zo World,Community Partner,,https://cdn.prod.website-files.com/6756df8f05088bc3e51c64ea/690da9ac757d8ae5256728a8_rbNoX5G-nkBvE50qTI3O_2WtsPtS7--_3J6rPTLUJME.png,,token2049-singapore,2026,1,https://www.token2049.com/singapore/partners,,TOKEN2049 Singapore,,,,,,,,,,,,,,,,,,,,,,Carried over from 2025 lineup (per page label),
Zoomex,Sponsor,https://www.zoomex.com,https://wojgrioccmbywgtruwfl.supabase.co/storage/v1/object/public/Media%20Folders/Coinfest%20Asia%202026/CMS/Partners/Sponsors/zoomex_1778931344723.png,,coinfest-asia,2026,1,,,,,,,,,,,,,,,,,,,,,,,,,,
