name,title,company,bio,talk_title,country,twitter,linkedin,other_social,photo_url,notes,source_events,source_years,source_count,event_edition,source_url,event,category,is_featured,status,program,participant_id,source_category
Alexandre Laizet,Board Director of Bitcoin Strategy,Capital B,"Alexandre is Board Member and Director of Bitcoin Strategy at Capital B, Europe’s first Bitcoin Treasury Company. Alexandre is a committed Bitcoin maximalist.",,,,,,https://cdn.prod.website-files.com/687f979126432c8ce843e6d7/692a5fc8dacb2be474726207_b69706f6f52ddc63a810536b.webp,,bitcoin-amsterdam;bitcoin-asia;bitcoin-mena,2025,3,,https://mena.b.tc/speakers,Bitcoin MENA,,,,,,
Hunter Albright,Chief Revenue Officer,SALT Lending,"Hunter is the Chief Revenue Officer of SALT Lending, one of the earliest Bitcoin-backed lending platforms, and co-author of the upcoming book - The Bitcoin Advantage. A systems engineer by training with a Ph.D. in optimization and AI from the University of Virginia, he has held senior leadership roles at global banks include Barclays, HBOS, and MasterCard, founded and advised multiple startups, and worked internationally across Europe and the U.S. Hunter has been active in Bitcoin education through the University of Colorado Blockchain Alliance, IEEE blockchain initiatives, and the CryptoCurrency Certification Consortium (C4), and he frequently speaks at global Bitcoin conferences on innovation in Bitcoin-backed finance and financial sovereignty.",,,,,,https://cdn.prod.website-files.com/687f979126432c8ce843e6d7/68dff24a3f0c96164ffd59a5_4bb1d2cf57d574eb2886a181.webp,,bitcoin-amsterdam;bitcoin-asia;bitcoin-mena,2025,3,,https://mena.b.tc/speakers,Bitcoin MENA,,,,,,
Peng Li,Marketing Manager,BITDEER,,,,,,,https://miningdisrupt.com/assets/images/gallery08/0a9feb00.png?v=0308a4f1,,bitcoin-amsterdam;bitcoin-asia;mining-disrupt,,3,,,,,,,,,
Rachel Conlan,Chief Marketing Officer,Binance,"Rachel Conlan, a visionary marketer and entrepreneurial strategist is the driving force behind Binance's global marketing and brand campaigns. As Binance embarks on its ambitious journey to reinforce and broaden its standing as the world's most trusted cryptocurrency brand, Rachel's leadership is instrumental. Before joining Binance, Rachel was a transformative figure at OKX, spearheading brand and marketing initiatives that included the negotiation and launch of high-profile international partnerships with Manchester City F.C., McLaren Racing, and Tribeca Festival. Her strategic insights and knack for partnership creation have left indelible marks on the brand. Rachel's vast experience extends to her tenure at CAA Sports, a leading international sports and entertainment agency, where she held the reins of Global Partnerships. She developed innovative brand partnerships and cultural marketing programs, bridging global brands, rights holders, and talent, adding immense value and contributing to CAA's market influence. As the Global Chief Marketing Officer for Havas, the sixth-largest communications company within the Vivendi conglomerate, Rachel demonstrated exceptional leadership. She was entrusted with enhancing Havas' reputation and revenue, crafting integrated marketing and experiential platforms for Fortune 500 companies that set industry benchmarks. In addition to her role as CMO, Rachel's contributions to Havas spanned various leadership positions. As Managing Director of Havas Luxhub, she led strategic and commercial operations, fostering pioneering strategies for luxury, fashion, and lifestyle companies to engage and retain a new generation of consumers. Her client portfolio boasted iconic brands like LVMH, PUIG, Sotheby's, Net-a-Porter, Netjets, and Kit and Ace. Rachel's strategic prowess was further displayed in her role as Havas' Global Growth Director. She orchestrated a comprehensive global new business development and marketing plan for the network. Notably, Rachel was part of the visionary team behind Havas' 2012 rebrand from Euro RSCG Worldwide, establishing a new standard for Havas Group's transformation. Rachel resides in Abu Dhabi, UAE with her husband and toddler son.",,,,,logo:https://blockchain-life.com/wp-content/cache/thumb/11/9d17ddc82bd0b11_160x0.png,https://cdn.prod.website-files.com/687f979126432c8ce843e6d7/6911ffacf8db2ab8eb072a6b_66163cb6f25fdacabda3c745.webp,,binance-blockchain-week;bitcoin-mena;blockchain-life-forum,2025;2026,3,,https://crypto.ro/en/news/binance-blockchain-week-2025/,Bitcoin MENA,,,,,,
Stephan Livera,Podcaster / Advisor,Stephan Livera Podcast,"Apresenta um dos principais podcasts sobre Bitcoin, focado na economia e na tecnologia do Bitcoin. Investe e atua como conselheiro em startups e empresas de Bitcoin.",,,,,https://x.com/stephanlivera,https://cdn.prod.website-files.com/687f979126432c8ce843e6d7/68c968989879b14a65c97596_UPk1c-vNFg1mNZTDSEwkmODPeFWaK98bd4J9UXlLMp8.webp,,bitcoin-asia;bitcoin-mena;satsconf,2025,3,,https://mena.b.tc/speakers,Bitcoin MENA,,,,,,
Yat Siu,Co-Founder and Executive Chairman,Animoca Brands,"Yat Siu, Co-Founder and Executive Chairman, Animoca Brands Veteran technology entrepreneur/investor Yat Siu is the co-founder and executive chairman of Animoca Brands, a global leader in Web3, blockchain, gaming, and tokenization with the goal to provide all users with property rights for virtual assets. Yat began his career at Atari Germany, then established Hong Kong Cybercity/Freenation, the first free web page and email provider in Asia. In 1998 he set up Outblaze, an award-winning pioneer of multilingual white label web services. After selling one of its business units to IBM, he pivoted Outblaze to incubate digital entertainment projects. One of those projects is Animoca Brands. Yat has numerous accolades, including Global Leader of Tomorrow at the World Economic Forum, Young Entrepreneur of the Year at the DHL/SCMP Awards, and recognition as one of Cointelegraph's top 100 notable people in blockchain. A classically trained musician, Yat is a member of the advisory board of BAFTA (British Academy of Film and Television Arts) and a director of the Asian Youth Orchestra.",,,https://x.com/ysiu,https://hk.linkedin.com/in/yatsiu,logo:https://blockchain-life.com/wp-content/uploads/2025/03/Animoca-Brands-Logo-Standard.svg,https://cdn.prod.website-files.com/687f979126432c8ce843e6d7/68ffaa3c37b3fe8f53b83c9e_8xhvDGv8wkmTEfFDvG-Mi1IJe5uVYxEkE83yIekB4tQ.webp,,bitcoin-mena;blockchain-life-forum;token2049-singapore,2025;2026,3,,https://mena.b.tc/speakers,Bitcoin MENA,,,,,,
Adam Back,Co-founder & CEO,Blockstream,,,,https://x.com/adam3us,,,,,bitcoin-amsterdam;planb-forum-lugano,2026,2,,,,,,,,,
Alex Gladstein,Chief Strategy Officer,Human Rights Foundation,Chief Strategy Officer at the Human Rights Foundation and a prominent advocate for Bitcoin as a tool for human rights. He is widely known for his work connecting Bitcoin with human rights and financial freedom globally. Gladstein is a regular speaker and author on the intersection of technology and civil liberties.,,,,,,https://afrobitcoin.org/wp-content/uploads/2024/03/Gladstein.jpg,,africa-bitcoin-conference;bitcoin-policy-summit,2025;2026,2,ABC26,https://www.btcpolicysummit.org/2025-speakers,Bitcoin Policy Summit 2025,,,,,,
Arthur Breitman,Co-Founder,Tezos,Co-Founder of Tezos,,,https://x.com/ArthurB,,logo:https://blockchain-life.com/wp-content/cache/thumb/64/7a40da1993f1964_160x0.webp,https://blockchain-life.com/wp-content/cache/thumb/13/3e67043383e4713_420x460_notcrop.webp,,blockchain-life-forum;token2049-singapore,2026,2,,https://www.token2049.com/singapore/speakers,TOKEN2049 Singapore,,,,,,
Arthur Hayes,CIO,Maelstrom,,,,https://x.com/CryptoHayes,https://www.linkedin.com/in/arthur-hayes-b493b42/,,https://framerusercontent.com/images/wqiR5S5NHoYCZtnjEIBzC0sAQM.webp?scale-down-to=1024&amp;width=1340&amp;height=1600,,korea-blockchain-week;token2049-singapore,2026,2,,https://www.token2049.com/singapore/speakers,TOKEN2049 Singapore,,,,,,
Ashton Addison,Founder & CEO,Crypto Coin Show,,,,,,,https://cdn.prod.website-files.com/61e87bb144d08a09b725b693/689f22a539966042fa348f7c_AshtonAddison_HEAD%201.png,,blockchain-futurist-florida;blockchain-futurist-toronto,,2,,,Blockchain Futurist Conference Toronto 2026,Toronto 2026,,,,,
Balaji Srinivasan,"Founder, Investor, Author",The Network State,,,,https://x.com/balajis,https://www.linkedin.com/in/balajissrinivasan/,,https://framerusercontent.com/images/QV4IwGGQvXmDWoKMXsuPYguri0.webp?scale-down-to=1024&amp;width=1340&amp;height=1600,,korea-blockchain-week;token2049-singapore,2026,2,,https://www.token2049.com/singapore/speakers,TOKEN2049 Singapore,,,,,,
Ben Zhou,Co-Founder and CEO,Bybit,Co-Founder and CEO of Bybit,,,,,logo:https://blockchain-life.com/wp-content/cache/thumb/6e/50d785af8454c6e_160x0.png,https://blockchain-life.com/wp-content/cache/thumb/0e/a3d69bff635810e_420x460_notcrop.png,,blockchain-life-forum;coinfest-asia,2026,2,,,,,,,,,
Bobby Ong,Co-Founder and CEO,CoinGecko,Co-Founder of CoinGecko,,,https://x.com/bobbyong,https://www.linkedin.com/in/bobbyongce/,logo:https://blockchain-life.com/wp-content/cache/thumb/35/fd8f31398c3d535_160x0.png,https://blockchain-life.com/wp-content/cache/thumb/63/1377ddd213a2863_420x460_notcrop.webp,,blockchain-life-forum;token2049-singapore,2026,2,,https://www.token2049.com/singapore/speakers,TOKEN2049 Singapore,,,,,,
Brad Garlinghouse,CEO,Ripple,"Topics: global payments, enterprise blockchain adoption, cross-border settlement and regulation.",,,,,,https://cdn.prod.website-files.com/6a06ea4ffe8dbdfa0d41575d/6a319ae36ff7555dd15640f8_Brad%20Garlinghouse.avif,,binance-blockchain-week;ripple-swell-apex,2025;2026,2,,https://crypto.ro/en/news/binance-blockchain-week-2025/,,,,,,,
Brian Dixon,CEO,Off the Chain Capital,"Brian is the CEO of Off the Chain Capital, which is a Warren Buffet value-style investment firm focused on acquiring blockchain assets at a discount. He is the author of four books covering Bitcoin and advanced technology. He entered the Bitcoin space in 2012 and has traveled the world educating people on the importance of the technology and asset.",,,,,,https://cdn.prod.website-files.com/687f979126432c8ce843e6d7/6883c8f5debeb5d0904d61b2_Zrd18ezLkqOc7Fytrgj31JeZ1q2syDVd-Sp4s2sZFvQ.webp,,bitcoin-amsterdam;bitcoin-mena,2025,2,,https://mena.b.tc/speakers,Bitcoin MENA,,,,,,
Charles Hoskinson,Founder and CEO,Input Output Group,,,,https://x.com/iohk_Charles,,,https://wojgrioccmbywgtruwfl.supabase.co/storage/v1/object/public/Media%2520Folders/Coinfest%2520Asia%25202026/CMS/Speakers/Profile%2520Pictures/1779275392957-charles-hoskinson.webp,Speaking virtually,coinfest-asia;token2049-singapore,2026,2,,https://www.token2049.com/singapore/speakers,TOKEN2049 Singapore,,,,,,
Christian Angermayer,Founder,Apeiron Investment Group,,,,,,,,,binance-blockchain-week;bitcoin-amsterdam,2025,2,,https://crypto.ro/en/news/binance-blockchain-week-2025/,,,,,,,
Craig Deutsch,Director of Programming,BTC Inc.,,,,,,,https://cdn.prod.website-files.com/687f979126432c8ce843e6d7/68a77218a9bccdfaa69a252a_13be398f1351339622f39e64.webp,,bitcoin-amsterdam;bitcoin-mena,2025,2,,https://mena.b.tc/speakers,Bitcoin MENA,,,,,,
Daniel Jonsson,CEO,mgmt Digital Infrastructure Fund,"Daniel is the CEO of newly launched mgmt Digital Infrastructure Fund, a fund focused on bitcoin mining where energy is low cost, stranded or curtailed and leveraging mining with additional revenue streams such as grid balancing and heat reuse in the Nordics and eventually throughout Europe. A passionate miner since 2017, Daniel has been active in the industry founding and leading companies such as Greenblocks, a bitcoin mining company and Viska Digital Assets, Iceland's first digital asset focused hedge fund. Daniel has been an active angel investor in recent years. As a firm believer in proof of work and doing hard things, Daniel can bench press 150kg and deadlift 221kg.",,,,,,https://cdn.prod.website-files.com/687f979126432c8ce843e6d7/68ffaa397a3a895a71d37c5e_tvmgf369uIDUlhmjpLARdzplrTSylsvgk8iAirGn1lI.webp,,bitcoin-amsterdam;bitcoin-mena,2025,2,,https://mena.b.tc/speakers,Bitcoin MENA,,,,,,
Denny Xing,VP of Business Development,Hash House,"Denny is currently the VP of Business Development at Hash House, where he leads business development, sales, and project management, driving growth and operational excellence across immersion and hydro cooling solutions and electrical hardware solutions. Prior to Hash House, Denny held key roles at Novablock, Poolin, and Luxor, where he developed expertise across multiple business verticals, including mining pool, firmware, hosting operations, and equipment financing.",,,,,,https://cdn.prod.website-files.com/687f979126432c8ce843e6d7/6894ba88feb4dbc64bde58f4_1cSpFRMN2lLdmorye0Q4uBDI6BCVMKFtCQ4BZCehWmg.webp,,bitcoin-mena;mining-disrupt,2025,2,,https://mena.b.tc/speakers,Bitcoin MENA,,,,,,
Derar Islim,Antalpha's COO and CEO of Americas & EMEA,Antalpha,"Derar Islim, Ph.D. – Chief Operating Officer, Antalpha Platform Holding Company and CEO, Americas & EMEA Derar Islim, PhD, is a seasoned financial executive with significant experience in the digital asset industry, building and managing premier digital assets financial services and products globally. Islim’s career reflects a blend of academic rigor and practical experience in high-stakes financial environments. Derar’s leadership at Genesis, particularly during its crisis, showcased his ability to navigate complex operational and financial challenges from execution and governance perspectives. Derar formerly held the roles of Interim CEO and COO at Genesis and, prior to that, Head of Risk at Hard Yaka. He has an established track record of leading at the forefront of modern financial markets. Early in his career, he served as a senior trader at Bank of America Merrill Lynch, where he co-managed the Funding Valuation Adjustment (FVA) trading desk and worked on modeling, pricing, and hedging credit structured products. Derar holds a Ph.D. in Financial Mathematics from Florida State University, focusing on financial derivatives and applied partial differential equations. Derar is a recipient of the prestigious Fulbright Scholarship, alongside other academic and professional awards.",,,,,,https://cdn.prod.website-files.com/687f979126432c8ce843e6d7/691c838ce90d90923a60f651_a2a1b2e7f0ab23e98799f3cd.webp,,bitcoin-amsterdam;bitcoin-mena,2025,2,,https://mena.b.tc/speakers,Bitcoin MENA,,,,,,
Emma Todd,CEO,MMH Technology Group,,,,,,,https://cdn.prod.website-files.com/61e87bb144d08a09b725b693/67b47d656a9067fcfda6e35a_EmmaTodd_HEAD.jpeg,,blockchain-futurist-florida;blockchain-futurist-toronto,,2,,,Blockchain Futurist Conference Toronto 2026,Toronto 2026,,,,,
Eowyn Chen,CEO,Trust Wallet,"Session on self-custody, wallet security, and digital identity solutions.",,,,,logo:https://blockchain-life.com/wp-content/cache/thumb/70/eaef2f7368b5f70_160x0.webp,https://blockchain-life.com/wp-content/cache/thumb/ae/659a32600cf81ae_420x460_notcrop.webp,,binance-blockchain-week;blockchain-life-forum,2025;2026,2,,https://www.binance.com/en/square/post/12-03-2025-binance-blockchain-week-dubai-2025-10-speakers-you-cannot-miss-33203289077641,,,,,,,
Eric Trump,Co-Founder and Chief Strategy Officer,American Bitcoin,,,,,,,https://cdn.prod.website-files.com/61e87bb144d08a09b725b693/68f6fc1132630e78c00990bb_Eric%20Trump%201.png,,blockchain-futurist-florida;blockchain-futurist-toronto,,2,,,Blockchain Futurist Conference Toronto 2026,Past/Keynote,,,,,
Erik LaPaglia,Managing Partner,NextTech Ventures,"Erik LaPaglia is an angel investor, serial entrepreneur, and advisor with a track record of building and revitalizing companies across technology, real estate, advertising, and finance. As co-founder of Miami NFT Week and a board member of multiple organizations, Erik has been deeply involved in bridging innovation with institutional capital, fostering global partnerships at the intersection of Web3, tokenization, and traditional finance. Known for his ability to identify emerging trends and unlock new growth opportunities, Erik has advised and invested in numerous ventures within the blockchain and real-world asset (RWA) tokenization space. He has shared the stage at premier events such as iConnections, SALT, NFT NYC, Bitcoin Conference, and the Benzinga Tech & Finance Conference, engaging audiences on topics ranging from crypto adoption to proptech and capital markets innovation. With a vast network that spans entrepreneurs, investors, and thought leaders, Erik brings a unique perspective on how technology can reshape industries and create scalable, lasting impact.",,,,,,https://cdn.prod.website-files.com/687f979126432c8ce843e6d7/68e69a91e189cd2254549fa5_85482fc08dcb9849d539dead.webp,,bitcoin-mena;blockchain-futurist-florida,2025,2,,https://mena.b.tc/speakers,Bitcoin MENA,,,,,,
George Mekhail,Managing Director,"Bitcoin for Corporations, BTC Inc","George Mekhail is the Managing Director of Bitcoin for Corporations at BTC Inc., author of I Am Not Your Bruh, and co-author of Thank God for Bitcoin. A passionate advocate for Bitcoin since 2017, George blends his experience in marketing, financial innovation, and community development to guide companies in thoughtfully integrating Bitcoin into their strategic operations, while also advocating for strong family dynamics at home.",,,,,,https://cdn.prod.website-files.com/687f979126432c8ce843e6d7/68e81508c0228da0cb209262_kntEp80pjhdX-Ci1tuxVYej-jJz8s02NvN8sN3ulERU.webp,,bitcoin-amsterdam;bitcoin-mena,2025,2,,https://mena.b.tc/speakers,Bitcoin MENA,,,,,,
Gracy Chen,CEO,Bitget,CEO of Bitget,,,,,logo:https://blockchain-life.com/wp-content/cache/thumb/65/e95c706eec0c265_160x0.webp,https://blockchain-life.com/wp-content/cache/thumb/c1/4531ce5e5db86c1_420x460_notcrop.webp,,bitcoin-asia;blockchain-life-forum,2026,2,,,,,,,,,
Haymond Rankin,"Associate Director - Banking, Fintech & Virtual Assets",Cayman Finance,,,,,,,https://cdn.prod.website-files.com/61e87bb144d08a09b725b693/68dfd6c21590cdfa5f4ad437_HaymondRankin_HEAD%201.png,,blockchain-futurist-florida;blockchain-futurist-toronto,,2,,,Blockchain Futurist Conference Toronto 2026,Toronto 2026,,,,,
Ioni Appelberg,"Bitcoin Philosopher, Author, Content Creator",,,,,https://x.com/IoniAppelberg,,,https://btchel.com/wp-content/uploads/2025/12/Ioni-Appelberg-1024x1024.jpg,,btchel;planb-forum-lugano,2026,2,,,,,,,,,
Irene Gao,President of Mining,Bitmain,Irene has years of experience in the digital currency mining space and is in charge of BITMAIN’s global business development. She is an expert on developing the mining ecosystem with vast knowledge of high-performance mining hardware and data center development. She is an advocate for renewable energy integration for green mining.,,,,,,https://cdn.prod.website-files.com/687f979126432c8ce843e6d7/68c3298b0b809e11df293146_1PFWXJme5xKCK9A4vihegkGZZtbLlUUwNCNCQ7xZyB0.webp,,bitcoin-asia;bitcoin-mena,2025,2,,https://mena.b.tc/speakers,Bitcoin MENA,,,,,,
Jaime Leverton,CEO,ReserveOne,,,,,,,https://cdn.prod.website-files.com/61e87bb144d08a09b725b693/688ce4616ed461e9afb321c4_JaimeLeverton_HEAD%201.png,,blockchain-futurist-florida;blockchain-futurist-toronto,,2,,,Blockchain Futurist Conference Toronto 2026,Toronto 2026,,,,,
Jan Gorzny,Co-Founder & Technical Lead (Mentor),Zircuit,Co-founder/Tech Lead at Zircuit: built a ZK rollup and a DeFi protocol. Previously: smart contract auditor at Quantstamp. PhD in computer science.,,,https://x.com/jgorzny,,farcaster:jgorzny,https://ethglobal.b-cdn.net/users/ip7mb/sm.jpg,,blockchain-futurist-toronto;ethglobal-lisbon,,2,,,Blockchain Futurist Conference Toronto 2026,Toronto 2026,,,,,
Jay Rogers,Chief Revenue Officer | Director & Co-Founder,Infineo,,,,,,,https://cdn.prod.website-files.com/61e87bb144d08a09b725b693/68ea3ac0c84c6b92a960fc15_JayRogers_HEAD.png,,blockchain-futurist-florida;blockchain-futurist-toronto,,2,,,Blockchain Futurist Conference Toronto 2026,Toronto 2026,,,,,
Jeff Walton,Chief Risk Officer & CEO of True North,Strive,,,,,,,,,bitcoin-amsterdam;bitcoin-asia,,2,,,,,,,,,
Jeff Yan,CEO,Hyperliquid Labs,,,,https://x.com/chameleon_jeff,,,https://framerusercontent.com/images/Ze40Lc1bh8NgmlF4TB9xIgLlk.webp?scale-down-to=1024&amp;width=1340&amp;height=1600,,korea-blockchain-week;token2049-singapore,2026,2,,https://www.token2049.com/singapore/speakers,TOKEN2049 Singapore,,,,,,
Jerry Qian,Founder & CEO,OPTN Labs,,,,,,,https://cdn.prod.website-files.com/61e87bb144d08a09b725b693/6895fbfec815900a1f68af84_JerryQian_HEAD.jpg,,blockchain-futurist-florida;blockchain-futurist-toronto,,2,,,Blockchain Futurist Conference Toronto 2026,Toronto 2026,,,,,
Jill Ford,Founder & Managing Director,Bitford Digital,,,,,,,https://cdn.prod.website-files.com/61e87bb144d08a09b725b693/68dbe860875390beb78d5726_JillFord_HEAD.jpg,,blockchain-futurist-florida;mining-disrupt,,2,,,,,,,,,
Jimmy Kostro,Co-Founder,Bitcoin Chiang Mai,Asia’s fastest growing physical Bitcoin community,,Thailand,,,,https://cdn.prod.website-files.com/687f979126432c8ce843e6d7/68dc3fb5f0d2e532ffc91b2a_Nmk0QYSwsMPwafQ8fK4sFZ-9M7_1TAI66bMNDZMZDWc.webp,,bitcoin-asia;bitcoin-mena,2025,2,,https://mena.b.tc/speakers,Bitcoin MENA,,,,,,
Joe Nakamoto,"Independent Bitcoin journalist, content creator, MC",,,,,https://x.com/JoeNakamoto,,,https://btchel.com/wp-content/uploads/2025/12/Joe-Nakamoto-1024x1024.jpg,,btchel;planb-forum-lugano,2026,2,,,,,,,,,
Johann Kerbrat,"SVP and GM, Crypto and International",Robinhood,,,,https://x.com/JohannKerbrat,https://www.linkedin.com/in/johann-kerbrat-a19389b/,,https://framerusercontent.com/images/JtPueOwxUA43DY3Q25Ot4vYdTWg.webp?scale-down-to=1024&amp;width=1340&amp;height=1600,,korea-blockchain-week;token2049-singapore,2026,2,,https://www.token2049.com/singapore/speakers,TOKEN2049 Singapore,,,,,,
John Pratt,Co founder and host,Bitcoin Sydney,"JP has been studying Bitcoin for 12 years and from 2018, co-founded and hosts Bitcoin Sydney, an educational and social group focused on helping existing Bitcoiners and general public understand and get involved in this burgeoning ecosystem. He also presents talks to other community groups on the necessity of owning Bitcoin. His other topics of interest include Bitcoin Game Theory, Bitcoin as sound money/savings tech, Bitcoin satellite connected nodes (first to run one in Aus), Why Bitcoin is the only blockchain that matters, and Bitcoin history.",,Australia,,,,https://cdn.prod.website-files.com/687f979126432c8ce843e6d7/68eea683efa80faec219fe0e_BA5w1_yT3GWPBnIYpI0zfa09N0dYZNGMQjTKgjd9R18.webp,,bitcoin-asia;bitcoin-mena,2025,2,,https://mena.b.tc/speakers,Bitcoin MENA,,,,,,
Jorrin Bruns,Head of Developer Engagement & Integrations,Algorand Foundation,,,,,,,https://cdn.prod.website-files.com/61e87bb144d08a09b725b693/6881146369ce48844938f496_JorrinBruns_HEAD.jpeg,,blockchain-futurist-florida;blockchain-futurist-toronto,,2,,,Blockchain Futurist Conference Toronto 2026,Toronto 2026,,,,,
Joseph Chalom,CEO,Sharplink,,,,https://x.com/joechalom,https://www.linkedin.com/in/josephchalom/,,https://framerusercontent.com/images/j8uQw87vLNCCfqGENGufLkGhaA.webp?width=670&amp;height=800,,korea-blockchain-week;token2049-singapore,2026,2,,https://www.token2049.com/singapore/speakers,TOKEN2049 Singapore,,,,,,
Justin Custardo,Founder & Host,W3BC Media,,,,,,,https://cdn.prod.website-files.com/61e87bb144d08a09b725b693/68195337cd3a702db4ecffaa_JustinCustardo_HEAD.jpeg,,blockchain-futurist-florida;blockchain-futurist-toronto,,2,,,Blockchain Futurist Conference Toronto 2026,Toronto 2026,,,,,
Justyna Osowska,Founder,Women in Blockchain Canada,,,,,,,https://cdn.prod.website-files.com/61e87bb144d08a09b725b693/689601af62e59ad593ab9db3_688255b001aca56990eac969_JustynaOsowska_HEAD%20(1)%201.png,,blockchain-futurist-florida;blockchain-futurist-toronto,,2,,,Blockchain Futurist Conference Toronto 2026,Toronto 2026,,,,,
Keypleb,Founder,Code Orange Dev School,,,,,,,,,bitcoin-amsterdam;bitcoin-asia,,2,,,,,,,,,
Khing Oei,Founder & CEO,Treasury,"Khing Oei is the Founder and CEO of Treasury, a Netherlands-based Bitcoin treasury company recently launched with the ambition to become Europe’s largest. Backed by investors including Winklevoss Capital and Nakamoto, Treasury has the intention to list via a reverse listing on Euronext Amsterdam.",,,,,,https://cdn.prod.website-files.com/687f979126432c8ce843e6d7/68d41584bdb1e847db858480_e2e67794f54ebb1c172ef40f.webp,,bitcoin-amsterdam;bitcoin-mena,2025,2,,https://mena.b.tc/speakers,Bitcoin MENA,,,,,,
Kingsley Advani,CEO,Allocations,"Kingsley Advani is CEO of Allocations, CEO of Allo, Managing Partner of Chainfund Capital and has managed $1BN+ in crypto assets spanning private and public markets across multiple funds since 2013 and structured $2BN+ of private equity transactions. Previously, Kingsley was a Mergers & Acquisitions (M&A) investment banker at BNP Paribas in London where he advised on $10bn+ of debt financing transactions. Kingsley was an early / seed investor in a number of crypto unicorns including Ethereum, Solana, Polkadot, Avalanche, Arweave, Oasis, Coinbase and Robinhood. He has invested in multiple digital asset treasury companies including: BNC Network Company (NASDAQ: BNC), Nakamoto (NASDAQ: NAKA), SUI Group Holdings Limited (NASDAQ: SUIG), TON Strategy Company (NASDAQ: TONX), Satsuma Technology PLC (LSE: SATS), ETHZilla Corporation (NASDAQ: ETHZ) and Forward Industries, Inc. (NASDAQ: FORD).",,,,,,https://cdn.prod.website-files.com/687f979126432c8ce843e6d7/68e69aaa3e827485d4234c52_-oVr22xwb4sXEVkU1XFs70HZwUk4wfXOIAAJTGp3hAo.webp,,bitcoin-amsterdam;bitcoin-mena,2025,2,,https://mena.b.tc/speakers,Bitcoin MENA,,,,,,
Kyle Guthro,Communication & Business Strategist,GUTHRO Consulting LLC,,,,,,,https://cdn.prod.website-files.com/61e87bb144d08a09b725b693/6904d3cf1383abf07b3b497b_KyleGuthro_HEAD%201.png,,blockchain-futurist-florida;blockchain-futurist-toronto,,2,,,Blockchain Futurist Conference Toronto 2026,Toronto 2026,,,,,
Lisa Loud,Executive Director,Secret Network,,,,,,,https://cdn.prod.website-files.com/61e87bb144d08a09b725b693/6852eeb6fb4fa232ce4685e0_67b74ec94a6681c5b85442eb_lisa.png,,blockchain-futurist-florida;blockchain-futurist-toronto,,2,,,Blockchain Futurist Conference Toronto 2026,Toronto 2026,,,,,
Madeline Morning,Programming Associate,The Bitcoin Conference,"When I’m not planning conferences, chances are I’m reading a book about bitcoin and drinking a cozy beverage.",,,,,,https://cdn.prod.website-files.com/687f979126432c8ce843e6d7/68e814fcf2a328d5a05d9932_57037394f11a9287821c6c5a.webp,,bitcoin-amsterdam;bitcoin-mena,2025,2,,https://mena.b.tc/speakers,Bitcoin MENA,,,,,,
Marco Argentieri,CEO,Ark Labs,,,,https://x.com/tierotiero,,,,,bitcoin-amsterdam;planb-forum-lugano,2026,2,,,,,,,,,
Mark Artymko,President & Co-founder,OCEAN,"Mark is the President and co-founder at OCEAN, a leading Bitcoin mining pool focused on decentralization, by empowering miners to reclaim their prominent position in the Bitcoin ecosystem. Mark is a former electrical engineer and utility executive, having spent 2 decades in high voltage power system design and operations in Canada and the USA prior to becoming a full time Bitcoin entrepreneur. Mark is a father of 7 and advocate of Bitcoin as the freedom technology of our lifetime.",,,,,,https://cdn.prod.website-files.com/687f979126432c8ce843e6d7/6903c72c332a2774454375f0_MUpR2Wv1kSk1dec5YT_hTtFRhV-w4TaTB6GUAN9moH4.webp,,bitcoin-mena;mining-disrupt,2025,2,,https://mena.b.tc/speakers,Bitcoin MENA,,,,,,
Marko Tarman,Lead Mining Manager,NiceHash,"Marko's journey with Bitcoin began in its early days, allowing him to witness the evolution of mining from CPU-based to GPU and ASIC-based setups. Currently serving as the Lead Mining Manager at NiceHash, he has been with NiceHash since 2018​. At NiceHash, he focuses on managing and optimizing cryptocurrency mining products and operations.",,,,,,https://cdn.prod.website-files.com/687f979126432c8ce843e6d7/68f65180b2531f6cb5b4921d_Gq_w3Gw4OXzyiNhSblOc1d6xC53MkN_fe2l9gAZ8IW0.webp,,bitcoin-mena;mining-disrupt,2025,2,,https://mena.b.tc/speakers,Bitcoin MENA,,,,,,
Matt Cole,Chairman & CEO,Strive,"Matt Cole has served as Chief Executive Officer (CEO) of Strive since April 2023 and serves as the Chairman of the Board. A long-time Bitcoin investor and advocate, Matt has extensive experience in institutional asset management and fixed income, having spent 15 years at CalPERS in global fixed income, where he oversaw over $70 billion in actively managed Fixed Income assets. Matt joined Strive Asset Management in May 2022 as Head of Investment Office & Global Fixed Income. He was promoted to Chief Investment Officer, Global Head of Fixed Income in February 2023 before also becoming CEO of Strive. As CEO, Matt is focused on delivering innovative Bitcoin solutions and transforming how Americans interact with Bitcoin, making it accessible, practical, and central to their financial futures, while Strive remains committed to empowering investors through its pro-shareholder focused equity ETFs and actively managed Fixed Income ETFs. Matt is a CFA charterholder and holds an MBA from California State University — Sacramento.",,,,,,https://cdn.prod.website-files.com/687f979126432c8ce843e6d7/69138e3ecd2418fc202fa745_X8omvvppiKX9llV-5L3maO7iRd2zcggRTmnYAcccHwc.webp,,bitcoin-asia;bitcoin-mena,2025,2,,https://mena.b.tc/speakers,Bitcoin MENA,,,,,,
Matt Crosby,Director of Research & Analytics,Bitcoin Magazine Pro,,,,,,,,,bitcoin-amsterdam;bitcoin-asia,,2,,,,,,,,,
Maurizio Pedrazzoli,Founder,Mr M Podcast,"Maurizio is a seasoned Bitcoin enthusiast and host of the long-running podcast Mr M Podcast which has been exploring the world of Bitcoin. With over a decade of experience in the crypto space, Maurizio provides insightful analysis, interviews with industry leaders, and discussions on the latest trends and developments in the blockchain ecosystem. His passion for decentralisation and financial sovereignty continues to drive engaging conversations about the future of digital currencies.",,,,,,https://cdn.prod.website-files.com/687f979126432c8ce843e6d7/68e69a9d8e7ef9fb76699821_ruQ8Dmx85587AW7VfFwz5y42JFBSFD67ADoOEoPdMYs.webp,,bitcoin-asia;bitcoin-mena,2025,2,,https://mena.b.tc/speakers,Bitcoin MENA,,,,,,
Monica Long,President,Ripple,,,,,,,https://framerusercontent.com/images/D5lSP90j7Y3VQETfGnLUEze1K0o.webp?scale-down-to=1024&amp;width=1340&amp;height=1600,,korea-blockchain-week;ripple-swell-apex,2026,2,,,,,,,,,
Nacho Pauls,Chief Commerical Officer,OCEAN,"Bitcoin advocate. Argentine-born, retired athlete, great at teambuilding, full-time learner and resilient.",,,,,,https://cdn.prod.website-files.com/687f979126432c8ce843e6d7/6921aed6230e5b5a166f4b8a_753f5ad2724d341aa81230e3.webp,,bitcoin-mena;mining-disrupt,2025,2,,https://mena.b.tc/speakers,Bitcoin MENA,,,,,,
Nico Moran,Founder,Simply Bitcoin,,,,https://x.com/BITVOLT,,,https://miningdisrupt.com/assets/images/gallery12/22a3f9f1.png?v=0308a4f1,,mining-disrupt;planb-forum-lugano,2026,2,,,,,,,,,
Niko Jilch,Founder,Binifico GmbH,"Niko is the founder and CEO of digital media company Binifico. He runs one of the most popular podcasts and YouTube channels on the topic of Bitcoin in the German speaking world: ""Was Bitcoin bringt"". His popular English newsletter is called ""Fix the money"". Niko is a sought-after speaker at conferences in Europe and internationally.",,,,,,https://cdn.prod.website-files.com/687f979126432c8ce843e6d7/6908e69d51cb40513f6bd1dd_LWDqnb2xQSwtZ-JIctQriAm_GO1Q79wtIJYdvlbLHI0.webp,,bitcoin-amsterdam;bitcoin-mena,2025,2,,https://mena.b.tc/speakers,Bitcoin MENA,,,,,,
Obi Nwosu,CEO,Fedi,"Obi Nwosu is cofounder and CEO of Fedi and a zealous advocate for Bitcoin mass adoption. He previously founded the Bitcoin exchange Coinfloor, and holds board positions at ₿trust and Gridless Compute.",,,,,,https://afrobitcoin.org/wp-content/uploads/2024/03/Obi-Nwosu.jpg,,africa-bitcoin-conference;bitcoin-mena,2025;2026,2,ABC26,https://mena.b.tc/speakers,Bitcoin MENA,,,,,,
Oliver Maroney,Head of Business Development and Partnerships,OpenSea,"Oliver Maroney leads Business Development and Partnerships at OpenSea. Based out of Portland, Oregon, Oliver’s previous experience includes managing esports and sports talent, sports reporting and more. At OpenSea, Oliver has forged partnerships with some of the best games in the space and started OpenSea’s gaming initiatives like OpenseaGG, a way for web3 enabled games to showcase their games with educational streams and content",,,,,,https://cdn.prod.website-files.com/61e87bb144d08a09b725b693/68cd57c43f86adf324399a6c_OliverMaroney_HEAD.jpeg,,blockchain-futurist-florida;rare-evo,,2,,,Rare Evo 2026,,,active,Rare Evo 2026 (Main),87,
Paolo Ardoino,CEO,Tether,CEO of Tether,,,https://x.com/paoloardoino,,logo:https://blockchain-life.com/wp-content/cache/thumb/08/ebe8821b5cbf908_160x0.png,https://blockchain-life.com/wp-content/cache/thumb/fd/f33d75474fa0bfd_420x460_notcrop.webp,,blockchain-life-forum;planb-forum-lugano,2026,2,,,,,,,,,
Pedro,Experience Designer,Bitcoin Conference,,,,,,,,,bitcoin-amsterdam;bitcoin-asia,,2,,,,,,,,,
Peter von Irle,Co-Founder & Managing Partner,Sullivan Hart LLP,,,,,,,https://cdn.prod.website-files.com/61e87bb144d08a09b725b693/6900237a80c6cab82dc81c1b_PetervonIrle_HEADupdated.jpg,,blockchain-futurist-florida;blockchain-futurist-toronto,,2,,,Blockchain Futurist Conference Toronto 2026,Toronto 2026,,,,,
Rapha Zagury,Founder & CEO,Elektron Energy,"CEO e fundador da Elektron Energy, uma empresa de mineração de Bitcoin em larga escala sediada nos Estados Unidos. Atua nas áreas de mineração e pesquisa de investimentos e criou o Nakamoto Portfolio, uma estrutura para modelagem do Bitcoin em alocação de ativos. Anteriormente fundou a One Partners e a OpenCo. MBA pela Yale University.",,,,,https://x.com/alphaazeta,https://miningdisrupt.com/assets/images/gallery12/8b09b63e.png?v=0308a4f1,,mining-disrupt;satsconf,2025,2,,,SatsConf,,,,,,
Richard Teng,Chief Executive Officer,Binance,"Opening keynote on global strategy, regulatory environment, and ecosystem milestones.",Opening Keynote,,https://x.com/_RichardTeng,https://ae.linkedin.com/in/richardtengofficial,,https://cdn.prod.website-files.com/6756df8f05088bc3e51c64ea/6a391d928b0e8ea8faa85d88_Speaker-Name-Richard-Teng.avif,,binance-blockchain-week;token2049-singapore,2025;2026,2,,https://www.binance.com/en/square/post/12-03-2025-binance-blockchain-week-dubai-2025-10-speakers-you-cannot-miss-33203289077641,TOKEN2049 Singapore,,,,,,
Rob Hamilton,CEO and Co-Founder,AnchorWatch,"Co-Founder and CEO of AnchorWatch, a company pioneering insured custody solutions for Bitcoin held in multi-signature wallets. Under his leadership, AnchorWatch is building the infrastructure to make Bitcoin custody more secure, transparent, and compliant for institutions. Prior to founding AnchorWatch, Rob was a Senior Managing Consultant and Data Scientist at IBM, where he led machine learning initiatives for Watson Advertising.",,,https://x.com/Rob1Ham,,,https://static.wixstatic.com/media/5b61ba_5fbe58e13faf45dab2a9ab00e38beaf7~mv2.jpg,,bitcoin-policy-summit;planb-forum-lugano,2025;2026,2,,https://www.btcpolicysummit.org/2025-speakers,Bitcoin Policy Summit 2025,,,,,,
Roy Sheinfeld,CEO,Breez,,,,https://x.com/roy_breez,,,,,bitcoin-amsterdam;planb-forum-lugano,2026,2,,,,,,,,,
Roya Mahboob,Tech Entrepreneur and CEO,Digital Citizen Fund,"Roya Mahboob is an entrepreneur and Afghanistan’s first female tech CEO, but her impact extends far beyond the sphere of business. Ms. Mahboob has used her success and tech expertise to help educate and empower Afghan women and girls, and she has been an outspoken advocate for their rights. She founded the Digital Citizen Fund (DCF), which aims to increase Afghan women’s technological and financial literacy. She also co-founded and supports the Afghan Girls Robotics Team. Ms. Mahboob has worked to build Innovation/Tech Centers across Afghanistan and has launched an online platform to strengthen the voices of Afghan women and journalists. Ancillary to this, she regularly speaks and writes eloquently about the vital importance of STEAM education and economic opportunity for women and girls as they pertain to human rights. Ms. Mahboob was named to TIME’s 2013 list of 100 Most Influential People and received the 2014 Tribeca Disruptive Innovation Award, The Advancement of Gender Equality through Education Award, Young Leader of World Economic Forum 2015 , Asia Game changer 2019, Doha forum award of 2022, LantosHumanRights awards, the prestigious Presidential Leadership Scholarship and is a founding Leader of The NewNow, a group of rising global leaders tackling global challenges.",,,,,,https://cdn.prod.website-files.com/687f979126432c8ce843e6d7/68cd7150c7723bfc76c8095d_Sd-IJy3o80C-q0w4X0a8bpE8qJOui8vbOnaMP8cdv_4.webp,,bitcoin-mena;bitcoin-policy-summit,2025,2,,https://mena.b.tc/speakers,Bitcoin MENA,,,,,,
Saifedean Ammous,Author,Saifedean.com,"Saifedean is an economist and the author of the best-selling book, The Bitcoin Standard. as well as The Fiat Standard, The Gold Standard, and Principles of Economics. He teaches economics on his online learning platform saifedean.com and hosts The Bitcoin Standard Podcast.",,,,,,https://cdn.prod.website-files.com/687f979126432c8ce843e6d7/691f6d7fa920a9a1abc0c2d5_597bc93262550160e15fefb3.webp,,bitcoin-amsterdam;bitcoin-mena,2025,2,,https://mena.b.tc/speakers,Bitcoin MENA,,,,,,
Sam Bourgi,Senior News Editor,Cointelegraph,,,,,,,https://cdn.prod.website-files.com/61e87bb144d08a09b725b693/67b47372870ee7b88b58dc12_678a8111ebfd21a3cfec90cd_SamBourgi_HEAD.webp,,blockchain-futurist-florida;blockchain-futurist-toronto,,2,,,Blockchain Futurist Conference Toronto 2026,Toronto 2026,,,,,
Sam Callahan,Director of Bitcoin Strategy & Research,OranjeBTC,"Sam Callahan is Director of Strategy & Research at OranjeBTC, overseeing Bitcoin treasury operations and leading the firm’s research and education. He previously served as Vice President at Battery Finance and Lead Analyst at Swan Bitcoin, and he sits on the advisory boards of MARA Digital Holdings and Cantilever Advisors.",,,,,https://x.com/samcallah,https://cdn.prod.website-files.com/687f979126432c8ce843e6d7/68dd461fc611e7a64156b13a_xWnfdMcIncqy6FrUTv-j2Zq_7fvq6npx_A118xDiBXA.webp,,bitcoin-mena;satsconf,2025,2,,https://mena.b.tc/speakers,Bitcoin MENA,,,,,,
Samson Mow,CEO,Jan3,,,,https://x.com/Excellion,,,https://miningdisrupt.com/assets/images/gallery08/d01e7c43.png?v=0308a4f1,,mining-disrupt;planb-forum-lugano,2026,2,,,,,,,,,
Shawn Owen,CEO & Co-Founder,SALT Lending,"Shawn Owen is a pioneering entrepreneur and CEO of SALT, the original bitcoin-backed lender. A Bitcoin advocate since 2011, Shawn believes Bitcoin is the best form of digital property and energy savings. He co-founded SALT to offer innovative Bitcoin-backed loans, raising over $124 million and establishing a leading position in the Bitcoin lending industry. With over 25 years of business experience, he is recognized for his expertise in technology, capital allocation, and fostering growth.",,,,,,https://cdn.prod.website-files.com/687f979126432c8ce843e6d7/6920ad77782ce31fef18895a_VoLz3YVpKbyaxqXpWXPApGAz6Hf6YTxZ3ICThvWJAYU.webp,,bitcoin-asia;bitcoin-mena,2025,2,,https://mena.b.tc/speakers,Bitcoin MENA,,,,,,
Simon Gerovich,President,Metaplanet,"Simon is the President of Metaplanet Inc., a publicly traded company listed on the Tokyo Stock Exchange. Metaplanet is undergoing a strategic transformation, leveraging Bitcoin as its principal treasury reserve asset. Metaplanet utilizes excess cash flow and implements accretive corporate governance, including financial management strategies such as debt and equity financing, to further its Bitcoin accumulation. Simon has been an active investor in the digital asset ecosystem since 2014. He started his career at Goldman Sachs in Tokyo as an equity derivatives trader. He was a co-founder and Chairman of Red Planet Hotels, a regional hotel company focused on Asia’s value hotel sector. Prior to founding Red Planet Hotels, Simon served as the Chief Executive Officer of Evolution Capital Public Company Limited, a real estate asset management company listed on the Stock Exchange of Thailand. As President of Metaplanet, Simon is responsible for spearheading the company's new Bitcoin investment strategy, guiding its overall direction, raising capital, and managing investor relations. He graduated from Harvard University with an AB in Applied Mathematics. Simon is an active member of YPO, the premier global organization of chief executives.",,Japan,,,,https://cdn.prod.website-files.com/687f979126432c8ce843e6d7/68d4157bb5b3ba91798c0afc_gRLOtZ1ymm-OM3npDmSX269AnYkb4TKL8tEieRhI6KA.webp,,bitcoin-asia;bitcoin-mena,2025,2,,https://mena.b.tc/speakers,Bitcoin MENA,,,,,,
Stafford Masie,Executive Chairman & Director of Bitcoin Strategy,Africa Bitcoin Corporation,"Stafford Masie is a pioneering South African technologist, entrepreneur, and futurist with over three decades at the forefront of digital innovation. His career began in the early 1990s as a software developer at South Africa’s largest telecommunications company, followed by technology leadership roles at a major technology integrator. He went on to launch his own startup, later acquired, leading him to the U.S. tech scene in 1997, where he spent seven years immersed in Silicon Valley’s ecosystem of innovation at Novell’s HQ in Utah. Upon returning to South Africa in 2004 as Managing Director of Novell Sub-Saharan Africa, Stafford later established Google’s first presence in the country in 2006, serving as its founding country manager. He later launched thumbzup that invented the Payment Pebble®, a world-first globally adopted fintech innovation backed by Visa Inc. During 2014 he was first exposed to Bitcoin, sparking a lasting fascination up until today where he is known in SA as a Bitcoin maxi. Since then, Stafford has become a leading voice and investor in the African Bitcoin and crypto ecosystem. He has angel-invested in and advised multiple AI and blockchain startups, co-founded BitMach, a Bitcoin mining venture in South Africa, and is currently launching a crypto audit and analysis platform in the United States. He served as Chairman of the Board of Altvest Capital, which has since transformed into Africa’s first Bitcoin treasury company (BTCTC) listed on the Johannesburg Stock Exchange (JSE), where he now holds the position of Executive Chairman and Director of Bitcoin Strategy. In addition to his corporate leadership, Stafford independently advises African regulatory bodies on artificial intelligence and cryptocurrency legislation. He has previously served on the boards of Discovery Bank, ADvTECH, and Chairman WITS University/Telkom Innovation Lab, among others. Widely recognized as a Bitcoin maximalist, Stafford is passionate about “orange-pilling” key stakeholders and advocating for Bitcoin as a transformative force for financial sovereignty across the African continent.",,,,,,https://cdn.prod.website-files.com/687f979126432c8ce843e6d7/691dfb547394fe38c263be3e_f6be5163b425445fccaa3d48.webp,,bitcoin-amsterdam;bitcoin-mena,2025,2,,https://mena.b.tc/speakers,Bitcoin MENA,,,,,,
Susie Violet Ward,CEO & Co-Founder,Bitcoin Policy UK,"Bitcoin Journalist with a focus on education, and a financial analyst with a background in accounting, holding a deep interest in bitcoin and the environment. Working as a bitcoin columnist for a business-focused newspaper in London and authoring numerous research articles on the benefits of Bitcoin Mining and its implications for renewable energy's future. Serving as the Director and Head of Mining and Sustainability at Bitcoin Policy UK, committed to exploring and educating about bitcoin's technological innovation and potential environmental impact at the core of these professional pursuits.",,,,,,https://cdn.prod.website-files.com/687f979126432c8ce843e6d7/6883c9096def056107a0f09a_UilFpsrppZ_F_gzzXiencWu2VRwyZ7OgnT10OVxy2WE.webp,,bitcoin-amsterdam;bitcoin-mena,2025,2,,https://mena.b.tc/speakers,Bitcoin MENA,,,,,,
Todd Shapiro,"Co-Founder, CEO & Director",Red Light Holland,,,,,,,https://cdn.prod.website-files.com/61e87bb144d08a09b725b693/68811bdfbeae537dd2bfeca9_ToddShapiro_HEAD.jpg,,blockchain-futurist-florida;blockchain-futurist-toronto,,2,,,Blockchain Futurist Conference Toronto 2026,Toronto 2026,,,,,
Tracy Hoyos-Lopez,"Chief of Staff, Strategic Initiatives",Kraken,"Tracy Ann Hoyos López is a strategic force in the Bitcoin and crypto space, currently serving as Chief of Staff, Strategic Initiatives to Arjun Sethi, CEO of Kraken, one of the world’s leading digital asset platforms. With a background in law and public service, Tracy now operates at the intersection of Bitcoin, crypto, policy, and high-level business strategy. She played a pivotal role in orange-pilling President Donald Trump, directly influencing his embrace of Bitcoin and crypto during the 2024 Presidential campaign. Her leadership helped secure President Trump’s historic appearance at the Bitcoin Conference and led to a record-breaking $25 million fundraising effort in just 1.5 months. Her efforts established Bitcoin and cryptocurrency as core components of the national political conversation in the United States. Tracy’s influence extends across the industry, bridging legal expertise, political acumen, and Bitcoin and crypto advocacy. At Kraken, she leads strategic initiatives that shape the company's positioning in both U.S. and global markets. Her deep understanding of regulatory dynamics, coupled with her commitment to financial freedom and decentralization, has made her a trusted advisor, a movement builder, and a driving force behind Bitcoin and crypto’s most important political and institutional breakthroughs.",,,,,,https://cdn.prod.website-files.com/687f979126432c8ce843e6d7/690e05f41a8f3acd2ea77850_892e0f5fd2cf8434fdebd34b.webp,,bitcoin-amsterdam;bitcoin-mena,2025,2,,https://mena.b.tc/speakers,Bitcoin MENA,,,,,,
Tracy Leparulo,Co-Founder,Blockchain Futurist Conference,,,,,,,https://cdn.prod.website-files.com/61e87bb144d08a09b725b693/67d6e1a9c74039c2dad395e2_TracyLeparulo_HEAD.jpg,,blockchain-futurist-florida;blockchain-futurist-toronto,,2,,,Blockchain Futurist Conference Toronto 2026,Toronto 2026,,,,,
Trevor Koverko,Co-Founder,Sapien,,,,,,,https://cdn.prod.website-files.com/61e87bb144d08a09b725b693/68812ba9a1eee5863685a63d_TrevorKoverko_HEAD.JPG,,blockchain-futurist-florida;blockchain-futurist-toronto,,2,,,Blockchain Futurist Conference Toronto 2026,Toronto 2026,,,,,
Tristan Thompson,"NBA Champion, Co-Founder",Basketball.fun,"Co-Founder, Basketball.fun | , Chief Digital Equity Officer World Mobile Tristan Thompson is a championship-winning athlete, entrepreneur, and emerging voice at the intersection of sports, culture, and Web3. After more than a decade in the NBA, he’s shifted his focus to building the future of digital fan engagement and athlete empowerment through technology. As Co-Founder and Lead Advisor at Basketball.fun (TEASER HERE) , Tristan is reimagining what it means to be a fan. The platform gives people the chance to own NBA moments, make live predictions, and build their fan identity through tokenized player shares and clubs, turning the energy of game night into a participatory, on-chain experience. Built on Somnia’s blockchain, Basketball.fun is fast, gasless, and simple enough for anyone to use. It bridges sports, culture, and community while using stablecoins to make rewards instant, global, and real. Beyond sports innovation, Tristan serves as Chief Advisory Officer at AxonDAO, where he’s helping redefine how people control and monetize their health and bio-data. He’s also partnered with World Mobile, a decentralized project focused on expanding internet access. Tristan’s thought leadership has been featured in Forbes, Yahoo Finance , CoinDesk, Cointelegraph, Decrypt, The Block, and on CNBC Crypto World, The Street, Fox News, Thinking Crypto, and CoinMarketCap Live, where he was the first athlete ever featured. His high-profile interviews, including with Bo Hines, reflect his growing influence across sports, crypto, and technology. He recently spoke at Korea Blockchain Week, where he discussed athlete empowerment and decentralized fandom, and is set to appear next at Binance Blockchain Week and Bitcoin MENA, continuing to champion the conversation around Web3 adoption and digital ownership. Thought leadership Op-Eds penned by Tristan: Newsweek: NBA Champion Tristan Thompson: ‘AI is the Ultimate Teammate’ Entrepreneur: How Building Tech With No Tech Background Taught Me the Most Valuable Skill in Business Cointelegraph: Blockchain is the missing trust layer in sports analytics",,,,,,https://cdn.prod.website-files.com/687f979126432c8ce843e6d7/692624a3f2873b1c941ac0f4_b6e926a71f70411d61c18dfb.webp,,bitcoin-mena;blockchain-futurist-toronto,2025,2,,https://mena.b.tc/speakers,Bitcoin MENA,Past/Keynote,,,,,
Tyler Evans,CIO,KindlyMD ($NAKA),"Tyler is a the Chief Investment Officer at Kindly MD ($NAKA). He's the co-founder of BTC Inc., the publisher of Bitcoin Magazine and organizer of Bitcoin 2023. He is the Chief Investment Officer and General Partner at UTXO Management, an asset management firm focused on the Bitcoin ecosystem. Tyler serves on the boards of Metaplanet, the Smarter Web Company and Matador.",,,,,,https://cdn.prod.website-files.com/687f979126432c8ce843e6d7/691f6d8de96c5cb20d6ea0d0_YFMvT29Wtiwr9r0Fp34_XNPwl9Q0TPvO7NHwTqg9WdU.webp,,bitcoin-amsterdam;bitcoin-mena,2025,2,,https://mena.b.tc/speakers,Bitcoin MENA,,,,,,
Tyler Spalding,President,Acronym Foundation,,,,,,,https://cdn.prod.website-files.com/61e87bb144d08a09b725b693/68ebb17688fc606920eb4bde_TylerSpalding_HEAD.jpeg,,blockchain-futurist-florida;blockchain-futurist-toronto,,2,,,Blockchain Futurist Conference Toronto 2026,Toronto 2026,,,,,
Walter Maffione,Co-founder & CEO,KaleidoSwap,,,,https://x.com/bit_walt,,nostr:https://njump.me/npub1uezd5f0czgdlkru5qfnv0v03a8uwmzxryg2sjvjzd732k3wfphyslwadkc; github:https://github.com/bitwalt,https://btcpp.nyc3.digitaloceanspaces.com/speakers/24afd04cf783-400.avif,,bitcoin-plusplus-berlin;planb-forum-lugano,2026,2,,,,,,,,,
Wright Wang,Sales and Marketing Director,MicroBT,"With over two decades of technical expertise, Wright Wang joined MicroBT in 2018 and contributed to the development of two generations of ASICs. Subsequently, he transitioned from R&D to marketing and was promoted to Marketing Director in 2019. Wright possesses a profound understanding of the technical challenges faced by MicroBT’s customers and has successfully collaborated with numerous clients to achieve mutually beneficial outcomes. Under his able leadership, MicroBT has garnered recognition as a reputable brand, consistently delivering high-quality WhatsMiner products that are widely acclaimed by global customers. In 2023&2024, he was bestowed with the Outstanding Contribution Award of MicroBT, led the key client project team and won the award for outstanding team.",,,,,,https://cdn.prod.website-files.com/687f979126432c8ce843e6d7/691f6d8a37fcf622a66dd520_FUanzy1fdn4RRmvniZhEecnNzi9uJ3HJ7YBeGojbqnE.webp,,bitcoin-mena;mining-disrupt,2025,2,,https://mena.b.tc/speakers,Bitcoin MENA,,,,,,
Wyatt O'Rourke,Founder & CEO,Basilic Financial,"My style is to blend financial savvy with a passion for Bitcoin and conservative values. I seek to offer my clients and peers with a fresh, informed perspective on wealth management. I am interested in the intersection of behavior, incentives, and markets. My thoughts are inspired by the works of Srinivasan, Booth, Alden and many more. My values stem from my Christian faith. My hobbies, marriage, and involvement in communities keep me inspired. To stay active, I enjoy skiing, golfing, camping and hunting. #1 YIMBY and urbanist. Founding member and Chief Marketing officer of the Space. Founder of Basilic Financial, a Bitcoin Wealth Management Firm.",,,,,,https://cdn.prod.website-files.com/687f979126432c8ce843e6d7/6891081b2844b7f85023e5d5_4HcYPnCOIgf-n4GQCaTPTXnG37kPv_3gixyd8eyv_8Q.webp,,bitcoin-amsterdam;bitcoin-mena,2025,2,,https://mena.b.tc/speakers,Bitcoin MENA,,,,,,
"""King Ant""",Marketing Director,Doginal Dogs,,,,,,,https://cdn.prod.website-files.com/61e87bb144d08a09b725b693/68d0234c3c2cb2f5eddccdb5_AnthonyRispoli_HEAD.JPEG,,blockchain-futurist-florida,,1,,,,,,,,,
"""Web""",Content Strategist,Doginal Dogs,,,,,,,https://cdn.prod.website-files.com/61e87bb144d08a09b725b693/68d0239f3e192c88b737d0ef_AustinBaker_HEAD.JPEG,,blockchain-futurist-florida,,1,,,,,,,,,
A.G. Sulzberger,Chairman & Publisher,The New York Times,,,,,,profile:https://websummit.com/attendees/lis25/6786df2b-c894-481e-ad08-acb90421897a/a.g.-sulzberger,https://web-summit-avenger.imgix.net/production/avatars/original/fc00f4679e7c5e702204304c2d46c89690f4a197.jpg,,web-summit-lisbon,2025,1,,,,,,,,,
Aaron Daniel,Co-founder,Resolvr,"Cofounder of Resolvr, an insurtech bridging the global insurance market to Bitcoin. Published author for Bitcoin Magazine and the Satoshi Papers.",,,,,,https://cdn.prod.website-files.com/687f979126432c8ce843e6d7/6902797f70c9cd59bf3eb2ab_ldXo9g0oJ1Bxr-0EZRtLZjyXLUW6uKkx_H4mWU8aa3s.webp,,bitcoin-mena,2025,1,,https://mena.b.tc/speakers,Bitcoin MENA,,,,,,
Aaron Grinhaus,International Tax Lawyer and Founder,,,,,,,,https://cdn.prod.website-files.com/61e87bb144d08a09b725b693/68cc2bc98f6af1f4e023622f_AaronGrinhaus_HEAD.jpg,,blockchain-futurist-florida,,1,,,,,,,,,
Aaron Grinhaus,Founder,Grinhaus Law Firm,,,,,,,,,blockchain-futurist-toronto,,1,,,Blockchain Futurist Conference Toronto 2026,Toronto 2026,,,,,
Aaron van Wirdum,,Bitcoin Magazine,"Aaron van Wirdum is the technical editor for Bitcoin Magazine and the cohost of the Bitcoin, Explained podcast. With a background in studying the historical influence of society-shaping technologies, he’s been covering Bitcoin and related projects since 2013. He is known for his ability to explain highly-technical subjects to a layman audience and specializes in topics including Bitcoin’s history, scaling and privacy technology.",,,,,,https://cdn.prod.website-files.com/687f979126432c8ce843e6d7/68a7722442ecf3c5645d1357_6ebd2291b174cef8fc57a92d.webp,,bitcoin-mena,2025,1,,https://mena.b.tc/speakers,Bitcoin MENA,,,,,,
Aarti Carl,VP of HR,Eeze,"Aarti Carl is Vice President of Human Resources at Eeze, with over 18 years of experience spanning the land based casino, online gaming and iGaming sectors. A seasoned HR leader, Aarti has built and led high performing, cross functional teams across multiple global jurisdictions, helping organisations scale whilst maintaining strong, people first cultures in highly regulated and competitive environments. At Eeze, Aarti leads HR strategy across multiple regions, partnering with executive leadership to foster inclusive, high impact workplaces that support both operational excellence and long term growth.",,,,,,https://tickets.sigma.world/img/speakers/tmp/speaker-1919-1760023440.png,,sigma-world-rome,,1,,,"SiGMA World 2026 (Rome, Fiera Roma, Nov 2-5 2026)",,,,,,sigma.world/summits/world/speakers (Central Europe 2025 + SiGMA World Past speakers)
Abderrahman Ghiadi,Head of Mining Pool (MENA),EMCD,"10+ years' background in Investments / Bitcoin mining for HNWIs & Institutions. He is also conducting research as a PhD researcher in Economics focusing on Bitcoin, Bitcoin mining, and Energy Economics using stranded or curtailed energy sources, and the development of competitive mining pool services for medium-size to large miners in the MEA region",,,,,,https://cdn.prod.website-files.com/687f979126432c8ce843e6d7/68cd6a08f0812abbb58892b9_hk7AA_X8wQfEbg3HFsc4zCj4hG0zQ2ulCWbKA_ShCkU.webp,,bitcoin-mena,2025,1,,https://mena.b.tc/speakers,Bitcoin MENA,,,,,,
Abdulla Al Dhaheri,CEO,The Blockchain Center Abu Dhabi,"Abdulla Al Dhaheri is the CEO of The Blockchain Center Abu Dhabi, leading the UAE’s flagship hub for digital asset innovation. He has played an instrumental role in bringing tier-1 global exchanges and market makers to Abu Dhabi, collaborating closely with regulators and sovereign stakeholders to build the UAE’s leadership in digital assets, AI, and tokenized finance. Abdulla previously advised multi-billion-dollar companies on public listings and digital asset adoption, and has been invited to speak at global conferences for his contributions to decentralized technologies. Today, he continues to invest strategically through The Blockchain Center Fund, scaling global digital asset ventures and sovereign-grade digital asset infrastructures from Abu Dhabi to the world.",,,,,,https://cdn.prod.website-files.com/687f979126432c8ce843e6d7/6883c8e0c5e7a5122094b645_WSwuHtTtu9z8-Zn2tCk_aUGu4uZ7K-feNMzkQC95lno.webp,,bitcoin-mena,2025,1,,https://mena.b.tc/speakers,Bitcoin MENA,,,,,,
Abdulla Aldhaheri,CEO,The Blockchain Center Abu Dhabi,,,,,,,,,binance-blockchain-week,2025,1,,https://crypto.ro/en/news/binance-blockchain-week-2025/,,,,,,,
Abdumalik Mirakhmedov,Executive President,GDA,"Abdumalik Mirakhmedov is Executive President of GDA, one of the world’s largest and most experienced Bitcoin mining companies, with a track record of building, managing, and scaling data center operations spanning nearly a decade. GDA champions innovation, responsible energy use, and investment in the communities where it operates globally, including 20 data centres across North America, South America, Europe, and Central Asia. With a total power capacity of over 600 MW, the company has brought over 180,000 miners online. GDA is committed to supporting the infrastructure for the future of money by making the bitcoin network more robust, resilient, and secure.",,,,,,https://cdn.prod.website-files.com/687f979126432c8ce843e6d7/68cd6a08f0812abbb58892b6_68QsRv_jIWk8KuJfIOsEQVC-Fb54n2fw7Yt4gFcu05I.webp,,bitcoin-mena,2025,1,,https://mena.b.tc/speakers,Bitcoin MENA,,,,,,
Abu Akkuc,Founder & Creative Director,21Million Fashion | Orange Elite,"Abu Akkuc is the founder and Creative Director of 21Million Fashion (Bitcoin fashion brand). With his brand, he demonstrates that Bitcoin is far more than a financial instrument – it is a cultural movement that inspires a new way of thinking. His collections carry the spirit of “Proof of Work”: discipline, perseverance, and authenticity are reflected in every detail. For him, fashion becomes a medium that makes freedom, independence, and creativity tangible. Under the umbrella of 21Million Fashion, Abu has also created a high-fashion subbrand, Orange Elite, which combines the highest quality standards with elegance and the rebellious energy of Bitcoin. Beyond his role as an entrepreneur, Abu is deeply committed to promoting Bitcoin education. He conveys the cultural, social, and philosophical dimensions of Bitcoin, making it clear that it’s not just about money, but about a new understanding of responsibility and self-determination. His work blends style with substance, showing how Bitcoin is shaping our culture and mindset in lasting ways.",,,,,,https://cdn.prod.website-files.com/687f979126432c8ce843e6d7/68c2e69ff4851defb4062164_ikTz8ByLhibTjqyd3G89SI1fdoLYATIYNU_NvsykM6s.webp,,bitcoin-mena,2025,1,,https://mena.b.tc/speakers,Bitcoin MENA,,,,,,
Abubakar Nur Khalil,,Btrust,,,,,,,https://afrobitcoin.org/wp-content/uploads/2024/08/Abubakar-Headshot-Abubakar-Nur-Khalil.jpeg,,africa-bitcoin-conference,2026,1,ABC26,,,,,,,,
Ada Vaughan,Senior Director of DeFi Partnerships,Stellar Development Foundation,,,,,,,,,blockchain-futurist-toronto,,1,,,Blockchain Futurist Conference Toronto 2026,Toronto 2026,,,,,
Adam Back,,,,,,https://x.com/adam3us,,,https://btchel.com/wp-content/uploads/2025/10/Logo-5-1024x1024.jpg,,btchel,,1,,,,,,,,,
Adam Cai,Founder & CEO,Virgo.co,,,,,,,https://cdn.prod.website-files.com/61e87bb144d08a09b725b693/68dfe3f6d817d0095ea8b851_AdamCai_HEAD.jpg,,blockchain-futurist-florida,,1,,,,,,,,,
Adam Calleja Urry,Business Development Director – Malta,BetConstruct,"Adam Calleja Urry is a highly accomplished commercial professional with over 15 years of experience in sales and business development. His expertise lies in scaling B2B revenue streams and building high-performing sales and account management teams. He has a proven track record of managing P&L, developing effective go-to-market strategies, and expanding into key markets across EMEA, Latin America, and Asia. He is currently the Business Development Director for Malta at BetConstruct.",,,,,,https://tickets.sigma.world/img/speakers/tmp/speaker-1591-1760698204.png,,sigma-world-rome,,1,,,"SiGMA World 2026 (Rome, Fiera Roma, Nov 2-5 2026)",,,,,,sigma.world/summits/world/speakers (Central Europe 2025 + SiGMA World Past speakers)
Adam Garetson,Partner,Gowling WLG,,,,,,,https://cdn.prod.website-files.com/61e87bb144d08a09b725b693/6852eeb7ee828cf78ee9c8e7_679bb0401b143d87011ca678_AdamGaretson_HEAD.webp,,blockchain-futurist-florida,,1,,,,,,,,,
Adam Haynes,Founder & CEO,Simple Mining,"Founder & CEO of Simple Mining. We sell, host, and repair Bitcoin miners with the goal of making Bitcoin mining simple, accessible, and profitable for everyone.",,,,,,https://cdn.prod.website-files.com/687f979126432c8ce843e6d7/691d2b6d669f6f49c9c3cba1_KrAPMWnFZIz7JYjxEeqWljn-g-PDC-CzqsodKW-tBIM.webp,,bitcoin-mena,2025,1,,https://mena.b.tc/speakers,Bitcoin MENA,,,,,,
Adam Krellenstein,CEO; Founder,Unspendable Labs; Counterparty; Kontor,,,,,,,,,bitcoin-amsterdam,,1,,,,,,,,,
Adam Mateja,Co-Founder & CEO,Blurify,"Adam Mateja is CEO and Co-founder of Blurify, a company specialising in building secure and reliable tech products with a strong focus on the iGaming industry. With over a decade of experience in IT and a track record of delivering more than 100 successful projects, Adam has extensive expertise in strategic advisory roles maximising client success. His specialisation lies in providing tailored software solutions for casino operators, sportsbook providers and game developers, ensuring seamless user experiences and efficient business operations.",,,,,,https://tickets.sigma.world/img/speakers/tmp/speaker-923-1759141313.png,,sigma-world-rome,,1,,,"SiGMA World 2026 (Rome, Fiera Roma, Nov 2-5 2026)",,,,,,sigma.world/summits/world/speakers (Central Europe 2025 + SiGMA World Past speakers)
Adam O'Brien,Founder and CEO,Bitcoin Well,"Adam is a husband, father of four and a bitcoin entrepreneur on a mission to enable independence. Since founding Bitcoin Well in 2013, Adam has made it easy to buy, sell and use bitcoin both online in the bitcoin-only portal, and in person at Bitcoin ATMs across Canada. Today, Bitcoin Well is a publicly traded organization (BTCW)",,,,,,https://cdn.prod.website-files.com/687f979126432c8ce843e6d7/6887b630a94348bfcae22910_mlvcMjU7lRHxF5uY_WvIGRlPXYi5NbryJDq5U50NIEE.webp,,bitcoin-mena,2025,1,,https://mena.b.tc/speakers,Bitcoin MENA,,,,,,
Adam Poulton,Founder/CEO,Get Paid In Bitcoin,,,,,,,,,bitcoin-asia,,1,,,,,,,,,
Adam Rosenberg,Senior Advisor,Blackstone,"Adam Rosenberg is currently Senior Advisor to Blackstone, the world’s largest alternative asset manager, for Gaming & Leisure industry investments; he has extensive experience serving as Board Member, Board Observer and/or Special Advisor for public and private companies. From 2014 to 2021, Adam was Global Head of Gaming & Leisure at Fortress Investment Group, Adam held various investment banking positions at Goldman, Sachs & Co., and most recently as Global Head of Gaming where he advised and raised capital for casino operator, gaming technology and equipment manufacturer clients.",,,,,,https://tickets.sigma.world/img/speakers/tmp/speaker-1998-1760601358.png,,sigma-world-rome,,1,,,"SiGMA World 2026 (Rome, Fiera Roma, Nov 2-5 2026)",,,,,,sigma.world/summits/world/speakers (Central Europe 2025 + SiGMA World Past speakers)
Adam Rusch,Elected Member of Board of Directors,Intersect,,,,,,,https://api.rareevo.io/storage/domains/dev.rareevo.io/participants/profile/GF0pny4m23WiCuG3EW3l6MDLEdrsIYzULskUxWZH.png,,rare-evo,,1,,,Rare Evo 2026,,,active,Rare Evo 2026 (Main); Dev/Gov Day,97,
Adam Schneider,CEO,La Boulangerie By Vulpes,"Adam Schneider, better known as “Seccour,” is a prominent figure in the Bitcoin community, especially in the UAE. He discovered Bitcoin in December 2012 at the age of 16, while still in high school. Having lived in Dubai since 2010, Seccour later pursued cybersecurity studies at university, which deepened his understanding of Bitcoin’s underlying technology. Since 2017, he has organized the Dubai Bitcoin Meetup, fostering a community dedicated to learning about and engaging with Bitcoin. His work focuses on advocating for Bitcoin in the UAE and developing tools that contribute to the evolving Bitcoin landscape.",,,,,,https://cdn.prod.website-files.com/687f979126432c8ce843e6d7/68dc3fa401e27e0f1b13c012_88e216e7a00b420e7c5154be.webp,,bitcoin-mena,2025,1,,https://mena.b.tc/speakers,Bitcoin MENA,,,,,,
Adam Wiggins,Director of Data Center Solutions,Camfil,,,,,,,https://miningdisrupt.com/assets/images/gallery12/a699ed77.png?v=0308a4f1,,mining-disrupt,,1,,,,,,,,,
Adarsh Nair,"Digital Assets, Banking & Capital Markets",EY,"Adarsh is a member of EY’s Digital Assets Practice, working with financial institutions and fintech clients across digital assets, tokenization, stablecoins, custody, institutional DeFi and market structure initiatives. He has worked across both institutional and crypto native ecosystems, helping financial institutions evaluate strategic partnerships, build and investment decisions to accelerate digital asset capabilities and commercialization. Previously, Adarsh worked in strategy consulting, advising financial institutions on blockchain and crypto initiatives. Prior to that, Adarsh worked on the Digital Assets team at Goldman Sachs, supporting industry-first initiatives across Global Markets, Investment Banking, Asset Management and Wealth Management. Adarsh holds an MBA from Cornell University and a B.S. in Mathematics from UCLA.",,,,,,https://api.rareevo.io/storage/domains/rareevo.io/participants/profile/adarsh_nair.png,,rare-evo,,1,,,Rare Evo 2026,,,active,Rare Evo 2026 (Main),181,
Adena Friedman,Chair and CEO,Nasdaq,,,,,https://www.linkedin.com/in/adenatfriedman/,,https://cdn.prod.website-files.com/6756df8f05088bc3e51c64ea/6a391d896d13fa9fe9e99b7f_Speaker-Name-Adena-Friedman.avif,,token2049-singapore,2026,1,,https://www.token2049.com/singapore/speakers,TOKEN2049 Singapore,,,,,,
Adi Uraih,Solutions Architect,Incode Technologies,,,,,,,https://tickets.sigma.world/img/speakers/tmp/speaker-2188-1761833031.png,,sigma-world-rome,,1,,,"SiGMA World 2026 (Rome, Fiera Roma, Nov 2-5 2026)",,,,,,sigma.world/summits/world/speakers (Central Europe 2025 + SiGMA World Past speakers)
Adilah Holivay,CEO,Association for Women in Cryptocurrency,,,,,,,,,blockchain-futurist-toronto,,1,,,Blockchain Futurist Conference Toronto 2026,Toronto 2026,,,,,
Aditya Ranjan,Founder,Bitcoin Bharat,,,India,,,,,,bitcoin-asia,,1,,,,,,,,,
Adrian,Partner,Fortego,,,,https://x.com/byTunikum,,,,,planb-forum-lugano,2026,1,,,,,,,,,
Adriann Guy,Co-Founder,CreateHER Fest,,,,,,,https://cdn.prod.website-files.com/61e87bb144d08a09b725b693/68cc30137b821f3b918e5e77_AdriannGuy_HEAD.jpg,,blockchain-futurist-florida,,1,,,,,,,,,
Adriel Wong,,TRM Labs,,,,,,,,,coinfest-asia,2026,1,,,,,,,,,
Agha Khan,Blockchain & Stablecoin Lead,Deloitte,"Agha serves as the Blockchain and Stablecoin Lead for Deloitte's Blockchain & Digital Assets (BDA) Consulting practice within the US. He has 20+ years of experience in banking and capital markets leading enterprise-wide cross functional teams for Tier 1 investment banks, Asset Managers, Pension Funds and Hedge Funds. He has led public and private sector initiatives experimenting with programable tokenized forms of money and securities to enhance operational efficiencies, improve liquidity and reduce cost. In recent years, he has worked extensively with crypto start-ups (DEXs and DeFi companies) on product strategy, client segmentation, and product management. On the institutional side, he has worked with investment banks and centralized crypto exchanges on institutional client strategy, risk & compliance frameworks, operational & enterprise risk assessments, and vendor due diligence evaluations for digital assets.",,,,https://www.linkedin.com/in/aghazkhan/,website:https://iq.wiki/wiki/agha-khan,https://api.rareevo.io/storage/domains/rareevo.io/participants/profile/agha_khan.png,,rare-evo,,1,,,Rare Evo 2026,,yes,active,Rare Evo 2026 (Main),126,
Ahmed Bin Sulayem,Executive Chairman & CEO,DMCC,"Ahmed Bin Sulayem is the Executive Chairman and Chief Executive Officer of DMCC and has driven its growth from a start-up of 28 member companies in 2003 to the world’s leading international business district in 2025 with over 25,000 member companies from 180 countries, employing over 80,000 people. Tasked with enhancing commodity trade flows through Dubai, DMCC has introduced to the market a number of value-added products and services under Mr Bin Sulayem’s leadership. In 2023, DMCC was named ‘Global Free Zone of the Year’ by The Financial Times fDi Magazine, for a record ninth consecutive year. Mr Bin Sulayem oversaw the exponential growth of the DMCC Free Zone master development in Jumeirah Lakes Towers (JLT), a 200-hectare business and residential community in Dubai of over 100,000 people living and working in 87 towers. Mr Bin Sulayem also oversees the development of DMCC’s latest real estate project, the Uptown Dubai district. Mr Bin Sulayem currently serves as the Chairman of the Dubai Diamond Exchange (DDE) and the Dubai Gold & Commodities Exchange (DGCX). The Kimberley Process officially appointed the United Arab Emirates (UAE) as the first and only Arab country to Chair the Kimberley Process (KP) in November 2015. Shortly after, the UAE Ministry of Economy officially appointed Mr Bin Sulayem as the UAE’s Chair of the KP for 2016. Mr Bin Sulayem was reappointed Chair of the KP for a historic second time in 2024 and has continued his leadership role with the position of Custodian Chair of the KP in 2025. CV – DMCC • 2001 – Joined DMCC • 2002 – Appointed Chief Operating Officer (COO) • 2007 – Appointed Executive Chairman • 2019 – Appointed Chief Executive Officer (CEO)",,,,,,https://cdn.prod.website-files.com/687f979126432c8ce843e6d7/69138e378f6085cb8a0b64ae_d15e1f6ba7c78bf695cb19a6.webp,,bitcoin-mena,2025,1,,https://mena.b.tc/speakers,Bitcoin MENA,,,,,,
Akshat Vaidya,,Maelstrom,,,,,,,,,coinfest-asia,2026,1,,,,,,,,,
Alain Kunz,"MD, Head of Business Development",GSR,"Alain Kunz is a Managing Director at GSR, where he leads Business Development for the firm - a global leader in digital asset trading and market structure, and a key capital markets partner to the crypto industry. Prior to joining GSR, Mr. Kunz founded several ventures in the financial services and digital asset sectors. He has also advised public and private institutions, political leaders, and high-net-worth individuals, focusing on the intersection of innovation, finance, technology, and societal impact. Mr. Kunz began his career at UBS Investment Bank after graduating from the University of St. Gallen (HSG). His career reflects a consistent commitment to bridging traditional finance and emerging technologies in an increasingly digital economy.",,,,,,https://cdn.prod.website-files.com/687f979126432c8ce843e6d7/691f6d742752443e303c5ce8_iTcRfTNndzdPdoNTBbLLh2vc_WfBpEl88WicijKhTLE.webp,,bitcoin-mena,2025,1,,https://mena.b.tc/speakers,Bitcoin MENA,,,,,,
Alan Gallo,BD & Marketing Manager,JSBit,,,,,,,https://miningdisrupt.com/assets/images/gallery08/c4a70181.png?v=0308a4f1,,mining-disrupt,,1,,,,,,,,,
Alan Lane,Advisor,Unchained,Former CEO of Silvergate Bank. Silvergate began banking the bitcoin industry in 2014.,,,,,,https://cdn.prod.website-files.com/687f979126432c8ce843e6d7/68eea66ebf8c5d21bce9cb3e_5MAWk4yVjJ6xjTlLckj7yujxd2YbQc5pzjZZ1-I5pX0.webp,,bitcoin-mena,2025,1,,https://mena.b.tc/speakers,Bitcoin MENA,,,,,,
Alan Schramm,Founder / CEO,Educação Real; Satsails,"Fundador e CEO da Educação Real, palestrante, escritor, coautor do best-seller Bitcoin Red Pill e autor de O Mínimo sobre Bitcoin. Cofundador e CEO da Satsails.",,,,,https://x.com/alan_schramm,https://satsconf.com.br/wp-content/uploads/2025/09/Group-422.png,,satsconf,2025,1,,,SatsConf,,,,,,
Alastair Cleland,Group Managing Director,Pentasia,"Alastair is Group Managing Director of Conexus Human Capital, encompassing Pentasia, PaymentGenes, Conexus Leadership and Conexus Enterprise, global leaders in delivering talent solutions across the iGaming, Web3/Crypto, Lottery and Payments industries. With more than 30 years of recruitment experience, including more than a decade dedicated to iGaming and Payments, Alastair is widely regarded as a leading figure in global talent strategy and executive search. He leads a global network of recruitment and search professionals, supporting clients and candidates across fast evolving digital markets.",,,,,,https://tickets.sigma.world/img/speakers/tmp/speaker-1900-1765893272.png,,sigma-world-rome,,1,,,"SiGMA World 2026 (Rome, Fiera Roma, Nov 2-5 2026)",,,,,,sigma.world/summits/world/speakers (Central Europe 2025 + SiGMA World Past speakers)
Alejandra Dito,Director Global Partnerships Digital Assets & Blockchain,Mastercard,,,,,,,,,blockchain-futurist-toronto,,1,,,Blockchain Futurist Conference Toronto 2026,Toronto 2026,,,,,
Alejandro de la Torre,CEO & Co-Founder,DMND,Former VP & Co-Founder of BTC.com & Poolin bitcoin mining pools. Activated Taproot via miner-activated-softfork. 10 + years in bitcoin mining. Currently CEO & Co-Founder of DMND the first fully StratumV2 Bitcoin Mining Pool.,,,,,,https://cdn.prod.website-files.com/687f979126432c8ce843e6d7/6883c929debfe8592c795207_XKMdp2PeEn3CFmu2a-iaMMJqJCmJS_qSEhxiz-zpGgc.webp,,bitcoin-mena,2025,1,,https://mena.b.tc/speakers,Bitcoin MENA,,,,,,
Aleksandar Svetski,How Bitcoin Reaches Mass Adoption in 60 Years,Satlantis,"Alex Svetski is an Author and Entrepreneur. Aleksandar is the Author of the best selling “UnCommunist Manifesto” and the ""Bushido of Bitcoin”. He is building the Nostr-enabled Social Network for Sovereign Individuals: Satlantis.io Previously, he launched the world’s first Bitcoin-only savings app: Amber, and open sourced The Spirit of Satoshi, a Bitcoin-centric LLM.",,,,,,https://cdn.prod.website-files.com/687f979126432c8ce843e6d7/6887b630a94348bfcae228f7_M_BJj5lV41k3h_dgG9NCXKwjEkS81VJkK0iiQmt0gcM.webp,,bitcoin-mena,2025,1,,https://mena.b.tc/speakers,Bitcoin MENA,,,,,,
Alena Tsuranova,CCO,Megafair,"Alena Tsuranova is a strategic commercial leader with solid expertise in the iGaming industry, driving business growth through innovation, partnerships, and data-driven decision-making. As CCO, she leads commercial operations, sales strategy, and market development across multiple jurisdictions. Her experience covers both RNG and skill-based gaming verticals, with a focus on content strategy, localisation, and emerging gaming trends. Alena is passionate about building bridges between technology and business – shaping commercial strategies that align creativity with measurable results.",,,,,,https://tickets.sigma.world/img/speakers/tmp/speaker-1938-1760104574.png,,sigma-world-rome,,1,,,"SiGMA World 2026 (Rome, Fiera Roma, Nov 2-5 2026)",,,,,,sigma.world/summits/world/speakers (Central Europe 2025 + SiGMA World Past speakers)
Alena Vranova,Founder,Gart,,,,https://x.com/alenasatoshi,,,,,planb-forum-lugano,2026,1,,,,,,,,,
Alessandro Ciacchini,Director,KEO WORLD,"Alessandro Ciacchini, born in Florence, is an international entrepreneur and strategic advisor with extensive experience in finance, technology, and global business development. After co-founding a commodities brokerage firm early in his career, he expanded into international trading, fashion retail partnerships, and investment ventures across Europe and beyond. Since 2006, he has focused on consulting and investment through the Trustfin Group and subsequent ventures, supporting companies worldwide in growth, fundraising, and strategic positioning. He has played a key role in fintech and technology projects, including Keo World and Mo Technologies, and served as Senior Advisor to the Board of Rama Vision Investments in Dubai. He is also a Board Member of Bloom, a Colombian company active in the equity crowdfunding sector, and Board Advisor of Mobile Streams PLC, a gaming and e-sports company listed on the AIM market in London. In addition to direct investment and advisory roles, Alessandro has contributed to educational and institutional initiatives, serving on the Advisory Board of Woodfield Christian University where he lectures on Fintech Management. He is also Vice President of the """"Alimentando un Niño"""" Foundation, dedicated to improving the nutrition of disadvantaged children. With decades of experience across finance, fintech, and international markets, Alessandro Ciacchini brings a global vision and hands-on expertise to businesses and institutions seeking sustainable growth and innovation.",,,,,,https://tickets.sigma.world/img/speakers/tmp/speaker-1814-1759139443.png,,sigma-world-rome,,1,,,"SiGMA World 2026 (Rome, Fiera Roma, Nov 2-5 2026)",,,,,,sigma.world/summits/world/speakers (Central Europe 2025 + SiGMA World Past speakers)
Alex Bobes,Managing Partner,Extremoo,"Alex Bobes is Managing Partner at Extremoo, a results driven affiliate marketing company focused on the iGaming sector, and Chief Technology Officer at Casino Alpha, one of the top casino review sites with over 900 casinos assessed. With more than 10 years as a CTO and technology leader, Alex transforms complex technical challenges into practical business solutions. His expertise spans AI implementation, blockchain development, cybersecurity and modern software architecture. Beyond corporate achievements, Alex serves as President of Asociatia Taxi Gratis, an NGO he founded in 2013.",,,,,,https://tickets.sigma.world/img/speakers/tmp/speaker-1934-1760080429.png,,sigma-world-rome,,1,,,"SiGMA World 2026 (Rome, Fiera Roma, Nov 2-5 2026)",,,,,,sigma.world/summits/world/speakers (Central Europe 2025 + SiGMA World Past speakers)
Alex Bodromian,Chief Operating Officer,LuminX,"Alex is a seasoned professional in the financial services industry with a proven track record in business development, client relationship management, and strategic planning. His expertise lies in driving growth and delivering exceptional value to clients.",,,,,,https://cdn.prod.website-files.com/687f979126432c8ce843e6d7/68e69a8454ad57c15bd297ef_SsfnNt4sqPLWtYaVTxOY4Rhspylemsh167rsY2MW5js.webp,,bitcoin-mena,2025,1,,https://mena.b.tc/speakers,Bitcoin MENA,,,,,,
Alex Dischinger,Sales,MegaMiner,,,,,,,https://miningdisrupt.com/assets/images/gallery12/1cd60f1e.png?v=0308a4f1,,mining-disrupt,,1,,,,,,,,,
Alex Falcon,Founder,"X Empire, Biggest CIS Podcast Host","Founder of X Empire, Biggest CIS Podcast Host",,,,,logo:https://blockchain-life.com/wp-content/cache/thumb/03/0b3197633797303_160x0.webp,https://blockchain-life.com/wp-content/cache/thumb/7e/c8491c933c8617e_420x460_notcrop.webp,,blockchain-life-forum,2026,1,,,,,,,,,
Alex Gitsik,CMO,Soft2Bet,"Alex Gitsik is Chief Marketing Officer at Soft2Bet, where he leads global marketing strategy, brand growth and player engagement across regulated markets. With more than a decade of marketing leadership experience, he focuses on driving sustainable expansion through a strong performance marketing approach, including innovative and data driven campaigns. His leadership plays a key role in strengthening Soft2Bet's position as a leading iGaming operator.",,,,,,https://tickets.sigma.world/img/speakers/tmp/speaker-1853-1759394964.png,,sigma-world-rome,,1,,,"SiGMA World 2026 (Rome, Fiera Roma, Nov 2-5 2026)",,,,,,sigma.world/summits/world/speakers (Central Europe 2025 + SiGMA World Past speakers)
Alex H.,Fintech & Blockchain Consultant,Digital Lives,,,,,,,https://cdn.prod.website-files.com/61e87bb144d08a09b725b693/68ea3dfb16529559bf878848_AlexH_HEAD.jpg,,blockchain-futurist-florida,,1,,,,,,,,,
Alex Konewko,Director & CEO,Finductive,,,,,,,https://tickets.sigma.world/img/speakers/tmp/speaker-1672-1757485446.png,,sigma-world-rome,,1,,,"SiGMA World 2026 (Rome, Fiera Roma, Nov 2-5 2026)",,,,,,sigma.world/summits/world/speakers (Central Europe 2025 + SiGMA World Past speakers)
Alex Kosloff,"Head of the Americas, Merso, Board Member",Blockchain Game Alliance,,,,,,,https://cdn.prod.website-files.com/61e87bb144d08a09b725b693/68cc2e7b7a4dcb2cb84cc569_AlexKosloff_HEAD.jpeg,,blockchain-futurist-florida,,1,,,,,,,,,
Alex Li,Bitcoin Development Leader,Human Rights Foundation,"Líder de Desenvolvimento de Bitcoin na Human Rights Foundation. Trabalha no Bitcoin Development Fund, fazendo a ponte com desenvolvedores para criar ferramentas mais fáceis de usar e mais poderosas para ativistas.",,,,,https://x.com/alexli98,https://satsconf.com.br/wp-content/uploads/2025/09/Group-419.png,,satsconf,2025,1,,,SatsConf,,,,,,
Alex M. Hochberger,"CEO & Founder, Web3 Enabler",Inc.,,,,,,,https://cdn.prod.website-files.com/61e87bb144d08a09b725b693/68f738a7a327783f00655d01_AlexHochberger_HEAD.jpg,,blockchain-futurist-florida,,1,,,,,,,,,
Alex McFarlane,CEO of Keyring Network (Judge),Keyring Network,"Master’s in theoretical physics (2016). Former quant at Nomura (Risk, QIS, Alpha). Founded Keyring Network to bring institutional-grade compliance to on-chain trading and enable real adoption.",,,https://x.com/KeyringNetwork,,,https://ethglobal.b-cdn.net/users/65nzr/sm.jpg,,ethglobal-lisbon,,1,,,,,,,,,
Alex Pilař,Chairman of the Board,Inowatti a.s,,,,,,,,,bitcoin-amsterdam,,1,,,,,,,,,
Alex Recouso,Co-founder & CEO,CitizenX,"Alex Recouso is the co-founder and CEO of CitizenX, the world's first citizenship market. CitizenX has assisted countless Bitcoiners and their families in diversifying their passport portfolios, providing greater optionality, sovereignty, and freedom. He also advises nation-states on designing and implementing citizenship and residency programs to accumulate Bitcoin in budget-neutral ways.",,,,,,https://cdn.prod.website-files.com/687f979126432c8ce843e6d7/68eea6996b6d1481cef4e8df_B_YgvVtEDxDW76zbekn9QptEVfbwzt_m9kkzJ2ZdgNk.webp,,bitcoin-mena,2025,1,,https://mena.b.tc/speakers,Bitcoin MENA,,,,,,
Alex Schultz,CMO,Meta,,,,,,profile:https://websummit.com/attendees/lis25/d22f8452-82be-45ef-bd07-5f1ccd55121a/alex-schultz,https://web-summit-avenger.imgix.net/production/avatars/original/a87fdc2aca0437dc2c144a5efd86979613b20295.png,,web-summit-lisbon,2025,1,,,,,,,,,
Alex Svanevik,CEO,Nansen,,,,,,,,,binance-blockchain-week,2025,1,,https://crypto.ro/en/news/binance-blockchain-week-2025/,,,,,,,
Alex Thorn,Head of Firmwide Research,Galaxy Digital,"Head of Firmwide Research at Galaxy Digital, where he leads a team focused on analyzing developments across the cryptocurrency ecosystem. Prior to joining Galaxy, he spent 12 years at Fidelity Investments, serving as Director of Blockchain Research at the Fidelity Center for Applied Technology and co-managing Avon Ventures, an early-stage crypto venture fund. Thorn brings a unique blend of traditional finance experience and deep expertise in blockchain research and venture capital.",,,,,,https://static.wixstatic.com/media/dea30a_f9314cb70ff7405297edc80dc263a150~mv2.jpg,,bitcoin-policy-summit,2025,1,,https://www.btcpolicysummit.org/2025-speakers,Bitcoin Policy Summit 2025,,,,,,
Alexander Belov,"Forbes Journalist, Coinstelegram Media & Fund Founder",,.,,,,,,https://tickets.sigma.world/img/speakers/tmp/speaker-615-1758274677.png,,sigma-world-rome,,1,,,"SiGMA World 2026 (Rome, Fiera Roma, Nov 2-5 2026)",,,,,,sigma.world/summits/world/speakers (Central Europe 2025 + SiGMA World Past speakers)
Alexander Good,Founder,Post Fiat,,,,https://x.com/goodalexander,,,https://cdn.prod.website-files.com/6756df8f05088bc3e51c64ea/6a3a50554d24f3f665d3f1aa_Speaker-Name-Alexander-Good.avif,,token2049-singapore,2026,1,,https://www.token2049.com/singapore/speakers,TOKEN2049 Singapore,,,,,,
Alexander Leishman,"Founder, CEO, and CTO",River,"Founder, CEO, and CTO of River, where he leads investor relations, corporate strategy, and engineering, drawing on a background in software engineering, information security, and Bitcoin. He previously worked at Polychain Capital, Airbnb, Deloitte, and Maicoin, and holds an Aerospace Engineering degree from the University of Maryland and a Master's in Computer Science from Stanford, where he helped teach the university's first Bitcoin course.",,,,,,https://static.wixstatic.com/media/5b61ba_f005db56b18a4b4f859350d39564478b~mv2.jpg,,bitcoin-policy-summit,2025,1,,https://www.btcpolicysummit.org/2025-speakers,Bitcoin Policy Summit 2025,,,,,,
Alexander Lozben,Founder and CEO,Interhash,,,,,,,https://miningdisrupt.com/assets/images/gallery12/c46ca07f.png?v=0308a4f1,,mining-disrupt,,1,,,,,,,,,
Alexander Neumüller,Research Associate,"Cambridge Judge Business School, Univeristy of Cambridge","Alexander is a Research Associate at the Cambridge Centre for Alternative Finance (CCAF), where he leads the Cambridge Digital Assets Programme’s research efforts on the climate impact of digital assets. Drawing on extensive practical experience within the crypto ecosystem – from cryptocurrency mining to engaging with DeFi protocols – he brings deep domain expertise to his work. Prior to joining the CCAF, Alexander held various roles in traditional finance, including corporate banking, proprietary trading, and asset management. He holds a Master’s degree in Finance from Cambridge Judge Business School, University of Cambridge, and an MBA from Johannes Kepler Universität Linz. Alexander is widely regarded as an expert on the environmental footprint of cryptocurrency mining, and his insights are frequently featured in leading media outlets such as Bloomberg, Fox News, Reuters, and The Financial Times.",,,,,,https://cdn.prod.website-files.com/687f979126432c8ce843e6d7/68c96892900a15228a1d7077_d663dd272d5b69b991b90f1a.webp,,bitcoin-mena,2025,1,,https://mena.b.tc/speakers,Bitcoin MENA,,,,,,
"Alexander Radu, H.B.Sc., LL.B.",Law Student,Blair Law Firm,,,,,,,,,blockchain-futurist-toronto,,1,,,Blockchain Futurist Conference Toronto 2026,Toronto 2026,,,,,
Alexander Salnikov,Co-Founder,Rarible,,,,,,,https://cdn.prod.website-files.com/61e87bb144d08a09b725b693/68d27c7aa9aefb6d85f0cea6_AlexSalnikov_HEAD.jpg,,blockchain-futurist-florida,,1,,,,,,,,,
Alexander Sayegh,Co-Founder & CTO,Mining Grid,"An early advocate for Blockchain technology and Bitcoin specifically, focusing on spreading the knowledge, sharing expertise and providing technical consulting, I've made Bitcoin and Blockchain my career for a good reason, I have a lot to contribute to it, the skill to teach people about it and the technical depth of advising on strategy, technology and integration with rest of the world. With my deep technical foundation and a strong belief in Bitcoin’s transformative potential, I focus on building scalable mining and cloud solutions that empower individuals and enterprises alike.",,,,,,https://cdn.prod.website-files.com/687f979126432c8ce843e6d7/68ffaa481eac3cef80db52e1__lYz8WaJEDNMExAD6joQLEGi-qC0v5r-h-2AN8Y_yfM.webp,,bitcoin-mena,2025,1,,https://mena.b.tc/speakers,Bitcoin MENA,,,,,,
Alexander Svanevik,CEO,Nansen,,,,,,,,,coinfest-asia,2026,1,,,,,,,,,
Alexandre Poltorak,Co-founder,Hodling SA,,,,https://x.com/_polto_,,,,,planb-forum-lugano,2026,1,,,,,,,,,
Alexandre Tomic,Founder,Alea,"Alexandre Tomic is the founder of Alea.com, the multi-award winning company behind several successful B2C and B2B iGaming operations. He is well-known within the online gambling industry, having twenty years of experience in varying aspects ranging from affiliate network, casino operator and game aggregator. He is a biohacking enthusiast and is committed to promoting API governance by bringing best integration practices into the gambling industry.",,,,,,https://tickets.sigma.world/img/speakers/tmp/speaker-1454-1757063006.png,,sigma-world-rome,,1,,,"SiGMA World 2026 (Rome, Fiera Roma, Nov 2-5 2026)",,,,,,sigma.world/summits/world/speakers (Central Europe 2025 + SiGMA World Past speakers)
Alexey Chepkov,COO,SOFTSWISS,"Alexey Chepkov is Chief Operating Officer at SOFTSWISS. He is a C-level executive with over 10 years of experience leading high-impact operations across fintech, crypto-processing, iGaming, payments, and high-risk industries. He specialises in building scalable business infrastructures, driving strategic growth, and bringing operational clarity to fast-moving, high-stakes environments. Alexey has managed multi-country operations, billion-dollar P&Ls, and cross-functional teams, ensuring full compliance with EU and North American regulatory frameworks.",,,,,,https://tickets.sigma.world/img/speakers/tmp/speaker-1819-1759141228.png,,sigma-world-rome,,1,,,"SiGMA World 2026 (Rome, Fiera Roma, Nov 2-5 2026)",,,,,,sigma.world/summits/world/speakers (Central Europe 2025 + SiGMA World Past speakers)
Alexsandar Popov,Director,Directorate Supervision of Gambling and Gambling Activities – Bulgaria,"Aleksandar Popov is currently director of the Directorate Supervision of gambling and gambling activities in the National Revenue Agency of Bulgaria. Aleksandar has significant experience in the area of control of public funds, mainly European funding. He possesses a master's degree in Law and Public Administration and a PhD in Political science, is a certified auditor in the public sector and has been a speaker at ICE London.",,,,,,https://tickets.sigma.world/img/speakers/tmp/speaker-1443-1751960072.png,,sigma-world-rome,,1,,,"SiGMA World 2026 (Rome, Fiera Roma, Nov 2-5 2026)",,,,,,sigma.world/summits/world/speakers (Central Europe 2025 + SiGMA World Past speakers)
Alfredo Lori,Project Manager,Cheope Risk Management Srl,"Alfredo Lori is Chief Executive Officer of Cheope Risk Management, an Italian company specialising in anti-money laundering (AML) and anti-financial crime (AFC) services. With a professional background focused on financial integrity, he has guided public and private organisations to prevent economic crime and ensure compliance with European and national regulations. At Cheope, he develops partnerships that strengthen risk management frameworks and help clients meet evolving international standards through effective due diligence and reputation protection.",,,,,,https://tickets.sigma.world/img/speakers/tmp/speaker-2050-1761035557.png,,sigma-world-rome,,1,,,"SiGMA World 2026 (Rome, Fiera Roma, Nov 2-5 2026)",,,,,,sigma.world/summits/world/speakers (Central Europe 2025 + SiGMA World Past speakers)
Ali Abou Daya,CEO,Transactix,,,,,,,,,blockchain-futurist-toronto,,1,,,Blockchain Futurist Conference Toronto 2026,Toronto 2026,,,,,
Ali Alnuaimi,Founder,Shafra,"Ali Alnuaimi founded Shafra and stands at the crossroads of energy, technology, and digital assets in the UAE. Once a nuclear engineer who launched the nation's first reactor and sat on the UAE Space Agency board, he left the public sector to advance Bitcoin as a strategic energy play. Today he counsels government leaders, sovereign wealth funds, and giants such as MARA on Bitcoin policy, energy efficiency, and industrial-scale mining. A founding adviser to the Sui protocol and partner to several others, he channels deep expertise and wide connections to unite government, legacy industries, and emerging AI-driven tech, securing lasting value through intellectual, political, and financial capital.",,,,,,https://cdn.prod.website-files.com/687f979126432c8ce843e6d7/691c8398212add11b5e2d63d_nJrpQRH_AkWQBpTvAYye1iOCt6nrhr_UdTzo96g7uCw.webp,,bitcoin-mena,2025,1,,https://mena.b.tc/speakers,Bitcoin MENA,,,,,,
Alice Hou,Research Analyst,Messari,,,,,,,https://cdn.prod.website-files.com/61e87bb144d08a09b725b693/68efb005d8a940538bab6fc0_AliceHou_HEAD.jpeg,,blockchain-futurist-florida,,1,,,,,,,,,
Alice Liu,Research Lead at CoinMarketCap,,Research Lead at CoinMarketCap,,,,,logo:https://blockchain-life.com/wp-content/cache/thumb/b6/a8c7d6f45723ab6_160x0.webp,https://blockchain-life.com/wp-content/cache/thumb/72/2d5f72bf3718572_420x460_notcrop.webp,,blockchain-life-forum,2026,1,,,,,,,,,
Alice Shikova,Marketing Lead,Space ID,,,,,,,https://cdn.prod.website-files.com/61e87bb144d08a09b725b693/68dbd8d6d4553c8ab8588402_AliceShikova_Head.jpg,,blockchain-futurist-florida,,1,,,,,,,,,
Alicia Kao,Managing Director at KuCoin,,Managing Director at KuCoin,,,,,logo:https://blockchain-life.com/wp-content/cache/thumb/15/ad3dff6e55f8515_160x0.png,https://blockchain-life.com/wp-content/cache/thumb/bf/75ca18173f9aabf_420x460_notcrop.webp,,blockchain-life-forum,2026,1,,,,,,,,,
Alisia Painter,Co-founder / COO,Botanix,"Cofundadora e Chief Operating Officer (COO) da Botanix, uma blockchain baseada em Bitcoin que possibilita finanças em Bitcoin diretamente on-chain.",,,,,https://x.com/alipaints,https://satsconf.com.br/wp-content/uploads/2025/09/Group-421.png,,satsconf,2025,1,,,SatsConf,,,,,,
Alix Moghadam,Co-Founder & CEO,Agnic.AI,,,,,,,,,blockchain-futurist-toronto,,1,,,Blockchain Futurist Conference Toronto 2026,Toronto 2026,,,,,
Allen Dickerson,Partner,Baker,"Allen Dickerson is a partner in Baker & Hostetler LLP and a member of the firm’s Appellate and Political Law departments. His practice emphasizes First Amendment litigation, corporate political compliance counseling, and nonprofit advising. From 2020 to 2025, Dickerson served as a Senate-confirmed member of the Federal Election Commission. He chaired the Commission in 2022. During his tenure, he shepherded the first adoption of a new regulation in over a decade, led reforms to the Commission’s investigation and interagency practices, and authored more than 150 Statements of Reasons interpreting the Federal Election Campaign Act. Previously, he was Legal Director of the Institute for Free Speech, where he led a nationwide First Amendment practice. He has also worked as a litigation associate in the New York office of Kirkland & Ellis LLP. Dickerson is a Major in the Judge Advocate General’s Corps, U.S. Army Reserve, an Adjunct Professor at the University of Mississippi School of Law, and an Advisory Member of the American Bar Association’s Standing Committee on Election Law. He received his education at Yale College and New York University School of Law.",,,,,,https://api.rareevo.io/storage/domains/rareevo.io/participants/profile/allen_dickerson.png,,rare-evo,,1,,,Rare Evo 2026,,,active,Rare Evo 2026 (Main),172,
Allen Farrington,,,,,,https://x.com/allenf32,,nostr:https://njump.me/npub1sfhflz2msx45rfzjyf5tyj0x35pv4qtq3hh4v2jf8nhrtl79cavsl2ymqt,https://btcpp.nyc3.digitaloceanspaces.com/speakers/allenf.jpg,,bitcoin-plusplus-berlin,,1,,,,,,,,,
Allen Helm,Director of Business Development,"Bitcoin for Corporations (BFC), BTC Inc",,,,,,,,,bitcoin-amsterdam,,1,,,,,,,,,
Allen Helm,Director of Business Development,"BTC Inc, Bitcoin for Corporations","Allen Helm co-founded Bitcoin for Corporations (BFC) in 2024, a joint initiative between Strategy (formerly MicroStrategy) and BTC Inc., where he now serves as Director of Business Development & Client Services. He leads product execution, client success, and business development, working with corporate treasuries, service providers, and capital allocators to accelerate global Bitcoin adoption. Previously, he scaled enterprise partnerships at Bitcoin Magazine and The Bitcoin Conference.",,,,,,https://cdn.prod.website-files.com/687f979126432c8ce843e6d7/690e05dbcef52f00403b35ba_PHOMrfxlw2wqqf-ojQaMaYK01xyTGZVVbfs7ZZbyGME.webp,,bitcoin-mena,2025,1,,https://mena.b.tc/speakers,Bitcoin MENA,,,,,,
Ally Quan,Sales Manager,LeedMiner,,,,,,,https://miningdisrupt.com/assets/images/gallery10/a98ccd01.png?v=0308a4f1,,mining-disrupt,,1,,,,,,,,,
Amanda Chang,General Manager,Asic Ark,,,,,,,https://miningdisrupt.com/assets/images/gallery10/3f8f8f84.png?v=0308a4f1,,mining-disrupt,,1,,,,,,,,,
Amanda Fabiano,COO,KindlyMD ($NAKA),,,,,,,,,bitcoin-amsterdam,,1,,,,,,,,,
Amanda Wick,"Founder & CEO, Association for Women in Cryptocurrency","Principle, Incite Consulting",,,,,,,https://cdn.prod.website-files.com/61e87bb144d08a09b725b693/6852eeb89e37df32df678ab6_67e16f5821cf0608674de6f5_AmandaWick_HEAD%25201.png,,blockchain-futurist-florida,,1,,,,,,,,,
Amanda Wick,Head of Americas,VerifyVASP,,,,,,,,,blockchain-futurist-toronto,,1,,,Blockchain Futurist Conference Toronto 2026,Toronto 2026,,,,,
Amina Motala,City Leader,BitAngels,,,,,,,https://cdn.prod.website-files.com/61e87bb144d08a09b725b693/68e7f17db2b46098477604ed_AminaMotala_HEAD.jpeg,,blockchain-futurist-florida,,1,,,,,,,,,
Amiti Uttarwar,,Waye,,,,,,,https://afrobitcoin.org/wp-content/uploads/2024/10/Amiti-Uttarwar-scaled-e1729259446864.jpg,,africa-bitcoin-conference,2026,1,ABC26,,,,,,,,
Amy Oldenburg,Head of Digital Asset Strategy,Morgan Stanley,,,,,https://www.linkedin.com/in/amyoldenburg/,,https://cdn.prod.website-files.com/6756df8f05088bc3e51c64ea/6a391d8fb1f4c722d3b8eee7_Speaker-Name-Amy-Oldenburg.avif,,token2049-singapore,2026,1,,https://www.token2049.com/singapore/speakers,TOKEN2049 Singapore,,,,,,
Ana Jacobson,Brand Campaign Lead,Tangem,,,,,,,https://cdn.prod.website-files.com/61e87bb144d08a09b725b693/68ef90551c1397031d5779f5_AnaJacobson_HEAD%201.png,,blockchain-futurist-florida,,1,,,,,,,,,
Ana Kandelaki,Business Development Manager,Altente,"Ana Kandelaki is Business Development Manager at Altente, overseeing a wide spectrum of responsibilities that drive the growth and success of the company, from sales and marketing to CRM, events and organisational strategy. With a professional background spanning International Relations, Communications, Business Development and Project Management, she brings a strategic, cross functional approach to every project. Passionate about fostering relationships, driving innovation and creating seamless experiences for clients and partners alike, Ana aims to contribute to the evolution of the iGaming industry.",,,,,,https://tickets.sigma.world/img/speakers/tmp/speaker-1928-1760024237.png,,sigma-world-rome,,1,,,"SiGMA World 2026 (Rome, Fiera Roma, Nov 2-5 2026)",,,,,,sigma.world/summits/world/speakers (Central Europe 2025 + SiGMA World Past speakers)
Ana Schulz,COO,FinchPay,"Ana Schulz has been a crypto enthusiast for over seven years. In 2018, she played a pivotal role in developing an instant crypto exchange from the ground up as a Project Manager. For three years of her career, Ana managed an acquisition team at a well-known Сasino brand, overcoming challenges of traditional payment methods unavailability in various markets and regulatory areas. This background helps her to excel at FinchPay, a fintech project that develops cost-efficient, accessible and high-converting crypto payment solutions for high-risk businesses.",,,,,,https://tickets.sigma.world/img/speakers/tmp/speaker-48-1757595770.png,,sigma-world-rome,,1,,,"SiGMA World 2026 (Rome, Fiera Roma, Nov 2-5 2026)",,,,,,sigma.world/summits/world/speakers (Central Europe 2025 + SiGMA World Past speakers)
Anaise Kanimba,Global Development Expert and Human Rights Activist,Ridgely Walsh,"A global development expert and human rights activist, and the daughter of Paul Rusesabagina—the real-life hero of Hotel Rwanda. She successfully led an international campaign that secured her father's release from wrongful detention in Rwanda between 2020 and 2023. A prominent voice on transnational repression and human rights, her work has been featured in The Washington Post, CNN, and other major outlets. She currently works at Ridgely Walsh, advising transformational companies and causes while continuing her advocacy against authoritarian regimes.",,,,,,https://static.wixstatic.com/media/5b61ba_1697f5154f154924b5071d51b0ef8c31~mv2.webp,,bitcoin-policy-summit,2025,1,,https://www.btcpolicysummit.org/2025-speakers,Bitcoin Policy Summit 2025,,,,,,
Anders Dorph,Chair,Gaming Regulators European Forum (GREF),"Anders Dorph is the director of the Danish Gambling Authority. He took up his current position in November 2020 after four years as head of asylum at the Danish Immigration Service. In May 2025, he was appointed Chair of the Gaming Regulators European Forum (GREF) after serving two years as Vice-Chair. Throughout his career, Anders Dorph has worked several years in the Danish Ministry of Justice and served as executive in the Danish police.",,,,,,https://tickets.sigma.world/img/speakers/tmp/speaker-2180-1761742968.png,,sigma-world-rome,,1,,,"SiGMA World 2026 (Rome, Fiera Roma, Nov 2-5 2026)",,,,,,sigma.world/summits/world/speakers (Central Europe 2025 + SiGMA World Past speakers)
Andrea Crespi,Artist & Creator,Andrea Crespi Studio,,,,,,,https://cdn.prod.website-files.com/61e87bb144d08a09b725b693/68e61ed82e9be263bcdf882a_AndreaCrespi_HEAD%201.png,,blockchain-futurist-florida,,1,,,,,,,,,
Andrea Manciulli,Chairman,Europa Atlantica,"Andrea Manciulli is Director of Institutional Relations at the Med-Or Italian Foundation. A graduate in Modern History from the University of Pisa, he also studied at the École des Hautes Études en Sciences Sociales in Paris. An expert in military history and international terrorism, Andrea has served as Member of Parliament, Vice President of the Foreign and European Affairs Committee and President of the Italian Parliamentary Delegation to NATO. He is also President of Europa Atlantica.",,,,,,https://tickets.sigma.world/img/speakers/tmp/speaker-2052-1761035510.png,,sigma-world-rome,,1,,,"SiGMA World 2026 (Rome, Fiera Roma, Nov 2-5 2026)",,,,,,sigma.world/summits/world/speakers (Central Europe 2025 + SiGMA World Past speakers)
Andrea Marchetti,Partner & Director,WH Partners Italy,,,,,,,https://tickets.sigma.world/img/speakers/tmp/speaker-1989-1760534415.png,,sigma-world-rome,,1,,,"SiGMA World 2026 (Rome, Fiera Roma, Nov 2-5 2026)",,,,,,sigma.world/summits/world/speakers (Central Europe 2025 + SiGMA World Past speakers)
Andrea Ruggieri,Journalist,,"Roman, 49 years old, former criminal lawyer and now a professional journalist, is the TV spokesperson for Silvio Berlusconi, a Member of Parliament for Forza Italia, and the Editor-in-Chief of Il Riformista.",,,,,,https://tickets.sigma.world/img/speakers/tmp/speaker-1982-1760619041.png,,sigma-world-rome,,1,,,"SiGMA World 2026 (Rome, Fiera Roma, Nov 2-5 2026)",,,,,,sigma.world/summits/world/speakers (Central Europe 2025 + SiGMA World Past speakers)
Andrei Frimescu,Marketing Director,Game World Romania,"Andrei Frimescu is the Marketing Director of Game World, one of the leaders of the Romanian gambling industry. With over thirty years of experience in casino management and marketing, Andrei has worked for live table game operations, poker tournaments, slot machine halls, sports betting shops, studio casino games, and, in recent years, online gambling. He is also an experienced trainer, public speaker and the author of the book ""Casino Marketing Inspired by Music"".",,,,,,https://tickets.sigma.world/img/speakers/tmp/speaker-1570-1754922400.png,,sigma-world-rome,,1,,,"SiGMA World 2026 (Rome, Fiera Roma, Nov 2-5 2026)",,,,,,sigma.world/summits/world/speakers (Central Europe 2025 + SiGMA World Past speakers)
Andrei Grachev,Managing Partner,DWF Labs,Managing Partner of DWF Labs,,,,,logo:https://blockchain-life.com/wp-content/cache/thumb/2b/9845daa639f1f2b_160x0.webp,https://blockchain-life.com/wp-content/cache/thumb/34/2277ebf02599334_420x460_notcrop.webp,,blockchain-life-forum,2026,1,,,,,,,,,
Andrei Poliakov,CEO,APX Lending,,,,,,,https://cdn.prod.website-files.com/61e87bb144d08a09b725b693/68d3ee69dd1437d45e4ab4ab_AndreiPoliakov_HEAD.jpg,,blockchain-futurist-florida,,1,,,,,,,,,
Andrej Majcen,Group CEO & Co-Founder,Bitcoin Suisse AG,"Andrej Majcen is the Co-Founder and Group Chief Executive Officer of Bitcoin Suisse, Switzerland’s leading and longest-established crypto-financial services firm. He co-founded the company in 2013, when Bitcoin was still nascent and Ethereum had yet to launch, and has since guided its growth into a major international brand—Switzerland’s largest custodian and one of the world’s foremost staking operators. Over the past decade, Andrej has held several senior leadership roles at Bitcoin Suisse, including Head of Global Expansion and Strategic Clients, before being appointed Group CEO in 2024. In recognition of his contributions to the blockchain and fintech industry, he was named to the Forbes 30 Under 30 DACH list in 2020. A frequent speaker at blockchain and finance conferences around the world, Andrej is a strong advocate for the transformative potential of digital assets to build a more inclusive, efficient, and resilient global economy.",,,,,,https://cdn.prod.website-files.com/687f979126432c8ce843e6d7/6900fed802842471d227f6a3_835b9326ae343811144de631.webp,,bitcoin-mena,2025,1,,https://mena.b.tc/speakers,Bitcoin MENA,,,,,,
Andrej Majcen,Co-Founder & Group CEO,Bitcoin Suisse,,,,https://x.com/AMajcen_BTCS,,,,,planb-forum-lugano,2026,1,,,,,,,,,
Andrew Bailey,Associate Professor of Philosophy / Senior Fellow,Yale-NUS College / Bitcoin Policy Institute,"A Professor and founding faculty member at Yale-NUS College, where he teaches in the humanities and social sciences. He is also a Senior Fellow at the Bitcoin Policy Institute and regularly advises journalists and policymakers on the societal implications of Bitcoin and digital assets. In August 2025, he will join the University of Wyoming as a Professor of Philosophy at the newly established Bitcoin Research Institute.",,,,,,https://static.wixstatic.com/media/dea30a_a3314831f2db4d7490633dfd90c7449d~mv2.jpeg,,bitcoin-policy-summit,2025,1,,https://www.btcpolicysummit.org/2025-speakers,Bitcoin Policy Summit 2025,,,,,,
Andrew Gellatly,Executive Director,Alderney Gambling Control Commission,"Andrew Gellatly is Executive Director of the Alderney Gambling Control Commission (AGCC), a role he commenced in December 2022. The AGCC is a highly respected and bespoke Tier 1 supervisor of e-gambling businesses, securing an outstanding report in its 2024 MoneyVal mutual evaluation. Prior to joining the AGCC, Andrew co-founded the regulatory intelligence service VIXIO Gambling Compliance in 2006 and served as global managing editor. He has chaired and spoken at gambling conferences worldwide.",,,,,,https://tickets.sigma.world/img/speakers/tmp/speaker-1850-1759394546.png,,sigma-world-rome,,1,,,"SiGMA World 2026 (Rome, Fiera Roma, Nov 2-5 2026)",,,,,,sigma.world/summits/world/speakers (Central Europe 2025 + SiGMA World Past speakers)
Andrew Hohns,CEO,Battery Finance,"Andrew Hohns, PhD., Founder & Chief Executive Officer. Dr. Hohns founded Newmarket in 2020 and Battery Finance in 2022. He has overseen transaction structuring for approximately $50 billion of notional risk transfer. He has been a regular speaker at various industry conferences, with expertise in topics related to securitization, bitcoin, socially responsible investment, impact investment, infrastructure, and development finance. Prior to founding Newmarket, Dr. Hohns served as Managing Director at Mariner Investment Group from 2012 through 2020 and as Managing Director at Cohen & Company until 2012. Additionally, Dr. Hohns was an Adjunct Assistant Professor at New York University’s Stern School of Business from 2012 to 2015. He holds a BS in Economics from the Wharton School at the University of Pennsylvania (2000), a Masters in Liberal Arts from the School of Arts and Sciences at the University of Pennsylvania (2006), and a PhD in Applied Economics and Managerial Sciences from the Wharton School at the University of Pennsylvania (2012). Dr. Hohns is a member of the Board of Directors of Fold Holdings Group (NASDAQ:FLD), Bitcoin Development Corporation, Inc (NASDAQ: BDCIU), and UNICEF USA.",,,,,,https://cdn.prod.website-files.com/687f979126432c8ce843e6d7/6883c8ea98b6b62f77c370f2_FY72ds5-juFGNygsfERidExtasYywH5ZTtKTLB4vLDM.webp,,bitcoin-mena,2025,1,,https://mena.b.tc/speakers,Bitcoin MENA,,,,,,
Andrew Hohns,Founder and CEO,Newmarket Capital and Battery Finance,"Founder and CEO of Newmarket Capital, established in 2020 through the acquisition of the IIFC strategy platform, overseeing transaction structuring for approximately $50 billion of notional risk transfer. He previously served as Managing Director at Cohen & Company and was named one of Institutional Investor's '20 Rising Stars of Fixed Income,' while also serving as an Adjunct Assistant Professor at NYU Stern. Hohns holds multiple degrees from the University of Pennsylvania including a PhD in Applied Economics, and serves on several boards including UNICEF USA and Battery Finance Inc.",,,,,,https://static.wixstatic.com/media/5b61ba_9ecf5ef563ff4b52bed9a341bb6ea61d~mv2.jpg,,bitcoin-policy-summit,2025,1,,https://www.btcpolicysummit.org/2025-speakers,Bitcoin Policy Summit 2025,,,,,,
Andrew N. Smith,CEO,"Formation AI Labs, Inc.",,,,,,,https://cdn.prod.website-files.com/61e87bb144d08a09b725b693/68f24460cfa8e26571f43ae7_AndrewSmith_HEAD.jpg,,blockchain-futurist-florida,,1,,,,,,,,,
Andrew Osheroff,CTO,Holepunch,,,,https://x.com/andrewosh,,,,,planb-forum-lugano,2026,1,,,,,,,,,
Andrew Sackey,VP Commercial EMEA,Aristocrat,,,,,,,https://tickets.sigma.world/img/speakers/tmp/speaker-2127-1761646801.png,,sigma-world-rome,,1,,,"SiGMA World 2026 (Rome, Fiera Roma, Nov 2-5 2026)",,,,,,sigma.world/summits/world/speakers (Central Europe 2025 + SiGMA World Past speakers)
Andrew Sobko,Founder & CEO,Argentum AI,,,,,,,https://cdn.prod.website-files.com/61e87bb144d08a09b725b693/68e408f456313232bab9a050_andrewsobko_head_720%201.png,,blockchain-futurist-florida,,1,,,,,,,,,
Andrew Stone,Lead Developer,Nexa: Bitcoin Unlimited,,,,,,,https://cdn.prod.website-files.com/61e87bb144d08a09b725b693/68e7f30a0f6aaa3369dd4681_andrewstone_head_720%201.png,,blockchain-futurist-florida,,1,,,,,,,,,
Andrew Sudakov,CEO,Rocks.Partners,,,,,,,https://tickets.sigma.world/img/speakers/tmp/speaker-1877-1759820733.png,,sigma-world-rome,,1,,,"SiGMA World 2026 (Rome, Fiera Roma, Nov 2-5 2026)",,,,,,sigma.world/summits/world/speakers (Central Europe 2025 + SiGMA World Past speakers)
Andrew Vranjes,Chief Revenue Officer,Blockdaemon,"Andrew is driving Blockdaemon’s global growth strategy as Chief Revenue Officer (CRO). In this role, he is responsible for driving and aligning all revenue generating processes across the organization. Previously, Andrew was VP and GM at APAC, where he has successfully led regional growth, forged strategic partnerships, and expanded market presence in the Asia Pacific Region. Prior to joining Blockdaemon, Andrew has held leadership roles in Amazon Web Services (AWS), Cisco Systems and Singtel/Optus. In AWS, Andrew built out the teams focussed on Startups, Digital Natives, Crypto/Fintech and AWS’s partnerships with the Venture Capital and Private Equity community. In Cisco, Andrew led sales and Business Development for several acquisitions and internally built software solutions, most notably the GTM in APAC for an acquisition, tail-f systems. In Optus Business, Andrew led and owned the P&L for the Data Centre and Cloud Practice.",,,,,,https://cdn.prod.website-files.com/687f979126432c8ce843e6d7/6911fdde8f909637df331e0e_20mDmpOMnOh3xkbDVFZzOs0eUq01cFw7yn9WnwvzFYI.webp,,bitcoin-mena,2025,1,,https://mena.b.tc/speakers,Bitcoin MENA,,,,,,
Andrii Garanin,CEO,Hiveon Energy,,,,,,,https://miningdisrupt.com/assets/images/gallery08/2e599a7e.png?v=0308a4f1,,mining-disrupt,,1,,,,,,,,,
André Beganski,Staff Reporter,Decrypt,,,,,,,https://cdn.prod.website-files.com/61e87bb144d08a09b725b693/68cc2fcc03f246c226e11943_Andre%CC%81Beganski_HEAD%201.png,,blockchain-futurist-florida,,1,,,,,,,,,
André Dragosch,"Director, Head of Research - Europe",Bitwise,,,,,,,,,bitcoin-amsterdam,,1,,,,,,,,,
Andy 'PizzAndy' Prokopyk,Founder,Proof of Print,,,,,,,https://miningdisrupt.com/assets/images/gallery10/b97851a1.png?v=0308a4f1,,mining-disrupt,,1,,,,,,,,,
Andy Cavanaugh,Co-Founder,The Rollup,,,,https://x.com/andyyy,https://www.linkedin.com/in/andy-c123,,https://cdn.prod.website-files.com/6756df8f05088bc3e51c64ea/6a391d9aa89f5ba2335fbb48_Speaker-Name-Andy-Cavanaugh.avif,,token2049-singapore,2026,1,,https://www.token2049.com/singapore/speakers,TOKEN2049 Singapore,,,,,,
Andy Cho,,KRWQ (IQ),,,,,,,,,coinfest-asia,2026,1,,,,,,,,,
Andy Wang,CEO,HashWhale,,,,,,,https://miningdisrupt.com/assets/images/gallery08/ee350f44.png?v=0308a4f1,,mining-disrupt,,1,,,,,,,,,
AnewbiZ,Chief of Operations,Secret Network,,,,,,,https://cdn.prod.website-files.com/61e87bb144d08a09b725b693/68cc262a93afb62153e363cf_AnewbiZ_HEAD%201.png,,blockchain-futurist-florida,,1,,,,,,,,,
Angela Ang,,BitGo,,,,,,,,,coinfest-asia,2026,1,,,,,,,,,
Angelo Dalli,CSO & CTO,Umnai,"As Umnai’s Chief Executive Officer, Angelo Dalli is responsible for leading the company’s commercial, product and technology strategy. Angelo has published over 23 scientific publications in Europe and the US and has over twenty years of experience in various executive positions in technology, entertainment and fintech companies. As a serial entrepreneur, Angelo was involved in four IPOs and invested in more than 40 successful companies.",,,,,,https://tickets.sigma.world/img/speakers/tmp/speaker-707-1755784459.png,,sigma-world-rome,,1,,,"SiGMA World 2026 (Rome, Fiera Roma, Nov 2-5 2026)",,,,,,sigma.world/summits/world/speakers (Central Europe 2025 + SiGMA World Past speakers)
Angelé Doyne,Co-Founder,Disruptor DAO,,,,,,,https://cdn.prod.website-files.com/61e87bb144d08a09b725b693/68c2b4591936ccce39eb7ce3_Angele%CC%81Doyne_HEAD%201.png,,blockchain-futurist-florida,,1,,,,,,,,,
Anil Nadiminti,Sr. Solutions Architect,Amazon Web Services,,,,,,,,,blockchain-futurist-toronto,,1,,,Blockchain Futurist Conference Toronto 2026,Toronto 2026,,,,,
Anish Shivdasani,Head of Digital Assets,Roland Berger,"Dr Anish Shivdasani is Head of Digital Assets at Roland Berger, where he has advised exchanges, banks, bitcoin mines and sovereign wealth funds on a range of strategic matters",,,,,,https://cdn.prod.website-files.com/687f979126432c8ce843e6d7/68e69a9325834804b3e0608d_ywQcxTRkj5LivLrStQoL9OqqQw6gPJSiBRxt7HS9iVs.webp,,bitcoin-mena,2025,1,,https://mena.b.tc/speakers,Bitcoin MENA,,,,,,
Anja Dragovic,Creator,The Honest Money Show,,,,,,,,,bitcoin-asia,,1,,,,,,,,,
Ankit Joshi,Head of North America,GDA,,,,,,,https://miningdisrupt.com/assets/images/gallery10/a5194588.png?v=0308a4f1,,mining-disrupt,,1,,,,,,,,,
Ann Willmott,Senior Product Manager,Foundry,,,,,,,https://miningdisrupt.com/assets/images/gallery08/f6137b46.png?v=0308a4f1,,mining-disrupt,,1,,,,,,,,,
Anna,CEO,ThreeSquared,,,,,,,https://cdn.prod.website-files.com/61e87bb144d08a09b725b693/68d3e57761d22350c33b6c40_Anna_HEAD.jpg,,blockchain-futurist-florida,,1,,,,,,,,,
Anna Badaeva,Group DPO & Security Expert,Tonybet,"Anna Badaeva joined Tonybet in June 2025 as a Group DPO & Security Expert, where she focuses on bolstering the company’s privacy and cybersecurity compliance framework in a highly regulated environment. In her dual role at Tonybet, she's responsible for guiding the strategic direction of data privacy and ensuring the operational security of player information. Anna’s expertise lies in developing and implementing robust cybersecurity frameworks that comply with global regulations such as GDPR and CCPA, while also enabling innovative business growth. She is passionate about integrating a privacy-by-design approach into all aspects of the business. Anna regularly shares insights on achieving the critical balance among security, compliance, and the player experience.",,,,,,https://tickets.sigma.world/img/speakers/tmp/speaker-1798-1758719127.png,,sigma-world-rome,,1,,,"SiGMA World 2026 (Rome, Fiera Roma, Nov 2-5 2026)",,,,,,sigma.world/summits/world/speakers (Central Europe 2025 + SiGMA World Past speakers)
Anna Chekhovich,Nonprofit Adoption Lead / Financial Director,Human Rights Foundation / Anti-Corruption Foundation,Nonprofit Adoption Lead at the Human Rights Foundation (HRF) and the Financial Director of the Anti-Corruption Foundation (ACF). She specializes in using technology to advance human rights and promote financial transparency in the fight against corruption. Her work focuses on equipping nonprofits with innovative financial tools to strengthen accountability and drive systemic change.,,,,,,https://static.wixstatic.com/media/5b61ba_dfe6a724b47f459aa6f780ebfcaea8f6~mv2.png,,bitcoin-policy-summit,2025,1,,https://www.btcpolicysummit.org/2025-speakers,Bitcoin Policy Summit 2025,,,,,,
Anna Maison,Founder & CEO,Fortis Compliance Shield Partners Ltd.,,,,,,,,,blockchain-futurist-toronto,,1,,,Blockchain Futurist Conference Toronto 2026,Toronto 2026,,,,,
Anna Maria Baccaro,Sports Journalist & Content Creator,,"Anna Maria Baccaro is a sports journalist with a passion for football and storytelling. She has built her career on the belief that communication is not just a profession, but a way to connect people, ideas, and emotions. Her journey began with a love for sports journalism, which soon evolved into exploring the intersection between football, media, and the betting industry. Today, Anna Maria brings a fresh and dynamic perspective, combining her journalistic background with innovative content strategies.",,,,,,https://tickets.sigma.world/img/speakers/tmp/speaker-1980-1760513619.png,,sigma-world-rome,,1,,,"SiGMA World 2026 (Rome, Fiera Roma, Nov 2-5 2026)",,,,,,sigma.world/summits/world/speakers (Central Europe 2025 + SiGMA World Past speakers)
Annelise Osborne,Chief Business Officer,Kadena,,,,,,,https://cdn.prod.website-files.com/61e87bb144d08a09b725b693/6852eeb692c353bbe8d9bbd0_684c58e0eb48f977c3ea08c8_Annelise%2520Osborne.jpeg,,blockchain-futurist-florida,,1,,,,,,,,,
Annelise Osborne,Board Advisor / Author,M1X,,,,,,,,,blockchain-futurist-toronto,,1,,,Blockchain Futurist Conference Toronto 2026,Toronto 2026,,,,,
"Anthony Anzalone ""Burnt Banksy""",Founder & CEO,XION,,,,,,,https://cdn.prod.website-files.com/61e87bb144d08a09b725b693/68af386ebd821ea0a9c4becf_anthony.png,,blockchain-futurist-florida,,1,,,,,,,,,
Anthony Bassili,President,Coinbase Asset Management,"Anthony Bassili, CAIA is President of Coinbase Asset Management. In this role, he is responsible for driving the firm's strategic vision, global distribution, and the development of transformative Web3 investment products. Prior to joining CBAM, Mr. Bassili was head of Asset Allocators and Tokenization for Coinbase Institutional, where he spearheaded the adoption of crypto exposure across the global allocator community, launched Coinbase’ strategy for tokenized products, and more. Prior to joining Coinbase, Mr. Bassili was Head of Pensions at BlackRock iShares where he spent more than a decade. Anthony brings more than 15 years of deep relationships with global financial institutions, advising on investment solutions related to digital asset exposure and traditional markets with Family Offices, RIAs, Endowments & Foundations, Consultants, Pensions, and Sovereign Wealth Funds globally. He also supports his clients with access to market leading web3 strategies and advises firms on tokenization of traditional asset classes and industries. He advises Web3.0 startups and is an active early stage investor. Mr. Bassili is a contributor to digital asset education with the AIF Institute Center for Financial Innovation, the Global Interdependence Center (GIC), and the Chartered Alternative Investment Management Association (CAIA). Connect with on socials: LinkedIn: https://www.linkedin.com/in/abassili/ X : https://x.com/SmartestBeta",,,,,,https://cdn.prod.website-files.com/687f979126432c8ce843e6d7/693514d7133b8c8124137c8b_7c7bde3d3c8131ca560653a5.webp,,bitcoin-mena,2025,1,,https://mena.b.tc/speakers,Bitcoin MENA,,,,,,
Anthony Power,CEO & Co-Founder,Power Analysis Ltd,,,,,,,,,bitcoin-asia,,1,,,,,,,,,
Anthony Power,Co-Host,Power Mining Analysis,,,,,,,https://miningdisrupt.com/assets/images/gallery08/654442d2.png?v=0308a4f1,,mining-disrupt,,1,,,,,,,,,
Anthony Rodriguez,Co-Founder,Digital Spenders Club,,,,,,,https://cdn.prod.website-files.com/61e87bb144d08a09b725b693/68e618044a3065c96d5e40cd_AnthonyRodrigez_HEAD%201.png,,blockchain-futurist-florida,,1,,,,,,,,,
Anthony Werner,Ambassador,Shiro Neko,,,,,,,https://cdn.prod.website-files.com/61e87bb144d08a09b725b693/68e9dd82fd2748a08f26cc51_AnthonyWerner_HEAD%201.png,,blockchain-futurist-florida,,1,,,,,,,,,
Anton Osika,Co-founder & CEO,Lovable,,,,,,profile:https://websummit.com/attendees/lis25/5377d7b5-93e7-4dc8-b530-4ee8b959ba8b/anton-osika,https://web-summit-avenger.imgix.net/production/avatars/original/ccb5c59e56ee7ec3a3170eb8b2df693f495df6e0.jpg,2026 lineup not yet published; captured 2025 (lis25) edition. Partial list — see notes in summary.,web-summit-lisbon,2025,1,,,,,,,,,
Antonino Colapinto,Journalist,SiGMA Group,,,,,,,https://tickets.sigma.world/img/speakers/tmp/speaker-2124-1761650154.png,,sigma-world-rome,,1,,,"SiGMA World 2026 (Rome, Fiera Roma, Nov 2-5 2026)",,,,,,sigma.world/summits/world/speakers (Central Europe 2025 + SiGMA World Past speakers)
Antonio Abdilla Zerafa,Project-Based Consultant,International Betting Integrity Association,"Antonio Abdilla Zerafa has a strong background in gambling regulation, financial crime prevention and sports betting integrity. He spent over nine years at the Malta Gaming Authority (MGA), where he led initiatives in AML, due diligence and sports betting integrity, serving as MLRO and Head of Financial Crime Compliance. He played a key role in establishing the Authority’s Sports Betting Integrity team and enhanced integrity programmes. He also represented the MGA and Malta at global industry events and senior committees.",,,,,,https://tickets.sigma.world/img/speakers/tmp/speaker-1634-1758700853.png,,sigma-world-rome,,1,,,"SiGMA World 2026 (Rome, Fiera Roma, Nov 2-5 2026)",,,,,,sigma.world/summits/world/speakers (Central Europe 2025 + SiGMA World Past speakers)
Antonio Barreca,Director General,Federturismo Confindustria,"Since 2011, Antonio Barreca has served as Director General of Federturismo Confindustria, the Italian federation that brings together the entire national tourism industry, representing 23 trade associations. He graduated with honors in Political Science from Luiss Guido Carli, earned a PhD in Comparative Public Law at the University of Perugia (2008), and pursued advanced studies at Harvard’s John F. Kennedy School of Government (2013, 2015). Before his current role, he worked with the Department of Economic Affairs at the Italian Prime Minister’s Office, then spent 10 years in Brussels as Director of Federturismo’s European Affairs Office, engaging with institutions such as the European Economic and Social Committee, the European Commission, and the European Parliament. An academic by vocation, he has taught for more than a decade at Luiss Guido Carli and Luiss Business School—where he also sits on the Scientific Committee of the Master in Tourism Management—as well as other universities. He has held institutional roles as Vice President of the UNI Tourism Commission and special delegate to ISO in Geneva, and served as Special Advisor on Tourism for the Sicilian Region. Currently, he is also Coordinator of the European network of Confindustria tourism federations, Director of AIDIT, and Vice President and co-founder of Turismi.ai. He speaks four languages fluently.",,,,,,https://tickets.sigma.world/img/speakers/tmp/speaker-1854-1759394361.png,,sigma-world-rome,,1,,,"SiGMA World 2026 (Rome, Fiera Roma, Nov 2-5 2026)",,,,,,sigma.world/summits/world/speakers (Central Europe 2025 + SiGMA World Past speakers)
Antonio's Brasse,"CPA, CIA, CFSA, CISA, CAMS CEO & Co-Founder",BlockQuake,,,,,,,https://cdn.prod.website-files.com/61e87bb144d08a09b725b693/68af45a7d7ed3f4149adf2f0_antoniobrasse_head_720.jpg,,blockchain-futurist-florida,,1,,,,,,,,,
Aoyon Ashraf,Global Head of News,CoinDesk,,,,,,,,,blockchain-futurist-toronto,,1,,,Blockchain Futurist Conference Toronto 2026,Toronto 2026,,,,,
Areeb Ahmad,Senior Associate,TLP Advisors,"Areeb Ahmad tells the story of Bitcoin through the lens of law, power, and technology. Based in Dubai, he advises crypto exchanges and fintechs on licensing and compliance, while questioning how institutions, AI, and tokenization are rewriting the rules of money itself.",,,,,,https://cdn.prod.website-files.com/687f979126432c8ce843e6d7/6914acc711d81744b9e23ab7_BlfQ9UvoG88kLibJLMi29s32HH-Zh-TbEpTyNhBpLOw.webp,,bitcoin-mena,2025,1,,https://mena.b.tc/speakers,Bitcoin MENA,,,,,,
Ariel Deschapell,Co-Founder & CTO,Hydra Host,,,,,,,,,bitcoin-asia,,1,,,,,,,,,
Ariif Hou,,Startale,,,,,,,,,coinfest-asia,2026,1,,,,,,,,,
Arjen,Open Source Developer,c03rad0r,,,,,,,,,bitcoin-amsterdam,,1,,,,,,,,,
Arman Mamyan,Integration Lead,Animoca Brands,,,,,,,,,blockchain-futurist-toronto,,1,,,Blockchain Futurist Conference Toronto 2026,Toronto 2026,,,,,
Armando Pantoja,Financial Futurist & Best Selling Author,,,,,,,,,,blockchain-futurist-toronto,,1,,,Blockchain Futurist Conference Toronto 2026,Toronto 2026,,,,,
Armin Aganovic,COO & CRO,Joelsson Media Group | Aboutslots.com & CasinoDaddy,"Armin Aganovic is overseeing operations, revenue, and strategic partnerships across Aboutslots.com and CasinoDaddy.com. With extensive experience in live streaming, SEO, and affiliate collaboration, he works closely with over 300 partners and manages more than 900 products. Armin specializes in optimizing player acquisition, boosting retention, and enhancing brand awareness in the competitive online gaming landscape.",,,,,,https://tickets.sigma.world/img/speakers/tmp/speaker-1872-1759495821.png,,sigma-world-rome,,1,,,"SiGMA World 2026 (Rome, Fiera Roma, Nov 2-5 2026)",,,,,,sigma.world/summits/world/speakers (Central Europe 2025 + SiGMA World Past speakers)
Armita Jalooli,Protocol Research Manager,Messari,,,,,,,https://cdn.prod.website-files.com/61e87bb144d08a09b725b693/68cc1fe9724ce1dc4747efdb_ArmitaJalooli_HEAD.jpg,,blockchain-futurist-florida,,1,,,,,,,,,
Arnaud Simeray,VP of Growth,Dune,,,,,,,https://cdn.prod.website-files.com/61e87bb144d08a09b725b693/68beec4fde2c7b95f32e4f24_ArnaudSimeray_HEAD.jpg,,blockchain-futurist-florida,,1,,,,,,,,,
Arno,Tap Master,BitcoinTaps,,,,,,,,,bitcoin-amsterdam,,1,,,,,,,,,
Arsh Molu,Operations Lead,Human Rights Foundation,"Arsh Molu champions financial freedom at the Human Rights Foundation, an organization dedicated to defending human rights in authoritarian regimes. Arsh is also the Co-founder of Generation Bitcoin and the Bitcoin Students Network, worldwide communities that support younger generations in learning about Bitcoin, cultivating the next generation of Bitcoin leaders.",,,,,,https://cdn.prod.website-files.com/687f979126432c8ce843e6d7/6887b630a94348bfcae2290a_iVm-CJkt7RmKSKqoihR20sI_QbEOzKhl4kAAZoKPGXQ.webp,,bitcoin-mena,2025,1,,https://mena.b.tc/speakers,Bitcoin MENA,,,,,,
Art Malkov,Co-Founder,Web3Lab,,,,,,,https://cdn.prod.website-files.com/61e87bb144d08a09b725b693/68cc239df6bead8f5631833c_ArtMalkov_HEAD%201.png,,blockchain-futurist-florida,,1,,,,,,,,,
Artem Bychkov,Deputy CSO,SOFTSWISS,"Artem Bychkov is a Deputy CSO at SOFTSWISS. He has led end-to-end product security programmes for several major financial and tech companies, focusing on every aspect of the process. With nearly 20 years of experience in the field, he has run a consulting practice and is skilled in both offensive and defensive cybersecurity. He is currently leading the product security programme at SOFTSWISS.",,,,,,https://tickets.sigma.world/img/speakers/tmp/speaker-1832-1763461866.png,,sigma-world-rome,,1,,,"SiGMA World 2026 (Rome, Fiera Roma, Nov 2-5 2026)",,,,,,sigma.world/summits/world/speakers (Central Europe 2025 + SiGMA World Past speakers)
Asher Genoot,Executive Chairman of American Bitcoin and CEO of Hut 8,,,,,,,,https://cdn.prod.website-files.com/61e87bb144d08a09b725b693/68f6fbbe1a5223428f1e461a_AsherGenoot_HEAD%201.png,,blockchain-futurist-florida,,1,,,,,,,,,
Asher Genoot,CEO,Hut8,,,,,,,https://miningdisrupt.com/assets/images/gallery08/1a342275.png?v=0308a4f1,,mining-disrupt,,1,,,,,,,,,
Ashish Singhal,,CoinSwitch,,,,,,,,,coinfest-asia,2026,1,,,,,,,,,
Ashley Wright,Founder,FemT3ch,,,,,,,https://cdn.prod.website-files.com/61e87bb144d08a09b725b693/689decba8097296f14be71f8_ashleywright_head_720%201.png,,blockchain-futurist-florida,,1,,,,,,,,,
Ashley Wright,Founder,The Crypto Strategy Academy,,,,,,,,,blockchain-futurist-toronto,,1,,,Blockchain Futurist Conference Toronto 2026,Toronto 2026,,,,,
Ashwin Chockalingam,,BLOX,,,,,,,,,coinfest-asia,2026,1,,,,,,,,,
Athika Fatima,Founder,OneHeart Protocol,,,,,,,,,blockchain-futurist-toronto,,1,,,Blockchain Futurist Conference Toronto 2026,Toronto 2026,,,,,
Audrey Nesbitt,CEO Spinnovate Tech; Author & VP Strategy and Growth Mansa Musa Minerals,Spinnovate Tech,,,,,,,,,blockchain-futurist-toronto,,1,,,Blockchain Futurist Conference Toronto 2026,Toronto 2026,,,,,
Austeja Lazaraviciute,Investor,COINVEST Capital,"Austeja Lazaraviciute from Coinvest Capital, a sovereign evergreen VC fund uniquely structured for a generous profit-sharing for co-investors. She focuses on early-stage startups and data-driven investment strategies, bridging the Baltic and Southern European innovation ecosystems.",,,,,,https://tickets.sigma.world/img/speakers/tmp/speaker-1926-1760024173.png,,sigma-world-rome,,1,,,"SiGMA World 2026 (Rome, Fiera Roma, Nov 2-5 2026)",,,,,,sigma.world/summits/world/speakers (Central Europe 2025 + SiGMA World Past speakers)
Austin Alexander,Partner,10X Capital,"Austin Alexander discovered Bitcoin in 2011 while working at an economic policy think tank in Washington D.C. in 2013 he co-founded the New York Bitcoin Center, the world's first physical Bitcoin exchange. Austin served as the industries first sales executive when he joined kraken in 2014. From 2019-2022 he served as Krakens CEO for the Middle East in the first licensed exchange in the UAE. He is now a partner at 10x Capital",,,,,,https://cdn.prod.website-files.com/687f979126432c8ce843e6d7/69163c7e79c3e28d2652baa8_-1FQglAd7xkNVJ1opVk7xP7cXQ5gP3G4JpDFOm4N_eo.webp,,bitcoin-mena,2025,1,,https://mena.b.tc/speakers,Bitcoin MENA,,,,,,
Austin Federa,Co-Founder and CEO,DoubleZero,,,,https://x.com/austin_federa,https://www.linkedin.com/in/austin_federa,,https://cdn.prod.website-files.com/6756df8f05088bc3e51c64ea/6a391d9aa89f5ba2335fbb6b_Speaker-Name-Austin-Federa.avif,,token2049-singapore,2026,1,,https://www.token2049.com/singapore/speakers,TOKEN2049 Singapore,,,,,,
Avery Ching,Co-Founder & CEO,Aptos Labs,,,,,,,,,binance-blockchain-week,2025,1,,https://crypto.ro/en/news/binance-blockchain-week-2025/,,,,,,,
Avik Roy,Co-Founder & Chairman,Foundation for Research on Equal Opportunity,,,,,,,,,bitcoin-asia,,1,,,,,,,,,
Avik Roy,President,Foundation for Research on Equal Opportunity (FREOPP),"Serves as President of the Foundation for Research on Equal Opportunity, where he has established himself as a leading healthcare policy expert. He is widely recognized for his comprehensive work on healthcare reform and economic policy analysis. He regularly contributes to major publications, offering insights on critical policy issues affecting healthcare and economic development.",,,,,,https://static.wixstatic.com/media/dea30a_c0dba0d197564feaa0cf6721dcb3fffc~mv2.jpeg,,bitcoin-policy-summit,2025,1,,https://www.btcpolicysummit.org/2025-speakers,Bitcoin Policy Summit 2025,,,,,,
Avv. Valérie Peano,Founding Partner,EGLA (European Gambling Lawyers and Advisors),"Attorney-at-Law admitted as a Barrister of the Italian Supreme Courts and founding Partner of EGLA, Valérie is advising on all aspects of gambling law including licence tender applications, compliance, advertising, licence reviews, changes of control and business sales. She has acted as legal advisor for online gambling to the Italian Gaming Authority and the Italian Chamber of Deputies IV Finance Commission. Presently, she is advising national and international lotteries and gambling operators, B2B game and software suppliers as well as national regulatory authorities in various jurisdictions. From 2023 to date, she is acting as legal expert to the International Olympic Committee Unit against match-fixing. She actively contributes as author of various articles on gambling both at national and international level and acts as Jury for gambling awards.",,,,,,https://tickets.sigma.world/img/speakers/tmp/speaker-1995-1760535174.png,,sigma-world-rome,,1,,,"SiGMA World 2026 (Rome, Fiera Roma, Nov 2-5 2026)",,,,,,sigma.world/summits/world/speakers (Central Europe 2025 + SiGMA World Past speakers)
Azeem Khan,Co-Founder,Miden,"Azeem Khan is the cofounder of Miden, a zero-knowledge that raised $25 million in seed funding led by a16z crypto, 1kx, and Hack VC. He serves as a consultant to the UNICEF CryptoFund and is a member of the World Economic Forum’s Crypto Sustainability Coalition. Recognized as a 2x Faces of Crypto Philanthropy by The Giving Block and one of the 100 Faces of Crypto by Stand With Crypto, Azeem is also a contributor with Forbes and a columnist with CoinDesk.",,,,https://www.linkedin.com/in/theazeemkhan/,website:https://iq.wiki/wiki/azeem-khan,https://api.rareevo.io/storage/domains/rareevo.io/participants/profile/azeem_khan (1).png,,rare-evo,,1,,,Rare Evo 2026,,yes,active,Rare Evo 2026 (Main); Featured Exhibitors 2026,136,
Balaji Srinivasan,Investor & Entrepreneur (Former CTO),Coinbase (former),"Confirmed Nov 30, 2025 addition to the speaker lineup.",,,,,,,,binance-blockchain-week,2025,1,,https://blockchain.news/flashnews/binance-confirms-balaji-srinivasan-for-binance-blockchain-week-dubai-speaker-lineup-official-nov-30-2025-update,,,,,,,
Balaji Srinivasan,CEO + Founder,Network School,,,,,,,,,bitcoin-asia,,1,,,,,,,,,
Bam Alasi,Founder,"B21 Arabic, Cypher Box",,,,,,,,,bitcoin-amsterdam,,1,,,,,,,,,
Barb Tasci,Co-Founder & Chief Business Officer,Revpanda,,,,,,,https://tickets.sigma.world/img/speakers/tmp/speaker-1935-1760092260.png,,sigma-world-rome,,1,,,"SiGMA World 2026 (Rome, Fiera Roma, Nov 2-5 2026)",,,,,,sigma.world/summits/world/speakers (Central Europe 2025 + SiGMA World Past speakers)
Barbara Bednarek,Head of CEE App Customer Solutions,Google,"With over a decade of experience leading and developing business strategies, Barbara is currently focused on app business development, working with Customer Solutions teams to help CEE's biggest clients build and grow their app businesses. Previously, she headed the S&O team shaping regional strategy for Google and SEED teams, where she worked with promising companies and startups across the CEE region. Before joining Google, Barbara was part of the team launching mBank, Poland's first online bank and undisputed market leader in the field.",,,,,,https://tickets.sigma.world/img/speakers/tmp/speaker-2125-1761835076.png,,sigma-world-rome,,1,,,"SiGMA World 2026 (Rome, Fiera Roma, Nov 2-5 2026)",,,,,,sigma.world/summits/world/speakers (Central Europe 2025 + SiGMA World Past speakers)
Barbara Casillo,Managing Director,Associazione Italiana Confindustria Alberghi,,,,,,,https://tickets.sigma.world/img/speakers/tmp/speaker-2213-1762419460.png,,sigma-world-rome,,1,,,"SiGMA World 2026 (Rome, Fiera Roma, Nov 2-5 2026)",,,,,,sigma.world/summits/world/speakers (Central Europe 2025 + SiGMA World Past speakers)
Bart Mol,Founder and Host,Satoshi Radio Podcast,,,,,,,,,bitcoin-amsterdam,,1,,,,,,,,,
Barun Kar,Co-Founder & COO,Auradine,,,,,,,https://miningdisrupt.com/assets/images/gallery08/bc36c2e1.png?v=0308a4f1,,mining-disrupt,,1,,,,,,,,,
Bas Lemmens,Chief Revenue Officer,Chainalysis Inc.,,,,,,,,,bitcoin-amsterdam,,1,,,,,,,,,
Basel Ismail,CEO,Blockcircle,,,,,,,,,coinfest-asia,2026,1,,,,,,,,,
Bastian,Partner,Fortego,,,,https://x.com/lapistano,,,,,planb-forum-lugano,2026,1,,,,,,,,,
Bastien Taquet,Co-founder and CBO,Satochip,,,,,,,,,bitcoin-amsterdam,,1,,,,,,,,,
Bastien Teinturier,CTO,ACINQ,,,,,,,,,bitcoin-amsterdam,,1,,,,,,,,,
Belal Jassoma,Director of Ecosystems,Dubai Multi Commodities Centre (DMCC),"Belal Jassoma is Director of Ecosystems at DMCC, the world’s leading business district and authority on international commodities trade and enterprise. Belal joined DMCC in 2011 and has been instrumental in scaling up DMCC’s ecosystems and commercial offering, including new products, services and member engagement programmes. In his current capacity as Director for Ecosystems, Belal is responsible for developing key strategic relationships, partnerships and product functions.",,,,,,https://tickets.sigma.world/img/speakers/tmp/speaker-1600-1755853021.png,,sigma-world-rome,,1,,,"SiGMA World 2026 (Rome, Fiera Roma, Nov 2-5 2026)",,,,,,sigma.world/summits/world/speakers (Central Europe 2025 + SiGMA World Past speakers)
Ben Beckmann,Chief Technical Advisor,Midnight,"Dr. Benjamin Beckmann is Chief Technical Adviser at the Midnight Foundation, advising on the development of the Midnight Network, a project he began supporting during his previous position at Input Output Global (IOG). Over the last 20 years, Ben's work has focused on incentives and evolutionary pressures to form communities and mold behavior, resulting in more than 30 refereed publications, 19 published patents, and over $14 million in federal funding. He is also an active contributor to multiple open-source software platforms, and his work has been the focus of articles in The New York Times, New Scientist, O'Reilly, and The Wall Street Journal. Ben holds a B.S., M.S., and Ph.D. in the field of Computer Science and Artificial Intelligence and has worked in the field of blockchain technology since 2014. His work has received multiple awards from General Electric and Frost & Sullivan. When he is not leading the technology vision for Midnight, Ben enjoys spending his free time with family and friends doing many hobbies, such as skiing, golfing, soccer, and cards.",,,,https://www.linkedin.com/in/ben-beckmann/,,https://api.rareevo.io/storage/domains/rareevo.io/participants/profile/ben_beckmann.png,,rare-evo,,1,,,Rare Evo 2026,,,active,Rare Evo 2026 (Main),158,
Ben Cowen,CEO/Founder,Into The Cryptoverse,,,,,,,,,bitcoin-amsterdam,,1,,,,,,,,,
Ben Goertzel,CEO,SingularityNET,CEO of SingularityNET,,,,,logo:https://blockchain-life.com/wp-content/cache/thumb/29/7e6be81a24b5c29_160x0.png,https://blockchain-life.com/wp-content/cache/thumb/81/855e1dd94113c81_420x460_notcrop.webp,,blockchain-life-forum,2026,1,,,,,,,,,
Ben Grant,Co-Founder,EVERY.MEME,,,,,,,https://cdn.prod.website-files.com/61e87bb144d08a09b725b693/6907937461a39922df7a2258_BenGrant_HEAD.png,,blockchain-futurist-florida,,1,,,,,,,,,
Ben Greenberg,Developer Relations Lead,Arbitrum Foundation,,,,,,,,,blockchain-futurist-toronto,,1,,,Blockchain Futurist Conference Toronto 2026,Toronto 2026,,,,,
Ben Johnson,Regional Manager,Dream Power,,,,,,,https://miningdisrupt.com/assets/images/gallery08/fed6666a.png?v=0308a4f1,,mining-disrupt,,1,,,,,,,,,
Ben Perrin,,BTC Sessions,,,,,,,https://miningdisrupt.com/assets/images/gallery08/52b0a77f.png?v=0308a4f1,,mining-disrupt,,1,,,,,,,,,
Ben Thalman,Senior Protocol Analyst - Ethereum,Figment Inc.,,,,,,,https://cdn.prod.website-files.com/61e87bb144d08a09b725b693/68a8610f11397a2d26b78f80_BenThalman_HEAD.jpg,,blockchain-futurist-florida,,1,,,,,,,,,
Ben Thomision,Head of Mining Operations,ICERIVER,,,,,,,https://miningdisrupt.com/assets/images/gallery08/1402f0af.png?v=0308a4f1,,mining-disrupt,,1,,,,,,,,,
Ben Weng,VP of Product,Elphapex,,,,,,,https://miningdisrupt.com/assets/images/gallery08/cf7b6791.png?v=0308a4f1,,mining-disrupt,,1,,,,,,,,,
Benjamin de Waal,Chief Technology Officer,Musqet Limited,"Discovered Bitcoin in 2010. Stopped holding fiat in 2017. Resume includes Northern Bitcoin, Lightning Labs, Swan, and more. Currently laser-focused on Merchant Adoption at Musqet.",,,,,,https://cdn.prod.website-files.com/687f979126432c8ce843e6d7/6908e65aa469e7d7835b9b6c_XLXjfy4p8LLbVnbwOX28Zpe5A9Z15TXwkT7o4UBT9L0.webp,,bitcoin-mena,2025,1,,https://mena.b.tc/speakers,Bitcoin MENA,,,,,,
Bernardo Braga,Founder,BetterMoney,"Fundador da BetterMoney, educador e consultor especializado em Bitcoin, onde ensina estratégias de soberania financeira e autocustódia para indivíduos e empresas.",,,,,https://x.com/eubernardobraga,https://satsconf.com.br/wp-content/uploads/2025/09/Group-411.png,,satsconf,2025,1,,,SatsConf,,,,,,
Bernhard Teuchmann,Managing Director of the Product and Technology Division,Novomatic Spain,"Bernhard Teuchmann joined the NOVOMATIC Group in 2008 and since 2012 works as Managing Director of the Product and Technology Division at NOVOMATIC Spain, the Spanish subsidiary of the Austrian gaming industry leader. Since 2015, Teuchmann also holds the presidency of Spanish manufacturers’ association Club de Convergentes, always supporting a transparent dialogue with the different regional gaming boards responsible for land-based gaming. He is also a member of the Executive Committee of EUROMAT since 2025.",,,,,,https://tickets.sigma.world/img/speakers/tmp/speaker-1563-1754916855.png,,sigma-world-rome,,1,,,"SiGMA World 2026 (Rome, Fiera Roma, Nov 2-5 2026)",,,,,,sigma.world/summits/world/speakers (Central Europe 2025 + SiGMA World Past speakers)
Bernie Moreno,United States Senator,,"Bernie Moreno was born in Bogota, Colombia. He moved to the United States with his family at age five and became an American citizen at age 18. Bernie purchased his first car dealership in 2005 and grew that one dealership into one of the largest dealership groups in America, eventually employing over 1,000 Ohioans. More recently, in 2016, Bernie recognized the value and transformational potential of blockchain technology, before it received mainstream attention, and moved much of his volunteer time and investment dollars into the space. In 2024, Bernie Moreno was elected to the United States Senate where he is fighting every day to restore the American Dream and put Ohioans’ needs first. Through his work on the Banking, Housing, and Urban Affairs Committee, Bernie is working to ensure that America leads in the future of finance and technology. Drawing on his private-sector experience, he is shaping pro-growth policies for digital assets and cryptocurrency.",,,,,website:https://www.moreno.senate.gov/,https://api.rareevo.io/storage/domains/rareevo.io/participants/profile/bernie_moreno.png,,rare-evo,,1,,,Rare Evo 2026,,yes,active,Rare Evo 2026 (Main),150,
Bert de Groot,Owner,Bitcoin Brabant B.V.,,,,,,,,,bitcoin-amsterdam,,1,,,,,,,,,
Bert Slagter,Host,Satoshi Radio / Bitcoin Alpha,,,,,,,,,bitcoin-amsterdam,,1,,,,,,,,,
Berta Valle,Journalist and Human Rights Activist,Independent,"A Nicaraguan journalist and human rights activist who successfully campaigned for the release of over 200 political prisoners—including her husband, former presidential candidate Felix Maradiaga—from the Ortega regime in 2023. She has become a leading voice against authoritarianism in Nicaragua, bringing global attention to human rights violations through her journalism and advocacy. Now working from exile, Valle continues to champion the restoration of democracy and the release of remaining political prisoners, while also highlighting the critical role of financial freedom in resisting authoritarian control.",,,,,,https://static.wixstatic.com/media/5b61ba_65c26010d6c04f679f1afd897c690368~mv2.webp,,bitcoin-policy-summit,2025,1,,https://www.btcpolicysummit.org/2025-speakers,Bitcoin Policy Summit 2025,,,,,,
Bette Hochberger,"Founder & CEO, Bette Hochberger, CPA",CGMA & Associates PLLC,,,,,,,https://cdn.prod.website-files.com/61e87bb144d08a09b725b693/68ce289d47a4c691328d5e6a_BetteHochberger_HEAD%201.png,,blockchain-futurist-florida,,1,,,,,,,,,
Betty Sharples,Head of Business Development,Truflation,,,,,,,https://cdn.prod.website-files.com/61e87bb144d08a09b725b693/66b78abc38401814facfa068_BettySharples_HEAD.png,,blockchain-futurist-florida,,1,,,,,,,,,
Bhavik Patel,CIO,Arrington Capital,CIO of Arrington Capital,,,,,logo:https://blockchain-life.com/wp-content/cache/thumb/b6/ab4f00244e4b2b6_160x0.webp,https://blockchain-life.com/wp-content/cache/thumb/b0/9426f0f9f2120b0_420x460_notcrop.webp,,blockchain-life-forum,2026,1,,,,,,,,,
Bilal Bin Saqib,Chairman,Pakistan Virtual Assets Regulatory Authority,,,Pakistan,,,,,,bitcoin-asia,,1,,,,,,,,,
Bilal Bin Saqib,CEO,Minister of State for Blockchain and Crypto in Pakistan,"Bilal Bin Saqib is the CEO of the Pakistan Crypto Council, a government-backed advisory body accelerating crypto regulation and driving innovation across Pakistan’s digital asset landscape. He also serves as Chief Advisor to the Finance Minister of Pakistan. Named in Forbes 30 Under 30 and honored as a Member of the British Empire by King Charles III, Bilal is a force where conviction meets code. With ventures across Web2 and Web3, and a social media following of over 700,000, he’s part builder, part crypto diplomat — using Bitcoin not just as a technology, but as a tool for economic independence and, financial inclusion. Additionally, Bilal is also an advisor to the Trump-family backed DeFi project, World Liberty Financial.",,,,,,https://cdn.prod.website-files.com/687f979126432c8ce843e6d7/6887b638dc64b755698d9ae6_qsdS-KB65viPckYvQGgB_E-Mqvs8l3rRXfhKlKclFZI.webp,,bitcoin-mena,2025,1,,https://mena.b.tc/speakers,Bitcoin MENA,,,,,,
Bill Qian,Founder,Cypher Capital,"Bill Qian – Founder, Investor, & Thought Leader Bill Qian is a global investor, entrepreneur, and thought leader shaping the future of crypto, AI, and fintech. With a track record of over $30 billion in investments, he has played a key role in backing and scaling transformative technologies worldwide. Currently, Bill is the Co-Founder of Cypher Capital, a leading multi-strategy investment firm focused on blockchain and Web3. Previously, Bill was the Global Head of M&A and Binance Labs at Binance, where he managed the world's largest crypto investment portfolio at the time—$25 billion. Prior to that, he led fintech and AI investments at JD.com, overseeing investments in a business that generated over $400 billion in gross merchandise volume (GMV). Beyond investing, Bill is a passionate advocate for the convergence of AI, blockchain, and digital finance. He shares insights through his podcast, “Where AI Meets Crypto, Technology Meets Humanity, and East Meets West,” featuring top industry voices on emerging trends.",,,,,,https://cdn.prod.website-files.com/687f979126432c8ce843e6d7/6920ad6a77208e786f90fb3e_YRzCSiYweZKGMXTFv5ulKgTecXBcP3iIkKVEsCUrdvE.webp,,bitcoin-mena,2025,1,,https://mena.b.tc/speakers,Bitcoin MENA,,,,,,
Billy Boone,Director of Market Research,Simple Mining,Market Research at Simple Mining. Founder of The Bitcoin Mining Investor Letter.,,,,,,https://cdn.prod.website-files.com/687f979126432c8ce843e6d7/691d2b692ef36fc4fdccc766_0a12eeb3fe689895288fcc94.webp,,bitcoin-mena,2025,1,,https://mena.b.tc/speakers,Bitcoin MENA,,,,,,
Billy Hult,CEO,Tradeweb,,,,,,,https://cdn.prod.website-files.com/6a06ea4ffe8dbdfa0d41575d/6a319af826ab38a08da5ace4_Billy%20Hult.avif,,ripple-swell-apex,2026,1,,,,,,,,,
Bitcoin Mechanic,Global head of Communications,Ocean,,,,,,,https://miningdisrupt.com/assets/images/gallery10/68095123.png?v=0308a4f1,,mining-disrupt,,1,,,,,,,,,
Björn Schmidtke,CEO,Aurelion,"Björn Schmidtke — CEO, Aurelion Björn Schmidtke is the Chief Executive Officer of Aurelion, NASDAQ’s first Tether Gold (XAU₮) treasury. He oversees the company’s strategic direction and operational execution, guiding Aurelion’s efforts to integrate gold-backed reserves with the transparency and efficiency enabled by blockchain technology. Before joining Aurelion, Björn served as Chairman and Co-Founder of a clean-energy Bitcoin mining company operating in South America. Earlier in his career, he worked at McKinsey & Company and has been deeply involved in the global Bitcoin mining ecosystem. With extensive experience across digital assets, mining, and real-world-asset infrastructure, Björn brings a strong industry background and community presence to support Aurelion’s continued growth and engagement with users worldwide. https://www.aurelion.com",,,,,,https://cdn.prod.website-files.com/687f979126432c8ce843e6d7/693077faafe11be35cc9bc32_caMtiCgatWIIq3E4D9WyhDSqt4Ykv0CVTgBtPAEyW6U.webp,,bitcoin-mena,2025,1,,https://mena.b.tc/speakers,Bitcoin MENA,,,,,,
Bo Hines,Executive Director of the President's Council of Advisers on Digital Assets,White House,"Executive Director of the President's Council of Advisers on Digital Assets. He is a former college football player for NC State Wolfpack and Yale Bulldogs who transitioned into politics, running as the Republican nominee for North Carolina's 13th congressional district in 2022. Hines now leads White House initiatives on digital asset policy and cryptocurrency regulation.",,,,,,https://static.wixstatic.com/media/5b61ba_7987f82d98084238947a3ea9dde1af5b~mv2.webp,,bitcoin-policy-summit,2025,1,,https://www.btcpolicysummit.org/2025-speakers,Bitcoin Policy Summit 2025,,,,,,
Bo Hines,CEO,Tether USA₮,,,,,,,https://framerusercontent.com/images/Vxwo2U6h1qqEqtmCswy0nuGwkQ.webp?scale-down-to=1024&amp;width=1340&amp;height=1600,,korea-blockchain-week,2026,1,,,,,,,,,
Bob Davidoff,Founder & CEO,Bentaus,,,,,,,,,bitcoin-amsterdam,,1,,,,,,,,,
Bob Reid,Founder & CEO,Everest,,,,,,,https://tickets.sigma.world/img/speakers/tmp/speaker-1476-1759475860.png,,sigma-world-rome,,1,,,"SiGMA World 2026 (Rome, Fiera Roma, Nov 2-5 2026)",,,,,,sigma.world/summits/world/speakers (Central Europe 2025 + SiGMA World Past speakers)
Bobby Lee,Founder & CEO,Ballet,"Bobby Lee is author of the Wall Street Journal bestseller, The Promise of Bitcoin. He is also the Founder and CEO of Ballet, the cryptocurrency company behind the innovative REAL Series cold storage card. Launched in 2019, this self custody card is the world’s first ever non-electronic cold storage with multicurrency and NFT support, requiring no setup. Ballet aims to bring true global adoption to Bitcoin and cryptocurrency, by making it easy, safe, and reliable, for everyday people to store and manage their digital assets. Previously, Mr. Lee was the Co-founder and CEO of BTCC (also known as BTCChina), the first bitcoin exchange to launch in China, in 2011. The company was subsequently acquired in early 2018 by an investment firm in Hong Kong. Before BTCC, Mr. Lee was Vice President of Technology for Walmart's e-commerce business in China. Previously he was the CTO of SMG BesTV New Media, the largest IPTV operator in China with the most subscribers globally. He moved to Shanghai in 2007 and started off at EMC’s China Center of Excellence, as Director of Software Engineering, with responsibilities for Cloud Computing and Cloud Storage. Mr. Lee started his career in Silicon Valley as a software engineer at Yahoo!, and led the development of the earliest online communities. He graduated from Stanford University with B.S. and M.S. degrees in Computer Science, and was a member of the Mayfield Fellows Program. He earned an EMBA degree from CEIBS in China. In his spare time, he enjoys flying private planes, traveling, photography, watching movies, and playing poker.",,,https://x.com/bobbyclee/,,website:https://iq.wiki/wiki/bobby-lee,https://api.rareevo.io/storage/domains/rareevo.io/participants/profile/bobby_lee.png,,rare-evo,,1,,,Rare Evo 2026,,yes,active,Rare Evo 2026 (Main),129,
Borja Martel Seward,Co-Founder & CEO,Roxom,Building Bitcoin's Wall Street,,,,,,https://cdn.prod.website-files.com/687f979126432c8ce843e6d7/68f1511fc1b8c54b78b4b475_iRv1iMGsyiukT6Sijn61dGTd9UFCfS0-yEQ_NHSGSkM.webp,,bitcoin-mena,2025,1,,https://mena.b.tc/speakers,Bitcoin MENA,,,,,,
Bradley Peak,Global Head of Sales,VNISH,,,,,,,https://miningdisrupt.com/assets/images/gallery12/17305711.png?v=0308a4f1,,mining-disrupt,,1,,,,,,,,,
Bradley Rettler,Assistant Professor of Philosophy / Senior Fellow,University of Wyoming / Bitcoin Policy Institute,"An Assistant Professor of Philosophy at the University of Wyoming and a Senior Fellow at the Bitcoin Policy Institute. His teaching and research explore metaphysics, ethics, and the philosophical foundations of Bitcoin. As a founding member of Resistance Money, a Bitcoin research collective, he brings academic rigor to Bitcoin discourse and contributes to advancing thoughtful, interdisciplinary engagement with digital currency. Rettler holds a PhD in philosophy from the University of Notre Dame.",,,,,,https://static.wixstatic.com/media/dea30a_07333cde53c04087bae405e57ee4201f~mv2.jpg,,bitcoin-policy-summit,2025,1,,https://www.btcpolicysummit.org/2025-speakers,Bitcoin Policy Summit 2025,,,,,,
Bradley Rettler,Founding Director / Professor of Philosophy,Bitcoin Research Institute; University of Wyoming,Diretor fundador do Bitcoin Research Institute e Professor de Filosofia na University of Wyoming. Autor de Resistance Money: A Philosophical Case for Bitcoin.,,,,,https://x.com/rettlerb,https://satsconf.com.br/wp-content/uploads/2025/09/Group-418.png,,satsconf,2025,1,,,SatsConf,,,,,,
Brady Swenson,"Cofounder, VP Marketing",Swan Bitcoin,,,,,,,,,bitcoin-amsterdam,,1,,,,,,,,,
Bram Kanstein,Founder & Host,Bitcoin For Millennials,,,,,,,,,bitcoin-amsterdam,,1,,,,,,,,,
Brando Benifei,Member of the European Parliament,,"Brando Benifei is an Italian MEP serving his third term in the European parliament. During the previous mandate he was co-Rapporteur for the Artificial Intelligence Act and thanks to this work in March 2024 he won the prize for the Best MEP of the Mandate assigned by The Parliament Magazine. Now he is Coordinator in the Committee on International Trade for the Socialists and Democrats Group and Chair of the European Parliament's D-US delegation. He is member of the Committee on Constitutional Affairs and he works also as substitute member on the EU internal market and consumer protection and on legal affairs, always following closely digital issues.",,,,,,https://tickets.sigma.world/img/speakers/tmp/speaker-1830-1759233052.png,,sigma-world-rome,,1,,,"SiGMA World 2026 (Rome, Fiera Roma, Nov 2-5 2026)",,,,,,sigma.world/summits/world/speakers (Central Europe 2025 + SiGMA World Past speakers)
Brandon Bailey,Director Corporate Development,KindlyMD ($NAKA),,,,,,,,,bitcoin-amsterdam,,1,,,,,,,,,
Brandon Green,CEO,BTC Inc,"Brandon is CEO of BTC Inc. Since joining the Company in 2017, Green has been a core member of BTC Inc, holding a variety of leadership roles including Managing Director, Chief of Staff, and Head of Events. During his tenure, he has helped drive the global expansion of the Bitcoin Conference franchise beyond the United States to Amsterdam, Hong Kong, and Abu Dhabi.",,,,,,https://cdn.prod.website-files.com/687f979126432c8ce843e6d7/691e1280b042276097b785ce_bXYbqJ6tPtYHXXLjRx3vpKvHiDZz4AUnP4u0HAgKRKs.webp,,bitcoin-mena,2025,1,,https://mena.b.tc/speakers,Bitcoin MENA,,,,,,
Brandon Green,Chief,Staff at BTC Inc,Chief of Staff at BTC Inc,,,,,logo:https://blockchain-life.com/wp-content/cache/thumb/bc/8dd7c2b625c15bc_160x0.png,https://blockchain-life.com/wp-content/cache/thumb/98/7c482fb92545e98_420x460_notcrop.png,,blockchain-life-forum,2026,1,,,,,,,,,
Brandon Keys,Founder,Green Candle,,,,,,,,,bitcoin-amsterdam,,1,,,,,,,,,
Brendan Pedersen,Financial Services Reporter,Punchbowl News,"Financial services reporter at Punchbowl News, where he co-authors The Vault, focusing on the intersection of Congress, financial regulation, and the economy. Since 2018, he has covered the politics and influence of the financial services sector, previously reporting for American Banker, Kiplinger's Personal Finance, NBC News Chicago, and BusinessDen in Colorado. A Chicagoland native, Pedersen holds degrees in journalism and political science from DePaul University.",,,,,,https://static.wixstatic.com/media/5b61ba_d9afb3331a8e403fafdbd8183aa779f4~mv2.jpg,,bitcoin-policy-summit,2025,1,,https://www.btcpolicysummit.org/2025-speakers,Bitcoin Policy Summit 2025,,,,,,
Brendon Spiteri,Head of Commercial,Routy,"An experienced digital marketer with seven years of expertise in the iGaming industry, specialising in affiliate marketing. Passionate about digital marketing and committed to self development, always seeking new opportunities to expand skills and stay ahead of industry trends. The approach is data driven and commercially focused, delivering measurable results while driving growth. Values collaboration with colleagues and external partners, having built a strong network within the affiliate and iGaming sectors.",,,,,,https://tickets.sigma.world/img/speakers/tmp/speaker-1856-1759404058.png,,sigma-world-rome,,1,,,"SiGMA World 2026 (Rome, Fiera Roma, Nov 2-5 2026)",,,,,,sigma.world/summits/world/speakers (Central Europe 2025 + SiGMA World Past speakers)
Brent Buchanan,Founder and CEO,Cygnal,"Founder and CEO of Cygnal, a national public opinion and analytics firm recognized for its cutting-edge research in politics, policy, and corporate strategy. With a background in political consulting and data-driven campaigning, he has advised elected officials, advocacy groups, and Fortune 500 companies across the United States.",,,,,,https://static.wixstatic.com/media/5b61ba_4343f545d3604416b4f8969b3855ea18~mv2.png,,bitcoin-policy-summit,2025,1,,https://www.btcpolicysummit.org/2025-speakers,Bitcoin Policy Summit 2025,,,,,,
Brett Reeves,Head of Europe Sales & Go Network,BitGo,,,,,,,,,bitcoin-amsterdam,,1,,,,,,,,,
Brett Sun,Cofounder (Judge),Prelude,,,,https://x.com/sohkai,,,https://ethglobal.b-cdn.net/users/3f9ui/sm.jpg,,ethglobal-lisbon,,1,,,,,,,,,
Bria Han,Community Marketing Manager,Nexus Labs,,,,,,,https://cdn.prod.website-files.com/61e87bb144d08a09b725b693/68ef916dd948f24f12187fe4_BrianHan_HEAD.jpeg,,blockchain-futurist-florida,,1,,,,,,,,,
Brian Ford,"Vice President, Head of Business Solutions and Digital Assets",ATB Financial,,,,,,,,,blockchain-futurist-toronto,,1,,,Blockchain Futurist Conference Toronto 2026,Toronto 2026,,,,,
Brian Hoonjong Paik,CEO,SmashFi,,,,,,,,,bitcoin-asia,,1,,,,,,,,,
Brian J. Esposito,CEO & Co-Founder,DiamondLake $DLMI,,,,,,,https://cdn.prod.website-files.com/61e87bb144d08a09b725b693/68f8589ac1c37e3dd3cf3861_BrianEsposito_HEAD%201.png,,blockchain-futurist-florida,,1,,,,,,,,,
Brian J. Esposito,CEO,DiamondLake,,,,,,,,,blockchain-futurist-toronto,,1,,,Blockchain Futurist Conference Toronto 2026,Toronto 2026,,,,,
Brian Kleven,CFO,Dignity Health,"Brian serves as the Nevada Market Chief Financial Officer (CFO) of Dignity Health St. Rose Dominican Hospitals and manages the financial operations of all business entities in the organization. This includes the three acute care hospital locations, a medical group with approximately seventy-five providers, and several large-scale joint ventures in the Southern Nevada area. Over the course of his career, Brian has managed strategic acquisitions and successful system conversions at several hospitals. Brian has also managed revenue cycle operations at various hospitals and assisted in negotiating financially beneficial contracts with major insurance providers. Brian has a Master’s in Business Administration degree from the University of Nevada, Las Vegas and a Bachelor’s of Science degree with an emphasis in Finance from California State University, Northridge. He is a member of the Healthcare Finance Management Association (HFMA) and Financial Executives International (FEI). Brian serves on various community leadership boards in Nevada, including the Henderson Chamber of Commerce (HCC) Board of Directors, Las Vegas Global Economic Alliance (LVGEA) Board of Directors, Nevada Donor Network (NDN) Board of Directors, Opportunity Village (OV) Board of Directors, College of Southern Nevada (CSN) Foundation Board of Trustees, and Healthcare Financial Management Association (HFMA).",,,,,,https://api.rareevo.io/storage/domains/rareevo.io/participants/profile/brain_klevin.png,,rare-evo,,1,,,Rare Evo 2026,,,active,Rare Evo 2026 (Main),164,
Brian Morgenstern,Head of Public Policy,Riot Platforms,"Head of Public Policy at Riot Platforms (NASDAQ: RIOT) and a board member of the Texas Blockchain Council. He brings extensive government experience, having served as White House Deputy Press Secretary and Deputy Assistant Secretary of the Treasury during the Trump administration, where he played a key role in the pandemic response and CARES Act rollout. A graduate of Georgetown and Columbia Law, Morgenstern combines legal acumen with deep policy expertise to advance innovation in digital infrastructure and blockchain technology.",,,,,,https://static.wixstatic.com/media/5b61ba_210ed7b43fd540a9b8d13f823ddf38a5~mv2.jpg,,bitcoin-policy-summit,2025,1,,https://www.btcpolicysummit.org/2025-speakers,Bitcoin Policy Summit 2025,,,,,,
Brian Quintenz,Board of Directors - Kalshi,,"Brian D. Quintenz is a Board Chairman, Director, investor, and advisor to the world’s most innovative financial technology companies, including for KalshiEx, SUI Group Holdings (NASDAQ: SUIG), Next Level Derivatives, LLC, and Ubyx. He has long stood out as an innovative thinker in derivatives, blockchain and DeFi and was one of the earliest leaders in Washington to recognize the value of event contracts and crypto networks. Previously, Quintenz was the Global Head of Policy for a16z crypto, the crypto venture fund of Andreessen Horowitz (a16z), and a Commissioner of the Commodity Futures Trading Commission (CFTC), where he was unanimously confirmed by the U.S. Senate in 2017 and appointed by President Trump. Prior to his appointment to the CFTC, Quintenz worked in the financial markets, including at a Registered Investment Advisor and hedge fund he founded. He began his career on Capitol Hill in the House of Representatives as a legislative and policy advisor.",,,,https://www.linkedin.com/in/brian-quintenz-3692865/,,https://api.rareevo.io/storage/domains/rareevo.io/participants/profile/brian_quintenz.png,,rare-evo,,1,,,Rare Evo 2026,,yes,active,Rare Evo 2026 (Main),147,
Brinkie Noderunner,Developer,Noderunners,,,,,,,,,bitcoin-amsterdam,,1,,,,,,,,,
Brock Pierce,Bitcoin Pioneer,,,,,,,,,,blockchain-futurist-toronto,,1,,,Blockchain Futurist Conference Toronto 2026,Past/Keynote,,,,,
Brock Pierce,Co-Founder,DNA Fund,Co-Founder of DNA Fund,,,,,logo:https://blockchain-life.com/wp-content/cache/thumb/a8/21d5c071a7f85a8_160x0.webp,https://blockchain-life.com/wp-content/cache/thumb/6d/d39c489c6d7916d_420x460_notcrop.webp,,blockchain-life-forum,2026,1,,,,,,,,,
Bruce Fenton,CEO,Chainstone Labs,"Bruce is CEO of the investment holding company Chainstone Labs. Bruce has been full time in Bitcoin since 2013 when he was Executive Director of the Bitcoin Foundation. He has over 30 years financial and investing experience and owns Atlantic Financial, a Registered Investment Advisor. Fenton is a liberty and free market advocate and ran for US Senate for New Hampshire in 2022. Fenton is the host of the Satoshi Roundtable, now in its 12th year, an annual event bringing together leading Founders, CEOs, and developers in the fintech and Bitcoin ecosystem.",,,,,,https://cdn.prod.website-files.com/687f979126432c8ce843e6d7/68e69a91e189cd2254549fa8__6na6voHfDiqe6smXQ7s7f7BrF-FpTFD3E1f9IpuFg0.webp,,bitcoin-mena,2025,1,,https://mena.b.tc/speakers,Bitcoin MENA,,,,,,
Bruno Pereira,Ftd Specialist,Bruno Ads,"Since 2021, Bruno Pereira has been a driving force in iGaming performance and affiliate marketing. As the Founder and FTD Specialist at Bruno Ads, he has successfully delivered over 1 million first-time deposits (FTDs) through innovative Meta advertising strategies. Bruno’s expertise lies in building sustainable acquisition models focused on long-term CPA efficiency and revenue share growth, helping brands scale profitably in highly competitive markets. With a deep understanding of data-driven optimisation and player behaviour, he continues to push the boundaries of digital performance marketing.",,,,,,https://tickets.sigma.world/img/speakers/tmp/speaker-343-1760528493.png,,sigma-world-rome,,1,,,"SiGMA World 2026 (Rome, Fiera Roma, Nov 2-5 2026)",,,,,,sigma.world/summits/world/speakers (Central Europe 2025 + SiGMA World Past speakers)
Bryan Ferre,"Vice Chair, Parler","Co-Founder, Optio Blockchain",,,,,,,https://cdn.prod.website-files.com/61e87bb144d08a09b725b693/68c2b97d00b67765f19e2481_BryanFerre_HEAD.jpg,,blockchain-futurist-florida,,1,,,,,,,,,
Bryan Hurwitz,Hardware Infrastructure Underwriting Lead,Evertas,,,,,,,https://miningdisrupt.com/assets/images/gallery10/dfe7dedc.png?v=0308a4f1,,mining-disrupt,,1,,,,,,,,,
Bryan Pasthumus,Michigan Majority Leader,,,,,,,,https://miningdisrupt.com/assets/images/gallery08/d5668021.png?v=0308a4f1,,mining-disrupt,,1,,,,,,,,,
Bryce McNalie,Co-Host,Power Mining Analysis,,,,,,,https://miningdisrupt.com/assets/images/gallery08/fa0af08b.png?v=0308a4f1,,mining-disrupt,,1,,,,,,,,,
BTC Sessions,Bitcoin Educator/YouTuber,,,,,https://x.com/BTCsessions,,,,,planb-forum-lugano,2026,1,,,,,,,,,
Cade Bergman,Co-Owner,WOLF Bitcoin,,,,,,,https://cdn.prod.website-files.com/61e87bb144d08a09b725b693/68f046de9978ab1a769885a1_CadeBergman_HEAD.jpeg,,blockchain-futurist-florida,,1,,,,,,,,,
Cade Peterson,Owner/Operator,Software LLC,,,,,,,https://miningdisrupt.com/assets/images/gallery10/30c0653c.png?v=0308a4f1,,mining-disrupt,,1,,,,,,,,,
Caio Leta,Educator / Founder,Explica Bitcoin,"PhD em Geologia com ênfase em metalogênese e geoquímica isotópica, largou a academia para se dedicar ao Bitcoin. Criador do projeto de educação Explica Bitcoin.",,,,,https://x.com/BitcoinExplica,https://satsconf.com.br/wp-content/uploads/2025/09/Group-412.png,,satsconf,2025,1,,,SatsConf,,,,,,
Calle,Founder,Cashu,,,,,,,,,bitcoin-amsterdam,,1,,,,,,,,,
Calvin Kizana,,Tokocrypto,,,,,,,,,coinfest-asia,2026,1,,,,,,,,,
Calvin Tsai,,,,,,,,,,,bitcoin-asia,,1,,,,,,,,,
Cameron Winklevoss,Founder,Gemini,,,,,,,,,bitcoin-amsterdam,,1,,,,,,,,,
Carl Moon,CEO & Founder,The Moon Group,"Carl Runefelt is a prominent Bitcoin maximalist and entrepreneur who through his media presence, investments, and leadership in the crypto space - Promotes widespread Bitcoin adoption while encouraging others to adopt a long-term, conviction in Bitcoin as the foundation of the new financial era.",,,,,,https://cdn.prod.website-files.com/687f979126432c8ce843e6d7/6900c3dc4c952e8b9ad8d9d0_ca8c61e5006154eb5e53891a.webp,,bitcoin-mena,2025,1,,https://mena.b.tc/speakers,Bitcoin MENA,,,,,,
Carlo Campisi,Head of Policy,Shakepay,,,,,,,,,blockchain-futurist-toronto,,1,,,Blockchain Futurist Conference Toronto 2026,Toronto 2026,,,,,
Carlo Lottieri,Professor,Theology Faculty at USI and Pegaso Telematic University,,,,,,,,,planb-forum-lugano,2026,1,,,,,,,,,
Carlos Domingo,Co-Founder and CEO,Securitize,,,,https://x.com/carlosdomingo,https://www.linkedin.com/in/carlosdomingo/,,https://cdn.prod.website-files.com/6756df8f05088bc3e51c64ea/6a391d8fb1f4c722d3b8eede_Speaker-Name-Carlos-Domingo.avif,,token2049-singapore,2026,1,,https://www.token2049.com/singapore/speakers,TOKEN2049 Singapore,,,,,,
Carlos Estrada,CEO & Founder,Coin Vigilante,"Carlos Estrada is a Bitcoin entrepreneur and the founder of Coin Vigilante, a company creating limited-edition Bitcoin-inspired timepieces that embody scarcity, precision, and proof-of-work. He is also the founder of Vigilante Media, a full-service marketing agency helping brands grow through storytelling, creative strategy, and digital innovation. In addition, Carlos leads Venture Watches, a B2B watch manufacturing company that provides end-to-end design and production solutions for brands and organizations worldwide. His work connects the worlds of Bitcoin, craftsmanship, and entrepreneurship—driven by a belief in sound money, creativity, and building lasting value.",,,,,,https://cdn.prod.website-files.com/687f979126432c8ce843e6d7/68f921e6241b6b69e7c17ce8_f493850c132d15cbad340023.webp,,bitcoin-mena,2025,1,,https://mena.b.tc/speakers,Bitcoin MENA,,,,,,
Carlos Souza,Co-Founder - Idopter Labs,,"Carlos Souza is the co-founder and Director of R&D at Idopter Labs, where he leads software teams using Elixir. With a passion for blockchain technology, Carlos has become a prolific open-source contributor, particularly in the Cardano ecosystem. His notable projects include Xogmios, an Elixir client for Ogmios, and Xander, an Elixir network client implementation for the Cardano Ouroboros protocol. He is also the operator of the JUNGLE Cardano Stake Pool.",,,https://x.com/IOHK_Charles,,,https://api.rareevo.io/storage/domains/rareevo.io/participants/profile/carlos.png,,rare-evo,,1,,,Rare Evo 2026,,,active,Rare Evo 2026,84,
Carly B,Head of VIP & Strategic Partnerships,The Bitcoin Conference,"Carly Benson is the Head of VIP & Strategic Partnerships for the Bitcoin Conference and has been running the Whale Pass experience since 2021. Carly became a Bitcoin-only Bitcoiner in 2017 after living in Las Vegas and interacting with the professional poker and sports betting community. She learned about Bitcoin by seeing use-cases for it as the whales of the gambling world have been betting, settling and transacting in BTC for many years. Before getting in to the Bitcoin space, Carly ran her own successful marketing consultancy for 18 years and was known as an alcohol-free SME, Course Creator and Yoga Instructor. She has given talks around the world and her work and courses have helped thousands change their relationship with alcohol. She’s been featured in Women’s Health, SELF magazine, Extra TV, Travel Zoo and other notable outlets.",,,,,,https://cdn.prod.website-files.com/687f979126432c8ce843e6d7/691d1b498552f2277f3560f8_fba248d90e04025f89ab2d2b.webp,,bitcoin-mena,2025,1,,https://mena.b.tc/speakers,Bitcoin MENA,,,,,,
Carmen Li,Head of Marketing,Tictacc,,,,,,,https://miningdisrupt.com/assets/images/gallery08/2fa77e48.png?v=0308a4f1,,mining-disrupt,,1,,,,,,,,,
Carol Van Cleef,"CEO, Luminous Group, Counsel",Lewis Baach Kaufmann Middlemiss,,,,,,,https://cdn.prod.website-files.com/61e87bb144d08a09b725b693/68dbd7f734eeaed152367097_CarolVanCleef_HEAD.jpeg,,blockchain-futurist-florida,,1,,,,,,,,,
Caroline Pham,Chief Legal Officer and Chief Administrative Officer,MoonPay,,,,,,,https://framerusercontent.com/images/grPMPqyyCnnmdBjkP4UsLQFhPeo.webp?width=670&amp;height=800,,korea-blockchain-week,2026,1,,,,,,,,,
Caspar Wong,CEO,Web3Labs,,,Hong Kong,,,,,,bitcoin-asia,,1,,,,,,,,,
Catherine Chen,Head of Binance VIP & Institutional,Binance,,,,,,,,,binance-blockchain-week,2025,1,,https://crypto.ro/en/news/binance-blockchain-week-2025/,,,,,,,
Chaddy Huussin,Executive Director,JPMorgan Chase & Co.,,,,,,,,,blockchain-futurist-toronto,,1,,,Blockchain Futurist Conference Toronto 2026,Toronto 2026,,,,,
Chaim Heber,Founder & CEO,Cevro AI,"Cevro AI is an AI-native customer experience platform built specifically for the iGaming industry. He leads the company’s vision to create empathic, compliance-aware AI agents that connect operators and players at scale, turning support from a cost center into a growth engine. With a background spanning product, engineering, and commercial strategy, under his leadership, Cevro has secured funding, onboarded leading iGaming operators, and positioned itself as the first AI-native platform designed for regulated iGaming environments. Chaim’s philosophy is simple: humans respond, Cevro connects. He champions a culture of velocity, creativity, and empathy, building not just technology, but relationships that drive sustainable impact across the gaming ecosystem",,,,,,https://tickets.sigma.world/img/speakers/tmp/speaker-1958-1760428855.png,,sigma-world-rome,,1,,,"SiGMA World 2026 (Rome, Fiera Roma, Nov 2-5 2026)",,,,,,sigma.world/summits/world/speakers (Central Europe 2025 + SiGMA World Past speakers)
Chairman Elijah John Bowdre,"Miami-Dade County CryptoCurrency Task Force, Executive Director",Miami-Dade Digital Commission,,,,,,,https://cdn.prod.website-files.com/61e87bb144d08a09b725b693/68c84ef96859f9f8e2ec9b81_ChairmanBowdre_HEAD.jpg,,blockchain-futurist-florida,,1,,,,,,,,,
Chantelle Day,Partner,Collas Crill,,,,,,,https://cdn.prod.website-files.com/61e87bb144d08a09b725b693/68dfd937a807bb291cb6422d_ChantelleDay_HEAD.jpg,,blockchain-futurist-florida,,1,,,,,,,,,
Charlene Wang,Co-Founder & Chief Revenue OfficerZyphe,,,,,,,,https://cdn.prod.website-files.com/61e87bb144d08a09b725b693/68d3eea766faa3a8d60de65d_CharleneWang_HEAD.jpg,,blockchain-futurist-florida,,1,,,,,,,,,
Charles Allen,CEO & Chairman of the Board,BTCS Inc.,,,,,,,https://cdn.prod.website-files.com/61e87bb144d08a09b725b693/68af3ad399cf7d0f3a7cd6bd_CharlesAllen_HEAD.jpg,,blockchain-futurist-florida,,1,,,,,,,,,
Charles Cascarilla,Co-Founder and CEO,Paxos,,,,https://x.com/chadcascarilla,https://www.linkedin.com/in/charlescascarilla/,,https://cdn.prod.website-files.com/6756df8f05088bc3e51c64ea/6a391d896d13fa9fe9e99b9d_Speaker-Name-Charles-Cascarilla.avif,,token2049-singapore,2026,1,,https://www.token2049.com/singapore/speakers,TOKEN2049 Singapore,,,,,,
Charles d’Haussy,CEO,dYdX Foundation,CEO of dYdX Foundation,,,,,logo:https://blockchain-life.com/wp-content/cache/thumb/6e/5ebacdb7c677b6e_160x0.webp,https://blockchain-life.com/wp-content/cache/thumb/19/1bf434ce4a5ca19_420x460_notcrop.webp,,blockchain-life-forum,2026,1,,,,,,,,,
Charles Garrett,Founder,Peerfolio,,,,,,,,,blockchain-futurist-toronto,,1,,,Blockchain Futurist Conference Toronto 2026,Toronto 2026,,,,,
Charles Herisson,International Investor,Charles Herisson Ltd,"Charles Herisson, an international investor, is driven by a passion for sports and crypto. His diverse portfolio spans multiple sectors. As a philanthropist and successful serial entrepreneur, he specialises in startups and has mentored numerous people and companies worldwide. His commitment to creating meaningful impact is evident in his collaborative efforts with governments and institutions. As an accomplished author, he has written two books on cooperation, notably ""From Local Competition to Global Collaboration,"" featuring a foreword by former President of the European Union, Romano Prodi.",,,,,,https://tickets.sigma.world/img/speakers/tmp/speaker-866-1759743228.png,,sigma-world-rome,,1,,,"SiGMA World 2026 (Rome, Fiera Roma, Nov 2-5 2026)",,,,,,sigma.world/summits/world/speakers (Central Europe 2025 + SiGMA World Past speakers)
Charles Hoskinson,CEO & Founder,Input Output Group (Speaking Virtually),,,,,,,,,blockchain-futurist-toronto,,1,,,Blockchain Futurist Conference Toronto 2026,Toronto 2026,,,,,
Charles Kok,,UOB Venture,,,,,,,,,coinfest-asia,2026,1,,,,,,,,,
Charles Lin,COO,Leedminer,,,,,,,https://miningdisrupt.com/assets/images/gallery12/14c0dc68.png?v=0308a4f1,,mining-disrupt,,1,,,,,,,,,
Charles Mizzi,CEO,Malta Gaming Authority,"Charles Mizzi is Chief Executive Officer at the Malta Gaming Authority (MGA). He joined the MGA following a five-year tenure at the helm of the Residency Malta Agency. During his time there, he led the organisation towards its goal of ensuring that Malta is one of the most reputable and desireable residencies by investment jurisdictions. He has extensive experience in operations management and a background in marketing, communications and national-level event management.",,,,,,https://tickets.sigma.world/img/speakers/tmp/speaker-1988-1760528712.png,,sigma-world-rome,,1,,,"SiGMA World 2026 (Rome, Fiera Roma, Nov 2-5 2026)",,,,,,sigma.world/summits/world/speakers (Central Europe 2025 + SiGMA World Past speakers)
Charles St. Louis,DeFi Protocol Specialist,Ethereum Foundation,,,,,,,,,blockchain-futurist-toronto,,1,,,Blockchain Futurist Conference Toronto 2026,Toronto 2026,,,,,
Charlie Hu,Co-founder,Bitlayer,"Charlie Hu is an entrepreneur and investor with a long tenure in the crypto space. He bought his first bitcoin in 2013 and since then he has been actively involved in the crypto spaces holding key positions in Polkadot, Tezos and Polygon. He is an active proponent of Bitcoin DeFi and scalability, believing that the largest liquidity unlock potential remains to be seen. Currently he is the the Cofounder of Bitlayer, a Bitcoin Layer 2 supercharging BitcoinDefi through YBTC and BitVM technology, a third generation bridging solution. Charlie is an active public speaker having participated in panels and delivering keynotes participated in Korea Blockchain Week, Bitcoin Nashville, Bitcoin Asia, Consensus. He is regularly featured in top media such as Cointelegraph, Coindesk, Bitcoin.com, Forbes amongst others. He is also a key connector between east and west unlocking opportunities between Asia retail communities and large investors and institutions in the US.",,,,,,https://cdn.prod.website-files.com/687f979126432c8ce843e6d7/691249b0ba33f4077c82dfb6_zzDn55nmpycjqXrYvFcBeUMlIKZpHTPyYj7u_8rCr2I.webp,,bitcoin-mena,2025,1,,https://mena.b.tc/speakers,Bitcoin MENA,,,,,,
Charlotte Laborde,"Director, Partner Growth",MoonPay,,,,,,,https://cdn.prod.website-files.com/61e87bb144d08a09b725b693/68c2b3d79e85ec192dbbe5bc_CharlotteLaborde_HEAD%201.png,,blockchain-futurist-florida,,1,,,,,,,,,
Charmagne Garcia-Laconico,Founder & Executive Director,ProAdvantage Consulting HR and Training,"Charmagne Garcia-Laconico is a distinguished HR and Training Executive whose career bridges communications, human resources and education. A Behavioural Science graduate with an MBA and certification from the Human Resource Development Authority, she brings over two decades of international experience designing and implementing people strategies and training programmes across Southeast Asia, North America and Europe. Renowned for her expertise in leadership development, corporate culture transformation and professional branding, she creates bespoke training solutions that foster excellence, confidence and cohesive workplace identity.",,,,,,https://tickets.sigma.world/img/speakers/tmp/speaker-1920-1760023557.png,,sigma-world-rome,,1,,,"SiGMA World 2026 (Rome, Fiera Roma, Nov 2-5 2026)",,,,,,sigma.world/summits/world/speakers (Central Europe 2025 + SiGMA World Past speakers)
Chavdar Trendafilov,Technical Director,Cloud Office,"From designing speed radars to architecting complex cloud solutions, Chavdar Trendafilov’s career has been driven by a passion for technology. He thrives on building scalable and reliable systems, whether it's automating infrastructure, fine-tuning application performance, or guiding teams to deliver innovative solutions for enterprises. His experience includes significant work with enterprise integration platforms, including Software AG's webMethods suite, where he has tackled complex data and application connectivity challenges. At Cloud Office, he leverages this experience as Presales Director, focusing on driving cloud adoption and designing enterprise-grade solutions.",,,,,,https://tickets.sigma.world/img/speakers/tmp/speaker-2110-1761568912.png,,sigma-world-rome,,1,,,"SiGMA World 2026 (Rome, Fiera Roma, Nov 2-5 2026)",,,,,,sigma.world/summits/world/speakers (Central Europe 2025 + SiGMA World Past speakers)
Chef Kids,Co-Founder,PancakeSwap,Co-Founder of PancakeSwap,,,,,logo:https://blockchain-life.com/wp-content/cache/thumb/ec/c59fd0c64d31aec_160x0.png,https://blockchain-life.com/wp-content/cache/thumb/e3/668858a510a10e3_420x460_notcrop.webp,,blockchain-life-forum,2026,1,,,,,,,,,
ChicaBTC,Founder,Bitcoin Butik,,,,,,,https://cdn.prod.website-files.com/61e87bb144d08a09b725b693/68af31589c253ed63888276f_ChicaBTC_HEAD%201.png,,blockchain-futurist-florida,,1,,,,,,,,,
Chris johnson,Co-Founder,Virtuals Protocol,"Chris Johnson is a co-founder of Virtuals Protocol, a Web3 platform focused on creating and monetizing AI-powered virtual agents. With a background in digital marketing and virtual reality, he has played a key role in building and growing the project’s ecosystem, contributing across product, community, and business development.",,,https://x.com/DonJohnsonSays,,,https://api.rareevo.io/storage/domains/rareevo.io/participants/profile/chris_johnson.png,,rare-evo,,1,,,Rare Evo 2026,,,active,Rare Evo 2026 (Main),77,
Chris Kiew-Smith,"Head of Legal and Compliance, EMEA",Galaxy,,,,,,,,,bitcoin-amsterdam,,1,,,,,,,,,
Chris Lane,Partner,Invictus Advisors,"Began learning about Bitcoin in 2013 while working at Silvergate Bank. Have worked at the intersection of Bitcoin, Digital Assets, and US Commercial Banking for the past 12 years.",,,,,,https://cdn.prod.website-files.com/687f979126432c8ce843e6d7/68eea683efa80faec219fe12_qdq2n0iPzVfbvKTqC16H9RUCayQW7UiWnWQHQSVqTsg.webp,,bitcoin-mena,2025,1,,https://mena.b.tc/speakers,Bitcoin MENA,,,,,,
Chris Seedor,CEO,"Bitsurance.eu, Seedor.io, Satskeeper.com",,,,,,,,,bitcoin-amsterdam,,1,,,,,,,,,
Chris Seedor,,,,,,https://x.com/coinjoined,,,https://btchel.com/wp-content/uploads/2025/12/Chris-Seedor-1024x1024.jpg,,btchel,,1,,,,,,,,,
Chris Yin,CEO,Plume,,,,,,,,,coinfest-asia,2026,1,,,,,,,,,
Christian Gruber,COO,Merkur Sportsbetting GmbH,"Christian Gruber is a graduate lawyer and Germanist with 15 years in marketing and communications for various Bundesliga clubs before taking over as Managing Director of Tipico, responsible for business in Germany, Austria, Belgium and Denmark. This was followed by positions as Managing Director and Country Manager at Sport1, Mr Green, William Hill and the Stadt Casino Baden Group. Since the beginning of 2025, he serves as Chief Operating Officer of the Merkur Group's German sports betting division.",,,,,,https://tickets.sigma.world/img/speakers/tmp/speaker-1696-1757600740.png,,sigma-world-rome,,1,,,"SiGMA World 2026 (Rome, Fiera Roma, Nov 2-5 2026)",,,,,,sigma.world/summits/world/speakers (Central Europe 2025 + SiGMA World Past speakers)
Christian Heins,Director iGaming,Tipico,"Christian Heins is a seasoned executive with over 20 years of leadership experience in gaming, gambling and digital media. As Director iGaming at Tipico Games, he led the company's transition to German licensing, achieved 300 per cent market share growth and positioned Tipico as Germany's number one online casino household brand. Heins is also founder of the German Gambling Gathering and initiator of the Code of Conduct, frameworks designed to strengthen transparency and self regulation in the regulated gambling market.",,,,,,https://tickets.sigma.world/img/speakers/tmp/speaker-1918-1759935942.png,,sigma-world-rome,,1,,,"SiGMA World 2026 (Rome, Fiera Roma, Nov 2-5 2026)",,,,,,sigma.world/summits/world/speakers (Central Europe 2025 + SiGMA World Past speakers)
Christian Lewe,Research Engineer,Alpen Labs,,,,,,,,,blockchain-futurist-toronto,,1,,,Blockchain Futurist Conference Toronto 2026,Toronto 2026,,,,,
Christian Lopez,"Managing Director, Head of Blockchain and Digital Assets",Cohen & Company Capital Markets,"Christian has dedicated his career to the Fintech and financial services sectors, developing a unique expertise in M&A, venture capital, capital markets, SPAC, and private placement transactions. His passion for sound money and its transformative impact on the financial ecosystem drives his work. Currently, Christian is Managing Director, Head of Blockchain and Digital Assets at Cohen & Company Capital Markets. Previously, he served as Vice President at Broadhaven Capital Partners, providing M&A and private placement advisory services to blockchain and Fintech companies. Before that, he was an Associate at Guggenheim Securities, covering Fintech, Banks, Insurance, and Specialty Finance, with a keen interest in blockchain innovations. Christian holds an MBA from Columbia Business School and a BS from the University of Illinois Urbana-Champaign.",,,,,,https://cdn.prod.website-files.com/687f979126432c8ce843e6d7/691e35443db35f24435a4264_mlwAZ1ccAxh_i5A3p9lJ-KNXax8aHhdKg4Qn3y6Xb2w.webp,,bitcoin-mena,2025,1,,https://mena.b.tc/speakers,Bitcoin MENA,,,,,,
Christian Sauer,Founder,Soonami.io,,,,,,,,,blockchain-futurist-toronto,,1,,,Blockchain Futurist Conference Toronto 2026,Toronto 2026,,,,,
Christine Moy,Head of Digital Assets,Apollo,,,,,,,https://framerusercontent.com/images/eghnKOkaY9O3joRNBPnweHvlJ1U.webp?scale-down-to=1024&amp;width=1340&amp;height=1600,,korea-blockchain-week,2026,1,,,,,,,,,
Christoph Koster,CEO,ruya,"Chris has been building financial services and investment platforms for banks, governments and technology companies. He is currently serving as the CEO of ruya, the UAE’s digital-first Islamic community bank. Under his leadership, ruya is dedicated to creating a fairer and more sustainable world through ethical Islamic banking practices, exceptional customer service and active community engagement. Before his role at ruya, Chris served as the Chief Operating Officer at a G42 joint venture, where he was responsible for building the business unit from its incubation phase. He also led the asset management of the group's portfolio of operating businesses and developed its proprietary investment programme. Prior to G42, Chris was a key member of the executive management team at the Abu Dhabi Investment Office (ADIO). His leadership and strategic vision were vital in positioning Abu Dhabi as a significant player on the global investment stage. At Emirates NBD, Chris led award-winning strategy and customer experience teams across Private Banking, Asset Management and Retail Banking. His tenure saw Emirates NBD's Private Banking business rise to prominence as the leading wealth management franchise in the region. Chris's career began at Roland Berger’s restructuring and turnaround practice as well as the corporate development and M&A team at a major renewable energy conglomerate.",,,,,,https://cdn.prod.website-files.com/687f979126432c8ce843e6d7/68a5e0609f3dee85f8442d60_4BfrTDCwFzvZvt1BBZdTIZHUUFNEQMmHgpZSjwUxzTM.webp,,bitcoin-mena,2025,1,,https://mena.b.tc/speakers,Bitcoin MENA,,,,,,
Christoph Ono,Designer,Bitcoin Design,,,,,,,,,bitcoin-asia,,1,,,,,,,,,
Christopher Bartolo,CTPO,Wildz Group,"Christopher Bartolo is a seasoned Chief Technology and Product Officer with extensive expertise in tech leadership, commercially driven product development, and scaling through innovation. He has led the development of products that leverage AI and automation to streamline operations, improve efficiency, and drive business growth.",,,,,,https://tickets.sigma.world/img/speakers/tmp/speaker-2094-1761290542.png,,sigma-world-rome,,1,,,"SiGMA World 2026 (Rome, Fiera Roma, Nov 2-5 2026)",,,,,,sigma.world/summits/world/speakers (Central Europe 2025 + SiGMA World Past speakers)
Christopher Chen,Head,Invest Hong Kong Canada,,,,,,,,,blockchain-futurist-toronto,,1,,,Blockchain Futurist Conference Toronto 2026,Toronto 2026,,,,,
Christopher Grech Bonett,Owner & Founder,R77,"Christopher Grech Bonett is an HR strategist with 15 years’ experience helping companies plan their workforce globally. He has guided organisations through growth, transformation and complex international talent challenges, aligning people and business goals. In recent years, he founded his own business offering an integrated ecosystem of HR and advisory services, providing companies with the tools, partnerships and strategies needed to thrive and adapt in today’s fast-changing, competitive environment.",,,,,,https://tickets.sigma.world/img/speakers/tmp/speaker-949-1756213194.jpg,,sigma-world-rome,,1,,,"SiGMA World 2026 (Rome, Fiera Roma, Nov 2-5 2026)",,,,,,sigma.world/summits/world/speakers (Central Europe 2025 + SiGMA World Past speakers)
"Christopher Johnson, PhD","President, Lightspeed Crypto Services",LLC,,,,,,,https://cdn.prod.website-files.com/61e87bb144d08a09b725b693/68cc2df77b821f3b918da4ac_ChristopherJohnson_HEAD.jpg,,blockchain-futurist-florida,,1,,,,,,,,,
Christopher Mitoli,Head of Acquisition Italy,Marathonbet,"Christopher Mitoli is an iGaming and digital marketing professional currently serving as Head of Online Acquisition (Italy) at Marathonbet, a position he assumed in May 2025. In this role, he leads the full acquisition strategy for the Italian market, managing affiliate, performance, and online media channels to drive customer growth and optimise ROI. His approach blends data-driven marketing with a deep understanding of regulated betting environments.",,,,,,https://tickets.sigma.world/img/speakers/tmp/speaker-1999-1760601436.png,,sigma-world-rome,,1,,,"SiGMA World 2026 (Rome, Fiera Roma, Nov 2-5 2026)",,,,,,sigma.world/summits/world/speakers (Central Europe 2025 + SiGMA World Past speakers)
Christopher Wilson,Founder,Radom,"Christopher Wilson is Founder of Radom.com, with a background in engineering and large-scale technology projects. Wilson bridges technical and regulatory discussions, from MiCA and compliance frameworks to stablecoins, virtual banking and alternative payment methods. He has also advised the UK Parliament on blockchain and financial innovation. Wilson has spoken at global industry events such as AVN Expo, Zebu Live and ETHDenver, sharing insights on how crypto and payments innovation are reshaping financial ecosystems.",,,,,,https://tickets.sigma.world/img/speakers/tmp/speaker-1721-1758104786.png,,sigma-world-rome,,1,,,"SiGMA World 2026 (Rome, Fiera Roma, Nov 2-5 2026)",,,,,,sigma.world/summits/world/speakers (Central Europe 2025 + SiGMA World Past speakers)
Christos Granqvist,,,,,,https://x.com/BTCButcherCG,,,https://btchel.com/wp-content/uploads/2025/12/Christos-Granqvist-1024x1024.jpg,,btchel,,1,,,,,,,,,
Chuch L'Ecuyer,Founder & CEO,Intelliflex,,,,,,,https://miningdisrupt.com/assets/images/gallery08/9c53517b.png?v=0308a4f1,,mining-disrupt,,1,,,,,,,,,
Cindy Macintos,Ex-Chief People Officer,Pinnacle,"Cindy Macintos is a seasoned HR executive and trusted strategic advisor with more than 15+ years of international experience in people strategy, leadership development, and organisational transformation. Formerly Chief People Officer at Pinnacle, a global leader in online gaming and digital entertainment, Cindy led diverse, cross-continental teams through digital HR transformation and designed leadership programs that elevated engagement, retention, and internal mobility. A certified leadership trainer and coach, as well as a Grief Recovery Specialist, Cindy brings a uniquely human-centered approach to strategic leadership.",,,,,,https://tickets.sigma.world/img/speakers/tmp/speaker-828-1760945555.png,,sigma-world-rome,,1,,,"SiGMA World 2026 (Rome, Fiera Roma, Nov 2-5 2026)",,,,,,sigma.world/summits/world/speakers (Central Europe 2025 + SiGMA World Past speakers)
Cisco Aguilar,Secretary of State - Nevada,Nevada,"Cisco Aguilar serves as Nevada’s Secretary of State. As Secretary, he is focused on modernizing, innovating and building transparency in the office. Under the Secretary’s leadership and vision, the office took on two major technology projects to modernize the state’s elections and business filings. The business filing system is making business easier in Nevada, and the statewide voter registration system, implemented in just fourteen months, increases security and streamlines the voter experience. Thanks to dedicated efforts to expand access to the ballot box, tribal voting turnout increased by 34% during the 2024 election. Prior to being elected, Secretary Aguilar served twelve years as General Counsel for Agassi Graf, the management company for Andre Agassi and Stefanie Graf, and the Andre Agassi Foundation for Education. In 2020, the Secretary launched Blueprint Sports, a sports technology startup, facilitating over $140 million in Name, Image, and Likeness (NIL) earnings for over 25,000 NCAA student-athletes since 2021. Secretary Aguilar is a graduate from the University of Arizona. Passionate about education, Secretary Aguilar is the Founding Chairman of Cristo Rey St. Viator High School, which provides an innovative workforce development program in one of Las Vegas’ most vulnerable neighborhoods. Secretary Aguilar also served on the Nevada Athletic Commission regulating boxing and mixed martial arts for eight years, two of which he served as Chairman.",,,,,website:https://www.nvsos.gov/sos-information/office-facts/about-francisco-v-aguilar,https://api.rareevo.io/storage/domains/rareevo.io/participants/profile/cisco_ag.png,,rare-evo,,1,,,Rare Evo 2026,,yes,active,Rare Evo 2026 (Main),125,
CJ Burnett,Chief Revenue Officer,Compass Mining,,,,,,,https://miningdisrupt.com/assets/images/gallery08/e34e9a4a.png?v=0308a4f1,,mining-disrupt,,1,,,,,,,,,
Claire Chisholm,Principal,Lomond School,,,,,,,,,bitcoin-amsterdam,,1,,,,,,,,,
Clara Tsao,Founding Officer,Filecoin Foundation,,,,,,,https://cdn.prod.website-files.com/61e87bb144d08a09b725b693/68655dde6a6111306f1daf59_ClaraTsao_HEAD.jpg,,blockchain-futurist-florida,,1,,,,,,,,,
Clare Adelgren,Global Blockchain Head of Sales and Operations,EY,,,,,,,https://cdn.prod.website-files.com/61e87bb144d08a09b725b693/687923ca4a0604894f432762_ClareAdelgren_HEAD.jpg,,blockchain-futurist-florida,,1,,,,,,,,,
Clarisse Hagege,CEO,Dfns,"Clarisse Hagège is the CEO of Dfns, a cybersecurity company securing Bitcoin and digital assets through advanced wallet infrastructure. Her work focuses on building the cryptographic and institutional rails that enable safe, programmable custody and transaction flows across Bitcoin and other blockchain networks. Beyond Dfns, Clarisse serves on the board of the MPC Alliance, mentors founders through Techstars Web3 Launchpad, and advises early-stage crypto startups at Station F, helping bridge traditional finance and decentralized systems. Before founding Dfns, Clarisse earned degrees in Geopolitics and History (Sorbonne), Finance (Sciences Po), and Applied Economics (Dauphine University). She spent a decade in investment banking at Goldman Sachs, Merrill Lynch, and Crédit Agricole CIB, where she became the youngest Chief of Staff to the CEO and led initiatives in research, global coverage, and energy innovation. Today, Clarisse is deeply engaged in expanding Bitcoin’s institutional adoption and ensuring secure, global access to self-custody infrastructure. She lives between New York and Paris with her partner, Christopher, and their two children.",,,,,,https://cdn.prod.website-files.com/687f979126432c8ce843e6d7/69138e2f3aa7da36a2f074f2_8SpUbwyaucXv-4r3d54B_Y46UTY3QimyPtbNoFfOyYI.webp,,bitcoin-mena,2025,1,,https://mena.b.tc/speakers,Bitcoin MENA,,,,,,
Clark Alexander,Chief AI Officer,Argentum AI,,,,,,,https://cdn.prod.website-files.com/61e87bb144d08a09b725b693/68e4095839a17d592ed5988a_ClarkAlexander_HEAD.jpg,,blockchain-futurist-florida,,1,,,,,,,,,
Claudia Ionescu,People & Organization Strategic Advisor,,"Claudia Ionescu is an international HR leader with more than 20 years of experience across the tech and fintech industries, driving large scale organisational transformations in Europe, Latin America and Africa. Her focus lies in building purpose driven organisational cultures and developing agile, resilient teams. Claudia has held senior HR leadership roles at companies such as PayU (Naspers), SumUp and AVIV Group, where she shaped global people strategies, led mergers and acquisitions and guided complex organisational transformation in fast paced environments.",,,,,,https://tickets.sigma.world/img/speakers/tmp/speaker-1914-1759935287.png,,sigma-world-rome,,1,,,"SiGMA World 2026 (Rome, Fiera Roma, Nov 2-5 2026)",,,,,,sigma.world/summits/world/speakers (Central Europe 2025 + SiGMA World Past speakers)
Clemence Dujardin,Group CEO,MyAffiliates,"Clemence Dujardin is Group CEO at MyAffiliates where she is responsible for driving growth and strategic development. Her exceptional leadership and contributions have been recognised with prestigious awards, including Malta’s Best Gaming Woman Leader of the Year in 2018 and 2019 and SiGMA’s CEO Woman of the Year in 2021. Her influence in the industry was further solidified in 2023 when she was honoured by iGB, securing a spot among the Top 10 Most Influential Women in the iGaming industry.",,,,,,https://tickets.sigma.world/img/speakers/tmp/speaker-1701-1757681535.png,,sigma-world-rome,,1,,,"SiGMA World 2026 (Rome, Fiera Roma, Nov 2-5 2026)",,,,,,sigma.world/summits/world/speakers (Central Europe 2025 + SiGMA World Past speakers)
Clinton Cutajar,CTO,MediaTroopers,"Clinton is a seasoned technology expert with extensive experience in information technology, affiliate marketing and leadership. For the past six years, Clinton has served as a C-level executive at two affiliate marketing firms, where, as Chief Technology Officer, he was instrumental in defining the company's technological direction and strategy. With over 25 years in the tech industry and more than a decade in affiliate marketing, Clinton has a proven track record of leading successful technology projects and fostering innovation.",,,,,,https://tickets.sigma.world/img/speakers/tmp/speaker-679-1759741213.png,,sigma-world-rome,,1,,,"SiGMA World 2026 (Rome, Fiera Roma, Nov 2-5 2026)",,,,,,sigma.world/summits/world/speakers (Central Europe 2025 + SiGMA World Past speakers)
Cody Carbone,CEO,The Digital Chamber,,,,,https://www.linkedin.com/in/codycarbone/,,https://api.rareevo.io/storage/domains/rareevo.io/participants/profile/cody_carbone.png,,rare-evo,,1,,,Rare Evo 2026,,,active,Rare Evo 2026 (Main),170,
Colin Sinclair,Chief Business Officer,Nirvana Finance,,,,,,,,,blockchain-futurist-toronto,,1,,,Blockchain Futurist Conference Toronto 2026,Toronto 2026,,,,,
Conner Brown,Counsel to Senator Cynthia Lummis,U.S. Senate,"Counsel to Senator Cynthia Lummis, advising on digital asset policy and financial regulation. He plays a key role in shaping legislative efforts related to Bitcoin and emerging financial technologies in the U.S. Senate.",,,,,,https://static.wixstatic.com/media/5b61ba_da23ca4fa3f544d696d5b5b2ccd0e3d8~mv2.jpg,,bitcoin-policy-summit,2025,1,,https://www.btcpolicysummit.org/2025-speakers,Bitcoin Policy Summit 2025,,,,,,
Connor Snitker,Principal Software Engineer,GoDaddy,,,,,https://www.linkedin.com/in/connorsnitker/,,https://api.rareevo.io/storage/domains/rareevo.io/participants/profile/connor_snitker.png,,rare-evo,,1,,,Rare Evo 2026,,,active,Rare Evo 2026 (Main),168,
Cooper Squirrell,Founder,UrVote,,,,,,,,,blockchain-futurist-toronto,,1,,,Blockchain Futurist Conference Toronto 2026,Toronto 2026,,,,,
Cordelia Morgan Cooper,Founder,CMC Consulting,"Passionate about employee wellbeing, transformation and people, Cordelia Morgan Cooper has over 10 years of talent management experience in recruitment, both agency and in-house, including international work in Malta. Having founded CMC Consulting in March 2022, she has successfully hired across Tech, Finance, Marketing, Sales and Executive roles globally.",,,,,,https://tickets.sigma.world/img/speakers/tmp/speaker-73-1757073865.png,,sigma-world-rome,,1,,,"SiGMA World 2026 (Rome, Fiera Roma, Nov 2-5 2026)",,,,,,sigma.world/summits/world/speakers (Central Europe 2025 + SiGMA World Past speakers)
Cosmina Maria Simion,Managing Partner,WH Simion & Partners,"Cosmina Maria Simion is a corporate, regulatory, technology and intellectual property lawyer with more than 20 years of professional experience, with particular emphasis on the gambling, online, media and entertainment industries. She is a licensed European trademark attorney and a Romanian National Chamber of Intellectual Property Attorneys member. Noted as a ""practice crafter"" (IAM Patent 1000, 2024), Cosmina combines strong advisory expertise with a business oriented approach. She is the only Romanian lawyer ranked as Thought Leader in Sports and Gaming by Who's Who Legal.",,,,,,https://tickets.sigma.world/img/speakers/tmp/speaker-631-1759404023.png,,sigma-world-rome,,1,,,"SiGMA World 2026 (Rome, Fiera Roma, Nov 2-5 2026)",,,,,,sigma.world/summits/world/speakers (Central Europe 2025 + SiGMA World Past speakers)
Craig Warmke,Associate Professor of Philosophy / Senior Fellow,Northern Illinois University / Bitcoin Policy Institute,"An Associate Professor of Philosophy at Northern Illinois University and a Senior Fellow at the Bitcoin Policy Institute. His work examines the intersection of money, philosophy, politics, and economics, and he co-authored Resistance Money: A Philosophical Case for Bitcoin (2024), bringing scholarly rigor to Bitcoin discourse. Warmke regularly collaborates with scholars, technologists, and policymakers to explore the philosophical and economic implications of emerging monetary technologies.",,,,,,https://static.wixstatic.com/media/dea30a_23f69198b53841639d8aeb36ec70b2f8~mv2.jpeg,,bitcoin-policy-summit,2025,1,,https://www.btcpolicysummit.org/2025-speakers,Bitcoin Policy Summit 2025,,,,,,
Cristiano Amon,President & CEO,Qualcomm,,,,,,profile:https://websummit.com/attendees/lis25/e6b225d0-11db-40c7-b488-d8963f7b1251/cristiano-amon,https://web-summit-avenger.imgix.net/production/avatars/original/038a0fa0f23695888c6adcbde8d8961ae24b6bf1.jpg,,web-summit-lisbon,2025,1,,,,,,,,,
Cristobal Valenzuela,Founder & CEO,Runway,,,,,,profile:https://websummit.com/attendees/lis25/53a0a7b3-0f77-434f-a4a0-b2479842c2e7/cristobal-valenzuela,https://web-summit-avenger.imgix.net/production/avatars/original/0cd640ab53dc2d8006707bcd435113459a0f7504.jpg,,web-summit-lisbon,2025,1,,,,,,,,,
Curtis Harris,Director of Marketing and Business Development,Compass Mining,,,,,,,https://miningdisrupt.com/assets/images/gallery08/bebfab1a.png?v=0308a4f1,,mining-disrupt,,1,,,,,,,,,
Cynthia Lummis,U.S. Senator (R-WY),U.S. Senate,"United States Senator from Wyoming. She is widely known for her pioneering work on cryptocurrency legislation and digital asset policy in the Senate. As the sponsor of the BITCOIN Act, Senator Lummis has placed Bitcoin on the legislative agenda.",,,,,,https://static.wixstatic.com/media/dea30a_c0d869123cf34d52b20f859bffb1f13a~mv2.jpg,,bitcoin-policy-summit,2025,1,,https://www.btcpolicysummit.org/2025-speakers,Bitcoin Policy Summit 2025,,,,,,
CZ,Founder,Binance,Founder of Binance,,,,,,https://cdn.prod.website-files.com/687f979126432c8ce843e6d7/69138f18c094c785ffbd8660_c0TEIkeM5XowLsNdtAKkQPOcKukd-xSN-5WaYE09P6A.webp,,bitcoin-mena,2025,1,,https://mena.b.tc/speakers,Bitcoin MENA,,,,,,
CZ (Changpeng Zhao),Founder (Giggle Academy); Co-Founder,Binance,"Participant in 'The Big Debate: Bitcoin vs. Tokenized Gold', arguing for Bitcoin's long-term value dominance.",The Big Debate: Bitcoin vs. Tokenized Gold,,,,,,,binance-blockchain-week,2025,1,,https://www.binance.com/en/square/post/12-03-2025-binance-blockchain-week-dubai-2025-10-speakers-you-cannot-miss-33203289077641,,,,,,,
Dalio Pera,Official Emcee,"Bitcoin Mining News, Mining Disrupt",,,,,,,https://miningdisrupt.com/assets/images/gallery12/039a321c.png?v=0308a4f1,,mining-disrupt,,1,,,,,,,,,
Damian Chen,VP Growth,Starknet Foundation,,,,,,,,,bitcoin-asia,,1,,,,,,,,,
Dan Held,General Partner,Asymmetric,,,,,,,,,bitcoin-amsterdam,,1,,,,,,,,,
Dan Koehler,CEO,Asic Plug & FARMGOD,,,,,,,https://miningdisrupt.com/assets/images/gallery10/a7b22f3a.png?v=0308a4f1,,mining-disrupt,,1,,,,,,,,,
Dan Lawrence,CEO,OBM | Foreman,,,,,,,https://miningdisrupt.com/assets/images/gallery12/c8030bc0.png?v=0308a4f1,,mining-disrupt,,1,,,,,,,,,
Dan Liu,CEO Assistant,Fog Hashing,,,,,,,https://miningdisrupt.com/assets/images/gallery10/b7890783.png?v=0308a4f1,,mining-disrupt,,1,,,,,,,,,
Dan Morrison,Director of New Business,Fast Track,"Dan is a seasoned leader with over a decade of experience driving growth and innovation in the technology and gaming industries. Currently serving as the Director of New Business at Fast Track, Dan excels in building and nurturing client relationships, spearheading new initiatives, and driving revenue growth. Prior to his role at Fast Track, Dan held key positions within the industry, where he demonstrated his expertise in commercial strategy and leadership. With a track record of success, Dan brings a wealth of strategic vision and operational expertise.",,,,,,https://tickets.sigma.world/img/speakers/tmp/speaker-478-1760445753.png,,sigma-world-rome,,1,,,"SiGMA World 2026 (Rome, Fiera Roma, Nov 2-5 2026)",,,,,,sigma.world/summits/world/speakers (Central Europe 2025 + SiGMA World Past speakers)
Dan Webb,Program Coordinator,BTC Media Inc,"I've worked in Bitcoin as software engineer, marketer, and strategist for more than five years. Former co-host of the High Hash Rate podcast.",,,,,,https://cdn.prod.website-files.com/687f979126432c8ce843e6d7/690e0842c00ad2e95a6d93bf_69ff7b621f14241dd0b94d58.webp,,bitcoin-mena,2025,1,,https://mena.b.tc/speakers,Bitcoin MENA,,,,,,
Dane Sjoden,Founder & CEO,Hashrate House,,,,,,,https://miningdisrupt.com/assets/images/gallery10/bf956b4c.png?v=0308a4f1,,mining-disrupt,,1,,,,,,,,,
Daniel Batten,Managing Partner,CH4 Capital,"Daniel Batten is an entrepreneur and venture capitalist who become a significant voice in the Bitcoin space mainly through his data-driven approach to challenging common energy narratives. As these narratives have evolved he has pivoted attention to investigating the humanitarian value of Bitcoin, and its suitability on the balance sheet of large institutional capital",,,,,,https://cdn.prod.website-files.com/687f979126432c8ce843e6d7/68d415818d53cdafa7a0ad82_5969107ca52874bf6b07775d.webp,,bitcoin-mena,2025,1,,https://mena.b.tc/speakers,Bitcoin MENA,,,,,,
Daniel Kang,CSO,DeFi Development Corp,"DK is Chief Strategy Officer of DeFi Development Corp (NASDAQ: DFDV): the best performing crypto stock of 2025. Prior to DFDV, DK was Head of Strategy at Kraken Crypto Exchange. He also spent 8 years in Long/Short Equity covering Internet and Media as a senior analyst at AO Asset Management, a $1B hedge fund. DK’s prior experience includes Corporate Development and Strategy at Snap, as well as Credit Risk Management at Morgan Stanley.",,,,https://www.linkedin.com/in/danielhkang/,website:https://iq.wiki/wiki/daniel-kang,https://api.rareevo.io/storage/domains/rareevo.io/participants/profile/dk.png,,rare-evo,,1,,,Rare Evo 2026,,,active,Rare Evo 2026 (Main),140,
Daniel Prince,,,,,,https://x.com/Princey21M,,,https://btchel.com/wp-content/uploads/2025/12/Daniel-Prince-1024x1024.jpg,,btchel,,1,,,,,,,,,
Daniel R,Founder,Inah Citadel,,,,https://x.com/inahcitadel,,,,,planb-forum-lugano,2026,1,,,,,,,,,
Daniel Sempere Pico,Chief Viral Officer,Viral Bits,"I'm a former real estate broker and entrepreneur turned bitcoiner. I got seriously into bitcoin at the end of 2020. In early 2021, I started the Bitcoin Gandalf Twitter account and grew it from 0-80,000 followers in 3 years. I also worked in marketing at bitcoin mining company Braiins from 2021-2023. In addition to writing about bitcoin, I'm also focused on helping people become more sovereign by building their personal brands through my ghostwriting and personal branding strategy consulting services.",,,,,,https://cdn.prod.website-files.com/687f979126432c8ce843e6d7/6887b638dc64b755698d9af9_YVWaUR6QrI7QDReI9o0pF-orqQTHZfGTEzIdONGLVKA.webp,,bitcoin-mena,2025,1,,https://mena.b.tc/speakers,Bitcoin MENA,,,,,,
Daniela Barbosa,Executive Director,Lf Decentralized Trust,"Daniela Barbosa serves as General Manager of Decentralized Technologies at the Linux Foundation and Executive Director of LF Decentralized Trust. She has overall strategic and operational responsibility for staff, programs, expansion, and execution of LF Decentralized Trust’s mission. Previously, she spent seven years in leadership roles at Hyperledger Foundation, driving the collaborative development of enterprise-grade blockchain and identity technologies by a global community. She is a leading voice for the power of openly developed decentralized technologies to optimize critical infrastructure for efficiency, privacy, and inclusivity.",,,https://www.linkedin.com/in/danielabarbosa/,https://www.linkedin.com/in/danielabarbosa/,website:https://iq.wiki/wiki/daniela-barbosa,https://api.rareevo.io/storage/domains/dev.rareevo.io/participants/profile/HLfMZzhsD5dF9hFiPWJd13xhm5WsVuG6xm4RToVI.png,,rare-evo,,1,,,Rare Evo 2026,,yes,active,Rare Evo 2026 (Main),35,
Daniele Raimondi,Counsel,Eversheds-Sutherland Italy,"Daniele Raimondi is a Chartered Accountant and Certified Auditor with over 20 years of professional experience in tax, accounting, and corporate advisory services. He currently serves as Counsel at Eversheds-Sutherland Accounting and Law Firm in Milan, where he provides tax and accounting assistance to EU and extra-EU companies. Daniele has developed strong expertise in ordinary and extraordinary tax compliance, financial and tax due diligence, sustainability reports, company valuations, international arbitration and as an expert witness.",,,,,,https://tickets.sigma.world/img/speakers/tmp/speaker-1979-1760513565.png,,sigma-world-rome,,1,,,"SiGMA World 2026 (Rome, Fiera Roma, Nov 2-5 2026)",,,,,,sigma.world/summits/world/speakers (Central Europe 2025 + SiGMA World Past speakers)
Danielle Casey,President & CEO,LVGEA,"Ms. Casey brings extensive and diverse experience in leadership, public administration, marketing, business development and retention, and strategic planning as the leader of AREA, a nonprofit organization working to create a prosperous and diverse economy for the four-county Albuquerque metro region. She joined the organization in October of 2020. Since her arrival, she has transitioned the organization with the delivery of a new Strategic Plan, achieved the status of Accredited Economic Development Organization, engaged formally with regional community partners, renamed and restructured its bylaws and nonprofit status to a 501c3 public charity, and received numerous recognition awards - specifically in 2024 the Bronze Award for Economic Development Organization of the Year from the International Economic Development Council. Previously, she served as the Executive Vice President for the Greater Sacramento Economic Council and oversaw the organization's business development, marketing and communications, investor engagement, research, and strategic initiatives critical to advancing economic growth in Greater Sacramento. She oversaw the comprehensive launch and execution of a best-in class national site selection consultant strategy and established first-ever memorandums of understanding with seven local commercial real estate brokerage offices, receiving a Gold Award from the International Economic Development Council in 2020 for a joint publication she spearheaded with CBRE. She established critical internal efficiencies with revisions to all organizational practices from database management to budget development and oversight. Even in the wake of COVID-19, the organization succeeded in meeting all its annual metrics and job creation goals and launching a regional business retention and expansion outreach program.",,,,,,https://api.rareevo.io/storage/domains/rareevo.io/participants/profile/danielle_casey.png,,rare-evo,,1,,,Rare Evo 2026,,,active,Rare Evo 2026 (Main),165,
Danielle Pienaar,Web3 & Blockchain Director,Verdant Management Limited,,,,,,,,,blockchain-futurist-toronto,,1,,,Blockchain Futurist Conference Toronto 2026,Toronto 2026,,,,,
Danilo S. Carlucci,Founder & CEO,Morningstar Ventures,Founder & CEO of Morningstar Ventures,,,,,logo:https://blockchain-life.com/wp-content/cache/thumb/1a/d98d0830cf8e21a_160x0.png,https://blockchain-life.com/wp-content/cache/thumb/3b/20f11e2cc6e9f3b_420x460_notcrop.webp,,blockchain-life-forum,2026,1,,,,,,,,,
Daniël Mol,Host,BNR Nieuwsradio,,,,,,,,,bitcoin-amsterdam,,1,,,,,,,,,
Danny James,"CEO, Licensed Customs Broker",,,,,,,,https://miningdisrupt.com/assets/images/gallery08/51bd2df3.png?v=0308a4f1,,mining-disrupt,,1,,,,,,,,,
Danny Knowles,Host,What Bitcoin Did,Host of What Bitcoin Did Venture Partner @ Epoch,,,,,,https://cdn.prod.website-files.com/687f979126432c8ce843e6d7/6887b630a94348bfcae22907_1o9D8kaY2OIuoc39EEE3AS-iauetRo50bYA3sCWJy4Y.webp,,bitcoin-mena,2025,1,,https://mena.b.tc/speakers,Bitcoin MENA,,,,,,
Danny Yeung,Co-Founder & CEO,PRENETICS LTD,"Prenetics (Nasdaq: PRE) is a global health-tech and longevity company pioneering a dual-engine “Health + Wealth” strategy—building a transformative wellness brand while simultaneously accumulating one of the world’s most forward-leaning corporate Bitcoin treasuries. Its flagship brand IM8, co-founded with David Beckham, has become a category-defining force—achieving US$100M ARR in only 11 months, making it the fastest supplement company in history to reach this scale, even surpassing the growth trajectories of leading AI companies. IM8 is now projected to reach US$300M ARR by the end of 2026, powered by global expansion, strong clinical validation, and a world-class scientific advisory board. On the wealth engine, as of November 19, Prenetics holds 495 BTC and is acquiring 1 BTC per day, underscoring its commitment to long-term financial resilience, asymmetric upside, and a future where companies invest not only in extending lifespan, but also in strengthening financial health for decades to come.",,,,,,https://cdn.prod.website-files.com/687f979126432c8ce843e6d7/691dd281aa4cb7be2fa3522d_Ee8W8NqmIwevhL1UWgPJgzc0wAV3lllNNoqXasBwiOs.webp,,bitcoin-mena,2025,1,,https://mena.b.tc/speakers,Bitcoin MENA,,,,,,
Danylo Diachenko,CBDO,Devils,"Danny Diachenko is CBDO at Devils, leading global partnerships and business development. Since joining in 2022, he has driven growth by building a network of 800+ partners and diversifying traffic sources. With strong affiliate marketing expertise, Danny focuses on optimising campaigns, expanding global reach and fostering industry innovation.",,,,,,https://tickets.sigma.world/img/speakers/tmp/speaker-952-1758180808.png,,sigma-world-rome,,1,,,"SiGMA World 2026 (Rome, Fiera Roma, Nov 2-5 2026)",,,,,,sigma.world/summits/world/speakers (Central Europe 2025 + SiGMA World Past speakers)
Dario Evangelista,Deputy General Counsel,Betsson Group,"Dario Evangelista graduated with highest honours in Law from the University of Rome and earned a Postgraduate Diploma in Legal Professions. With experience as an attorney and in-house counsel specialising in iGaming, he has held countless leadership roles and currently serves as Deputy General Counsel at Betsson Group.",,,,,,https://tickets.sigma.world/img/speakers/tmp/speaker-1880-1759743058.png,,sigma-world-rome,,1,,,"SiGMA World 2026 (Rome, Fiera Roma, Nov 2-5 2026)",,,,,,sigma.world/summits/world/speakers (Central Europe 2025 + SiGMA World Past speakers)
Dario Poiese,Director of Affiliates & SEO,LeoVegas Group,"Dario Poiese is Director of Affiliates and SEO at LeoVegas Group, part of MGM Resorts International, where he leads global strategies focused on AI analytics, unified KPIs, and sustainable growth frameworks. With over a decade of experience in the gaming industry, he has spearheaded affiliate transformation and digital expansion projects across multiple markets. Before joining LeoVegas, Dario scaled Italy’s leading affiliate site, Superscommesse.it, and managed European operations at Catena Media. He is passionate about creating measurable marketing ecosystems that align technology, creativity, and responsibility to deliver business impact.",,,,,,https://tickets.sigma.world/img/speakers/tmp/speaker-2055-1761046374.png,,sigma-world-rome,,1,,,"SiGMA World 2026 (Rome, Fiera Roma, Nov 2-5 2026)",,,,,,sigma.world/summits/world/speakers (Central Europe 2025 + SiGMA World Past speakers)
Darius Alexander,Managing Director,FTI Consulting,"Darius is Managing Director at FTI Consulting. He advises multinationals and institutional funds on marcomms, GTM and growth strategy, having launched into the UAE many leading global technology, fintech and digital assets firms. Prior to FTI, Darius was in venture capital and fintech company building.",,,,,,https://cdn.prod.website-files.com/687f979126432c8ce843e6d7/69175661899e123d57ee5efe_45pR_8Fvjm3oPgi8Ot1OMD1XoTpY5kd9fWN8XdUWjWg.webp,,bitcoin-mena,2025,1,,https://mena.b.tc/speakers,Bitcoin MENA,,,,,,
Darko Gasic,Co-founder,Hodling SA,,,,,,,,,planb-forum-lugano,2026,1,,,,,,,,,
Darlyze Calixte,Co-Founder & Technical Director,CreateHER Fest,,,,,,,https://cdn.prod.website-files.com/61e87bb144d08a09b725b693/68dd3a4e1418413add9833fd_DarlyzeCalixte_HEAD.jpeg,,blockchain-futurist-florida,,1,,,,,,,,,
Darran Ingretolli,Communications and Content,IGA Group,"With a background in sales, VIP hospitality, marketing and business development across various industries, Darran brings well over a decade of experience in land based and online gaming. Darran speaks English, French, Italian and Spanish.",,,,,,https://tickets.sigma.world/img/speakers/tmp/speaker-1851-1759393747.png,,sigma-world-rome,,1,,,"SiGMA World 2026 (Rome, Fiera Roma, Nov 2-5 2026)",,,,,,sigma.world/summits/world/speakers (Central Europe 2025 + SiGMA World Past speakers)
Daryl Lim,,TRIVE Digital,,,,,,,,,coinfest-asia,2026,1,,,,,,,,,
Dave Ripley,co-CEO,Kraken,"David Ripley has served as Kraken's Co-Chief Executive Officer since October 2024. He previously served as Kraken's Chief Operating Officer from October 2016 to April 2023 and Chief Executive Officer from April 2023 to October 2024. Prior to joining Kraken, Mr. Ripley was the Co-Founder and Chief Executive Officer of Glidera, a non-custodial wallet and funding service provider that was acquired by Kraken in 2016. Mr. Ripley previously held roles in consulting at The Boston Consulting Group, where he advised clients across multiple industries, including technology and financial services. Earlier in his career, he also held management positions in software engineering and product management at Syclo, a mobile enterprise software company. Mr. Ripley holds a B.S. in Electrical Engineering from the University of Illinois at Urbana-Champaign and an M.B.A. from the Kellogg School of Management at Northwestern University.",,,,,,https://cdn.prod.website-files.com/687f979126432c8ce843e6d7/691f6d7193b898106b94b61b_4r4dtKMmYA2YNpuZBWZB7I7YbuHLj_MsGZnlf3DYgL4.webp,,bitcoin-mena,2025,1,,https://mena.b.tc/speakers,Bitcoin MENA,,,,,,
David Arutinyan,Head of Affiliates,1xSlots Partners,"David Arutinyan is an experienced Head of Affiliates specialising in the gambling and casino industry, currently leading the affiliate programme at 1xSlots Partners. With a strong background in digital marketing, partnership development and business strategy, he has contributed to the growth of iGaming brands and overseen international affiliate operations across Tier 2 and Tier 3 markets. Fluent in Armenian, Georgian, Russian and English, David excels in building long term relationships and driving innovation within the affiliate sector.",,,,,,https://tickets.sigma.world/img/speakers/tmp/speaker-855-1759406882.png,,sigma-world-rome,,1,,,"SiGMA World 2026 (Rome, Fiera Roma, Nov 2-5 2026)",,,,,,sigma.world/summits/world/speakers (Central Europe 2025 + SiGMA World Past speakers)
David Bailey,CEO,Kindly MD ($NAKA),,,,,,,,,bitcoin-amsterdam,,1,,,,,,,,,
David Bailey,CEO & Chairman,Nakamoto Inc.,,,,,,,,,bitcoin-asia,,1,,,,,,,,,
David Bailey,CEO,KindlyMD ($NAKA),"As the co-founder and chief executive officer of BTC Inc., David Bailey is an industry leader and evangelist for the decentralized future. Since 2013, BTC Inc has grown to offer critical intelligence, brand-building expertise and technical incubation specialized for the Bitcoin ecosystem, as well as industry-leading projects like Bitcoin Magazine, the Bitcoin 2022 conference, and Carrot. The company now operates in multiple countries and its brands are quickly becoming household names. Bailey sits on the board of advisors for the University of Alabama. He was managing partner at 402 Digital Partners, which is one of the earliest Bitcoin funds. He is currently general partner of UTXO Management; and is an active angel investor in the Bitcoin ecosystem.",,,,,,https://cdn.prod.website-files.com/687f979126432c8ce843e6d7/6936cdb7215ebbc8d22b9033_f7f6378e54cf8672cce0b94e.webp,,bitcoin-mena,2025,1,,https://mena.b.tc/speakers,Bitcoin MENA,,,,,,
David Buttrey,Co-Founder & President,Mangrove,"Executive with global reach having Generated $250M+ in economic value through strategic partnerships across multiple cross-cultural settings in India, Canada, USA, South Africa, the Middle East, and Europe, managing diverse demographics.",,,,https://www.linkedin.com/in/davidtbuttrey/,,https://api.rareevo.io/storage/domains/rareevo.io/participants/profile/david_buttrey.png,,rare-evo,,1,,,Rare Evo 2026,,,active,Rare Evo 2026 (Main),152,
David Chernis,"Director, Flexible Compute Platforms",CPower,,,,,,,https://miningdisrupt.com/assets/images/gallery12/62c268df.png?v=0308a4f1,,mining-disrupt,,1,,,,,,,,,
David Gallo,President,Pledge Protocol,,,,,,,https://cdn.prod.website-files.com/61e87bb144d08a09b725b693/6877a7b58a3f1e3be869f07d_DavidGallo_HEAD.JPG,,blockchain-futurist-florida,,1,,,,,,,,,
David Johansson,CEO,NordBit,,,,,,,,,bitcoin-amsterdam,,1,,,,,,,,,
David Kennedy,Founder,BTG Computing,,,,,,,https://miningdisrupt.com/assets/images/gallery10/4266c16a.png?v=0308a4f1,,mining-disrupt,,1,,,,,,,,,
David Low,,Hata Digital Sdn Bhd,,,,,,,,,coinfest-asia,2026,1,,,,,,,,,
David Mkrtchyan,SEO Team Lead,VBET,"With 8 years of experience in the iGaming industry, covering product lifecycle from development to optimisation, David Mkrtchyan has built a solid understanding of what it takes to succeed in this competitive field. He believes SEO is about balancing traditional techniques with new trends to deliver long-term results. At VBET, a globally recognised betting and gaming platform powered by BetConstruct, he focuses on boosting brand visibility and engaging users through strategic SEO.",,,,,,https://tickets.sigma.world/img/speakers/tmp/speaker-1621-1756213321.png,,sigma-world-rome,,1,,,"SiGMA World 2026 (Rome, Fiera Roma, Nov 2-5 2026)",,,,,,sigma.world/summits/world/speakers (Central Europe 2025 + SiGMA World Past speakers)
David Namdar,CEO,BNB Network,,,,,,,,,binance-blockchain-week,2025,1,,https://crypto.ro/en/news/binance-blockchain-week-2025/,,,,,,,
David Saul Acosta,Strategic Partnerships & Web3 Lead,E11EVEN Miami,,,,,,,https://cdn.prod.website-files.com/61e87bb144d08a09b725b693/68e70d9350d7502382d0d694_DavidAcosta_HEAD%201.png,,blockchain-futurist-florida,,1,,,,,,,,,
David Schwartz,CTO Emeritus,Ripple,,,,,,,https://cdn.prod.website-files.com/6a06ea4ffe8dbdfa0d41575d/6a319b1d9a932d9fe80bd80b_David%20Schwartz.avif,,ripple-swell-apex,2026,1,,,,,,,,,
David Wachsman,CEO,Wachsman,,,,,,,https://cdn.prod.website-files.com/61e87bb144d08a09b725b693/6852eeba5745296ac4c5da01_679bafdc4af8710801818629_DavidWachsman_HEAD.webp,,blockchain-futurist-florida,,1,,,,,,,,,
David Yatom Hay,General Counsel,Soft2Bet,,,,,,,https://tickets.sigma.world/img/speakers/tmp/speaker-588-1760609329.png,,sigma-world-rome,,1,,,"SiGMA World 2026 (Rome, Fiera Roma, Nov 2-5 2026)",,,,,,sigma.world/summits/world/speakers (Central Europe 2025 + SiGMA World Past speakers)
David Zell,Co-Founder and Co-President,Bitcoin Policy Institute,"Co-Founder and Co-President of the Bitcoin Policy Institute. Prior to his work in the digital asset space, he co-founded ASAP, a nonprofit organization that successfully halted billions in private prison financing. Having studied Political Science at the University of Alabama, Zell brings a strong background in public policy and advocacy to advancing Bitcoin adoption and understanding.",,,,,,https://static.wixstatic.com/media/5b61ba_96c40bea092a4eabb157eaabb5822561~mv2.png,,bitcoin-policy-summit,2025,1,,https://www.btcpolicysummit.org/2025-speakers,Bitcoin Policy Summit 2025,,,,,,
Davinci Jeremie,CEO,Davinci Codes Software Design,"Davinci Jeremie is a Bitcoin educator and entrepreneur dedicated to making crypto simple and practical. He runs the B4B (Bitcoin for Beginners) program, hosts live workshops and mentorships, and produces clear, hands-on guidance on buying, securing and using Bitcoin and Lightning. His teaching focuses on real-world custody, seed security and helping newcomers build confidence with crypto.",,,,,,https://cdn.prod.website-files.com/687f979126432c8ce843e6d7/68eea683efa80faec219fe18_dF6uIEOGQUiV0C42hYdTHXpQOPtYXHvm4QJscV9ZZ9E.webp,,bitcoin-mena,2025,1,,https://mena.b.tc/speakers,Bitcoin MENA,,,,,,
Dawn Musil,Chief of Staff,Edge City,,,,,,,,,bitcoin-asia,,1,,,,,,,,,
Dean Akinjobi,CEO,Footbal Media,"Dean Akinjobi has been active in crypto since 2010 and is CEO of Football Media, a global digital advertising and sponsorship agency with a network generating over 41 million monthly unique visitors. The company helps brands engage global audiences through digital marketing across Web2 and Web3, secures sponsorships with football clubs and ambassadors, and provides marketing activation strategies for numerous crypto and blockchain-related brands.",,,,,,https://tickets.sigma.world/img/speakers/tmp/speaker-705-1758274744.png,,sigma-world-rome,,1,,,"SiGMA World 2026 (Rome, Fiera Roma, Nov 2-5 2026)",,,,,,sigma.world/summits/world/speakers (Central Europe 2025 + SiGMA World Past speakers)
Dean Skurka,President & CEO,WonderFi,,,,,,,https://cdn.prod.website-files.com/61e87bb144d08a09b725b693/688112731be60251eb7e6908_DeanSkurka_HEAD%202.png,,blockchain-futurist-florida,,1,,,,,,,,,
Debbie Deer,CEO & Founder,Orion Digital Innovations and Creations Inc.,,,,,,,,,blockchain-futurist-toronto,,1,,,Blockchain Futurist Conference Toronto 2026,Toronto 2026,,,,,
Debbie Soon,Head of Marketing,Privy,"Debbie Soon is a Singaporean entrepreneur, investor, and marketing leader, currently Head of Marketing at Privy, a crypto infrastructure company helping bring users onchain. She is the author of Digital Mavericks, a guide to Web3 and blockchain innovation, and a two-time founder, including HUG, a creator-focused platform acquired by .ART. With a background spanning finance, tech, and consumer businesses, she’s known for bridging technology, creativity, and community in the Web3 space.",,,https://x.com/debsoon?lang=en,,,https://api.rareevo.io/storage/domains/dev.rareevo.io/participants/profile/aOQvvWkVttxntj73Xda2Bx3ZzJMGbeFU407JYdDl.png,,rare-evo,,1,,,Rare Evo 2026,,,active,Rare Evo 2026 (Main),75,
Decentralized Mind,Humble Hodler,BitaxeSchool,,,,,,,,,bitcoin-amsterdam,,1,,,,,,,,,
Deepak Rishi,"Senior Machine Learning Engineer, Tech Lead for Generative AI Products",Axon; Ex Microsoft,,,,,,,,,blockchain-futurist-toronto,,1,,,Blockchain Futurist Conference Toronto 2026,Toronto 2026,,,,,
Demos Katsis,Deputy Mayor,"Limassol, Cyprus","Demos Katsis, born in Limassol, Cyprus, is a founding partner of KATSIS LLC, a law firm with international reach. Formerly a partner at a global firm, he became Deputy Mayor of Limassol in July 2024. A respected law professor, Demos has also served as Cyprus's assistant National Rapporteur for key EU projects on unfair commercial practices and public document legislation, contributing to important legal reforms across Europe.",,,,,,https://tickets.sigma.world/img/speakers/tmp/speaker-945-1760026925.png,,sigma-world-rome,,1,,,"SiGMA World 2026 (Rome, Fiera Roma, Nov 2-5 2026)",,,,,,sigma.world/summits/world/speakers (Central Europe 2025 + SiGMA World Past speakers)
Denis Ristic,CEO,Popiplay,"Denis Ristic is an accomplished leader in the iGaming industry with over a decade of experience. He began his career on the affiliate side, playing a key role in scaling AskGamblers and later serving as part of Catena Media’s executive team. For the past two years, Denis has led Popiplay. Under his leadership, Popiplay has expanded to a team of around 70 professionals and developed a strong portfolio of innovative games.",,,,,,https://tickets.sigma.world/img/speakers/tmp/speaker-2060-1761744441.png,,sigma-world-rome,,1,,,"SiGMA World 2026 (Rome, Fiera Roma, Nov 2-5 2026)",,,,,,sigma.world/summits/world/speakers (Central Europe 2025 + SiGMA World Past speakers)
Denis van Beetz,Director Private Banking,Van Lanschot Kempen,,,,,,,,,bitcoin-amsterdam,,1,,,,,,,,,
Dennis Porter,Official Emcee,Satoshi Action,,,,,,,https://miningdisrupt.com/assets/images/gallery08/06a1e904.png?v=0308a4f1,,mining-disrupt,,1,,,,,,,,,
Devin Holmberg,Co-Founder,Richmond Street,"Devin Holmberg is the Co-Founder of Richmond Street Inc., a Canadian digital marketing company behind YTZ.com, a leading traffic monetisation platform, and All In Affiliates, a fast-growing iGaming affiliate network. Active in affiliate marketing since 2008, Devin focuses on combining data-driven strategy and machine learning with human insight to drive sustainable partner growth.",,,,,,https://tickets.sigma.world/img/speakers/tmp/speaker-2016-1760698122.png,,sigma-world-rome,,1,,,"SiGMA World 2026 (Rome, Fiera Roma, Nov 2-5 2026)",,,,,,sigma.world/summits/world/speakers (Central Europe 2025 + SiGMA World Past speakers)
Dhananjay Purohit,,ngx_l402,,,,https://x.com/DhananjayPuroh,,nostr:https://njump.me/npub1qnw27f2jsqvn05wzpd56m7ykgmepk57p0yrzw8fzc7lfhjkmjmqqmd9r6h; github:https://github.com/DhananjayPurohit,https://btcpp.nyc3.digitaloceanspaces.com/speakers/4bd869358ac0-400.avif,,bitcoin-plusplus-berlin,,1,,,,,,,,,
Didier Lavallée,Founder & CEO,Tetra Digital Group,,,,,,,,,blockchain-futurist-toronto,,1,,,Blockchain Futurist Conference Toronto 2026,Toronto 2026,,,,,
Diego Baez,Founder & CEO,Bloxcross Inc,,,,,,,https://cdn.prod.website-files.com/61e87bb144d08a09b725b693/68beed70d016067ed6a8c305_diegobaez_head_720.jpg,,blockchain-futurist-florida,,1,,,,,,,,,
Diego Kolling,Head of Bitcoin Strategy,Méliuz,"Head da Estratégia Bitcoin do Méliuz, a empresa com mais Bitcoins na América Latina.",,,,,https://x.com/diegokolling,https://satsconf.com.br/wp-content/uploads/2025/09/Group-413.png,,satsconf,2025,1,,,SatsConf,,,,,,
Diego Ojeda,President,Rilea Group,,,,,,,https://cdn.prod.website-files.com/61e87bb144d08a09b725b693/68a85fc3280cb05150c91b8b_DiegoOjeda_HEAD%201.png,,blockchain-futurist-florida,,1,,,,,,,,,
Dieter Braekeveld,Intelligence & Investigations Manager,International Olympic Committee,"Dieter serves as Intelligence and Investigations Manager within the Olympic Movement Unit on the Prevention of the Manipulation of Competitions. In this capacity, he oversees the collection and analysis of information and data, conducts risk assessments and leads investigations into cases of competition manipulation. Before joining the IOC, Dieter contributed to sports integrity efforts at INTERPOL, the International Police Cooperation Organisation. A Belgian national, he brings over a decade of experience in the international sports integrity environment.",,,,,,https://tickets.sigma.world/img/speakers/tmp/speaker-1897-1759822149.png,,sigma-world-rome,,1,,,"SiGMA World 2026 (Rome, Fiera Roma, Nov 2-5 2026)",,,,,,sigma.world/summits/world/speakers (Central Europe 2025 + SiGMA World Past speakers)
Digvijay Chand Yaduka,,,,,,,,,,,bitcoin-asia,,1,,,,,,,,,
Dina Mainville,Founder,Orqa,,,,,,,,,blockchain-futurist-toronto,,1,,,Blockchain Futurist Conference Toronto 2026,Toronto 2026,,,,,
Dion Degrand,Chief Executive Officer,Rawlinson & Hunter Group of Companies in the Cayman Islands,,,,,,,,,blockchain-futurist-toronto,,1,,,Blockchain Futurist Conference Toronto 2026,Toronto 2026,,,,,
Dishang Patel,Head of Digital Assets,RAKBANK,"Leading the banking charge for RAKBANK in the world of Digital Assets. With a background in Banking, Consulting, and Venture, Dishang brings a very rounded perspective whilst considering DeFi enablement possibilities to TradFi environments.",,,,,,https://cdn.prod.website-files.com/687f979126432c8ce843e6d7/691de94b6c99a1121bdeaad7_4a909c08765c2b1693d1f42b.webp,,bitcoin-mena,2025,1,,https://mena.b.tc/speakers,Bitcoin MENA,,,,,,
Dmitry Belianin,Founder,Menace,"After 15+ years leading marketing and commercial teams at operators, suppliers and affiliates, Dmitry Belianin did something bold in 2023: he left the comfort of the corporate world to dive headfirst into start-up life. Since then, he’s become a Managing Partner, co-founder and investor in some of iGaming’s most exciting young companies, including Already Media, Blask and Ebaka Games. He is also the host of the 15M Mastery podcast, where he shares insights and conversations with industry leaders.",,,,,,https://tickets.sigma.world/img/speakers/tmp/speaker-202-1761316560.png,,sigma-world-rome,,1,,,"SiGMA World 2026 (Rome, Fiera Roma, Nov 2-5 2026)",,,,,,sigma.world/summits/world/speakers (Central Europe 2025 + SiGMA World Past speakers)
Dmitry Fedotov,Head,EMERGING TECH at ADGM,Head of EMERGING TECH at ADGM,,,,,logo:https://blockchain-life.com/wp-content/uploads/2025/03/footer-logo2x-111.svg,https://blockchain-life.com/wp-content/cache/thumb/a8/3ca5b404e1e1aa8_420x460_notcrop.webp,,blockchain-life-forum,2026,1,,,,,,,,,
Dmitry Lazarichev,Co-Founder,Wirex,"Dmitry Lazarichev Co-founded Wirex in 2014 and has been an integral force in the rapid growth of the company. Dmitry also leads Finance, Risk, Compliance and Legal teams and is responsible for Corporate Strategy at Wirex. He is seen as a significant voice in the crypto and blockchain arena. He has 20 years’ worth of Financial experience and is a serial entrepreneur and he aims to provide everyone access to the most innovative financial services.",,,,,,https://tickets.sigma.world/img/speakers/tmp/speaker-1598-1755852326.png,,sigma-world-rome,,1,,,"SiGMA World 2026 (Rome, Fiera Roma, Nov 2-5 2026)",,,,,,sigma.world/summits/world/speakers (Central Europe 2025 + SiGMA World Past speakers)
Dmitry Starostenkov,CEO,EvenBet Gaming,"Dmitry Starostenkov is CEO of EvenBet Gaming, a leader in iGaming innovation and growth. With over 20 years in high-tech and IT, he has led EvenBet since 2004, specialising in poker software, market expansion and strategic management. As a startup founder and frequent speaker, Dmitry is a respected industry thought leader.",,,,,,https://tickets.sigma.world/img/speakers/tmp/speaker-1895-1759821902.png,,sigma-world-rome,,1,,,"SiGMA World 2026 (Rome, Fiera Roma, Nov 2-5 2026)",,,,,,sigma.world/summits/world/speakers (Central Europe 2025 + SiGMA World Past speakers)
Dmytro Matiukha,CEO,Betinvest,"Dmytro Matyukha is the Chief Executive Officer of Betinvest LTD, a global B2B provider of technology solutions for the sports betting and gaming industry. With a strong vision for innovation and growth, he leads the company’s strategic development and international expansion, ensuring Betinvest remains at the forefront of the rapidly evolving iGaming landscape. His work focuses on driving digital transformation, developing next-generation betting products, and strengthening partnerships with operators and platforms worldwide.",,,,,,https://tickets.sigma.world/img/speakers/tmp/speaker-2057-1761057704.png,,sigma-world-rome,,1,,,"SiGMA World 2026 (Rome, Fiera Roma, Nov 2-5 2026)",,,,,,sigma.world/summits/world/speakers (Central Europe 2025 + SiGMA World Past speakers)
Dmytro Sorysh,"Head of AI products, AI Domain Product Officer",RedCore,"Dmytro Sorysh is the Head of Product, AI Solutions at RedCore, where he leads the development of automation platforms redefining player and customer engagement through voice and conversational AI. His career spans from enterprise environments like Shell to fast-growing startups, always focused on measurable business outcomes. At RedCore, Dmytro combines product vision with deep AI expertise to turn complex CRM and support operations into data-driven ecosystems. His goal is to make business communication fully autonomous and instantly impactful.",,,,,,https://tickets.sigma.world/img/speakers/tmp/speaker-1940-1760104646.png,,sigma-world-rome,,1,,,"SiGMA World 2026 (Rome, Fiera Roma, Nov 2-5 2026)",,,,,,sigma.world/summits/world/speakers (Central Europe 2025 + SiGMA World Past speakers)
Domenico Vacchiano,Co-Founder & CTO,SlotMatic,"Domenico Vacchiano is a seasoned technology executive with 20+ years of experience in iGaming and fintech, specialising in large-scale software architecture and cloud innovation. Starting at IBM as a consultant for Citibank and JP Morgan, later Domenico held senior roles at leading gambling technology brands including Derivco/Microgaming, Betway, WeAreCasino and Gaming Innovation Group (GIG). Domenico is former Director of Engineering at Catena Media and Casumo, and a multi-certified AWS professional with expertise across cloud architecture, AI/ML, and serverless technologies.",,,,,,https://tickets.sigma.world/img/speakers/tmp/speaker-1981-1760513675.png,,sigma-world-rome,,1,,,"SiGMA World 2026 (Rome, Fiera Roma, Nov 2-5 2026)",,,,,,sigma.world/summits/world/speakers (Central Europe 2025 + SiGMA World Past speakers)
Dominic Williams,Founder & Chief Scientist,DFINITY (ICP),Founder & Chief Scientist of DFINITY (ICP),,,,,logo:https://blockchain-life.com/wp-content/cache/thumb/0e/006111b27feab0e_160x0.png,https://blockchain-life.com/wp-content/cache/thumb/83/bf0c32a5eafa283_420x460_notcrop.webp,,blockchain-life-forum,2026,1,,,,,,,,,
Dominik Weil,Co-Founder,BitcoinVN,,,Vietnam,,,,,,bitcoin-asia,,1,,,,,,,,,
Don Tapscott,Executive Chairman & CEO,Blockchain Research Institute (BRI),,,,,,,,,blockchain-futurist-toronto,,1,,,Blockchain Futurist Conference Toronto 2026,Toronto 2026,,,,,
Donald Trump Jr.,,World Liberty Financial,,,,,,,https://cdn.prod.website-files.com/6756df8f05088bc3e51c64c0/6971ab95f78228ab54b2689c_Trump%20JS%20Speaker.avif,Featured in CTA banner (not in main speaker grid),token2049-singapore,2026,1,,https://www.token2049.com/singapore/speakers,TOKEN2049 Singapore,,,,,,
Dott. Antonio Giuliani,Manager,Italian Customs and Monopolies Agency (ADM),"With a solid background in public administration focused on gaming regulation, Giuliani is responsible for ensuring a balance between player protection, market legality, and payment security. He is an expert in the regulations governing online gambling, promoting practices that ensure transparency and reliability in the payment systems used in the sector. His contribution is crucial in addressing challenges related to technological innovation and the need for control and fraud prevention, fostering sustainable development of remote gaming in Italy.",,,,,,https://tickets.sigma.world/img/speakers/tmp/speaker-2170-1761744468.png,,sigma-world-rome,,1,,,"SiGMA World 2026 (Rome, Fiera Roma, Nov 2-5 2026)",,,,,,sigma.world/summits/world/speakers (Central Europe 2025 + SiGMA World Past speakers)
Doug Wilson,Head of Credit,Coinbase,,,,,,,https://miningdisrupt.com/assets/images/gallery10/c6b6dd16.png?v=0308a4f1,,mining-disrupt,,1,,,,,,,,,
Douglas Bakkum,CEO,BitBox,,,,,,,,,bitcoin-amsterdam,,1,,,,,,,,,
Dr Aftab Rizvi,CEO,Gaming Associates,"Dr. Aftab Rizvi is an internationally recognised iGaming compliance and regulatory advisor with over 25 years of experience in iGaming compliance, audits, regulatory frameworks and cybersecurity. He is the founder of Gaming Associates, an internationally recognised, accredited test lab approved in over 55 jurisdictions. His expertise includes drafting technical requirements, compliance policies and implementing global standards such as ISO/IEC 27001, PCI DSS, GDPR, and NDB.",,,,,,https://tickets.sigma.world/img/speakers/tmp/speaker-1620-1756213290.png,,sigma-world-rome,,1,,,"SiGMA World 2026 (Rome, Fiera Roma, Nov 2-5 2026)",,,,,,sigma.world/summits/world/speakers (Central Europe 2025 + SiGMA World Past speakers)
Dr Andreas Ditsche,CEO,iGaming.com Group GmbH,"Dr. Andreas Ditsche is CEO of iGaming.com Group GmbH, a leading global affiliate company in the regulated online gambling industry. With a dual background in management academia and executive leadership, he brings a unique perspective to the intersection of ethics, digital innovation and regulated markets. As a university professor, Dr. Ditsche lectures on innovation management, entrepreneurship and business ethics, focusing on responsible leadership in complex environments. He is a vocal advocate for player protection and sustainable industry practices.",,,,,,https://tickets.sigma.world/img/speakers/tmp/speaker-1829-1759150939.png,,sigma-world-rome,,1,,,"SiGMA World 2026 (Rome, Fiera Roma, Nov 2-5 2026)",,,,,,sigma.world/summits/world/speakers (Central Europe 2025 + SiGMA World Past speakers)
Dr Emanuele Canegrati,"Economist, Member of Villa Vigoni",,"Dr. Emanuele Canegrati is an economist at the Italian Presidency of the Council of Ministers, focusing on Next Generation EU Fund. He is also a member of the Collegio degli Esperti at the National Council for Economics and Labour (CNEL). Dr. Canegrati holds a PhD in Public Economics and Finance from the Catholic University of Milan and was a Visiting Researcher at the London School of Economics. He is head of the Economic Department of the Scientific Council of Fondazione Magna Carta in Rome.",,,,,,https://tickets.sigma.world/img/speakers/tmp/speaker-1823-1759139621.png,,sigma-world-rome,,1,,,"SiGMA World 2026 (Rome, Fiera Roma, Nov 2-5 2026)",,,,,,sigma.world/summits/world/speakers (Central Europe 2025 + SiGMA World Past speakers)
Dr Kyle Scerri,Senior Manager – Legal,CSB International,"Dr Kyle Scerri joined CSB Group in November 2020. His role initially focused on managing the Gaming and Fintech sectors within the organisation. In July 2024, he advanced to the position of Senior Manager within the Legal department. Kyle read law at the University of Malta whereby he was conferred a Bachelor of Laws degree and progressed to achieve a Doctor of Laws degree in 2017. He went on to further his studies at the University of London and has been conferred the degree of Master of Laws in Banking and Finance Law. Throughout his career, Kyle has assumed different positions at companies in the financial auditing and advisory space. Prior to joining CSB, he also formed part of a blockchain advisory firm and a locally based law firm. Throughout his career, his main fields of specialisation have always been financial services, capital markets and remote gambling, advising a range of enterprises and promoters in each relevant space along the way.",,,,,,https://tickets.sigma.world/img/speakers/tmp/speaker-1796-1758715427.png,,sigma-world-rome,,1,,,"SiGMA World 2026 (Rome, Fiera Roma, Nov 2-5 2026)",,,,,,sigma.world/summits/world/speakers (Central Europe 2025 + SiGMA World Past speakers)
Dr Theodoros Christodoulou,Co-Founder & CEO,Lab4crypto,"Dr. Theodoros Christodoulou created Lab4Crypto, a quantitative analytics platform designed to empower professional and retail investors, as well as institutions, to make informed decisions in the crypto market. In less than a year, Lab4Crypto has grown to a thriving community of over 100,000 followers. A former nuclear physicist who transitioned from academia to pursue crypto full-time, Dr. Theodoros leverages his expertise to develop unique models and quantitative strategies for the crypto market. He is deeply passionate about the future of crypto and is committed to helping others navigate its complexities.",,,,,,https://tickets.sigma.world/img/speakers/tmp/speaker-864-1760428890.png,,sigma-world-rome,,1,,,"SiGMA World 2026 (Rome, Fiera Roma, Nov 2-5 2026)",,,,,,sigma.world/summits/world/speakers (Central Europe 2025 + SiGMA World Past speakers)
Dr. Amber D. Scott,Co-Founder & Chairperson,Outlier Compliance Group,,,,,,,,,blockchain-futurist-toronto,,1,,,Blockchain Futurist Conference Toronto 2026,Toronto 2026,,,,,
Dr. Ben Goertzel,CEO,SingularityNet and ASI Alliance,,,,,,,https://cdn.prod.website-files.com/61e87bb144d08a09b725b693/68c2b5e370adeeaabb761e48_BenGoertzel_HEAD%201.png,,blockchain-futurist-florida,,1,,,,,,,,,
Dr. Francis Bellido,CEO,"Quantum eMotion (NYSE: QNC, CVE: QNC)",,,,,,,,,blockchain-futurist-toronto,,1,,,Blockchain Futurist Conference Toronto 2026,Toronto 2026,,,,,
Dr. Guneet Kaur,Senior Editor,Crypto Citizens Network (CCN),,,,,,,,,blockchain-futurist-toronto,,1,,,Blockchain Futurist Conference Toronto 2026,Toronto 2026,,,,,
"Dr. Hon Johnny NG, Kit Chong MH, JP","Member of National Committee of CPPCC; Chairman of Panel on Commerce, Industry, Innovation and Technology",Legislative Council of Hong Kong,,,Hong Kong,,,,,,bitcoin-asia,,1,,,,,,,,,
Dr. Marwan Alzarouni,CEO,Dubai Blockchain Center,CEO of Dubai Blockchain Center,,,,,logo:https://blockchain-life.com/wp-content/cache/thumb/93/a510a057baa5b93_160x0.png,https://blockchain-life.com/wp-content/cache/thumb/52/257895171a2c052_420x460_notcrop.webp,,blockchain-life-forum,2026,1,,,,,,,,,
Dr. Peter Connor,Founder,Scottish Bitcoin Conference,,,,https://x.com/GlasgowBitcoin,,,,,planb-forum-lugano,2026,1,,,,,,,,,
Dr. Pippa Malmgren,CEO,Geopolitica Institute,"Dr. Pippa Malmgren is the founder and CEO of Geopolitica Institute and a Strategic Advisor to C10 Labs, the MIT Media Lab-based AI Venture Builder Studio. She is on the Young Presidents Organization Faculty and a Senior Associate Fellow of RUSI, the world’s leading defense think tank. She is also a Founder member of LUNARC, a lunar university project. She launched an award-winning drone startup and continues to advise several startups and startup incubators on cutting-edge technologies. She was formerly the economic advisor to President George W. Bush at the White House and a member of the National Economic Council. She served on the board of the British Government and as an advisor to the President of Malaysia. Before joining public service, she was the Chief Currency Strategist for Bankers Trust and as the Deputy Head of Global Strategy at UBS. She is also an award-winning bestseller author: The Leadership Lab won Business Book of the Year in 2019. She won an International Press Award 2020 for her book, The Infinite Leader, in 2021. She writes a column about the world economy, technology, and geopolitics on Substack called Dr. Pippa’s Pen and Podcast. She has a BA from Mount Vernon College and an M.Sc. and PhD from LSE in International Political Economy. She completed the Harvard Program on National Security and has lectured at Duke University in the Global Executive MBA Program (GEMBA) and at Sandhurst, The Royal College for Defense Studies, and at the Air Force Academy.",,,,,,https://cdn.prod.website-files.com/687f979126432c8ce843e6d7/693514da0c8a1ded4c87fe7e_c7c61e62f7d149c72b1dc7e6.webp,,bitcoin-mena,2025,1,,https://mena.b.tc/speakers,Bitcoin MENA,,,,,,
Dr. Sara Al Madani,The Emirati Entrepreneur,,"Sara Al Madani, widely known as Dr. Sara Al Madani, is a renowned entrepreneur, fashion designer, restaurateur and tech-preneur. She had the vision to launch her first business at the age of 15, demonstrating determination from an early age. Over the years, she has built a diverse portfolio across multiple industries, establishing herself as a pioneering businesswoman and influential voice in the entrepreneurial landscape. Sara Al Madani is the originator of the viral philosophy 'Job Your Love' – a call to build your life around what truly ignites you, transforming passion into purpose, work into freedom, and success into authentic impact.",,,,,,https://tickets.sigma.world/img/speakers/tmp/speaker-1599-1755852969.png,,sigma-world-rome,,1,,,"SiGMA World 2026 (Rome, Fiera Roma, Nov 2-5 2026)",,,,,,sigma.world/summits/world/speakers (Central Europe 2025 + SiGMA World Past speakers)
Dr. Tyrone Moodley,"Managing Director, Capital Strategy",Migodi-Auric,,,,,,,,,blockchain-futurist-toronto,,1,,,Blockchain Futurist Conference Toronto 2026,Toronto 2026,,,,,
Dr. Zuoxing Yang,Founder & CEO,MicroBT,Founder & CEO of MicroBT,,,,,logo:https://blockchain-life.com/wp-content/cache/thumb/17/d1b6d5919a63817_160x0.png,https://blockchain-life.com/wp-content/cache/thumb/9a/b1487e1f324829a_420x460_notcrop.webp,,blockchain-life-forum,2026,1,,,,,,,,,
Drew Potter,Partnerships Manager,Brave,,,,,,,,,blockchain-futurist-toronto,,1,,,Blockchain Futurist Conference Toronto 2026,Toronto 2026,,,,,
"Duncan Coombe aka ""I Am GPIO""",Design Engineer in the Home Mining Space,The Solo Mining Co',,,,,,,,,bitcoin-amsterdam,,1,,,,,,,,,
"Dustin Robinson, Esq. CPA",Founding Partner,LumaLex Law,,,,,,,https://cdn.prod.website-files.com/61e87bb144d08a09b725b693/68f6f690f18cdbee0d969c03_DustinRobinson_HEAD.jpeg,,blockchain-futurist-florida,,1,,,,,,,,,
Dustin Stockton,Managing Partner,Look,,,,,,,https://cdn.prod.website-files.com/61e87bb144d08a09b725b693/68ff8373a795b7631cf48ff9_DustinStockton_HEAD%201.png,,blockchain-futurist-florida,,1,,,,,,,,,
Dusty Daemon,Protocol Developer,Lightning,,,,,,,,,bitcoin-amsterdam,,1,,,,,,,,,
Dylan Dewdney,CEO & Co-Founder,Kuvi.ai,,,,,,,https://cdn.prod.website-files.com/61e87bb144d08a09b725b693/68d3ec7a886376f36a2bd762_DylanDewdney_HEAD%203.png,,blockchain-futurist-florida,,1,,,,,,,,,
Dylan LeClair,Head of Bitcoin Strategy,Metaplanet,"Dylan LeClair leads Metaplanet’s corporate Bitcoin strategy, advancing its mission to integrate Bitcoin into the core of public capital markets.",,,,,,https://cdn.prod.website-files.com/687f979126432c8ce843e6d7/6911fc88d02f728a7c9fcb33_5tR53k3PR5pbJBXR9boO3r7DT-s4Yu5vtzlBeh9ZpMY.webp,,bitcoin-mena,2025,1,,https://mena.b.tc/speakers,Bitcoin MENA,,,,,,
"Earl L. ""Buddy"" Carter",U.S. Congressman (R-GA),U.S. House of Representatives,"Has served as the U.S. Representative for Georgia's 1st Congressional District since 2015. A pharmacist by training, he brings a deep understanding of healthcare to his legislative work, with a focus on pharmaceutical policy, public health, and digital innovation. Carter is recognized for advancing policies that promote technological progress and modernize the healthcare system.",,,,,,https://static.wixstatic.com/media/5b61ba_08d4b0ba67c94586a2094841db175788~mv2.jpg,,bitcoin-policy-summit,2025,1,,https://www.btcpolicysummit.org/2025-speakers,Bitcoin Policy Summit 2025,,,,,,
Ece Belgin,Founder,ETHIstanbul,,,,,,,,,blockchain-futurist-toronto,,1,,,Blockchain Futurist Conference Toronto 2026,Toronto 2026,,,,,
Eduarda Lobato,Educator / Content Creator,Blink Wallet,Educadora e criadora de conteúdo na Blink Wallet. Há cinco anos ensina sobre Bitcoin e Autocustódia nas suas redes sociais.,,,,,https://x.com/eduardalobatoo,https://satsconf.com.br/wp-content/uploads/2025/09/Group-410.png,,satsconf,2025,1,,,SatsConf,,,,,,
Eduardo Guo,Vice President,FBOX,,,,,,,https://miningdisrupt.com/assets/images/gallery08/5b8f2bb2.png?v=0308a4f1,,mining-disrupt,,1,,,,,,,,,
Edward Hill,"Deputy Chairman, Policy and Finance",States of Alderney,,,,,,,,,bitcoin-amsterdam,,1,,,,,,,,,
Edward Johnson,Chief Product Officer,Autheo,,,,,,,,,blockchain-futurist-toronto,,1,,,Blockchain Futurist Conference Toronto 2026,Toronto 2026,,,,,
Efe Kelemci,Co Founder,Crypto Kid,"Teen Bitcoiner, Macro Analyst and Educator",,,,,,https://cdn.prod.website-files.com/687f979126432c8ce843e6d7/6937aa7ec3f4ab8fc28af21c_30kohohojhnzgWi_KXue9Be3stVqGPSCQi21wo_PukA.webp,,bitcoin-mena,2025,1,,https://mena.b.tc/speakers,Bitcoin MENA,,,,,,
Efrat Fenigson,,,,,,https://x.com/efenigson,,,https://btchel.com/wp-content/uploads/2025/12/Efrat-Fenigson-1024x1024.jpg,,btchel,,1,,,,,,,,,
ek,,independent,,,,,,github:https://github.com/ekzyis; website:https://ekzy.is/,https://btcpp.nyc3.digitaloceanspaces.com/speakers/b04dfa1b9859.jpg,,bitcoin-plusplus-berlin,,1,,,,,,,,,
Eleanor Terrett,Journalist,Crypto in America (podcast/newsletter),"A journalist and co-host of the Crypto In America podcast and newsletter, focusing on U.S. cryptocurrency policy and regulation. Formerly a reporter and producer at Fox Business, she worked alongside senior correspondent Charles Gasparino, covering major stories like the SEC v. Ripple lawsuit. Terrett is recognized as a leading voice in crypto journalism, with her reporting acknowledged by industry figures such as David Sacks and Michael Saylor.",,,,,,https://static.wixstatic.com/media/5b61ba_b832a10745074b8aa6e7ff595edb64e3~mv2.jpg,,bitcoin-policy-summit,2025,1,,https://www.btcpolicysummit.org/2025-speakers,Bitcoin Policy Summit 2025,,,,,,
Eleanor Terrett,Co-Founder & Co-Host,Crypto In America,"Eleanor Terrett is an award-winning journalist and co-founder of the Crypto In America podcast and newsletter. Over the past two years, she has become one of the most trusted sources for breaking news on crypto policy and regulation in Washington. Prior to launching her independent media platform, she spent nine years at FOX Business, including four years covering crypto policy alongside veteran financial journalist and author Charles Gasparino.",,,https://x.com/EleanorTerrett,https://www.linkedin.com/in/eleanor-terrett-b9a77292/,,https://api.rareevo.io/storage/domains/rareevo.io/participants/profile/eleanor_terrett.png,,rare-evo,,1,,,Rare Evo 2026,,,active,Rare Evo 2026 (Main),175,
Electra Frost,"Director, Accounting Technologist",Digital Playhouse Foundation Ltd,,,,,,,,,bitcoin-asia,,1,,,,,,,,,
Elena Mannucci,TV Presenter,,,,,,,,https://tickets.sigma.world/img/speakers/tmp/speaker-2120-1761640398.png,,sigma-world-rome,,1,,,"SiGMA World 2026 (Rome, Fiera Roma, Nov 2-5 2026)",,,,,,sigma.world/summits/world/speakers (Central Europe 2025 + SiGMA World Past speakers)
Elena Sinelnikova,Co-Founder,Metis & CryptoChicks,,,,,,,https://cdn.prod.website-files.com/61e87bb144d08a09b725b693/6852eebca0cb4f4f7a191243_67ae2a27a4a8aaaa98f8891c_Screenshot%25202025-02-14%2520at%25201.21.28%25E2%2580%25AFAM.png,,blockchain-futurist-florida,,1,,,,,,,,,
Eleonora Incardona,Ambassador,DAZN BET Club,Eleonora is a famous sport personality in Europe. She is Ambassador of the cycling race Giro d'Italia and with DAZN she joined the FIFA Club World Cup and participates every weekend to Serie A matches to give analysis and predictions before the match from the pitch for DAZN BET Club.,,,,,,https://tickets.sigma.world/img/speakers/tmp/speaker-2194-1761921266.png,,sigma-world-rome,,1,,,"SiGMA World 2026 (Rome, Fiera Roma, Nov 2-5 2026)",,,,,,sigma.world/summits/world/speakers (Central Europe 2025 + SiGMA World Past speakers)
Elidio do BTC,Content Producer,Independent,Tomei um bloqueio judicial e descobri que não existe justiça nesse mundo. Conhecer o bitcoin e aprender como usar ao meu favor me trouxe liberdade e riqueza. Hoje ensino tudo o que aprendi para as outras pessoas.,,,,,https://instagram.com/elidiosegundo,https://satsconf.com.br/wp-content/uploads/2025/09/Group-427.png,,satsconf,2025,1,,,SatsConf,,,,,,
Elina Cohen,General Counsel,QuickNode,,,,,,,https://cdn.prod.website-files.com/61e87bb144d08a09b725b693/68cd589d1dbcc9f304259ea0_elinacohen_head_720%201.png,,blockchain-futurist-florida,,1,,,,,,,,,
Elizabeth McFaul,Ecosystem Marketing Lead,Solana Foundation,,,,,,,,,blockchain-futurist-toronto,,1,,,Blockchain Futurist Conference Toronto 2026,Toronto 2026,,,,,
Elizabeth Stark,CEO & Co-Founder,Lightning Labs,,,,https://x.com/starkness,,,,,planb-forum-lugano,2026,1,,,,,,,,,
Ella Zhang,Head,YZi Labs,"Infrastructure trends, early-stage investment patterns, and Web3 growth technologies.",,,,,,,,binance-blockchain-week,2025,1,,https://www.binance.com/en/square/post/12-03-2025-binance-blockchain-week-dubai-2025-10-speakers-you-cannot-miss-33203289077641,,,,,,,
Elvin Folkebrant Sababi,Senior Legal Counsel,dYdX Operations subDAO,,,,,,,,,bitcoin-amsterdam,,1,,,,,,,,,
Emanuel Toste,"Director, Experience Design – Wealth Management",BMO,,,,,,,,,blockchain-futurist-toronto,,1,,,Blockchain Futurist Conference Toronto 2026,Toronto 2026,,,,,
Emile Jellinek,Builder,KaleidoSwap & Bitcoin Torino,,,,https://x.com/emilejellinek,,,,,planb-forum-lugano,2026,1,,,,,,,,,
Emiliano Sanchez,CCO,Mancala Gaming,"Emiliano Sanchez is the CCO at Mancala Gaming, where he oversees the company’s global commercial strategy, partner relations, and cross-market expansion. With over 17 years of experience in the iGaming industry, covering both B2B and B2C verticals, Emiliano has been instrumental in shaping Mancala’s international growth and in developing a diverse and innovative games portfolio. Throughout his career, he has focused on building bridges between operators and providers, emphasising flexible integrations, scalable gamification tools, and content tailored to modern player behaviours.",,,,,,https://tickets.sigma.world/img/speakers/tmp/speaker-554-1760513848.png,,sigma-world-rome,,1,,,"SiGMA World 2026 (Rome, Fiera Roma, Nov 2-5 2026)",,,,,,sigma.world/summits/world/speakers (Central Europe 2025 + SiGMA World Past speakers)
Emilio Colombo,Expert IT,,"Real Estate and Infrastructure Director with over 15 years of experience, specialised in energy saving, direction of sustainable net zero constructions and management of complex projects. Has developed solid experience in financial institutions dedicated to the Real Estate industry, Non-Performing Loans and real estate securitisations, holding the role of Head of Real Estate. Additionally, has a decade of experience in the conception and management of innovative and strategic projects employing Big Data, digital identity and artificial intelligence for risk analysis. Graduated cum laude with an Executive MBA.",,,,,,https://tickets.sigma.world/img/speakers/tmp/speaker-1822-1759139579.png,,sigma-world-rome,,1,,,"SiGMA World 2026 (Rome, Fiera Roma, Nov 2-5 2026)",,,,,,sigma.world/summits/world/speakers (Central Europe 2025 + SiGMA World Past speakers)
Emilio Takas,Head of SEO,Gentoo Media,"Formerly a Visual Storytelling multifaceted digital creative, with a strong technical background on websites, design, digital marketing and analytics helping people achieving the most out of their online appearance for over 21 years, Emilio is currently Head of SEO (Sports) at Gentoo Media, which you might remember by its former name, GiG Media, the affiliate media division of GiG (Gaming Innovation Group). He is also a visiting lecturer at Athens University of Economics and Business (AUEB) teaching SEO and Marketing Analytics, a seasoned speaker and a judge to SEO and iGaming Conferences and Awards.",,,,,,https://tickets.sigma.world/img/speakers/tmp/speaker-294-1759744043.png,,sigma-world-rome,,1,,,"SiGMA World 2026 (Rome, Fiera Roma, Nov 2-5 2026)",,,,,,sigma.world/summits/world/speakers (Central Europe 2025 + SiGMA World Past speakers)
Emilio Zamparelli,Chairman,STS – FIT,"Since 2022, Emilio Zamparelli has served as National President of the Totoricevitori Sportivi Union. From 2018 to 2022, he held the position of National Vice President of the same Union, and since 2014 he has also been a member of the National Executive Committee. He has been the President of the Benevento Provincial Office (Naples Delegation) of the Italian Federation of Tobacconists continuously since 2012 and has participated as a speaker in numerous conferences dedicated to public gaming in Italy.",,,,,,https://tickets.sigma.world/img/speakers/tmp/speaker-1968-1760454091.png,,sigma-world-rome,,1,,,"SiGMA World 2026 (Rome, Fiera Roma, Nov 2-5 2026)",,,,,,sigma.world/summits/world/speakers (Central Europe 2025 + SiGMA World Past speakers)
Emily Byun,Programming Coordinator,BTC Inc.,,,,,,,https://cdn.prod.website-files.com/687f979126432c8ce843e6d7/68e933fa1586af4afeb2e5c3_38sq8DJ4FVAHnmBikXTTSts-pZcQms55AhgDMt7zKhc.webp,,bitcoin-mena,2025,1,,https://mena.b.tc/speakers,Bitcoin MENA,,,,,,
Emily Freeland,Director of Value Consulting,Zendesk,"Emily Freeland is the Director of Value Consulting at Zendesk, with over 20 years of experience in customer and employee experience, digital transformation, and technology innovation across multiple industries. She helps organisations shape strategic vision and deliver measurable outcomes, enhancing engagement, efficiency, and revenue growth. Specialising in identifying and modeling the business impact of advanced technologies, Emily enables data-driven decisions that accelerate change. A recognised speaker on strategic value and applied AI, she empowers organisations to leverage intelligent solutions for customer-centric growth.",,,,,,https://tickets.sigma.world/img/speakers/tmp/speaker-2045-1760972736.png,,sigma-world-rome,,1,,,"SiGMA World 2026 (Rome, Fiera Roma, Nov 2-5 2026)",,,,,,sigma.world/summits/world/speakers (Central Europe 2025 + SiGMA World Past speakers)
Emir Bursa,Founder & CEO,Delta3 Technologies,"Emir Bursa is the Founder of Delta3, a UK-based Web3 software company redefining how organisations monetise and engage audiences. With expertise in sports business, blockchain technology and digital memberships, his company creates subscription-based programs that empower sports and esports clubs to connect with global fans and generate new revenue streams. Guided by FanOS principals, Bursa blends innovation with his passion for sports. As a former athlete, he is committed to advancing the sports industry as a whole.",,,,,,https://tickets.sigma.world/img/speakers/tmp/speaker-1709-1757948130.png,,sigma-world-rome,,1,,,"SiGMA World 2026 (Rome, Fiera Roma, Nov 2-5 2026)",,,,,,sigma.world/summits/world/speakers (Central Europe 2025 + SiGMA World Past speakers)
Emma Todd,CEO,MMH Data Systems,,,,,,,https://miningdisrupt.com/assets/images/gallery10/337ff156.png?v=0308a4f1,,mining-disrupt,,1,,,,,,,,,
Enrico Bradamante,CEO Malta,EGT Digital,,,,,,,https://tickets.sigma.world/img/speakers/tmp/speaker-525-1760698177.png,,sigma-world-rome,,1,,,"SiGMA World 2026 (Rome, Fiera Roma, Nov 2-5 2026)",,,,,,sigma.world/summits/world/speakers (Central Europe 2025 + SiGMA World Past speakers)
Erai Beckmann,Founding Partner,Peace Through Trade Blockchain (PTT COIN),,,,,,,https://cdn.prod.website-files.com/61e87bb144d08a09b725b693/6852eeb76e143d3e0178a644_67f521c6f61032a83be40648_EraiBeckmann_HEAD%25201.png,,blockchain-futurist-florida,,1,,,,,,,,,
Eran Barak,CEO,Shielded Technologies,,,,,,,https://cdn.prod.website-files.com/61e87bb144d08a09b725b693/68a85e13734fe32faa6d6c49_EranBarak_HEAD%201.png,,blockchain-futurist-florida,,1,,,,,,,,,
Eric Spivak,CEO & Founder,New Friendship Tech,,,,,,,https://cdn.prod.website-files.com/61e87bb144d08a09b725b693/68f244b019f22ffcb0c70d34_ericspivak_head_720.jpg,,blockchain-futurist-florida,,1,,,,,,,,,
Eric Trump,Executive VP,The Trump Organization,,,,https://x.com/EricTrump,,,https://cdn.prod.website-files.com/6756df8f05088bc3e51c64ea/6a391d8fb1f4c722d3b8eed5_Speaker-Name-Eric-Trump.avif,,token2049-singapore,2026,1,,https://www.token2049.com/singapore/speakers,TOKEN2049 Singapore,,,,,,
Eric Turner,CEO,Messari,,,,,,,,,blockchain-futurist-toronto,,1,,,Blockchain Futurist Conference Toronto 2026,Toronto 2026,,,,,
Eric Yakes,Managing Partner,Epoch,"Eric Yakes is the Founder and Managing Partner of Epoch - a bitcoin infrastructure focused venture capital firm. He left the world of distressed private equity buyouts to join the bitcoin revolution by authoring The 7th Property - a best selling new release and internationally published book on bitcoin. As a CFA charter holder, his thought leadership is focused on the financial community helping them understand the revolutionary investment characteristics of bitcoin. Eric is a founding member and board Chairman of The Space - a Denver based non-profit educating the masses on economics and bitcoin.",,,,,,https://cdn.prod.website-files.com/687f979126432c8ce843e6d7/68e814fcf2a328d5a05d9935_i2tuRgWLm3vNZnt9mtEvjU1Lfu5LuentBtsHxjjTycM.webp,,bitcoin-mena,2025,1,,https://mena.b.tc/speakers,Bitcoin MENA,,,,,,
Erik De Smedt,CTO,Second,,,,,,,,,bitcoin-amsterdam,,1,,,,,,,,,
Erik Hersman,CEO,Gridless,"Erik Hersman is the CEO and co-founder of Gridless, a company building renewable energy mini-grids across Africa powered and stabilized by Bitcoin mining. Through projects in Kenya, Malawi, and Zambia, Gridless turns stranded or excess renewable power into productive local electricity and income for rural communities. A longtime technology entrepreneur and infrastructure builder, Erik’s work demonstrates how Bitcoin can be a catalyst for electrification, economic inclusion, and energy resilience across the continent.",,,,,,https://cdn.prod.website-files.com/687f979126432c8ce843e6d7/68ffaa286d83ee45cd649401_e28cb263507ae55f10d46eb9.webp,,bitcoin-mena,2025,1,,https://mena.b.tc/speakers,Bitcoin MENA,,,,,,
Erik Mendelson,Head of Crypto Division,Avanti Way Realty,,,,,,,https://cdn.prod.website-files.com/61e87bb144d08a09b725b693/68af454eef7d5a22b57d9b10_ErikMendelson_HEAD.webp,,blockchain-futurist-florida,,1,,,,,,,,,
Erin Gambrel,Founder,Proof of Sweat,"Erin Gambrel, known as The Blonde Broker, is a crypto entrepreneur, investor, and media personality with over 8 years of experience in digital assets. As the founder of Proof of Sweat, she is building the future of fitness by turning physical performance into an economy—where users earn rewards, compete, and create real value through discipline. Erin bridges the gap between macro markets, crypto infrastructure, and consumer applications through her podcast The Market Runup, the fastest growing emerging macro and tech show.",,,https://x.com/theblondebroker,,website:https://iq.wiki/wiki/erin-gambrel,https://api.rareevo.io/storage/domains/rareevo.io/participants/profile/erin_gambrel.png,,rare-evo,,1,,,Rare Evo 2026,,,active,Rare Evo 2026 (Main),142,
Errol Musk,"Entrepreneur, Digital Assets & AI Investor, Elon Musk’s father",,"Entrepreneur, Digital Assets & AI Investor, Elon Musk’s father",,,,,,https://blockchain-life.com/wp-content/cache/thumb/24/24a20e3583ecb24_420x460_notcrop.webp,,blockchain-life-forum,2026,1,,,,,,,,,
Eryka Gemma,Co-Emcee,Timelock Ventures,,,,,,,https://miningdisrupt.com/assets/images/gallery08/a2807e92.png?v=0308a4f1,,mining-disrupt,,1,,,,,,,,,
Ethan Buchman,CEO,Informal Systems / Cycles; Co-Founder Cosmos,,,,,,,,,blockchain-futurist-toronto,,1,,,Blockchain Futurist Conference Toronto 2026,Toronto 2026,,,,,
Ethan Ellenberg,CEO,Moonshot,,,,,,,https://miningdisrupt.com/assets/images/gallery10/c1c87632.png?v=0308a4f1,,mining-disrupt,,1,,,,,,,,,
Eugene Bredenkamp,Performance Janitor,Black Labz,"Eugene is currently Performance Janitor at Black Labz. He has spent the last 15 years leading data driven marketing in iGaming, crypto, SaaS and eCommerce, always with the same focus: building scalable systems that make marketing measurable and efficient. Most recently, he has been focused on automation, making sure processes like affiliate onboarding connect seamlessly to tracking, compliance and CRM. He has worked across different products, from crypto casinos to health tech, which gives him a wider toolbox.",,,,,,https://tickets.sigma.world/img/speakers/tmp/speaker-1931-1760079533.png,,sigma-world-rome,,1,,,"SiGMA World 2026 (Rome, Fiera Roma, Nov 2-5 2026)",,,,,,sigma.world/summits/world/speakers (Central Europe 2025 + SiGMA World Past speakers)
Eugene Ravdin,Head of PR,SEOBROTHERS,"Before joining SEOBROTHERS, spent 19 years with the UEFA official website in various roles, most notably as Editor in Chief of the Russian language editorial team. Worked on men's and women's UEFA EUROs, UEFA Champions League and UEFA Europa League finals, interviewed notable figures including Arsène Wenger and Guus Hiddink, and built the UEFA Champions League community on VK from scratch to one million followers. Holds a degree in IT and has rich experience as a voice over artist.",,,,,,https://tickets.sigma.world/img/speakers/tmp/speaker-570-1759394315.png,,sigma-world-rome,,1,,,"SiGMA World 2026 (Rome, Fiera Roma, Nov 2-5 2026)",,,,,,sigma.world/summits/world/speakers (Central Europe 2025 + SiGMA World Past speakers)
Evan Kuhn,President,DeLorean Labs,,,,,,,https://cdn.prod.website-files.com/61e87bb144d08a09b725b693/6852eeb5cde25f4932c8b26c_680c21d810ea3063cff21222_EvanKuhn_HEAD%25201.png,,blockchain-futurist-florida,,1,,,,,,,,,
Eve Lam,Executive Director,Morgan Stanley,,,,,,,,,blockchain-futurist-toronto,,1,,,Blockchain Futurist Conference Toronto 2026,Toronto 2026,,,,,
Everton Fraga,Amazon Web Services,Sr. Web3 Specialist,,,,,,,https://cdn.prod.website-files.com/61e87bb144d08a09b725b693/6852f6a208d9be4c79e0dffe_EvertonFraga_HEAD.jpg,,blockchain-futurist-florida,,1,,,,,,,,,
Evin McMullen,Co-Founder & CEO,Billions Network,,,,,,,,,blockchain-futurist-toronto,,1,,,Blockchain Futurist Conference Toronto 2026,Toronto 2026,,,,,
Ewa Bakun,Director of Industry Relations,Clarion Gaming,"At Clarion Gaming since 2009, Ewa Bakun has held various roles focusing on industry research, market intelligence, key stakeholder engagement, product launches, strategic initiatives and insight. Amongst her most significant achievements are launch of conferences in new markets (USA, Latin America), introduction and growth of the Sustainable Gambling Zone, DEIB advocacy, evolution of ICE into the world’s largest institutional gathering, establishment of the ICE Research Institute and successful entry into Spain.",,,,,,https://tickets.sigma.world/img/speakers/tmp/speaker-2099-1761301844.png,,sigma-world-rome,,1,,,"SiGMA World 2026 (Rome, Fiera Roma, Nov 2-5 2026)",,,,,,sigma.world/summits/world/speakers (Central Europe 2025 + SiGMA World Past speakers)
Fabian Jahr,Bitcoin Open Source Developer,Brink,Fabian works on Bitcoin Core but also supports other related Bitcoin open source projects. He is also researching protocol innovations enabled by Schnorr signatures such as CISA.,,,,,,https://cdn.prod.website-files.com/687f979126432c8ce843e6d7/68e69aaa3e827485d4234c55_u0aUvcyI35CRv9Ei3ww7ekPrs95j4R-kUUDHovwMhBo.webp,,bitcoin-mena,2025,1,,https://mena.b.tc/speakers,Bitcoin MENA,,,,,,
Fabio Angeli Bufalini,Country Director,Stake Italy,"Fabio Angeli Bufalini is the Country Director of Stake Italy, combining strong analytical skills with a hands-on attitude. With 20 years of marketing and growth experience, including 17 years in the digital iGaming sector, Fabio has led international online brand start-ups entering the Italian market, including PokerStars, PartyGaming, Betsson (StarCasino.it), and Everest Gaming, while reporting at board level and managing both budget and P&L responsibilities.",,,,,,https://tickets.sigma.world/img/speakers/tmp/speaker-1495-1759742872.png,,sigma-world-rome,,1,,,"SiGMA World 2026 (Rome, Fiera Roma, Nov 2-5 2026)",,,,,,sigma.world/summits/world/speakers (Central Europe 2025 + SiGMA World Past speakers)
Fabio Massimo Splendore,Editor,Corriere dello Sport – Stadio,,,,,,,https://tickets.sigma.world/img/speakers/tmp/speaker-1833-1759240392.png,,sigma-world-rome,,1,,,"SiGMA World 2026 (Rome, Fiera Roma, Nov 2-5 2026)",,,,,,sigma.world/summits/world/speakers (Central Europe 2025 + SiGMA World Past speakers)
Fabrizio Bergamaschi,SVP Gaming Global Multichannel,Nuvei,"Fabrizio is the Senior Vice President Multichannel for Nuvei, a leading payment company in the iGaming industry. With over 20 years of experience in payments, Fabrizio is specialised in payment solutions for the gambling sector in Italy and international markets. His expertise includes navigating regulatory complexities, optimising payment processes, and ensuring seamless transactions in highly regulated environments.",,,,,,https://tickets.sigma.world/img/speakers/tmp/speaker-179-1758543824.png,,sigma-world-rome,,1,,,"SiGMA World 2026 (Rome, Fiera Roma, Nov 2-5 2026)",,,,,,sigma.world/summits/world/speakers (Central Europe 2025 + SiGMA World Past speakers)
Fadi Elsalameen,Adjunct Senior Fellow,American Security Project,"Serves as an Adjunct Senior Fellow at the American Security Project and has established himself as a prominent advocate for human rights, democracy, and anti-corruption initiatives. His experience includes prestigious fellowships at Johns Hopkins SAIS Foreign Policy Institute and New America Foundation's American Strategy Program. He dedicates his work to exploring and promoting Bitcoin as a powerful tool for advancing freedom and combating corruption globally.",,,,,,https://static.wixstatic.com/media/dea30a_fd966da9a98945c1a14d8ebcc08b8173~mv2.jpeg,,bitcoin-policy-summit,2025,1,,https://www.btcpolicysummit.org/2025-speakers,Bitcoin Policy Summit 2025,,,,,,
Fadjiah Collin-Mazile,Head of Data,CoinList,,,,,,,https://cdn.prod.website-files.com/61e87bb144d08a09b725b693/68baf65a61c1d813063e56f7_fadjiahcollin_mazile_head_720%201.png,,blockchain-futurist-florida,,1,,,,,,,,,
Faisal Al Hammadi,Managing Partner,Further,All things Bitcoin,,,,,,https://cdn.prod.website-files.com/687f979126432c8ce843e6d7/690e0603ed34497d76de363f_ZAPpYzJfDnJn80AHmu3DRbdByPEiieoBtbjrrIWKzEY.webp,,bitcoin-mena,2025,1,,https://mena.b.tc/speakers,Bitcoin MENA,,,,,,
Faisal Saeed Al Mutar,Founder,Ideas Beyond Borders,"Faisal Saeed Al Mutar is a social entrepreneur and media executive with extensive experience in economic development, innovation, and leadership. Over the past decade, Faisal has driven large-scale change and fostered growth in the Middle East and beyond. As the founder of Ideas Beyond Borders, he has built the organization into a leading platform for advancing free market thought, innovation, and policy reform in the Arab world, particularly in Iraq. Al Mutar has collaborated with intergovernmental organizations and private-sector stakeholders to promote growth and entrepreneurship. His work focuses on identifying transformative opportunities in diverse societies and implementing actionable policies to create jobs, reduce bureaucracy, and empower businesses with the tools necessary to grow. A sought-after speaker and thought leader, Faisal has delivered talks on global platforms, including TED, and engaged with audiences across the U.S. and the Middle East. His expertise spans innovation, counter-extremism, and geopolitical stability. He also supports startups and aspiring leaders, helping empower the next generation of changemakers. Faisal received the President’s Volunteer Service Award from President Barack Obama and an honorary doctorate from Whittier College in California. Splitting his time between New York and the Middle East, Faisal blends global insights with local expertise, building bridges between cultures and advancing meaningful change.",,,,,,https://cdn.prod.website-files.com/687f979126432c8ce843e6d7/6902797f70c9cd59bf3eb2a8_4224ec2bf7487b355435a2e9.webp,,bitcoin-mena,2025,1,,https://mena.b.tc/speakers,Bitcoin MENA,,,,,,
Farooq Ahmed,Founder & CEO,Arcift Technologies,"Passionate bitcoin maximalist from Pakistan, driving bitcoin adoption in Pakistan and the UAE. Founder of Bitcoin Pakistan, a non-profit dedicated to educating Pakistanis and muslims worldwide on bitcoin's power for financial sovereignty and wealth preservation.",,,,,,https://cdn.prod.website-files.com/687f979126432c8ce843e6d7/68fa434bf9de9a1bdac30d65_fbI-DW9pAC92ggQxBKwH0rpU5kqOX9XPFamdNJFxJFA.webp,,bitcoin-mena,2025,1,,https://mena.b.tc/speakers,Bitcoin MENA,,,,,,
Faryar Shirzad,Chief Policy Officer,Coinbase,"Chief Policy Officer at Coinbase, where he leads the company's global engagement with policymakers and has been instrumental in shaping crypto regulatory discourse in the U.S. Prior to joining Coinbase, he served as Global Co-Head of Government Affairs at Goldman Sachs and held senior roles in the U.S. government, including Deputy National Security Advisor for International Economic Affairs under President George W. Bush, as well as Assistant Secretary for Import Administration at the U.S. Department of Commerce. He holds degrees from the University of Maryland (BS), Harvard Kennedy School (MPP), and the University of Virginia School of Law (JD).",,,,,,https://static.wixstatic.com/media/5b61ba_214e0746bbe34b1bbd38f60fd8795331~mv2.png,,bitcoin-policy-summit,2025,1,,https://www.btcpolicysummit.org/2025-speakers,Bitcoin Policy Summit 2025,,,,,,
Farzad Peyman,CEO,AQSE NYCE,"Farzad has 18 years’ operational iGaming experience in B2B and B2C across both publicly listed and private gaming companies. He is a leader of significant business change, and regularly advises on product development, marketing, technology, M&A, corporate restructuring, regulation & licensing, compliance and financial control. Ex-CEO and CFO of Matchbook Betting Exchange, today Farzad is the CEO of NYCE International and Partner at Virya Group, a sales Advisory firm and gaming venture studio respectively, investing in the most promising and sustainable projects across iGaming, Web3, Metaverse, Blockchain and AI technologies.",,,,,,https://tickets.sigma.world/img/speakers/tmp/speaker-876-1759832355.png,,sigma-world-rome,,1,,,"SiGMA World 2026 (Rome, Fiera Roma, Nov 2-5 2026)",,,,,,sigma.world/summits/world/speakers (Central Europe 2025 + SiGMA World Past speakers)
Federico Smanio,CEO,Wylab,"Federico Smanio is the CEO of Wylab, Italy’s first sports-tech incubator, and a former professional footballer. With over 25 years in professional sports and a decade advising startups, corporates, and institutions, he is an expert in innovation, digital transformation, and entrepreneurship. A university lecturer and frequent speaker at national and international events, he has served since 2022 as Program Director of WeSportUp, the sports and wellness accelerator promoted by Sport e Salute and CDP.",,,,,,https://tickets.sigma.world/img/speakers/tmp/speaker-1754-1758274818.png,,sigma-world-rome,,1,,,"SiGMA World 2026 (Rome, Fiera Roma, Nov 2-5 2026)",,,,,,sigma.world/summits/world/speakers (Central Europe 2025 + SiGMA World Past speakers)
Federico Tenga,R&D,Bitfinex,,,,https://x.com/FedericoTenga,,,,,planb-forum-lugano,2026,1,,,,,,,,,
Felice Mariani,Olympic Medalist & Former National Judo Coach of Italy,,"Felice Mariani is a distinguished Italian sports professional, celebrated both as an elite judoka and as a leader in national and international sporting institutions. A bronze medalist at the 1976 Montreal Olympics, he also earned three World Championship bronzes and three European Championship golds, alongside 11 Italian national titles. Transitioning from athlete to mentor, he has served as Technical Director of the Fiamme Gialle Judo team since 1990 and led the Italian National Judo Team across six Olympic Games, from Seoul to London. Beyond competitive achievements, Mariani served as a Member of the Italian Parliament from March 2018 to October 2022, furthering his commitment to the promotion of sport and social development. Currently collaborating with Sport e Salute, he advances grassroots initiatives nationwide. Recognized as Cavaliere della Repubblica Italiana (1977), inducted into the Judo Hall of Fame (2018), and named Judo Ambassador (2019), he continues to inspire globally.",,,,,,https://tickets.sigma.world/img/speakers/tmp/speaker-1848-1759389377.png,,sigma-world-rome,,1,,,"SiGMA World 2026 (Rome, Fiera Roma, Nov 2-5 2026)",,,,,,sigma.world/summits/world/speakers (Central Europe 2025 + SiGMA World Past speakers)
Felipe Demartini (Namcios),Associate,UTXO Management,"Associate at UTXO Management, specializing in Bitcoin Treasury Companies. Atua em operações de trading, aplicando estratégias de curto, médio e longo prazo.",,,,,https://x.com/namcios,https://satsconf.com.br/wp-content/uploads/2025/09/Group-425.png,,satsconf,2025,1,,,SatsConf,,,,,,
Felipe Sant Ana,Co-founder,Paradigma,"Co-fundador da Paradigma, primeira empresa brasileira de research focada em cripto. Foi autor do livro Um Café com Satoshi, primeiro do mundo a ter uma wallet embutida.",,,,,https://x.com/felipether,https://satsconf.com.br/wp-content/uploads/2025/10/Group-437.png,,satsconf,2025,1,,,SatsConf,,,,,,
Felix Fan,CEO,Trust Wallet,,,,,,,https://wojgrioccmbywgtruwfl.supabase.co/storage/v1/object/public/Media%2520Folders/Coinfest%2520Asia%25202026/CMS/Speakers/Profile%2520Pictures/1776767510078-felix-fan.webp,,coinfest-asia,2026,1,,,,,,,,,
Femi Longe,,Human Rights Foundation,,,,,,,https://afrobitcoin.org/wp-content/uploads/2025/11/Femi-Longe-e1762408399792.png,,africa-bitcoin-conference,2026,1,ABC26,,,,,,,,
Fernando Aranda,,Zoomex,,,,,,,,,coinfest-asia,2026,1,,,,,,,,,
Fernando Ulrich,Partner / Advisor,Liberta Investimentos; OranjeBTC,"Sócio da Liberta Investimentos, Conselheiro da OranjeBTC.",,,,,https://x.com/fernandoulrich,https://satsconf.com.br/wp-content/uploads/2025/09/Group-429.png,,satsconf,2025,1,,,SatsConf,,,,,,
Filip Baturan,"Founder, CEO",Tanari,,,,,,,,,bitcoin-amsterdam,,1,,,,,,,,,
Filip Jelavic,Secretary General,Croatian Gaming Association (CGA),,,,,,,https://tickets.sigma.world/img/speakers/tmp/speaker-1959-1760426615.png,,sigma-world-rome,,1,,,"SiGMA World 2026 (Rome, Fiera Roma, Nov 2-5 2026)",,,,,,sigma.world/summits/world/speakers (Central Europe 2025 + SiGMA World Past speakers)
Filippo Farenga,Lead,Blox Space,,,,https://x.com/filippofarenga,,,,,planb-forum-lugano,2026,1,,,,,,,,,
Fin Creighton,Founder,Bitcoin Success School,"Fin Creighton is the founder of Bitcoin Success School. His work blends Bitcoin education, sovereignty, and long term protection, guiding individuals to avoid costly mistakes, remove trust in third parties, and take full control of their future. The Fin Creighton Podcast releases a weekly episode targeted for Gen Z Bitcoin Education.",,,,,,https://cdn.prod.website-files.com/687f979126432c8ce843e6d7/68f921c94f5e6d4dce509a2f_NH92zl5MO0QyGSr8nceP2qy20IL4KH4YiJ3eYVI6jEw.webp,,bitcoin-mena,2025,1,,https://mena.b.tc/speakers,Bitcoin MENA,,,,,,
Fiorentina D'Amore,CEO Malta & Senior Director of Business Operations (EU),Blockchain.com,"Fiorentina is a seasoned fintech leader with over 25 years of experience spanning Malta's largest banks, top fintech startups and global crypto businesses. She has held senior roles at industry leaders including eToro and Bitpanda, and today serves as CEO of Blockchain.com in Malta, leading their European operations. Fiorentina also chairs FIMA (the Financial Institutions Malta Association). Specialising in innovation, operational risk, compliance and strategy, she combines regulatory expertise with a drive for growth. She holds a Master's in Technology and Innovation Management.",,,,,,https://tickets.sigma.world/img/speakers/tmp/speaker-816-1759139697.png,,sigma-world-rome,,1,,,"SiGMA World 2026 (Rome, Fiera Roma, Nov 2-5 2026)",,,,,,sigma.world/summits/world/speakers (Central Europe 2025 + SiGMA World Past speakers)
Fivos Polymniou,Founder & Director,ASK Global Solutions,"Fivos Polymniou is a seasoned gaming and payments executive, entrepreneur and industry leader. He currently serves as Director of ASK Global Solutions Ltd, a company he founded in 2017 to introduce innovative cash handling and contactless payment kiosks into the UK gaming market. Over more than two decades, Fivos has held senior roles at major gaming companies, including IGT (formerly GTECH/Atronic), FutureLogic and Bally Gaming Technologies, building deep expertise in gaming systems and payments.",,,,,,https://tickets.sigma.world/img/speakers/tmp/speaker-1894-1759821808.png,,sigma-world-rome,,1,,,"SiGMA World 2026 (Rome, Fiera Roma, Nov 2-5 2026)",,,,,,sigma.world/summits/world/speakers (Central Europe 2025 + SiGMA World Past speakers)
Flaviano Fogli,Director,Fogli Consulting,"Flaviano Fogli is a dynamic and visionary entrepreneur with a proven track record in the online gaming and technology sectors. In 2001, they co-founded a gaming company that rapidly grew into an international enterprise, employing over 150 professionals across multiple offices and countries. They were the first to introduce the innovative white-label product concept, fundamentally reshaping how gaming platforms were marketed and operated. Additionally, they spearheaded the launch of casino software that was first in the industry to be translated into both simplified Chinese and Arabic.",,,,,,https://tickets.sigma.world/img/speakers/tmp/speaker-1834-1759240481.png,,sigma-world-rome,,1,,,"SiGMA World 2026 (Rome, Fiera Roma, Nov 2-5 2026)",,,,,,sigma.world/summits/world/speakers (Central Europe 2025 + SiGMA World Past speakers)
Florent Thévenin,Founder & CEO,Blockchain North,,,,,,,https://cdn.prod.website-files.com/61e87bb144d08a09b725b693/6852eebc87c79118b6df59f7_67dad5f364da02292f5d5537_67cf44bbc9eb37e50906c27d_FlorentTh%25C3%25A9venin_HEAD%25201.png,,blockchain-futurist-florida,,1,,,,,,,,,
Florin Simovici,CEO,Traffic Manager Group,"Florin Simovici is the Co-Founder & CEO of TrafficManager, an affiliate tracking and management platform used by hundreds of advertisers and networks worldwide. He entered online marketing in 2010, built his first affiliate network in 2014, and later sold it to focus fully on TrafficManager. Today, the platform supports industries like eCommerce, COD (Cash on Delivery), Sweepstakes, iGaming, Nutra, Beauty, Leadgen, Membership sites and more. TrafficManager is proudly powering most COD affiliate programs in Italy and expanding across Europe and the iGaming space. Florin is also a frequent industry speaker at events such as Sigma, Affiliate World, TES Conferences, AW Summit, Affiliate Grand Slam, Internext, and Affiliate Expo, and author of “How to Build and Manage an Affiliate Program or Affiliate Network” (2024).",,,,,,https://tickets.sigma.world/img/speakers/tmp/speaker-109-1759233074.png,,sigma-world-rome,,1,,,"SiGMA World 2026 (Rome, Fiera Roma, Nov 2-5 2026)",,,,,,sigma.world/summits/world/speakers (Central Europe 2025 + SiGMA World Past speakers)
Francesco Crudo,Consultant & Digital Payments Expert,,"Francesco Crudo is an expert in digital payments and public gaming, with extensive experience in the regulation of payment systems and online gaming. Specialising in analysing the economic dynamics and regulations governing the gaming and digital payments sector, he has worked to ensure secure and compliant payment solutions. With a managerial career, he has played a key role in defining regulatory policies for the gaming sector, particularly in the area of electronic payments.",,,,,,https://tickets.sigma.world/img/speakers/tmp/speaker-2167-1761734392.png,,sigma-world-rome,,1,,,"SiGMA World 2026 (Rome, Fiera Roma, Nov 2-5 2026)",,,,,,sigma.world/summits/world/speakers (Central Europe 2025 + SiGMA World Past speakers)
Francesco Gatti,Founder & CEO,Bull Gaming,"An engineer and founder of Bakoo SpA (now part of the LOTTOMATICA group), he began working in the gaming industry in 2002 with the first slot machines installed in Italy. Throughout his career, he has held various positions in major industry associations, currently serving as vice president of SAPAR, the largest Italian gaming association. Following the sale of Bakoo SpA, he founded Bull Gaming, now one of the top software development companies in Italy. He won the prestigious Imbucci Award from the University of Salerno in 2024.",,,,,,https://tickets.sigma.world/img/speakers/tmp/speaker-1855-1759404203.png,,sigma-world-rome,,1,,,"SiGMA World 2026 (Rome, Fiera Roma, Nov 2-5 2026)",,,,,,sigma.world/summits/world/speakers (Central Europe 2025 + SiGMA World Past speakers)
Francesco Maddalena,Founder & CEO,Hub Affiliations,"Francesco Maddalena is the Founder and CEO of Hub Affiliations, an international affiliate network shaping the future of iGaming through technology, content, and innovation. With a strong focus on responsible growth and new digital models, he leads Hub in connecting operators, affiliates, and creators across the world. Passionate about building ecosystems that last, Francesco believes that the next big challenge is not only scaling the industry, but transforming it.",,,,,,https://tickets.sigma.world/img/speakers/tmp/speaker-1983-1760528442.png,,sigma-world-rome,,1,,,"SiGMA World 2026 (Rome, Fiera Roma, Nov 2-5 2026)",,,,,,sigma.world/summits/world/speakers (Central Europe 2025 + SiGMA World Past speakers)
Francesco Maietich,Creative Lead,Cozmoplay,"Francesco Maietich is Creative Lead at Cozmo Play, where he drives the vision and development of innovative slot games. Beginning his career as a concept artist, he has carried a strong artistic foundation into the digital entertainment world. A lifelong enthusiast and researcher of video games, cinema and digital culture, Francesco draws on a broad range of influences to create immersive, story driven content. His approach emphasises atmosphere and originality, ensuring each project stands apart in both design and feel.",,,,,,https://tickets.sigma.world/img/speakers/tmp/speaker-1827-1759150673.png,,sigma-world-rome,,1,,,"SiGMA World 2026 (Rome, Fiera Roma, Nov 2-5 2026)",,,,,,sigma.world/summits/world/speakers (Central Europe 2025 + SiGMA World Past speakers)
Francis Pouliot,,,,,,https://x.com/francispouliot_,,,https://btchel.com/wp-content/uploads/2025/12/Francis-Pouliot-1024x1024.jpg,,btchel,,1,,,,,,,,,
Francky Perez,COO,Quantum,,,,,,,https://cdn.prod.website-files.com/61e87bb144d08a09b725b693/68cc1ec446817afd2470115a_FranckyPerez_HEAD.jpeg,,blockchain-futurist-florida,,1,,,,,,,,,
Franco Bompani,Chairman,Eidos Consulting Srl,"Franco Bompani served as a Second Lieutenant in the Guardia di Finanza (Italian Finance Police) from 1982 to 1983, before beginning his professional career, which he combined with ongoing education and training. A former partner at Matrix Srl (Poliedros Group), since 1999 he has been President of Eidos Consulting. Since the early 2000s, he has specialised in Corporate Social Responsibility, Sustainability, and ESG, coordinating the preparation of numerous Social and Sustainability Reports, particularly for companies in the public gaming sector.",,,,,,https://tickets.sigma.world/img/speakers/tmp/speaker-1978-1760513519.png,,sigma-world-rome,,1,,,"SiGMA World 2026 (Rome, Fiera Roma, Nov 2-5 2026)",,,,,,sigma.world/summits/world/speakers (Central Europe 2025 + SiGMA World Past speakers)
Frank Cecchini,Head of Lottery,Evoplay,"Francesco (Frank) Cecchini has a background in fintech, notably with Dimoco in Austria and is currently the Head of Lottery at Evoplay. With over 25 years of experience in the lottery and gaming industry, including leadership roles at Betware (later NOVOMATIC Lottery Solutions) and GTECH/IGT, he has developed strategies to innovate and disrupt the lottery technology market by addressing cost, speed and reliability challenges.",,,,,,https://tickets.sigma.world/img/speakers/tmp/speaker-1445-1751976496.png,,sigma-world-rome,,1,,,"SiGMA World 2026 (Rome, Fiera Roma, Nov 2-5 2026)",,,,,,sigma.world/summits/world/speakers (Central Europe 2025 + SiGMA World Past speakers)
Frank Corva,Contributor,Bitcoin Magazine & Forbes,,,,,,,,,bitcoin-amsterdam,,1,,,,,,,,,
Frank Corva,Political Correspondent,Bitcoin Magazine,Frank Corva is the White House and Political Correspondent for Bitcoin Magazine.,,,,,,https://cdn.prod.website-files.com/687f979126432c8ce843e6d7/692a1e2d76d6274dde056ed3_1VRjHWzGY0VvxO3kKu9oJw5woRmr_IfHrxM7DwI_9FY.webp,,bitcoin-mena,2025,1,,https://mena.b.tc/speakers,Bitcoin MENA,,,,,,
Frank Holmes,Co-Founder & Executive Chairman,Hive Digital Technologies,,,,,,,https://miningdisrupt.com/assets/images/gallery10/a2e709e8.png?v=0308a4f1,,mining-disrupt,,1,,,,,,,,,
Franz Gerhart,CEO,Vyking,"Franz Gerhart is the Chief Executive Officer and Co-Founder of Vyking, an iGaming platform built around modular architecture, operator freedom, and scalable growth. With over 15 years of experience across eCommerce, software development, project management, and strategic leadership, Franz has led hundreds of projects inside and outside the iGaming industry. His background spans server and client-side development, business development, IT sales, and technology driven marketing, giving him a holistic view of how product, performance, and innovation intersect.",,,,,,https://tickets.sigma.world/img/speakers/tmp/speaker-1965-1760444569.png,,sigma-world-rome,,1,,,"SiGMA World 2026 (Rome, Fiera Roma, Nov 2-5 2026)",,,,,,sigma.world/summits/world/speakers (Central Europe 2025 + SiGMA World Past speakers)
Fred King,Founder,CryptoSnake,"Fred King is a Bitcoiner and the founder of CryptoSnake, a YouTube channel focused on Bitcoin and crypto.",,,,,,https://cdn.prod.website-files.com/687f979126432c8ce843e6d7/6887b638dc64b755698d9ae3_lpvzHhYlGeSclczYovwN0VwAvpd5YWmRl9NRp3C2JWA.webp,,bitcoin-mena,2025,1,,https://mena.b.tc/speakers,Bitcoin MENA,,,,,,
Fred Thiel,Chairman and CEO,Marathon Digital Holdings (MARA),"Chairman and CEO of Marathon Digital Holdings (MARA), where he led the company's growth from a $30 million market cap to over $5 billion, establishing it as the world's largest Bitcoin mining operation with a presence on four continents. With more than 35 years of experience in the technology sector, his expertise spans digital assets, AI, and semiconductors.",,,,,,https://static.wixstatic.com/media/5b61ba_4ea9568eb2fd43ed913a660e4445b749~mv2.png,,bitcoin-policy-summit,2025,1,,https://www.btcpolicysummit.org/2025-speakers,Bitcoin Policy Summit 2025,,,,,,
Fred Thiel,CEO,Marathon Digital Holdings,CEO of Marathon Digital Holdings,,,,,logo:https://blockchain-life.com/wp-content/cache/thumb/36/9638fdcabe94536_160x0.png,https://blockchain-life.com/wp-content/cache/thumb/d0/f854f17d2d8f8d0_420x460_notcrop.webp,,blockchain-life-forum,2026,1,,,,,,,,,
Frederick Coleman,Head of Operations and Growth,Blockonomics,,,,,,,,,bitcoin-amsterdam,,1,,,,,,,,,
Frederick Tan,,TheBlock,,,,,,,,,coinfest-asia,2026,1,,,,,,,,,
Frederik Gregaard,CEO,Cardano Foundation,CEO of Cardano Foundation,,,,,logo:https://blockchain-life.com/wp-content/cache/thumb/32/3305d5580ef7432_160x0.png,https://blockchain-life.com/wp-content/cache/thumb/43/00e84a6c70c7543_420x460_notcrop.webp,,blockchain-life-forum,2026,1,,,,,,,,,
Gabriel Lamas,Paraguay President of Operations,HIVE,,,,,,,https://miningdisrupt.com/assets/images/gallery12/a42f0433.png?v=0308a4f1,,mining-disrupt,,1,,,,,,,,,
Gabriel Rey,,TRIV Group,,,,,,,,,coinfest-asia,2026,1,,,,,,,,,
Gabriel Sadoun,Head of Business Development,DigiShares,,,,,,,https://cdn.prod.website-files.com/61e87bb144d08a09b725b693/68e61ba719432fa9b22082e5_gabrielsadoun_head_720.jpg,,blockchain-futurist-florida,,1,,,,,,,,,
Ganna Vitko,President of Canada Chapter,Association for Women in Crypto,,,,,,,,,blockchain-futurist-toronto,,1,,,Blockchain Futurist Conference Toronto 2026,Toronto 2026,,,,,
Gareth,Director,Bitcoin Association of Hong Kong,,,Hong Kong,,,,,,bitcoin-asia,,1,,,,,,,,,
Gareth Jenkinson,Head of Multimedia,Cointelegraph,,,,,,,,,bitcoin-amsterdam,,1,,,,,,,,,
Garett Nell,Founding Partner,Totem Grid,,,,,,,https://cdn.prod.website-files.com/61e87bb144d08a09b725b693/6852eebadf9e6155ebd7040f_68406fbd74e4cc86ef910eb6_GarettNell_HEAD.jpeg,,blockchain-futurist-florida,,1,,,,,,,,,
Garry Krugljakow,Head of Bitcoin Strategy - Member of the Board,aifinyo AG,,,,,,,,,bitcoin-amsterdam,,1,,,,,,,,,
Gary Berwick,Sales Engineer,Dry Coolers,,,,,,,https://miningdisrupt.com/assets/images/gallery08/6fc39248.png?v=0308a4f1,,mining-disrupt,,1,,,,,,,,,
Gary Sheynkman,Partner,Further,Founder and VC,,,,,,https://cdn.prod.website-files.com/687f979126432c8ce843e6d7/68e69aaa3e827485d4234c4c_ADOcV_4RFQ2KGegHapsJfFmCIL-LnjFYmUeFwxGbkGI.webp,,bitcoin-mena,2025,1,,https://mena.b.tc/speakers,Bitcoin MENA,,,,,,
Geanina Oprita,Compliance Manager,Kaizen Gaming International,"Geanina Oprita is a well-rounded lawyer with extensive expertise in regulatory matters across multiple practice areas. She has strong knowledge of the legal and operational aspects of gambling and gaming activities, with a focus on regulatory compliance and contentious issues. Her experience also covers consumer protection and advertising law. As Compliance Manager at Kaizen Gaming, Geanina supports regulatory compliance efforts across several jurisdictions, ensuring alignment with complex and evolving regulatory frameworks while supporting business continuity in a highly regulated industry.",,,,,,https://tickets.sigma.world/img/speakers/tmp/speaker-2111-1761568993.png,,sigma-world-rome,,1,,,"SiGMA World 2026 (Rome, Fiera Roma, Nov 2-5 2026)",,,,,,sigma.world/summits/world/speakers (Central Europe 2025 + SiGMA World Past speakers)
General Kenobi,,,,,,https://x.com/KenobiGeneral5,,,https://btchel.com/wp-content/uploads/2025/12/General-Kenobi-1024x1024.jpg,,btchel,,1,,,,,,,,,
General Kenobi,Head of Business Development,DMND,,,,,,,https://miningdisrupt.com/assets/images/gallery10/0504e3f4.png?v=0308a4f1,,mining-disrupt,,1,,,,,,,,,
George Child,Investigator,International Tennis Integrity Agency (ITIA),"George Child joined the ITIA in October 2023 as an Investigator and leads investigations into breaches of both the Tennis Anti-Corruption Program and Tennis Anti-Doping Program. Prior to the ITIA, he worked for the Metropolitan Police Service in London for six years where he specialised in drug trafficking and gang related investigations.",,,,,,https://tickets.sigma.world/img/speakers/tmp/speaker-2104-1761310154.png,,sigma-world-rome,,1,,,"SiGMA World 2026 (Rome, Fiera Roma, Nov 2-5 2026)",,,,,,sigma.world/summits/world/speakers (Central Europe 2025 + SiGMA World Past speakers)
George Levy,Blockchain Institute of Technology,Founder & CEO,,,,,,,https://cdn.prod.website-files.com/61e87bb144d08a09b725b693/68baf7b707fc2a521f9d4ead_georgelevy_head_720.png,,blockchain-futurist-florida,,1,,,,,,,,,
George Melville,AI Researcher,Global Technology Inc.,,,,,,,,,blockchain-futurist-toronto,,1,,,Blockchain Futurist Conference Toronto 2026,Toronto 2026,,,,,
George Varghese,Strategic BD,0G Labs,,,,,,,https://cdn.prod.website-files.com/61e87bb144d08a09b725b693/68a85ec83fa6a3dfd1915232_GeorgeVarghese_HEAD.jpeg,,blockchain-futurist-florida,,1,,,,,,,,,
Georgi Stoianov,COO,LaPayo,,,,,,,https://tickets.sigma.world/img/speakers/tmp/speaker-49-1759404239.png,,sigma-world-rome,,1,,,"SiGMA World 2026 (Rome, Fiera Roma, Nov 2-5 2026)",,,,,,sigma.world/summits/world/speakers (Central Europe 2025 + SiGMA World Past speakers)
Geronimo Cardia,Founder,Studio Cardia,"With over 25 years experience in the public gaming sector, Geronimo Cardia is a Cassation Lawyer, Chartered Accountant, Statutory Auditor and owner of Studio Cardia. He has held institutional roles in public and private entities and served as chairman, member of boards of auditors and supervisory bodies, as well as liquidator and curator. Formerly Adjunct Professor of International Tax Law at the G. D’Annunzio University of Chieti-Pescara, as well as speaker and lecturer at various conferences. He earned the Le Fonti Award in 2025, 2024 and 2019 for “Boutique of Excellence of the Year in the Gaming Sector”.",,,,,,https://tickets.sigma.world/img/speakers/tmp/speaker-1967-1760454109.png,,sigma-world-rome,,1,,,"SiGMA World 2026 (Rome, Fiera Roma, Nov 2-5 2026)",,,,,,sigma.world/summits/world/speakers (Central Europe 2025 + SiGMA World Past speakers)
Giacomo Zucco,,,,,,https://x.com/giacomozucco,,,https://btchel.com/wp-content/uploads/2025/12/Giacomo-Zucco-1024x1024.jpg,,btchel,,1,,,,,,,,,
Giampiero Moncada,Journalist,PressGiochi,"Giampiero Moncada is a seasoned journalist with over thirty years of experience across radio, television, print, and digital media. For the past eight years, he has focused on the gaming industry, covering its regulatory, technological, and media developments. He contributes to both Italian and international publications and leads a traveling seminar, recognised by the Italian Journalists’ Association, on communication in the public gaming sector. His experience makes him a keen observer of the changes transforming the gambling industry.",,,,,,https://tickets.sigma.world/img/speakers/tmp/speaker-2096-1761290869.png,,sigma-world-rome,,1,,,"SiGMA World 2026 (Rome, Fiera Roma, Nov 2-5 2026)",,,,,,sigma.world/summits/world/speakers (Central Europe 2025 + SiGMA World Past speakers)
Gianfranco Coppola,President,Unione Stampa Sportiva Italiana (USSI),,,,,,,https://tickets.sigma.world/img/speakers/tmp/speaker-1955-1760425713.png,,sigma-world-rome,,1,,,"SiGMA World 2026 (Rome, Fiera Roma, Nov 2-5 2026)",,,,,,sigma.world/summits/world/speakers (Central Europe 2025 + SiGMA World Past speakers)
Gianni D'Alerta,Co-Founder,Purple Horizons: Marketing Innovation Lab,,,,,,,https://cdn.prod.website-files.com/61e87bb144d08a09b725b693/6879283a19102b29cf1c07f5_GianniD%27Alerta_HEAD.jpeg,,blockchain-futurist-florida,,1,,,,,,,,,
Gil Solomon,Founder,Gil Solomon & Co,"Gil Solomon is the founder of Gil Solomon & Co., a boutique law firm ranked among Israel’s leading firms in M&A, high-tech and blockchain. He advises clients from early-stage startups to Fortune 500 companies on complex cross-border transactions, mergers and acquisitions, venture capital investments, blockchain and cryptocurrency matters, and other emerging technology sectors. Gil is recognised as one of the youngest attorneys and managing partners in Israel to be ranked by major legal directories.",,,,,,https://tickets.sigma.world/img/speakers/tmp/speaker-7-1755610935.png,,sigma-world-rome,,1,,,"SiGMA World 2026 (Rome, Fiera Roma, Nov 2-5 2026)",,,,,,sigma.world/summits/world/speakers (Central Europe 2025 + SiGMA World Past speakers)
Gil Tal,Founder & CEO,PayConsult,"Gil Tal is the Founder and CEO of PayConsult, bringing over a decade of expertise in payments and more than 8 years of experience in the iGaming industry. Throughout his career, Gil has worked with both platform providers and operators, giving him a unique perspective across the B2B and B2C landscapes. He has been directly involved in helping companies scale through turnkey and white-label solutions, guiding operators in navigating complex payment challenges, onboarding PSPs, and expanding into new regulated markets.",,,,,,https://tickets.sigma.world/img/speakers/tmp/speaker-1638-1756299987.png,,sigma-world-rome,,1,,,"SiGMA World 2026 (Rome, Fiera Roma, Nov 2-5 2026)",,,,,,sigma.world/summits/world/speakers (Central Europe 2025 + SiGMA World Past speakers)
Gilles Roth,Minister of Finance,Luxembourg,,,,,,,,,bitcoin-amsterdam,,1,,,,,,,,,
Gina Antoniello,NYU Professor; Chair of the Board,SafeBets,,,,,,,,,blockchain-futurist-toronto,,1,,,Blockchain Futurist Conference Toronto 2026,Toronto 2026,,,,,
Giovanni Bertoli,Co-Founder & CEO,Wall Street Football Odds,"Giovanni Bertoli is the Co-Founder and Chief Executive Officer of WSF Odds, the leading BTB provider of live player props and other innovative stats related betting markets. Giovanni is also the Chairman of Chiamarsi Bomber, an Italian Media Company with a community of 5+ Millions football fans and a technical Co-Founder of Black Duck, UK fund that invests in football clubs and uses artificial intelligence to improve performance on the pitch and innovate club management off the pitch.",,,,,,https://tickets.sigma.world/img/speakers/tmp/speaker-1964-1760444535.png,,sigma-world-rome,,1,,,"SiGMA World 2026 (Rome, Fiera Roma, Nov 2-5 2026)",,,,,,sigma.world/summits/world/speakers (Central Europe 2025 + SiGMA World Past speakers)
Giovanni Cunti,CEO Europe,Gate,"Giovanni Cunti has over 25 years of executive experience leading technology and financial services companies worldwide. Currently CEO Europe of Gate, an EU-regulated crypto exchange and part of Gate Group, he is responsible for strategy, expanding market presence and increasing revenues across Europe. Renowned for pioneering fintech services and blockchain projects, Giovanni possesses deep expertise in crypto, blockchain innovations and navigating the rapidly evolving landscape of the industry.",,,,,,https://tickets.sigma.world/img/speakers/tmp/speaker-693-1758007742.png,,sigma-world-rome,,1,,,"SiGMA World 2026 (Rome, Fiera Roma, Nov 2-5 2026)",,,,,,sigma.world/summits/world/speakers (Central Europe 2025 + SiGMA World Past speakers)
Giovanni Santostasi,Chief Scientific Officer,Quantonomy,,,,,,,,,bitcoin-amsterdam,,1,,,,,,,,,
Giuliano Guinci,"Public Affairs, Sustanibility & Retail Operations Director",Eurobet Italy,"Giuliano Guinci is currently Public Affairs, Sustainability and Retail Operations Director at Eurobet Italia, and coordinates the activities of the Entain Group Foundation in Italy. He has gained extensive experience in business consulting, leading major organisational and start-up projects within the entertainment sector. Since 2012, he has been in charge of institutional relations at Eurobet, with responsibilities across several corporate departments. He has coordinated and implemented Entain Group’s CSR strategy in Italy and since 2022, he has launched the Entain Italia CSR Award.",,,,,,https://tickets.sigma.world/img/speakers/tmp/speaker-2091-1761202914.png,,sigma-world-rome,,1,,,"SiGMA World 2026 (Rome, Fiera Roma, Nov 2-5 2026)",,,,,,sigma.world/summits/world/speakers (Central Europe 2025 + SiGMA World Past speakers)
Giulio Coraggio,Partner,DLA Piper Partner,"Giulio Coraggio is Partner and Head of the Intellectual Property & Technology department in Italy, as well as Global Co-Chair of the firm’s Gaming & Gambling group. Dual-qualified in Italy and in England and Wales, he has over 20 years of experience advising multinational companies on IT, eCommerce, data protection, cybersecurity, and gaming and gambling matters. Giulio is recognized for his problem-solving approach, with notable expertise in data compliance, cyberattacks, international technology agreements, and emerging areas such as AI, NFTs, the metaverse, and cryptocurrency.",,,,,,https://tickets.sigma.world/img/speakers/tmp/speaker-817-1758288587.png,,sigma-world-rome,,1,,,"SiGMA World 2026 (Rome, Fiera Roma, Nov 2-5 2026)",,,,,,sigma.world/summits/world/speakers (Central Europe 2025 + SiGMA World Past speakers)
Giuseppe Donato,Country Director – Italy,Kiron Interactive,"Giuseppe Donato leads Kiron Interactive’s Italian operations, driving strategic growth in a key gaming market. As Country Manager, he oversees product positioning, commercial development, regulatory strategy and go-to-market planning, while managing compliance with ADM. With 15+ years in iGaming at WeAreCasino, Mr Green, Mybet and Wirex, he has launched platforms, integrated providers and expanded into regulated territories. Fluent in Italian and English, Giuseppe combines commercial insight with technical expertise to build trusted partnerships and deliver sustainable performance.",,,,,,https://tickets.sigma.world/img/speakers/tmp/speaker-829-1758027869.png,,sigma-world-rome,,1,,,"SiGMA World 2026 (Rome, Fiera Roma, Nov 2-5 2026)",,,,,,sigma.world/summits/world/speakers (Central Europe 2025 + SiGMA World Past speakers)
Giuseppe Marino,President,Italian-Cypriot Chamber of Commerce,"Giuseppe Marino is an international AML and Financial Crime Expert with extensive consulting experience in corporate due diligence and compliance frameworks. Specializing in strategic legal advisory services, he has developed comprehensive expertise in B2B and B2G relationships across European and Middle Eastern markets. He is one of the founders and currently serves as President of the Italian-Cypriot Chamber of Commerce.",,,,,,https://tickets.sigma.world/img/speakers/tmp/speaker-1789-1758632187.png,,sigma-world-rome,,1,,,"SiGMA World 2026 (Rome, Fiera Roma, Nov 2-5 2026)",,,,,,sigma.world/summits/world/speakers (Central Europe 2025 + SiGMA World Past speakers)
Giuseppe Roscioli,President,Federalberghi – Rome,,,,,,,https://tickets.sigma.world/img/speakers/tmp/speaker-1876-1759741692.png,,sigma-world-rome,,1,,,"SiGMA World 2026 (Rome, Fiera Roma, Nov 2-5 2026)",,,,,,sigma.world/summits/world/speakers (Central Europe 2025 + SiGMA World Past speakers)
Giuseppe Volpe,Managing Partner,Cuiprodest,"Cum laude graduate in Communication from Sapienza University of Rome, with a thesis on pressure groups. He brings extensive experience as a lobbyist in highly regulated sectors across Rome and Brussels. Former Italian Country Manager for Europe’s largest public affairs firm, he founded Cuiprodest | Excellence in Political Affairs in 2008, now Italy’s only company exclusively focused on lobbying services. He has served as a speaker, moderator, and judge at some of Europe’s leading gaming events, and teaches lobbying in several public and private Master’s programs. Since 2023, he has been a Professor at Sapienza University of Rome.",,,,,,https://tickets.sigma.world/img/speakers/tmp/speaker-1792-1758703205.png,,sigma-world-rome,,1,,,"SiGMA World 2026 (Rome, Fiera Roma, Nov 2-5 2026)",,,,,,sigma.world/summits/world/speakers (Central Europe 2025 + SiGMA World Past speakers)
Giusy Campo,Business Development Director,Groovetech,"Giusy Campo is driving global client growth and expanding market reach. With seven years at GLI Gaming Labs, she brings deep expertise in compliance and regulations across multiple regulated markets, coupled with strong skills in sales, customer engagement, and relationship-building. Originally from Italy and now based in Dubai, Giusy holds a degree in Clinical Psychology, which enhances her ability to connect with clients and deliver tailored solutions. She began her iGaming career at age 20 with an Italian online casino and later Snai, gaining extensive industry insights that inform her strategic approach today.",,,,,,https://tickets.sigma.world/img/speakers/tmp/speaker-491-1759319970.png,,sigma-world-rome,,1,,,"SiGMA World 2026 (Rome, Fiera Roma, Nov 2-5 2026)",,,,,,sigma.world/summits/world/speakers (Central Europe 2025 + SiGMA World Past speakers)
Gopal Bharvad,Founder & COO,21m | Hedgit,"Building Bitcoin Financial Services @ Hedgit While shaping the Orange Hill @ 21m Started mining in 2014, burned down old refrigerator trying to cool a rig and hosted a Bitcoin meetup in 2016 then Shitereum happened. Since then been on the learning curve, educating about corn, building & growing while eternally repeating: Stack the sats.",,,,,,https://cdn.prod.website-files.com/687f979126432c8ce843e6d7/68dc3fb7f08a0cc040d0a122_SWRqYQEqz_a2cQc-LWBvo4Wp6BfXXvpORA9cj4rm99c.webp,,bitcoin-mena,2025,1,,https://mena.b.tc/speakers,Bitcoin MENA,,,,,,
Gor Chatyan,Deputy CMO,SoftConstruct,"Gor Chatyan is a results-driven business development and marketing expert with over 10 years of experience in the Marketing, iGaming, and B2B sectors. Specializing in creating and executing strategic marketing plans, he has a proven track record of managing global product portfolios and driving significant business growth. His expertise spans market research, digital marketing, affiliate marketing, and customer engagement. Gor is highly adept at leveraging data analytics to inform strategy and optimize performance, ensuring alignment with business goals and KPIs. A visionary leader, Gor is committed to delivering innovative solutions that propel businesses forward in competitive markets.",,,,,,https://tickets.sigma.world/img/speakers/tmp/speaker-769-1759394186.png,,sigma-world-rome,,1,,,"SiGMA World 2026 (Rome, Fiera Roma, Nov 2-5 2026)",,,,,,sigma.world/summits/world/speakers (Central Europe 2025 + SiGMA World Past speakers)
Grace Beverley,CEO & Founder,"TALA, Shreddy & Retrograde",,,,,,profile:https://websummit.com/attendees/lis25/d2cb5a23-d47b-4df5-afd7-e6721a046c64/grace-beverley,https://web-summit-avenger.imgix.net/production/avatars/original/37b6cb1e9e1690984ac083b0bcec882277bfc028.jpg,,web-summit-lisbon,2025,1,,,,,,,,,
Grace Huang Chivers,"Director, Head of Global Sales",Unistar,,,,,,,https://miningdisrupt.com/assets/images/gallery08/d9c2ace0.png?v=0308a4f1,,mining-disrupt,,1,,,,,,,,,
Graeme Moore,Head of Strategy,Project Eleven,,,,,,,https://cdn.prod.website-files.com/61e87bb144d08a09b725b693/6852eeb9ee828cf78ee9c9e5_67b7531ac5e95657bd32a42d_GraemeMoore_HEAD%25201.png,,blockchain-futurist-florida,,1,,,,,,,,,
Grafton Clark,Head of Growth,Vexl,,,,,,,,,bitcoin-amsterdam,,1,,,,,,,,,
Grafton Clark,,,,,,https://x.com/satsdisco,,,https://btchel.com/wp-content/uploads/2025/12/grafton-clark-1024x1024.png,,btchel,,1,,,,,,,,,
Grant McCarty,Co-Founder and Co-President,Bitcoin Policy Institute,"Co-Founder and Co-President of the Bitcoin Policy Institute and the former Executive Director of the Bitcoin Advocacy Project. A serial entrepreneur, McCarty previously founded an education startup focused on college admissions equity and led marketing initiatives in the fintech sector. He holds an MBA from Johns Hopkins University and leverages his background in technology, education, and policy to advance Bitcoin adoption and public understanding.",,,,,,https://static.wixstatic.com/media/dea30a_b5f8a03ee964464ebd8e1806c1e6378e~mv2.jpg,,bitcoin-policy-summit,2025,1,,https://www.btcpolicysummit.org/2025-speakers,Bitcoin Policy Summit 2025,,,,,,
Greg Carson,Managing Partner,Humla Ventures,"Greg Carson is a frequent contributor, lecturer and speaker on events about investing in the digital asset ecosystem and negotiation technique. He has spoken on these subjects at several global conferences including Super Venture, Wyoming Blockchain Symposium, CFC St Moritz, Bitcoin 2021-2025, MCC, Davos, Uncorrelated Alts, Horizon events and even at his Alma Mater, the Wharton School of Business. Greg has a decade as a tech founder, a decade of experience in investment banking and strategy, and is rounding out his first decade in venture capital. Humla Ventures operates in the top decile of venture returns and is one of the top global emerging managers in the space. Greg is a dedicated father snowboarder, sportsman, reader/writer, dance teacher and tai chi.",,,,,,https://cdn.prod.website-files.com/687f979126432c8ce843e6d7/68d438bf38f9e3a1f6440981_23c1cdec1648085e39920185.webp,,bitcoin-mena,2025,1,,https://mena.b.tc/speakers,Bitcoin MENA,,,,,,
Gregg Davis,Director MENA,BTC Inc,"UK national, based in the UAE for 10 years. Having attended and had poor experiences at crypto events in the region, Gregg reached out to BTC Inc in 2022 to bring the Bitcoin Conference to Abu Dhabi. Using the landmark success of the inaugural Bitcoin MENA conference in 2024 as a launchpad, Gregg is now working on a bigger and better Bitcoin MENA 2025 along with launching Bitcoin Magazine, Bitcoin for Corporations and UTXO Managment into the GCC region. Yacht Captain by trade, Bitcoiner by nature.",,,,,,https://cdn.prod.website-files.com/687f979126432c8ce843e6d7/68e814fcf2a328d5a05d9938_ab7455d6a349e3069fce2f0a.webp,,bitcoin-mena,2025,1,,https://mena.b.tc/speakers,Bitcoin MENA,,,,,,
Gregory Joseph Caturay,CEO & Founder,Gatsby Gold,,,,,,,,,blockchain-futurist-toronto,,1,,,Blockchain Futurist Conference Toronto 2026,Toronto 2026,,,,,
Gui Gomes,Founder / CEO,OranjeBTC,"Fundador e CEO da OranjeBTC, a maior companhia de tesouraria em Bitcoin da América Latina, prestes a listar na B3 com o mandato de acelerar a adoção do Bitcoin na região.",,,,,https://x.com/guiamadogomes,https://satsconf.com.br/wp-content/uploads/2025/09/Group-428-1.png,,satsconf,2025,1,,,SatsConf,,,,,,
Guilherme Bandeira,Bitcoin Specialist / Partner,Solidus,"Doutor em direito pela USP, LL.M pela NYU, bacharel em direito pela FGV e bacharel em filosofia na USP. Advogado, especialista e consultor em Bitcoin há mais de sete anos.",,,,,https://x.com/SolidusWealth,https://satsconf.com.br/wp-content/uploads/2025/09/Group-414.png,,satsconf,2025,1,,,SatsConf,,,,,,
Guilherme Graziani,Head of Business Development – LATAM,OddsGate,"As Head of Business Development with a specialisation in the iGaming industry, Guilherme Graziani has built a proven track record of setting up, scaling, and optimising operations across diverse markets. Guilherme’s expertise spans partnership strategy, market expansion, and revenue growth, with a focus on building high-performing teams and creating sustainable business models in fast-evolving digital sectors. Passionate about emerging technologies, regulated markets, and cross-border business, Guilherme is driven by the challenge of transforming opportunities into measurable impact.",,,,,,https://tickets.sigma.world/img/speakers/tmp/speaker-2035-1760945487.png,,sigma-world-rome,,1,,,"SiGMA World 2026 (Rome, Fiera Roma, Nov 2-5 2026)",,,,,,sigma.world/summits/world/speakers (Central Europe 2025 + SiGMA World Past speakers)
Guillermo Gonzalez III (Apex),Co-Founder,The Juice Team & Juice Gaming News,,,,,,,https://cdn.prod.website-files.com/61e87bb144d08a09b725b693/68dbdcd46e0d70533657b406_GuillermoGonzalez_HEAD.PNG,,blockchain-futurist-florida,,1,,,,,,,,,
Guy Wuollet,General Partner,a16z crypto,,,,https://x.com/guywuolletjr,,,https://cdn.prod.website-files.com/6756df8f05088bc3e51c64ea/6a391d8fb1f4c722d3b8eee1_Speaker-Name-Guy-Wuollet.avif,,token2049-singapore,2026,1,,https://www.token2049.com/singapore/speakers,TOKEN2049 Singapore,,,,,,
Gwen Martin,,BNB Chain,,,,,,,,,coinfest-asia,2026,1,,,,,,,,,
H.E. Daniel Azzopardi,Ambassador of Malta to Italy,,"Daniel Azzopardi started his career in the Malta Civil Service in 2007 following a Government Scholarship on European Affairs at the University of Sussex, UK. His first post was that of an officer at the Planning and Priorities Coordination Division within the Office of the Prime Minister on the management of EU Funding. In March 2009 he took on his first assignment in Brussels as Technical Attaché in charge of the Energy and Land Transport dossier at the Permanent Representation of Malta to the European Union. He held this position until 2015. At the start of 2016, he returned to Malta as Chief Executive Officer of The Energy and Water Agency, a Government body tasked with developing and implementing Malta’s national policy on energy and water. In 2018 Mr Azzopardi was appointed Ambassador Extraordinary and Plenipotentiary, Permanent Representative of Malta to the European Union. In August 2020 he was then appointed as Malta’s Ambassador to the Kingdom of Spain. Ambassador Azzopardi has been appointed Ambassador to the Italian Republic on 30th August 2024. Ambassador Azzopardi holds a master’s degree in Contemporary European Studies, from the University of Sussex (UK), and a Bachelor of Arts (Hons) in European Studies from the University of Malta. He is married to Dr Roberta Azzopardi and they have 4 children.",,,,,,https://tickets.sigma.world/img/speakers/tmp/speaker-2044-1761029550.png,,sigma-world-rome,,1,,,"SiGMA World 2026 (Rome, Fiera Roma, Nov 2-5 2026)",,,,,,sigma.world/summits/world/speakers (Central Europe 2025 + SiGMA World Past speakers)
H.E. Dr. Mohamed Al Kuwaiti,"Head of Cyber Security, United Arab Emirates Government",Cyber Security Council,"H.E. Dr. Mohamed Al Kuwaiti is the Head of Cyber Security for the UAE Government and leads the UAE Cyber Security Council. He oversees the national cybersecurity strategy, resilience programs, and major initiatives that positioned the UAE among the top-ranked countries in the ITU Global Cybersecurity Index 2024. He also serves as Managing Director of the National Data Center and plays key international roles, including Co-Chair of the Counter Ransomware Initiative and Vice Chair of OIC-CERT. Dr. Al Kuwaiti has over 20 years of experience in national security and has spoken at more than 50 global events. He holds a Ph.D. in Computer Engineering and Network Security from George Washington University.",,,,,,https://cdn.prod.website-files.com/687f979126432c8ce843e6d7/6883c95507ab2f8549b67f3f_g7pe98-QdKpf9BpPC5_Re5PLqsRuspweuNcWW32XzCE.webp,,bitcoin-mena,2025,1,,https://mena.b.tc/speakers,Bitcoin MENA,,,,,,
H.E. Lucimara Batista dos Reis,Honorary Consul of Brazil in Malta,,"With over 25 years of international leadership in auditing, risk management, corporate law, and regulatory compliance, Lucimara brings extensive experience across the financial sector, gaming industry, and FinTechs. She has led global initiatives in governance, risk, and compliance, spanning Europe, the Americas, and the Middle East. Currently serving as Honorary Consul of Brazil in Malta, Founder of Abrama, and Rotarian Board Member, she combines strategic insight with a strong commitment to integrity, stakeholder engagement, and cross-border collaboration.",,,,,,https://tickets.sigma.world/img/speakers/tmp/speaker-1985-1760527055.png,,sigma-world-rome,,1,,,"SiGMA World 2026 (Rome, Fiera Roma, Nov 2-5 2026)",,,,,,sigma.world/summits/world/speakers (Central Europe 2025 + SiGMA World Past speakers)
H.E. Omar Sultan Al Olama,"UAE Minister of State for AI, Digital Economy & Remote Work Applications",Government of the United Arab Emirates,Discussing national digital innovation strategy and the UAE's blockchain positioning.,,,,,,,,binance-blockchain-week,2025,1,,https://www.binance.com/en/square/post/12-03-2025-binance-blockchain-week-dubai-2025-10-speakers-you-cannot-miss-33203289077641,,,,,,,
Hadiya Masieh,CEO,Groundswell Project,"CEO do Groundswell Project, organização voltada para promover mudanças sociais com abordagens inovadoras. Destaca-se por sua atuação em direitos humanos e pelo uso transformador do Bitcoin e da tecnologia blockchain.",,,,,https://x.com/GroundswellPro3,https://satsconf.com.br/wp-content/uploads/2025/09/Hadiya-Masieh.png,,satsconf,2025,1,,,SatsConf,,,,,,
Hamed Faqirzai,VP of Global Development,Luna PR,,,,,,,,,blockchain-futurist-toronto,,1,,,Blockchain Futurist Conference Toronto 2026,Toronto 2026,,,,,
Harald Rauter,Chief Growth Officer,21energy GmbH,,,,,,,,,bitcoin-amsterdam,,1,,,,,,,,,
Harmen Brenninkmeijer,Executive Chairman,NYCE International,"Harmen Brenninkmeijer has a 30+ year track record in developing, manufacturing, and distributing technology products in the gaming industry. His expertise derives from selling and operating in over 75 countries with an emphasis on emerging markets. His extensive experience across the gaming industry has given him a wealth of knowledge, proving invaluable in business and enabling him to regularly contribute to panels on a wide variety of subjects. Harmen founded the Gaming Incubator in 2007 and has invested in the development of over 20+ technology focused companies. Today he is building NYCE International to represent industry-leading companies, connecting them across the globe with operators, and developing unique ventures along the way.",,,,,,https://tickets.sigma.world/img/speakers/tmp/speaker-488-1763558007.png,,sigma-world-rome,,1,,,"SiGMA World 2026 (Rome, Fiera Roma, Nov 2-5 2026)",,,,,,sigma.world/summits/world/speakers (Central Europe 2025 + SiGMA World Past speakers)
Harpreet Singh Maan,CEO & Co-founder,TEIZA,,,,,,,,,bitcoin-asia,,1,,,,,,,,,
Harry Jung,Deputy Director,The White House,,,,,,,https://framerusercontent.com/images/wwvKTBggTOsx6ycA1EdQZ5kyyI.webp?scale-down-to=1024&amp;width=1340&amp;height=1600,,korea-blockchain-week,2026,1,,,,,,,,,
Haseeb Qureshi,Managing Partner,Dragonfly,,,,https://x.com/hosseeb,https://www.linkedin.com/in/imhaseeb/,,https://cdn.prod.website-files.com/6756df8f05088bc3e51c64ea/6a3a76cb1becb0a80dda470e_Speaker-Name-Hasseb-Qureshi.avif,,token2049-singapore,2026,1,,https://www.token2049.com/singapore/speakers,TOKEN2049 Singapore,,,,,,
Heathcliff Farrugia,COO,SiGMA Group,,,,,,,https://tickets.sigma.world/img/speakers/tmp/speaker-1461-1757947462.png,,sigma-world-rome,,1,,,"SiGMA World 2026 (Rome, Fiera Roma, Nov 2-5 2026)",,,,,,sigma.world/summits/world/speakers (Central Europe 2025 + SiGMA World Past speakers)
Hebert Gaban,CCMO LATAM,KBET,,,,,,,https://tickets.sigma.world/img/speakers/tmp/speaker-2036-1760945520.png,,sigma-world-rome,,1,,,"SiGMA World 2026 (Rome, Fiera Roma, Nov 2-5 2026)",,,,,,sigma.world/summits/world/speakers (Central Europe 2025 + SiGMA World Past speakers)
Henna Virkkunen,Executive VP for Tech Sovereignty,European Commission,,,,,,profile:https://websummit.com/attendees/lis25/3b71d5d3-eff4-4c1a-bed7-6f40c612fd59/henna-virkkunen,https://web-summit-avenger.imgix.net/production/avatars/original/cfe8e1fb74f77ed99d804855079d6a28f78fdf83.jpg,,web-summit-lisbon,2025,1,,,,,,,,,
Henry Elder,CEO,Satsuma Technology,,,,,,,,,bitcoin-amsterdam,,1,,,,,,,,,
Henryk Dabrowski,"CEO, Areca Financial","Managing Partner, F3 Funds",,,,,,,https://cdn.prod.website-files.com/61e87bb144d08a09b725b693/6877aa8fe61ecd08823a7034_HenrykDabrowski_HEAD.JPG,,blockchain-futurist-florida,,1,,,,,,,,,
Hermann Vivier,Founder,Bitcoin Ekasi,,,,https://x.com/vryfokkenou,,,,,planb-forum-lugano,2026,1,,,,,,,,,
Hero van Kampen,Bitcoiner,BitcoinTaps,,,,,,,,,bitcoin-amsterdam,,1,,,,,,,,,
Hervé Larren,Strategic Advisor,DigitalX,,,,,,,,,bitcoin-amsterdam,,1,,,,,,,,,
Hester Peirce,Commissioner,U.S. Securities and Exchange Commission,"Commissioner at the U.S. Securities and Exchange Commission, recognized for her forward-looking approach to digital asset regulation. She is widely known for her principled dissenting opinions that advocate for innovation-friendly frameworks, and is a frequent speaker on the need to balance technological advancement with investor protection.",,,,,,https://static.wixstatic.com/media/5b61ba_8c9766ee80c44d4588aa5a439e9875df~mv2.jpg,,bitcoin-policy-summit,2025,1,,https://www.btcpolicysummit.org/2025-speakers,Bitcoin Policy Summit 2025,,,,,,
Hicham Chahine,Founder & Co-CEO,NIP Group INC,"Hicham Chahine is Co-Founder and Co-CEO of NIP Group (NASDAQ: NIPG), where he is leading the company's rapid expansion into Bitcoin mining and digital infrastructure. Under his leadership, NIPG scaled from zero to 11.3 EH/s of Bitcoin mining capacity in under six months, establishing the company as one of the fastest-growing public miners globally, and the largest in the MENA region. Prior to NIPG's digital infrastructure expansion, Hicham acquired the esports organization Ninjas in Pyjamas in 2016 and built it into a global gaming and entertainment platform reaching hundreds of millions of fans. His background spans finance and entrepreneurship - from 2008 to 2016, he directed hedge fund investments at Formue, the Nordic region's largest wealth management firm, and in 2010 founded Diglife AS, a private equity firm focused on lifestyle, gaming, and technology investments. Hicham brings a unique perspective to Bitcoin mining through his combination of financial markets experience, operational scale-up expertise, and deep understanding of digital communities and fan engagement. He is based in Abu Dhabi, where NIPG operates under a partnership framework with the Abu Dhabi Investment Office. He holds a bachelor's degree in business and economics from BI Norwegian Business School.",,,,,,https://cdn.prod.website-files.com/687f979126432c8ce843e6d7/6920ad63b989f44b0f787dcf_cb276ef2822ec001a6236cad.webp,,bitcoin-mena,2025,1,,https://mena.b.tc/speakers,Bitcoin MENA,,,,,,
Hobbyist Miner,Content Creator,The Hobbyist Miner,,,,,,,https://miningdisrupt.com/assets/images/gallery10/0e9ac327.png?v=0308a4f1,,mining-disrupt,,1,,,,,,,,,
Hodl Tarantula,Co-founder,Sovereign Hybrid Compute,,,,,,,,,bitcoin-asia,,1,,,,,,,,,
Hon. Alex Borg,Leader of the Opposition,Malta,"""Alex Borg, born on 10 June 1995 in Victoria, Gozo, is a lawyer and politician who currently serves as Leader of the Nationalist Party. He was first elected to the Maltese Parliament in 2022, securing the highest number of votes among Nationalist Party candidates after the party leader at the time. Over the past three years, he has served as Shadow Minister for Gozo and has been a member of both the Parliamentary Committee for Gozo and the Committee for Foreign Affairs. Raised in Nadur, Borg pursued his education at the Bishop's Conservatory, Gozo College, and Sir M. A. Refalo Sixth Form. He graduated with a degree in Law in 2019 and subsequently commenced practice as a lawyer. In 2019, Borg was elected to the Executive of the Nationalist Party Youth Movement, followed shortly thereafter by his election to the Nationalist Party Executive Committee. His commitment to grassroots engagement reflects his conviction that effective politics requires direct and sustained contact between elected representatives and their constituents. Borg's political philosophy centres on fostering a robust and competitive economy while maintaining comprehensive social services. He advocates for a balanced approach that promotes economic growth alongside social equity. Following the resignation of Nationalist Party Leader Dr Bernard Grech in June 2025, Borg announced his candidacy for the leadership position. On 6 September 2025, he was elected Leader of the Nationalist Party, marking a significant milestone in his political trajectory.""",,,,,,https://tickets.sigma.world/img/speakers/tmp/speaker-1957-1760428875.png,,sigma-world-rome,,1,,,"SiGMA World 2026 (Rome, Fiera Roma, Nov 2-5 2026)",,,,,,sigma.world/summits/world/speakers (Central Europe 2025 + SiGMA World Past speakers)
Hon. Andrea de Bertoldi,Member of the Chamber of Deputies,,"Andrea de Bertoldi is a Member of Parliament and member of the Finance Committee of the Chamber of Deputies. He belongs to the Lega parliamentary group and is the President of the LCD movement (Liberal Christian Democrats). A former Senator and Secretary of the Finance Committee in the previous legislature, he holds a degree in Economics and Commerce and a Master’s in International Taxation. He is also qualified as a Chartered Accountant and Statutory Auditor.",,,,,,https://tickets.sigma.world/img/speakers/tmp/speaker-2107-1761557087.png,,sigma-world-rome,,1,,,"SiGMA World 2026 (Rome, Fiera Roma, Nov 2-5 2026)",,,,,,sigma.world/summits/world/speakers (Central Europe 2025 + SiGMA World Past speakers)
Hon. Antonio Tajani,Deputy Prime Minister and Minister of Foreign Affairs and International Cooperation of Italy,,"Professional journalist since 1980, he has worked as a parliamentary reporter, anchor for GR1 Rai, and head of the Rome newsroom of Il Giornale. Co-founder of Forza Italia, he served as its Vice President from 2018 to 2023 and as National Coordinator from 2021 to 2024. On February 24, 2024, he was unanimously elected National Secretary of Forza Italia. Since 2002, he has been Vice President of the European People’s Party. In 1994, he was elected to the European Parliament for the first time. He was appointed European Commissioner for Transport in 2008, and later Vice President and European Commissioner for Industry and Entrepreneurship in 2010. On January 17, 2017, he was elected President of the European Parliament. From 2019 to 2022, he served as Chair of the Committee on Constitutional Affairs and of the Conference of Committee Chairs of the European Parliament. Since October 22, 2022, he has been Deputy Prime Minister and Minister of Foreign Affairs and International Cooperation.",,,,,,https://tickets.sigma.world/img/speakers/tmp/speaker-1775-1758612107.png,,sigma-world-rome,,1,,,"SiGMA World 2026 (Rome, Fiera Roma, Nov 2-5 2026)",,,,,,sigma.world/summits/world/speakers (Central Europe 2025 + SiGMA World Past speakers)
Hon. Federico Freni,Undersecretary of State,Ministry of Economy and Finance of Italy,"Federico Freni is a lawyer and expert in administrative law. In 2021, he was appointed Undersecretary of State at the Ministry of Economy and Finance in the Draghi government. Following the 2022 political elections, he was elected to the Chamber of Deputies and reconfirmed as Undersecretary of State at the Ministry of Economy and Finance.",,,,,,https://tickets.sigma.world/img/speakers/tmp/speaker-1500-1754311171.png,,sigma-world-rome,,1,,,"SiGMA World 2026 (Rome, Fiera Roma, Nov 2-5 2026)",,,,,,sigma.world/summits/world/speakers (Central Europe 2025 + SiGMA World Past speakers)
Hon. Marcello Coppo,Member of the Chamber of Deputies,Italy,"Marcello Coppo is a Member of the Italian Chamber of Deputies with Fratelli d’Italia (Brothers of Italy). A lawyer admitted to the bar in 2009, he advises individuals and businesses on labor, social security, and tax matters. Before his election to Parliament in 2022, he served as Deputy Mayor of Asti (2017–2022) with responsibility for economic development and the promotion of local entrepreneurship, and had previously held various municipal roles in Asti since 2002. In the Chamber of Deputies, he serves on the Public and Private Labour Committee, the Committee on Elections, and the Parliamentary Committee of Inquiry into workplace conditions and safety. He also serves as Chair of the Inter-Parliamentary Committee on Digital Assets, Blockchain and Bitcoin, engaging with industry and institutions to promote clear, responsible rules for virtual assets that protect consumers while supporting competitiveness and growth.",,,,,,https://tickets.sigma.world/img/speakers/tmp/speaker-1966-1760454123.png,,sigma-world-rome,,1,,,"SiGMA World 2026 (Rome, Fiera Roma, Nov 2-5 2026)",,,,,,sigma.world/summits/world/speakers (Central Europe 2025 + SiGMA World Past speakers)
Hon. Roberta Metsola,President,European Parliament,"Hon. Roberta Metsola was elected President of the European Parliament in January 2022, becoming the youngest ever person to occupy this role. In July 2024, she was re-elected for another term, as only the second person and first woman to serve as President for two terms. President Metsola has been very vocal and firm in Europe’s support to Ukraine, following Russia’s brutal invasion. On 1st April 2022, she became the first President of an institution of the European Union to visit Ukraine since the start of the war. As President, she has led reforms towards a Parliament that is more modern, efficient and accountable. She was first elected as a Member of the European Parliament in 2013. Prior, President Metsola served within the Permanent Representation of Malta to the European Union and later as the legal advisor to the High Representative of the European Union for Foreign Affairs and Security Policy. In her student years, she campaigned actively for Malta's European Union membership. Professionally she is a lawyer who has specialised in European law and politics. Born in 1979, Roberta Metsola is married to Ukko Metsola and is the mother of four boys.",,,,,,https://tickets.sigma.world/img/speakers/tmp/speaker-1730-1758193737.png,,sigma-world-rome,,1,,,"SiGMA World 2026 (Rome, Fiera Roma, Nov 2-5 2026)",,,,,,sigma.world/summits/world/speakers (Central Europe 2025 + SiGMA World Past speakers)
Hon. Silvio Schembri,"Minister for the Economy, Enterprise and Strategic Projects of Malta",,"Silvio Schembri, Minister for the Economy, Enterprise and Strategic Projects, is an economist, academic and elected politician. Born in Luqa, he holds a Master’s and Bachelor’s degree in Economics from L-Università ta' Malta. He is experienced in political communication, sustainable development, negotiation and higher education.",,,,,,https://tickets.sigma.world/img/speakers/tmp/speaker-1901-1759913297.png,,sigma-world-rome,,1,,,"SiGMA World 2026 (Rome, Fiera Roma, Nov 2-5 2026)",,,,,,sigma.world/summits/world/speakers (Central Europe 2025 + SiGMA World Past speakers)
"Hubertus ""the Austrian""",Founder,Bitcredit Protocol,,,,https://x.com/HubertusVIE,,,,,planb-forum-lugano,2026,1,,,,,,,,,
"Hubertus ""the Austrian"" Hofkirchner",Founder,Bitcredit Protocol,"Hubertus is the Founder of Bitcredit Protocol, the elastic Bitcoin credit money layer for business adoption in the real economy. A former commercial banker, investment banker, and Telecom CEO, Hubertus has been an independent serial entrepreneur at the intersection of finance and IT for two decades, founding an online brokerage, a digital options exchange, and a global prediction market platform. He also hosts the monthly Austrian Economics Salon at Vienna's Hayek Institute.",,,,,,https://cdn.prod.website-files.com/687f979126432c8ce843e6d7/69121666116573083c1a1513_f02863a30fce3464880f3287.webp,,bitcoin-mena,2025,1,,https://mena.b.tc/speakers,Bitcoin MENA,,,,,,
Hugh Hendry,Macro expert and social media personality,Acid Capitalist,,,,,,,,,bitcoin-asia,,1,,,,,,,,,
Hugo Montenegro,Co-Founder (Judge),Peanut,,,,,,,https://ethglobal.b-cdn.net/users/pujou/sm.jpg,,ethglobal-lisbon,,1,,,,,,,,,
Hulk,Director,GrapheneOS Foundation,,,,,,,,,planb-forum-lugano,2026,1,,,,,,,,,
Ian A. Northan,Co-Founder and Chief Legal Officer,Ocean,,,,,,,https://miningdisrupt.com/assets/images/gallery08/01b2e2a3.png?v=0308a4f1,,mining-disrupt,,1,,,,,,,,,
Ian Dawson,Co-Founder & CFO,ZBX,"Mr. Dawson, has 20 years experience in banking, finance, corporate service provision and private wealth management, specialising in disruptive industries, business set ups, licensing and financial infrastructure. Previous roles include custodial banking and settlements at The Bank of New York Mellon in the UK, Private Wealth executive in Switzerland as well as CEO of ZBX in Malta up until 2024. Mr Dawson led ZBX through the initial VFA license application in Malta as well as its conversion to MiCA this year.",,,,,,https://tickets.sigma.world/img/speakers/tmp/speaker-2018-1760944533.png,,sigma-world-rome,,1,,,"SiGMA World 2026 (Rome, Fiera Roma, Nov 2-5 2026)",,,,,,sigma.world/summits/world/speakers (Central Europe 2025 + SiGMA World Past speakers)
Ian Fong,,Money20/20,,,,,,,,,coinfest-asia,2026,1,,,,,,,,,
Ian Sherrington,CEO,Crownstar,"Ian Sherrington is a technology professional and writer with a strong background in software development, online gaming and emerging technologies. He is credited with creating the world's first online sportsbook, a landmark achievement that helped lay the foundation for one of the internet's most notable industries. Over the years, Ian has worked across diverse areas of digital innovation, from building web applications to exploring blockchain, artificial intelligence and cloud infrastructure. Based in the Netherlands, he is an everyday cyclist.",,,,,,https://tickets.sigma.world/img/speakers/tmp/speaker-1828-1759150858.png,,sigma-world-rome,,1,,,"SiGMA World 2026 (Rome, Fiera Roma, Nov 2-5 2026)",,,,,,sigma.world/summits/world/speakers (Central Europe 2025 + SiGMA World Past speakers)
Iggy Azalea,Global Music Icon,"Founder, $MOTHER",,,,,,,https://cdn.prod.website-files.com/61e87bb144d08a09b725b693/68dbd7ae6419006739baffa4_IggyAzalea_HEAD.png,,blockchain-futurist-florida,,1,,,,,,,,,
Iggy Azalea,Global Music Icon,$MOTHER,,,,,,,,,blockchain-futurist-toronto,,1,,,Blockchain Futurist Conference Toronto 2026,Past/Keynote,,,,,
Igor Bershadsky,Chief Growth Officer,Hacken,"Web3 entrepreneur with 15+ years of experience spanning financial product sales, project management, and FinTech innovation. My career began in traditional finance, where I spent 13 years building commercial and operational expertise before transitioning into cybersecurity and blockchain. Igor serves as Chief Growth Officer at Hacken, where he works on blockchain security challenges and strategic growth initiatives, supporting the development of robust and secure Web3 ecosystems. His focus lies in bridging traditional finance with decentralized technologies, driving adoption, and scaling secure blockchain solutions.",,,,https://www.linkedin.com/in/igorbershadsky/,,https://api.rareevo.io/storage/domains/rareevo.io/participants/profile/igor_hacken.png,,rare-evo,,1,,,Rare Evo 2026,,,active,Rare Evo 2026 (Main),143,
Illia Polosukhin,Co-Founder,NEAR Protocol,,,,,,,,,binance-blockchain-week,2025,1,,https://crypto.ro/en/news/binance-blockchain-week-2025/,,,,,,,
Imma Romano,Director of Institutional Relations,Codere Italia Spa,"Imma Romano is Director of Institutional Relations at Codere Italia S.p.A. Since 2001, Imma has been working in the field of legal gaming and is a member of working groups within Confindustria (SGI/CSIT) and Confcommercio (EGP/FIPE). Imma is an EFPA-certified ESG Advisor and a professional member of FERPI, the Italian Federation of Public Relations. She was honoured with the title of Ambassador of “Gli Stati Generali delle Donne” for her personal and professional commitment to combating gender-based violence and promoting equality.",,,,,,https://tickets.sigma.world/img/speakers/tmp/speaker-2053-1761035593.png,,sigma-world-rome,,1,,,"SiGMA World 2026 (Rome, Fiera Roma, Nov 2-5 2026)",,,,,,sigma.world/summits/world/speakers (Central Europe 2025 + SiGMA World Past speakers)
Ingamar Ramirez,Growth,Starknet Foundation,,,,,,,,,blockchain-futurist-toronto,,1,,,Blockchain Futurist Conference Toronto 2026,Toronto 2026,,,,,
Invertedx,Senior software engineer,Foundation Device,,,,,,,,,bitcoin-amsterdam,,1,,,,,,,,,
Irene Wu,Angel Investor,,,,,https://x.com/irenewu27,https://www.linkedin.com/in/irenehelenw/,,https://cdn.prod.website-files.com/6756df8f05088bc3e51c64ea/6a391d928b0e8ea8faa85d97_Speaker-Name-Irene-Wu.avif,,token2049-singapore,2026,1,,https://www.token2049.com/singapore/speakers,TOKEN2049 Singapore,,,,,,
Isabela Coser,Educator / Content Creator,Bitcoin Well,"Entusiasta, educadora e Criadora de conteúdo na Bitcoin Well. Focada em autocustódia, soberania financeira e adoção do Bitcoin.",,,,,https://x.com/IsabelaCoserr,https://satsconf.com.br/wp-content/uploads/2025/09/Group-416.png,,satsconf,2025,1,,,SatsConf,,,,,,
Israel Rosenthal,CEO,MuchBetter,"Israel Rosenthal has extensive executive-level experience in the gaming and payment industries. Israel served as the Chief Operating Officer at Rational Group (PokerStars) from February 2006 to August 2016, where they were responsible for various operational and audit roles. Rosenthal oversaw a wide range of functions, including customer support, game integrity, security, payments, and resource management. In October 2016, Rosenthal became the CEO of MuchBetter, an app-based payment wallet that provides secure and economical e-payment solutions for customers and merchants worldwide.",,,,,,https://tickets.sigma.world/img/speakers/tmp/speaker-2189-1761835050.png,,sigma-world-rome,,1,,,"SiGMA World 2026 (Rome, Fiera Roma, Nov 2-5 2026)",,,,,,sigma.world/summits/world/speakers (Central Europe 2025 + SiGMA World Past speakers)
Ivan Filletti,CEO,GamingMalta,"Ivan Filletti has served as CEO of the GamingMalta Foundation since 2016, leading efforts to position Malta as a global leader in the gaming sector. Established by the Government of Malta and the Malta Gaming Authority (MGA), the Foundation under Ivan's guidance has significantly enhanced Malta's reputation as a jurisdiction for gaming innovation. In addition to his responsibilities as CEO, Ivan chairs the government-backed iGaming Council, where he continues to shape regulatory frameworks and advance Malta's prominence in global gaming.",,,,,,https://tickets.sigma.world/img/speakers/tmp/speaker-1797-1758718016.png,,sigma-world-rome,,1,,,"SiGMA World 2026 (Rome, Fiera Roma, Nov 2-5 2026)",,,,,,sigma.world/summits/world/speakers (Central Europe 2025 + SiGMA World Past speakers)
Ivan Kan,CMO,T7X,"Ivan Kan is the CMO of T7X, an SEC-registered transfer agent on a mission to rebuild capital markets from the ground up. T7X is rewriting the rules of securities issuance. Built on compliance-first blockchain infrastructure, T7X is one of the only platforms in the world where tokenization happens at the moment of issuance. The token is not a wrapper. It is not a proof of ownership. It is the security itself. No intermediaries. No receipts. No synthetic exposure. Just direct, programmable ownership of real assets, issued inside U.S. securities law from day one. Where legacy markets restricted access to capital formation behind layers of gatekeepers, T7X tears that down. Investors get 24/7 liquidity. Issuers get a direct line to capital. And every transaction settles on-chain, transparently, in real time. Capital Markets. Rebuilt. A Forbes contributor, Ivan writes on market structure, the future of ownership, and the infrastructure decisions that will determine whether tokenization delivers on its promise or repeats the same failures with better branding. Beyond his operating role, Ivan is a global entrepreneur with one successful exit and an active portfolio as an investor and board member across disruptive technology companies and early-stage ventures.",,,,,,https://api.rareevo.io/storage/domains/rareevo.io/participants/profile/ivan_kan.png,,rare-evo,,1,,,Rare Evo 2026,,,active,Rare Evo 2026 (Main),180,
Ivan Montik,Founder,SOFTSWISS,"Ivan Montik is the founder of SOFTSWISS. The strongest supporter of cryptocurrency, Ivan empowered SOFTSWISS to become the first company to introduce Bitcoin into the online gambling industry in 2013. From its beginnings as a small outsourcing startup, SOFTSWISS has reached a global scale under Ivan's leadership. Now employing over 2,000 people worldwide and winning over 30 prestigious industry awards.",,,,,,https://tickets.sigma.world/img/speakers/tmp/speaker-1816-1759139743.png,,sigma-world-rome,,1,,,"SiGMA World 2026 (Rome, Fiera Roma, Nov 2-5 2026)",,,,,,sigma.world/summits/world/speakers (Central Europe 2025 + SiGMA World Past speakers)
Iñaki Moreno,Strategic Partnerships Lead for Web3 and AI,Google,,,,,,,,,coinfest-asia,2026,1,,,,,,,,,
Jaap Barneveld,Lawyer - partner,De Brauw Blackstone Westbroek,,,,,,,,,bitcoin-amsterdam,,1,,,,,,,,,
Jack Briggs,Executive Director,Intersect,,,,,,,https://api.rareevo.io/storage/domains/dev.rareevo.io/participants/profile/S0f4qUdbKXofg45hCbOEyabieg0xXtclYz98DejT.png,,rare-evo,,1,,,Rare Evo 2026,,,active,Rare Evo 2026 (Main); Dev/Gov Day,89,
Jack Dorsey,,Block,,,,,,,https://afrobitcoin.org/wp-content/uploads/2024/05/Jack-300x300.jpg,,africa-bitcoin-conference,2026,1,ABC26,,,,,,,,
Jack Kong,"Founder, Board Member","Nano Labs, Hong Kong Cyberport",,,Hong Kong,,,,,,bitcoin-asia,,1,,,,,,,,,
Jack Mallers,Founder & CEO,Strike,,,,,,,,,bitcoin-amsterdam,,1,,,,,,,,,
Jack Yark,Head of Trading,Acheron Trading,,,,,,,,,coinfest-asia,2026,1,,,,,,,,,
Jackson Steger,Founding Director,Network School,,,,,,,,,bitcoin-asia,,1,,,,,,,,,
Jacqueline Cooper,Attorney,Blockchain Legal Institute CEO & DARA Founder,,,,,,,https://cdn.prod.website-files.com/61e87bb144d08a09b725b693/6895fcca74b48c771456f58e_jacq.png,,blockchain-futurist-florida,,1,,,,,,,,,
Jae Yun,,Frax Finance,,,,,,,,,coinfest-asia,2026,1,,,,,,,,,
Jaguar-Adva Gal,CEO,Jaguar Reg&Comp,"Jaguar Adva Gal, Adv. CPA, CEO of Jaguar Lawyers, has many years experience managing international strategic investments in startups, wide-ranging investment and portfolio management for the world's largest venture capital fund: Intel Capital. Jaguar Lawyers Firm leads international business law consulting, including building companies contractual structure, international licensing, regulatory compliance, and court litigation, as well as legal financial arbitration.",,,,,,https://tickets.sigma.world/img/speakers/tmp/speaker-147-1757073948.png,,sigma-world-rome,,1,,,"SiGMA World 2026 (Rome, Fiera Roma, Nov 2-5 2026)",,,,,,sigma.world/summits/world/speakers (Central Europe 2025 + SiGMA World Past speakers)
Jaime Debono,CEO,iGaming Academy,"Jamie Debono has over 11 years of experience in the gaming industry. In 2015, he co-founded iGaming Academy to deliver industry-specific and regulatory training for operators and suppliers. Now the largest training provider in the sector, it trains over 60,000 professionals annually. In April 2024, SiGMA Group acquired a majority stake in iGaming Academy, integrating education into its global events and expanding its reach across the industry.",,,,,,https://tickets.sigma.world/img/speakers/tmp/speaker-462-1759935143.png,,sigma-world-rome,,1,,,"SiGMA World 2026 (Rome, Fiera Roma, Nov 2-5 2026)",,,,,,sigma.world/summits/world/speakers (Central Europe 2025 + SiGMA World Past speakers)
Jake Antifaev,Co-Founder & CEO,Thrust,,,,,,,https://cdn.prod.website-files.com/61e87bb144d08a09b725b693/68dbd79b1282af9c48a9a663_jakeantifaev_head_720%201.png,,blockchain-futurist-florida,,1,,,,,,,,,
Jake Claver,CEO,Digital Ascension Group,,,,,,,https://cdn.prod.website-files.com/61e87bb144d08a09b725b693/6877a863b4d1305984cac81b_JakeClaver_HEAD.jpeg,,blockchain-futurist-florida,,1,,,,,,,,,
Jake Explains,Content Creator,Jake Explains Media,,,,,,,,,bitcoin-asia,,1,,,,,,,,,
Jake Langenkamp,CEO and Co-Founder,Bridger,"Founder of Bridger, a Bitcoin mining company dedicated to partnering with African nations to expand energy infrastructure and drive national productivity through mining operations. He brings over two decades of international experience from his service with the U.S. Department of Defense across Europe, Asia, and Africa. As a guest author at the Bitcoin Policy Institute, Langenkamp applies his global perspective to advancing innovative approaches to energy development and Bitcoin mining.",,,,,,https://static.wixstatic.com/media/5b61ba_eceb25739f4545a9bf5f29985d635c8c~mv2.png,,bitcoin-policy-summit,2025,1,,https://www.btcpolicysummit.org/2025-speakers,Bitcoin Policy Summit 2025,,,,,,
Jake Salerno,VP of GTM,Zero Gravity Labs,"Jake leads Business Development at Zero Gravity Labs, where he built and oversees the team responsible for driving ecosystem integrations and strategic go-to-market execution. Since mid-2024, he has built and led a high-impact BD team while directly managing Tier 1 operational partners across the most critical verticals. Under his leadership, 0G has secured over 350 integrations across its modular decentralized AI infrastructure stack. Jake works closely with stakeholders across the 60+ person team, including product, legal, engineering, and marketing, to shape ecosystem strategy, accelerate adoption, and align 0G’s core infrastructure with the needs of its most strategic partners. Prior to 0G, he spent three years at Chainlink Labs leading go-to-market for data products, contributing to over $1 trillion in Total Value Secured through product adoption. A founder with nearly a decade in crypto, Jake has built and exited multiple startups and remains an active contributor to the broader Web3 and AI ecosystems.",,,https://x.com/JakeSalerno,,,https://api.rareevo.io/storage/domains/rareevo.io/participants/profile/jake_salerno.png,,rare-evo,,1,,,Rare Evo 2026,,,active,Rare Evo 2026 (Main),162,
Jameela Jamil,"Podcast Host, Actress & Activist",,,,,,,profile:https://websummit.com/attendees/lis25/191df671-e3ea-40bd-9eed-aa83badb62f2/jameela-jamil,https://web-summit-avenger.imgix.net/production/avatars/original/ccd8c70926a25b9c4fb841f8b0d79561ae68f3db.jpg,,web-summit-lisbon,2025,1,,,,,,,,,
James Delmore,Blockchain & Crypto Analyst,Breadcrumbs,"James Delmore is a Blockchain and Crypto Market Analyst at Breadcrumbs, where he conducts on-chain investigations and produces investigative reports that have been covered by CNBC, Fox Business and others. James also held analyst roles at Figment, Chorus One, and Solidus Labs, covering everything from the staking market to digital asset regulatory analysis. Prior to working in the crypto industry, he was a Researcher at Fox News from 2016 to 2021. James holds an M.A. in Communication from Tel Aviv University and is based in New York and Miami.",,,,https://www.linkedin.com/in/james-delmore/,,https://api.rareevo.io/storage/domains/rareevo.io/participants/profile/james_delmore.png,,rare-evo,,1,,,Rare Evo 2026,,,active,Rare Evo 2026 (Main),145,
James Emerson,"Senior Manager, Digital Assets CoE",KPMG Canada,,,,,,,,,blockchain-futurist-toronto,,1,,,Blockchain Futurist Conference Toronto 2026,Toronto 2026,,,,,
James Maxfield,Head of Europe OTC Trading,Gemini,,,,,,,,,bitcoin-amsterdam,,1,,,,,,,,,
James of Ârc,Leader,Ârc,,,,,,,,,bitcoin-asia,,1,,,,,,,,,
James Pierog,CEO,Glimpse,,,,,,,,,bitcoin-asia,,1,,,,,,,,,
James Slusser,"Senior Ambassador, Polkadot","Founder, Kurkuma",,,,,,,https://cdn.prod.website-files.com/61e87bb144d08a09b725b693/6852eebb82f3ad1cd2b98486_67b75decbc44578bb6331687_GraemeMoore_HEAD%25201.png,,blockchain-futurist-florida,,1,,,,,,,,,
James Spiteri Staines,Director,Beacon Finance,"James Spiteri Staines began his career in the financial sector at 19 with a Big 4 audit firm, qualifying as an ACCA in 2014 and obtaining audit and accounting warrants. He later joined a major CSP, expanding his accounting expertise with national and international clients. In 2018 he became a sole practitioner providing audit and accounting services, before co-founding Beacon Finance Ltd in 2020, where he now serves as Accounts and Payroll Director.",,,,,,https://tickets.sigma.world/img/speakers/tmp/speaker-1747-1758198969.png,,sigma-world-rome,,1,,,"SiGMA World 2026 (Rome, Fiera Roma, Nov 2-5 2026)",,,,,,sigma.world/summits/world/speakers (Central Europe 2025 + SiGMA World Past speakers)
"James Stephens, CBE CCFI",Founder & CEO,Krown Technologies Inc.,,,,,,,,,blockchain-futurist-toronto,,1,,,Blockchain Futurist Conference Toronto 2026,Toronto 2026,,,,,
James Van Straten,Senior Analyst,CoinDesk,,,,,,,,,bitcoin-amsterdam,,1,,,,,,,,,
Jamie King,CMO,Minutes Network,"Jamie King is the Chief Marketing Officer of Minutes Network, a telecommunications and DePIN ecosystem that brings blockchain-powered infrastructure to one of the world's largest industries. His work spans the growth and adoption of Minutes Network's expanding ecosystem, including MNTx, the utility token powering network participation; Unetwork, a global mobile edge network; and Jingle, a developer platform that creates new revenue opportunities through telecommunications infrastructure. Jamie's focus is on helping scale real-world blockchain adoption through technologies that connect traditional telecom operators, mobile applications, network participants, and decentralized infrastructure. The ecosystem is designed to create tangible utility at a global scale, combining carrier-grade telecommunications with Web3-enabled participation models. While many know Jamie as a co-founder of Rockstar Games, where he helped build one of the most successful and influential companies in entertainment history and contributed to iconic franchises including Grand Theft Auto and Red Dead Redemption, his career has since spanned telecommunications, esports, media, technology, and Web3. A BAFTA Lifetime Achievement recipient, he has spent more than 30 years launching, scaling, and advising category-defining businesses across multiple industries, helping bring innovative technologies and products to global audiences.",,,,,,https://api.rareevo.io/storage/domains/rareevo.io/participants/profile/jamie_king.png,,rare-evo,,1,,,Rare Evo 2026,,yes,active,Rare Evo 2026 (Main),161,
Jamie Roberts,Associate Director,Leeward,,,,,,,https://cdn.prod.website-files.com/61e87bb144d08a09b725b693/68dfe335a69bb3e697b5ea1f_JamieRoberts_HEAD%201.png,,blockchain-futurist-florida,,1,,,,,,,,,
Jan Pachner,Secretary General,One Ocean Foundation,,,,,,,https://cdn.prod.website-files.com/61e87bb144d08a09b725b693/68cc22948d11d3195b0be279_JanPachner_HEAD%201.png,,blockchain-futurist-florida,,1,,,,,,,,,
Jan Scheele,Founder / Board,TalkLikeTED / BCNL / DBW,,,,,,,,,bitcoin-amsterdam,,1,,,,,,,,,
Jan Warmus,Partnership Director (USA/EU),EMCD,,,,,,,https://miningdisrupt.com/assets/images/gallery10/73d8be42.png?v=0308a4f1,,mining-disrupt,,1,,,,,,,,,
Janelle Chalouhi,Founder & CEO,Venusventures Inc.,,,,,,,https://cdn.prod.website-files.com/61e87bb144d08a09b725b693/68a5e258f23af28e22669891_JanelleChalouhi_HEAD%20(1).JPG,,blockchain-futurist-florida,,1,,,,,,,,,
Janet Adams,"COO, SingularityNet","Board Member, Artificial Superintelligence Alliance",,,,,,,https://cdn.prod.website-files.com/61e87bb144d08a09b725b693/689a1393afbf37c12431ffe8_JanetAdams_HEADupdated.webp,,blockchain-futurist-florida,,1,,,,,,,,,
Janet Adams,Board Member,Artificial Superintelligence Alliance,,,,,,,,,blockchain-futurist-toronto,,1,,,Blockchain Futurist Conference Toronto 2026,Toronto 2026,,,,,
Janusz,CEO,(π)→✦,,,,,,,,,bitcoin-asia,,1,,,,,,,,,
Jaou Toure,Chief Operations Officer,Spree.Finance,,,,,,,https://cdn.prod.website-files.com/61e87bb144d08a09b725b693/6904d22eadbb35e1b7c362d3_JaouToure_HEAD.png,,blockchain-futurist-florida,,1,,,,,,,,,
Jason Brett,"Senior Contributor at Forbes, Founder",Ben Franklin Digital Reserve,,,,,,,https://cdn.prod.website-files.com/61e87bb144d08a09b725b693/68d3ef121864fcfb0e92792b_JasonBrett_HEAD%20(1).png,,blockchain-futurist-florida,,1,,,,,,,,,
Jason Brett,Senior Contributor,Forbes; Founder Ben Franklin Digital Reserve,,,,,,,,,blockchain-futurist-toronto,,1,,,Blockchain Futurist Conference Toronto 2026,Toronto 2026,,,,,
Jason Dean Frost,President,EUROMAT,,,,,,,https://tickets.sigma.world/img/speakers/tmp/speaker-2106-1761553924.png,,sigma-world-rome,,1,,,"SiGMA World 2026 (Rome, Fiera Roma, Nov 2-5 2026)",,,,,,sigma.world/summits/world/speakers (Central Europe 2025 + SiGMA World Past speakers)
Jason Lau,Chief Innovation Officer at OKX,,Chief Innovation Officer at OKX,,,,,logo:https://blockchain-life.com/wp-content/cache/thumb/1b/1ee4f0dc677381b_160x0.png,https://blockchain-life.com/wp-content/cache/thumb/62/ce62282da4f6162_420x460_notcrop.webp,,blockchain-life-forum,2026,1,,,,,,,,,
Jason Leibowitz,Head of Business Development,Meanwhile,,,,,,,https://cdn.prod.website-files.com/61e87bb144d08a09b725b693/68b0dddc6ee022b02379f67b_JasonLeibowitz_HEAD.jpg,,blockchain-futurist-florida,,1,,,,,,,,,
Jason Sosa,CEO,Bitcoin Orchestrator,,,,,,,,,bitcoin-amsterdam,,1,,,,,,,,,
Jason Tay,,HashKey OTC Singapore,,,,,,,,,coinfest-asia,2026,1,,,,,,,,,
Jasraj Hallan,Shadow Minister for Finance; Member of Parliament,Calgary East,,,,,,,,,blockchain-futurist-toronto,,1,,,Blockchain Futurist Conference Toronto 2026,Toronto 2026,,,,,
Javier Hermosa,"Director - Energy, Mining & AI",Braiins,,,,,,,https://miningdisrupt.com/assets/images/gallery10/ca783ea6.png?v=0308a4f1,,mining-disrupt,,1,,,,,,,,,
Jayson Browder,Senior Vice President of Government Affairs and Social Responsibility,MARA (Marathon Digital Holdings),"Serves as Senior Vice President of Government Affairs and Social Responsibility at MARA (NASDAQ:MARA), where he has led government relations strategy since 2023. He holds a position as a founding Board Member of the Bitcoin Voter Project, an initiative supported by major players in the digital asset space. His work focuses on advancing sustainable digital asset compute and fostering blockchain technology adoption through strategic policy and stakeholder engagement.",,,,,,https://static.wixstatic.com/media/5b61ba_160ddb2324994c1ba83a771417264c02~mv2.png,,bitcoin-policy-summit,2025,1,,https://www.btcpolicysummit.org/2025-speakers,Bitcoin Policy Summit 2025,,,,,,
JD Gagnon,Founder / President,BITS Blockchain Inc,"JD Gagnon is a blockchain entrepreneur and strategist with expertise across multiple ecosystems, most recently including the Core Network. As Founder of BITS (bits.financial), he develops infrastructure that bridges traditional finance and DeFi, supporting real-yield strategies with institutional-grade custody and cross-chain composability for assets like BTC and wBTC. A co-founder of Rome Blockchain Labs, an incubator focused on DeFi innovation, and BENQI, a lending protocol on Avalanche that reached $4B in TVL post-launch, JD has experience scaling protocols from early-stage development to enterprise adoption. His background in financial planning, business consulting, and digital strategy helps him address risks, regulations, and opportunities with institutions and projects of all sizes.",,,,,,https://cdn.prod.website-files.com/687f979126432c8ce843e6d7/691e04ef87685140b5bc26db_5RI0fiSPm0lupE452GouNgal8B8B_Ono4lRbx_da7wc.webp,,bitcoin-mena,2025,1,,https://mena.b.tc/speakers,Bitcoin MENA,,,,,,
Jeannie Lim,,Xweave.io,,,,,,,,,coinfest-asia,2026,1,,,,,,,,,
Jeff Leggett aka Chapo,Founder & CEO,Assure DeFi,,,,,,,https://cdn.prod.website-files.com/61e87bb144d08a09b725b693/68fa508dabfde960609a0140_JeffLeggett_HEAD.jpg,,blockchain-futurist-florida,,1,,,,,,,,,
Jeffrey Gregor,General Manager,OVHcloud,,,,,,,,,blockchain-futurist-toronto,,1,,,Blockchain Futurist Conference Toronto 2026,Toronto 2026,,,,,
"Jelani ""Tekkz""",Professional eSports Player,,,,,,,,https://tickets.sigma.world/img/speakers/tmp/speaker-2142-1761835106.png,,sigma-world-rome,,1,,,"SiGMA World 2026 (Rome, Fiera Roma, Nov 2-5 2026)",,,,,,sigma.world/summits/world/speakers (Central Europe 2025 + SiGMA World Past speakers)
Jenni Rogers,Co-Founder Shibwomen; Founder Queens of Crypto,Shibwomen / Queens of Crypto,,,,,,,,,blockchain-futurist-toronto,,1,,,Blockchain Futurist Conference Toronto 2026,Toronto 2026,,,,,
Jenni Rogers (CryptoQueen),Co-Founder,Shibwomen,,,,,,,https://cdn.prod.website-files.com/61e87bb144d08a09b725b693/6852f03dd33aae46fd1fce8e_679bb0d5d1c42c9df5a5b5a7_JenniRogers_HEAD.webp,,blockchain-futurist-florida,,1,,,,,,,,,
Jennifer Barnett,Director of Venture Capital,Oregon Blockchain Group,,,,,,,https://cdn.prod.website-files.com/61e87bb144d08a09b725b693/68c2b49699aa3b4b026171c8_JenniferBarnett_HEAD%201.png,,blockchain-futurist-florida,,1,,,,,,,,,
Jennifer R. Hughes,Crypto Kids!,Author,,,,,,,https://cdn.prod.website-files.com/61e87bb144d08a09b725b693/68baf6bbcb6e826ee5c0132b_jenniferhughes_head_720%201.png,,blockchain-futurist-florida,,1,,,,,,,,,
Jenny Johnson,CEO,Franklin Templeton,,,,,https://www.linkedin.com/in/jennyjohnsonfranklintempleton/,,https://cdn.prod.website-files.com/6756df8f05088bc3e51c64ea/6a391d928b0e8ea8faa85d94_Speaker-Name-Jenny-Johnson.avif,,token2049-singapore,2026,1,,https://www.token2049.com/singapore/speakers,TOKEN2049 Singapore,,,,,,
Jenny Ortiz-Bolivar,Asia Lead Senior Journalist,SiGMA Group,"With almost 15 years of newsroom experience, Jenny Ortiz-Bolivar is an international journalist and executive producer specialising in gaming, blockchain, business, finance and emerging technology. She currently serves as the Asia Lead Senior Journalist and Reporter for SiGMA World, a leading authority in iGaming. Jenny leads a team of writers focused on producing content tailored to the Asia region, while aslo writing in-depth, analytical articles and reports on industry developments.",,,,,,https://tickets.sigma.world/img/speakers/tmp/speaker-1237-1763480834.png,,sigma-world-rome,,1,,,"SiGMA World 2026 (Rome, Fiera Roma, Nov 2-5 2026)",,,,,,sigma.world/summits/world/speakers (Central Europe 2025 + SiGMA World Past speakers)
Jeremiah Maangi,CEO,iGaming AFRIKA,"Jeremiah Maangi is an outstanding figure in the African b2b and b2c Gaming ecosystem. He is driven by the desire to alleviate the continent's high rate of unemployment by championing the 'Invest in Africa' agenda. An ardent crypto enthusiast campaigning for change in the African Fintech world through the adoption of cryptocurrencies as a means of exchange and payment throughout the continent. Jeremiah is also a marketing and investment professional with extensive experience in advertising, marketing, and startup consulting for African gambling businesses. He is the current CEO of igasummit.com, igamingafrika.com and Founding Director of iGaming Consult Africa and AfriAdz Affiliates.",,,,,,https://tickets.sigma.world/img/speakers/tmp/speaker-800-1759832261.png,,sigma-world-rome,,1,,,"SiGMA World 2026 (Rome, Fiera Roma, Nov 2-5 2026)",,,,,,sigma.world/summits/world/speakers (Central Europe 2025 + SiGMA World Past speakers)
Jeremy Allaire,Co-Founder & CEO,Circle,,,,,,,,,binance-blockchain-week,2025,1,,https://www.binance.com/en/square/post/12-03-2025-binance-blockchain-week-dubai-2025-10-speakers-you-cannot-miss-33203289077641,,,,,,,
Jeremy Berrington (JB),CEO,SCRIB3,"Jeremy Berrington is the CEO of SCRIB3, a creative and communications agency focused on frontier technologies, including cryptocurrency, artificial intelligence, and cybersecurity. With more than 20 years of experience helping businesses and governments navigate technological change, Jeremy has advised governments around the world, including Mexico, Canada, the United Arab Emirates, and Bahrain. He has held senior leadership roles at global agencies such as Publicis Groupe and Real Chemistry, and previously served as Press Secretary to Illinois Governor Rod Blagojevich.",,,,,,https://api.rareevo.io/storage/domains/rareevo.io/participants/profile/jeremy_berrington-1.png,,rare-evo,,1,,,Rare Evo 2026,,,active,Dev/Gov Day,154,
Jeremy Chiang,Teacher,Renaissance College Hong Kong,,,Hong Kong,,,,,,bitcoin-asia,,1,,,,,,,,,
Jesse Shrader,Co-founder,Amboss Technologies,,,,,,,,,bitcoin-amsterdam,,1,,,,,,,,,
Jesse Shrader,,,,,,https://x.com/Jestopher_BTC,,nostr:https://njump.me/npub18yvpnchj7yaepjk8yz2pn66hfmmup505aqvx0lpyc3aree0g5fyq8clpz3; website:https://amboss.tech/,https://btcpp.nyc3.digitaloceanspaces.com/speakers/jestopher.png,,bitcoin-plusplus-berlin,,1,,,,,,,,,
Jesse Shrader,CEO & Co-Founder,"Amboss Technologies, Inc.",,,,https://x.com/Jestopher_BTC,,,,,planb-forum-lugano,2026,1,,,,,,,,,
Jesse Zhang,Co-founder & CEO,Decagon AI,,,,,,profile:https://websummit.com/attendees/lis25/b9d59835-da73-4139-b446-11dfdd06245a/jesse-zhang,https://web-summit-avenger.imgix.net/production/avatars/original/aa92065870b17b497e3af0ce06cae310e4694273.jpg,,web-summit-lisbon,2025,1,,,,,,,,,
Jessica Levesque,Executive Director,C4,,,,,,,,,blockchain-futurist-toronto,,1,,,Blockchain Futurist Conference Toronto 2026,Toronto 2026,,,,,
Jessica Maier,Co-Founder & Director,EGARA – Executive Gaming and Risk Advisory,"Jessica Maier is an internationally recognised advisor in the global gaming industry, trusted by operators, suppliers, investors, and policymakers for her expertise in regulation, licensing, risk, and compliance. As the Co-Founder of EGARA – Executive Gaming and Risk Advisory, she helps clients use compliance as a driver of growth, transform regulatory complexity into competitive advantage, and approach risk as a source of strategic opportunity. Her career includes executive leadership roles as Chief Risk Officer, Head of Legal & Compliance, and Head of Government Affairs at leading gaming software companies, as well as Partner at a specialist gaming law firm. She has managed multiple international B2C and B2B licensing projects, advised on major M&A transactions, and strengthened governance frameworks to support long-term success. Jessica serves on the Board of Trustees of the International Association of Gaming Advisors (IAGA) and co-chairs its EMEA Engagement Committee. She is widely respected for her pragmatic approach and her ability to build constructive relationships with regulators and industry stakeholders worldwide.",,,,,,https://tickets.sigma.world/img/speakers/tmp/speaker-789-1759935115.png,,sigma-world-rome,,1,,,"SiGMA World 2026 (Rome, Fiera Roma, Nov 2-5 2026)",,,,,,sigma.world/summits/world/speakers (Central Europe 2025 + SiGMA World Past speakers)
Jessica Pegueros,Director of Events and Partnerships,CryptoCurrencyWire,,,,,,,https://cdn.prod.website-files.com/61e87bb144d08a09b725b693/6895fae05515165b6f9d7759_JessicaPegueros_HEAD.jpeg,,blockchain-futurist-florida,,1,,,,,,,,,
Jesus Martinez,Founder,Legion,,,,,,,https://cdn.prod.website-files.com/61e87bb144d08a09b725b693/68beed10e1e8389f9d38ee3e_jesusmartinez_head_360.jpg,,blockchain-futurist-florida,,1,,,,,,,,,
Jillian Dingwall,Senior News Writer,SiGMA Group,,,,,,,https://tickets.sigma.world/img/speakers/tmp/speaker-1592-1757947431.png,,sigma-world-rome,,1,,,"SiGMA World 2026 (Rome, Fiera Roma, Nov 2-5 2026)",,,,,,sigma.world/summits/world/speakers (Central Europe 2025 + SiGMA World Past speakers)
Jillian Friedman,Chief Operating Officer,Symbiotic,,,,,,,,,blockchain-futurist-toronto,,1,,,Blockchain Futurist Conference Toronto 2026,Toronto 2026,,,,,
Jim Crider,"Owner, Financial Planner",Intentional Living FP,,,,,,,,,bitcoin-amsterdam,,1,,,,,,,,,
Jim Justice,U.S. Senator (R-WV),U.S. Senate,"United States Senator from West Virginia, elected in 2025 after serving two terms as Governor from 2017 to 2025. With a business background in coal and agriculture, he is known for championing economic innovation in West Virginia, including support for emerging technologies like Bitcoin. Justice advocates for pro-growth policies that aim to transform traditional energy regions into technology hubs while reinforcing West Virginia's leadership in energy production.",,,,,,https://static.wixstatic.com/media/5b61ba_22e781a7de1646149915cbda1e2a8309~mv2.jpg,,bitcoin-policy-summit,2025,1,,https://www.btcpolicysummit.org/2025-speakers,Bitcoin Policy Summit 2025,,,,,,
Jim Moran,Director of Business Development,Rensa Filtration,,,,,,,https://miningdisrupt.com/assets/images/gallery12/3ac45d24.png?v=0308a4f1,,mining-disrupt,,1,,,,,,,,,
Jimmy Song,"Bitcoin Educator, Open-Source Programmer, Author",,,,,https://x.com/jimmysong,,,,,planb-forum-lugano,2026,1,,,,,,,,,
Joao Alves,Co-Founder (Judge),Bleap,,,,https://x.com/JoaoAlvesDotETH,,,https://ethglobal.b-cdn.net/users/upw78/sm.jpg,,ethglobal-lisbon,,1,,,,,,,,,
Jochen Biewer,Managing Director,Chevron Group,"Jochen Biewer founded Chevron Consultants in 2000, supporting regulated market applications. The company grew into Chevron Group, a leading provider of compliance consulting, outsourcing, training and audits across multiple jurisdictions, with offices in Frankfurt, Sliema, Milan and Barcelona. Jochen also co-founded MGT, delivering regulatory API orchestration and monitoring. He frequently speaks at global conferences and holds board positions in several industry associations.",,,,,,https://tickets.sigma.world/img/speakers/tmp/speaker-1440-1760446043.png,,sigma-world-rome,,1,,,"SiGMA World 2026 (Rome, Fiera Roma, Nov 2-5 2026)",,,,,,sigma.world/summits/world/speakers (Central Europe 2025 + SiGMA World Past speakers)
Jodom Konuko,,Bitsacco,,,,,,,https://afrobitcoin.org/wp-content/uploads/2025/09/Jodom-Konuko.jpg,,africa-bitcoin-conference,2026,1,ABC26,,,,,,,,
Joe Hatch,VP Product,StatsDrone,"Joe Hatch is VP Product at StatsDrone, where he leads product strategy and development for data tools in the affiliate marketing and iGaming sector. With more than a decade of experience in affiliation, he has worked across startups and publicly listed companies in roles ranging from Technical Product Owner to VP Product. His current focus is on advanced tracking, giving affiliates greater control of their data through solutions such as click level attribution, CRM integration and full funnel attribution.",,,,,,https://tickets.sigma.world/img/speakers/tmp/speaker-1852-1759394124.png,,sigma-world-rome,,1,,,"SiGMA World 2026 (Rome, Fiera Roma, Nov 2-5 2026)",,,,,,sigma.world/summits/world/speakers (Central Europe 2025 + SiGMA World Past speakers)
Joe Kelly,Co-founder and CEO,Unchained,"Co-founder and CEO of Unchained, where he has led the company since 2016 in building a platform that secures over $10 billion in bitcoin through self-custody solutions, trading, commercial lending, and IRA services. Under his leadership, Unchained has grown into a venture-backed firm with over 100 employees and more than $100 million in funding, pioneering a new category of bitcoin-native financial services. He also serves on the board of the Texas Bitcoin Foundation, a nonprofit dedicated to advancing Bitcoin research and education.",,,,,,https://static.wixstatic.com/media/5b61ba_f3a3fbd0c73a4cde88c474655835f872~mv2.jpg,,bitcoin-policy-summit,2025,1,,https://www.btcpolicysummit.org/2025-speakers,Bitcoin Policy Summit 2025,,,,,,
Joe Lamb,Founder,Volume Communications,"Joe Lamb has over 15 years' experience within the communications industry and held senior roles at some of the world’s most respected PR firms before deciding to start his own: Volume Communications. Volume Communications has quickly established itself as an independent agency that delivers big results for its gaming clients. Throughout his career, Joe has been passionate about delivering earned media at scale and that discipline sits as the core of Volume Communications client output.",,,,,,https://tickets.sigma.world/img/speakers/tmp/speaker-1749-1758199066.png,,sigma-world-rome,,1,,,"SiGMA World 2026 (Rome, Fiera Roma, Nov 2-5 2026)",,,,,,sigma.world/summits/world/speakers (Central Europe 2025 + SiGMA World Past speakers)
Joe Suzuki,Business Development Manager,Certik,,,,,https://www.linkedin.com/in/joe-suzuki-5a0851243/,,https://api.rareevo.io/storage/domains/rareevo.io/participants/profile/joe_suzuki.png,,rare-evo,,1,,,Rare Evo 2026,,,active,Rare Evo 2026 (Main),176,
Joey Ingram,Pro Poker Player,,"Joe Ingram, also known as ‘Chicago Joey’ or ‘BigPapi’, is a multifaceted poker personality known for his impactful presence in the poker media landscape. Ingram’s journey into poker began with a keen interest in competitive gaming. He transitioned to poker during his college years, initially dabbling in micro-stakes online. His strategic acumen and relentless work ethic would soon propel him to higher stakes, where he achieved further success and recognition. Beyond his achievements as a player, Ingram is widely acknowledged for his contributions to the poker community through various media platforms. His podcast, ‘ The Joe Ingram Poker Life Podcast’, became a staple for poker enthusiasts, featuring in-depth interviews with top players, industry experts and personalities.",,,https://x.com/Joeingram1,,,https://api.rareevo.io/storage/domains/rareevo.io/participants/profile/Ge3hQfrmGRPVNSgpbfodzeynuNJmEJQi2FmgN8zi.png,,rare-evo,,1,,,Rare Evo 2026,,,active,Rare Evo 2026 (Main),108,
Johan Bergman,Analyst,The Bitcoin Layer,,,,,,,,,bitcoin-amsterdam,,1,,,,,,,,,
John Arnold,Principal,Ten31,"An investor with over seven years of experience analyzing businesses and evaluating transactions. His previous roles include positions at Goldman Sachs, Citadel, and Crestline.",,,,,,https://static.wixstatic.com/media/5b61ba_821d297caa7d4fe8b47ee56b8b754b47~mv2.jpg,,bitcoin-policy-summit,2025,1,,https://www.btcpolicysummit.org/2025-speakers,Bitcoin Policy Summit 2025,,,,,,
John Carvalho,CEO,Synonym,,,,https://x.com/bitcoinerrorlog,,,,,planb-forum-lugano,2026,1,,,,,,,,,
John Hagan,Managing Partner,Harris Hagan,"John Hagan is Managing Partner of Harris Hagan, specialising in all aspects of online and land-based gambling law, John is ranked in global directories and recognised as a “market leader in gaming law”. John has extensive gambling law, regulatory and licensing experience having advised major international clients on matters ranging from license applications, compliance investigations and license reviews to M&A related specialist gambling advice.",,,,,,https://tickets.sigma.world/img/speakers/tmp/speaker-1603-1755853780.png,,sigma-world-rome,,1,,,"SiGMA World 2026 (Rome, Fiera Roma, Nov 2-5 2026)",,,,,,sigma.world/summits/world/speakers (Central Europe 2025 + SiGMA World Past speakers)
John Jae Woo Lee,"Founder, Card Mint. Prev VP of Eng @ Sky Mavis",Head of Eng @ Chainlink,,,,,,,https://cdn.prod.website-files.com/61e87bb144d08a09b725b693/68f921b92bc18e33964b93d1_JohnJaeWooLee_HEAD%201.png,,blockchain-futurist-florida,,1,,,,,,,,,
John Koudounis,President and CEO,Calamos Investments,"John Koudounis serves as the President and CEO of Calamos Investments, the third largest liquid alternatives asset manager in the US. Under his leadership, the firm’s AUM has surged to over $46 billion, nearly tripling since he took the helm in 2016. Notably, he has overseen the launch of innovative products, including the world's first suite of downside-protected Bitcoin ETFs. With over 37 years of experience in the financial services sector, he previously held the position of President and CEO at Mizuho Securities in the Americas, where he significantly expanded the firm's capital markets teams and enhanced profitability, client base, and product diversity, elevating Mizuho to a top-tier global investment bank. In addition to his corporate responsibilities, Koudounis is recognized for his thought leadership, frequently speaking at global conferences and platforms such as CNBC, Fox Business, and Bloomberg TV. Koudounis is committed to philanthropy and is involved with several organizations including the Concordia Leadership Council, the SEAL Future Foundation, The Hellenic Initiative, and the Ecumenical Bartholomew Foundation. He holds a degree in International Diplomacy & Foreign Affairs and Economics from Brown University.",,,,,,https://cdn.prod.website-files.com/687f979126432c8ce843e6d7/6920ad6a77208e786f90fb41_7p7_usM5fYNHy6XgsxWJSbaNQa_w0AVzoQGs0CuFHyc.webp,,bitcoin-mena,2025,1,,https://mena.b.tc/speakers,Bitcoin MENA,,,,,,
John Medel,Head of Public Policy,Injective,"John Medel oversees policy and regulatory engagement at the Injective Policy Institute, where he promotes responsible innovation across the digital assets space, including tokenization, RWAs, and on-chain lending. Prior to this, he was part of Coinbase’s Public Policy team, where he focused on international regulations and led market entry efforts in India, Turkey, Brazil, and Canada. He also served as a Vice President in Government Affairs at Goldman Sachs, specializing in the post-Dodd-Frank regulatory environment and cross-border investments and acquisitions. Mr. Medel holds master’s degrees from London School of Economics in International Political Economy and Georgetown University in American Government and National Security Studies.",,,,https://www.linkedin.com/in/john-medel-9003961/,website:https://iq.wiki/wiki/john-medel,https://api.rareevo.io/storage/domains/rareevo.io/participants/profile/john_medel.png,,rare-evo,,1,,,Rare Evo 2026,,,active,Rare Evo 2026 (Main),137,
John Riggins,CEO,Moon Inc,,,,,,,,,bitcoin-asia,,1,,,,,,,,,
John Sarson,CEO,Sarson Funds,,,,,,,https://cdn.prod.website-files.com/61e87bb144d08a09b725b693/68e410a0dc3b908ab9a283be_JohnSarson_HEAD.jpg,,blockchain-futurist-florida,,1,,,,,,,,,
John Wang,Head of Crypto,Kalshi,,,,https://x.com/j0hnwang,https://www.linkedin.com/in/j0hnwang/,,https://cdn.prod.website-files.com/6756df8f05088bc3e51c64ea/6a391d9aa89f5ba2335fbb52_Speaker-Name-John-Wang.avif,,token2049-singapore,2026,1,,https://www.token2049.com/singapore/speakers,TOKEN2049 Singapore,,,,,,
John Wright,Co-Founder & CEO,StatsDrone,John is the host of the Affiliate BI podcast and co-founder of StatsDrone. He's been in iGaming and affiliate marketing for over 2 decades and is building the next-gen tools for affiliate marketers.,,,,,,https://tickets.sigma.world/img/speakers/tmp/speaker-1875-1759741580.png,,sigma-world-rome,,1,,,"SiGMA World 2026 (Rome, Fiera Roma, Nov 2-5 2026)",,,,,,sigma.world/summits/world/speakers (Central Europe 2025 + SiGMA World Past speakers)
Jolie Kahn,CEO,AgriFORCE,,,,,,,https://miningdisrupt.com/assets/images/gallery08/643be845.png?v=0308a4f1,,mining-disrupt,,1,,,,,,,,,
Jonathan,"Head of Product, Bitkey",Bitkey - Block Inc,,,,,,,,,bitcoin-amsterdam,,1,,,,,,,,,
Jonathan C,CBO,Ellipal,,,,,,,,,bitcoin-asia,,1,,,,,,,,,
Jonathan Han,CEO,AiraPay,,,,,,,,,blockchain-futurist-toronto,,1,,,Blockchain Futurist Conference Toronto 2026,Toronto 2026,,,,,
Jonathan Low,Founder & CEO,Biptap,"Jonathan Low, a visionary entrepreneur with over 15 years of experience, is transforming the global financial landscape as Founder and CEO of Biptap. By merging blockchain technology with traditional banking, he addresses challenges in payments, financial accessibility and privacy, creating innovative solutions that empower businesses and individuals.",,,,,,https://tickets.sigma.world/img/speakers/tmp/speaker-889-1765796713.png,,sigma-world-rome,,1,,,"SiGMA World 2026 (Rome, Fiera Roma, Nov 2-5 2026)",,,,,,sigma.world/summits/world/speakers (Central Europe 2025 + SiGMA World Past speakers)
Jonathan Morgan,Lead Crypto Analyst,Stocktwits,,,,,,,https://cdn.prod.website-files.com/61e87bb144d08a09b725b693/6904d0c11f2af175b2b1d211_JonathanMorgan_HEAD.png,,blockchain-futurist-florida,,1,,,,,,,,,
Jonathan Ovadia,CEO,OVEX,"As the Founder and CEO of OVEX, Jonathan Ovadia is at the forefront of institutional Bitcoin adoption in Africa. With a strong background in Electrical and Computer Engineering from the University of Cape Town, Jonathan views market inefficiencies as engineering problems—and has built OVEX into the region's premier infrastructure for digital asset settlement and liquidity. Jonathan is widely recognized for democratizing access to global finance for the continent's largest enterprises. He has been instrumental in opening up institutional access to Bitcoin, establishing the secure, high-volume payment rails required for companies to use cryptocurrency as a real-time settlement layer for cross-border trade and corporate treasury management. Having processed billions in volume, Jonathan is re-defining the utility of Bitcoin and stablecoins for African commerce.",,,,,,https://cdn.prod.website-files.com/687f979126432c8ce843e6d7/691d2b692ef36fc4fdccc763_mb0-aCgx-vaI-tHrbeVg0OMMVfQkYFEMs0wWGkIjS2Y.webp,,bitcoin-mena,2025,1,,https://mena.b.tc/speakers,Bitcoin MENA,,,,,,
Jordan Hidalgo,Founder,Fluxx,,,,,,,https://miningdisrupt.com/assets/images/gallery12/d7177fa9.png?v=0308a4f1,,mining-disrupt,,1,,,,,,,,,
Jordi Alexander,Founder,Selini Capital,,,,https://x.com/gametheorizing,,,https://cdn.prod.website-files.com/6756df8f05088bc3e51c64ea/6a391d928b0e8ea8faa85d8e_Speaker-Name-Jordi-Alexander.avif,,token2049-singapore,2026,1,,https://www.token2049.com/singapore/speakers,TOKEN2049 Singapore,,,,,,
Jordy den Toom,Co-President,Student Blockchain Association Netherlands,,,,,,,,,bitcoin-amsterdam,,1,,,,,,,,,
Jos Lazet,CEO,Blockrise,,,,,,,,,bitcoin-amsterdam,,1,,,,,,,,,
Josefin Uppeke,Senior Product Owner,Wicked Games,"Josefin Uppeke has been in game production since 2016 and has worked across multiple studios and countries, leading projects from concept to launch. She is now Senior Product Owner at Wicked Games, creating bold, edgy titles alongside modern twists on the classics. Naturally outgoing and collaborative, she brings teams together and keeps the creative flow moving in the right direction. What drives her is building experiences that connect with players, games that stand out, surprise people and have that spark of rebellion and purpose.",,,,,,https://tickets.sigma.world/img/speakers/tmp/speaker-1933-1760080031.png,,sigma-world-rome,,1,,,"SiGMA World 2026 (Rome, Fiera Roma, Nov 2-5 2026)",,,,,,sigma.world/summits/world/speakers (Central Europe 2025 + SiGMA World Past speakers)
Joseph Chu,CFA,Meanwhile,,,,,,,https://miningdisrupt.com/assets/images/gallery10/841ff2ce.png?v=0308a4f1,,mining-disrupt,,1,,,,,,,,,
Joseph Collement,Chief Legal Officer and Head of Media,Bitcoin.com,"Joseph is a licensed attorney in the U.S. and founder of thecryptolawyers.com (est. 2017), a crypto-only law firm where he represented top players in the industry. Joseph has been an executive at Bitcoin.com since 2020 and leads the media, legal and compliance teams. Joseph is also a regular contributor to various financial and crypto online publications such as Coindesk, Fortune, Yahoo Finance, and Cointelegraph.",,,,,,https://cdn.prod.website-files.com/687f979126432c8ce843e6d7/68e69a980751fcd7f0273760_qh0zD4OyOB6r9GZmbK7m5MQ8IrYpLoUjBBvtq9TF2XY.webp,,bitcoin-mena,2025,1,,https://mena.b.tc/speakers,Bitcoin MENA,,,,,,
Joseph Dallago,CEO & Co-Founder,Rain,"Joseph Dallago is the Co-Founder and CEO of Rain, the first licensed and largest region-born cryptocurrency exchange in the Middle East and North Africa. He began coding at age 13 and has spent more than a decade building technology companies, founding and exiting two startups before Rain. Joseph entered the crypto space in 2013 and has been closely involved in its evolution, particularly across the Middle East. Under his leadership, Rain secured the region’s first crypto license with the Central Bank of Bahrain in 2017 and expanded its regulatory footprint by obtaining an ADGM licence in 2023. Rain has since grown to more than one million sign-ups and raised 110 million USD from global investors including Coinbase, Kleiner Perkins, and Paradigm. Joseph remains focused on expanding financial access and driving responsible crypto adoption across the region.",,,,,,https://cdn.prod.website-files.com/687f979126432c8ce843e6d7/692f122d01d57441d669f910_8e22baeb2af45f1515c8983b.webp,,bitcoin-mena,2025,1,,https://mena.b.tc/speakers,Bitcoin MENA,,,,,,
Joseph F Borg,Partner,WH Partners,,,,,,,https://tickets.sigma.world/img/speakers/tmp/speaker-2114-1765805345.png,,sigma-world-rome,,1,,,"SiGMA World 2026 (Rome, Fiera Roma, Nov 2-5 2026)",,,,,,sigma.world/summits/world/speakers (Central Europe 2025 + SiGMA World Past speakers)
Joseph Gordon-Levitt,"Actor, Filmmaker, Entrepreneur",,,,,,,profile:https://websummit.com/attendees/lis25/53169c34-8d92-4602-8832-10ef9d2bd0eb/joseph-gordon-levitt,https://web-summit-avenger.imgix.net/production/avatars/original/1668ee6c7e547a7fd04fa415390e8a9090b40736.jpg,,web-summit-lisbon,2025,1,,,,,,,,,
Joseph Iuso,Co-Founder CAMLO; Head of Global Regulatory Affairs KYC2020,CAMLO / KYC2020,,,,,,,,,blockchain-futurist-toronto,,1,,,Blockchain Futurist Conference Toronto 2026,Toronto 2026,,,,,
Joseph Wang,Founder and Senior Physicist,Hong Kong Institute of Physics,,,Hong Kong,,,,,,bitcoin-asia,,1,,,,,,,,,
Josh Gottheimer,U.S. Congressman (D-NJ),U.S. House of Representatives,,,,,,,https://static.wixstatic.com/media/5b61ba_2ad652e659674d06961f8df89c71f4e5~mv2.jpg,,bitcoin-policy-summit,2025,1,,https://www.btcpolicysummit.org/2025-speakers,Bitcoin Policy Summit 2025,,,,,,
Josh Hendrickson,Professor and Chair of Economics Department / Senior Fellow,University of Mississippi / Bitcoin Policy Institute,"Professor and Chair of the Economics Department at the University of Mississippi and a Senior Fellow at the Bitcoin Policy Institute, AIER's Sound Money Project, and the Mercatus Center. His research spans monetary theory, political economy, and Bitcoin's role in modern monetary systems, with work published in leading journals such as the Journal of Money, Credit and Banking. Hendrickson also serves on the board of the Mississippi Council on Economic Education and is an active voice in policy discussions on sound money and digital assets.",,,,,,https://static.wixstatic.com/media/5b61ba_f099d4aee37a44a78f295da8232da6f2~mv2.webp,,bitcoin-policy-summit,2025,1,,https://www.btcpolicysummit.org/2025-speakers,Bitcoin Policy Summit 2025,,,,,,
Josh Levy,"Mayor, City of Hollywood",FL,,,,,,,https://cdn.prod.website-files.com/61e87bb144d08a09b725b693/690c068899983911244b0018_JoshLevy_HEAD.jpeg,,blockchain-futurist-florida,,1,,,,,,,,,
Josh Lim,Global Head of Markets,FalconX,,,,https://x.com/joshua_j_lim,https://www.linkedin.com/in/joshua-lim-1b27098/,,https://cdn.prod.website-files.com/6756df8f05088bc3e51c64ea/6a391d928b0e8ea8faa85d85_Speaker-Name-Josh-Lim.avif,,token2049-singapore,2026,1,,https://www.token2049.com/singapore/speakers,TOKEN2049 Singapore,,,,,,
Josh Weiss,Global Head of Sales,Utila,,,,,,,,,blockchain-futurist-toronto,,1,,,Blockchain Futurist Conference Toronto 2026,Toronto 2026,,,,,
Joshua Bell,Director of Revenue,,,,,,,,https://miningdisrupt.com/assets/images/gallery08/0f44fcf5.png?v=0308a4f1,,mining-disrupt,,1,,,,,,,,,
Joshua McDougall,Co-Founder,C4,,,,,,,,,blockchain-futurist-toronto,,1,,,Blockchain Futurist Conference Toronto 2026,Toronto 2026,,,,,
JT Benavides,CEO,Ravariant Labs,"JT Benavides, CEO of Ravariant Labs. Ravariant builds the underwriting, risk, and smart contract infrastructure for NAV lending against private fund collateral. Previously underwrote and deployed over $200M against illiquid assets.",,,,,,https://api.rareevo.io/storage/domains/rareevo.io/participants/profile/jt_benavides.png,,rare-evo,,1,,,Rare Evo 2026,,,active,Rare Evo 2026 (Main),159,
Ju Chun Ko,Legislator,"Legislative Yuan, Republic of China (Taiwan)",,,Taiwan,,,,,,bitcoin-asia,,1,,,,,,,,,
Juan Allen,CMO,OLAGG,,,,,,,https://cdn.prod.website-files.com/61e87bb144d08a09b725b693/68e6212e778f06df70330d97_juanallen_head_720.jpg,,blockchain-futurist-florida,,1,,,,,,,,,
Juan Leon,Senior Investment Strategist,Bitwise,"Juan Leon is the Senior Investment Strategist at Bitwise Asset Management where he helps lead research, product and strategy development, fund and index management, and supports sales and client relationships. Prior to Bitwise, he was a Portfolio Manager at U.S. Global Investors managing equity and fixed-income funds, and designed quantitative investment strategies. Before that, Juan was a Financial Analyst at Rackspace Technology where he contributed to financial planning and analysis. He is a graduate of Trinity University, double majoring in Political Science and Economics. Juan also earned the Chartered Financial Analyst designation from the CFA Institute.",,,,https://www.linkedin.com/in/juan-f-leon/,website:https://iq.wiki/wiki/juan-leon,https://api.rareevo.io/storage/domains/dev.rareevo.io/participants/profile/wyEWJSUjHpNgdedk5GO06xngOU5oaxUvB5qnw2cg.png,,rare-evo,,1,,,Rare Evo 2026,,yes,active,Rare Evo 2026 (Main),36,
Juan Sartori,Chief Special Projects Officer,Tether,,,,,,,,,planb-forum-lugano,2026,1,,,,,,,,,
Juergen Waithera,Head of Development,FARMGOD,,,,,,,https://miningdisrupt.com/assets/images/gallery10/e35a1e9d.png?v=0308a4f1,,mining-disrupt,,1,,,,,,,,,
Jukka Lepikkö,,,,,,https://x.com/JukkaLepikko,,,https://btchel.com/wp-content/uploads/2025/12/Jukka-Lepikko-Seedor.jpg,,btchel,,1,,,,,,,,,
Julian Goffin,Co-Founder & CEO,Alunafi,"Julian Goffin is a commercially minded C-level payments expert at Alunafi, with over 10 years experience in the payments industry. His expertise includes business development (B2B and B2C), solution oriented sales, high-risk markets, correspondent banking, SEPA and SWIFT payments and strategic collaborations. He has built multiple companies to multimillion- pound revenues.",,,,,,https://tickets.sigma.world/img/speakers/tmp/speaker-114-1757681305.png,,sigma-world-rome,,1,,,"SiGMA World 2026 (Rome, Fiera Roma, Nov 2-5 2026)",,,,,,sigma.world/summits/world/speakers (Central Europe 2025 + SiGMA World Past speakers)
Julie Lamb,Founder,NFT VIP,,,,,,,https://cdn.prod.website-files.com/61e87bb144d08a09b725b693/6852eebbee828cf78ee9ca69_67b47d93ba9581d07a99c2ea_JulieLamb_HEAD.jpeg,,blockchain-futurist-florida,,1,,,,,,,,,
Jurjen Meijer,COO,Treasury,,,,,,,,,bitcoin-amsterdam,,1,,,,,,,,,
Justin Barlow,Executive Director,Sei Development Foundation,,,,,,,https://cdn.prod.website-files.com/61e87bb144d08a09b725b693/68a8587f70e795d0b620eb21_JustinBarlow_HEAD.png,,blockchain-futurist-florida,,1,,,,,,,,,
Justin McAfee,Founder of Wright One,Wright One,,,,,,,https://miningdisrupt.com/assets/images/gallery10/e30e0a39.png?v=0308a4f1,,mining-disrupt,,1,,,,,,,,,
Justin Sun,Advisor,WBTC,,,,,,,,,bitcoin-asia,,1,,,,,,,,,
Justin Sun,Founder,TRON & Advisor to HTX,Founder of TRON & Advisor to HTX,,,,,logo:https://blockchain-life.com/wp-content/cache/thumb/0f/666d9453a23a70f_160x0.png,https://blockchain-life.com/wp-content/cache/thumb/b3/66f5258d38e7db3_420x460_notcrop.webp,,blockchain-life-forum,2026,1,,,,,,,,,
Jānis Ungurs,Director of the Legal Department,Lotteries and Gambling Supervisory Inspection – Latvia,"Janis Ungurs is a legal professional with over 20 years experience, specialising in gambling regulation and IT. Since 2006, he has directed the Legal Department at Latvia's Lotteries and Gambling Supervisory Inspectorate, overseeing legal frameworks. licensing, litigation and international cooperation in gaming regulation.",,,,,,https://tickets.sigma.world/img/speakers/tmp/speaker-1428-1750932275.png,,sigma-world-rome,,1,,,"SiGMA World 2026 (Rome, Fiera Roma, Nov 2-5 2026)",,,,,,sigma.world/summits/world/speakers (Central Europe 2025 + SiGMA World Past speakers)
Kaiping Wang,Regional Manager,Easy2Mine,,,,,,,https://miningdisrupt.com/assets/images/gallery08/2cd36a9c.png?v=0308a4f1,,mining-disrupt,,1,,,,,,,,,
Kamaru Usman,UFC Welterweight Champion,,"Kamarudeen ""Kamaru"" Usman is one of the most recognisable fighters of our time. His nickname, The Nigerian Nightmare, was earned for a reason. He made history in the UFC as the welterweight champion, holding the title from 2019 to 2022. His record-breaking win streak — 15 consecutive victories in the division — included successful title defences against some of the toughest opponents. He is also known as one of the most disciplined and strategically-minded athletes in the world of mixed martial arts. The choice of Kamaru Usman as an ambassador for MelBet Partners is both strategic and symbolic. It reflects the values the company promotes in working with its partners: strength, discipline, strategy, and leadership.",,,,,,https://tickets.sigma.world/img/speakers/tmp/speaker-1944-1760358244.png,,sigma-world-rome,,1,,,"SiGMA World 2026 (Rome, Fiera Roma, Nov 2-5 2026)",,,,,,sigma.world/summits/world/speakers (Central Europe 2025 + SiGMA World Past speakers)
Kapeikin Andrei,CEO,Neopool Ltd.,,,,,,,https://miningdisrupt.com/assets/images/gallery10/af32f340.png?v=0308a4f1,,mining-disrupt,,1,,,,,,,,,
Karen Hsu,Founder,Blockchain by Women,,,,,,,https://cdn.prod.website-files.com/61e87bb144d08a09b725b693/68baf72a39e5d8c73c2e1043_karenhsu_head_720%201.png,,blockchain-futurist-florida,,1,,,,,,,,,
Karen Jouve,Co-Founder & CEO,Doors3,"Karen Jouve is an entrepreneur and innovation leader at the crossroads of Web3, AI and immersive technologies. She co-founded Doors3, launched Elevators3 and is building Beyond, an AI-powered travel business agent redefining premium business travel. A Navy reservist and athlete, she regularly speaks at top global stages and contributes to leading media. Based between France and Dubai, Karen is committed to empowering leaders and advancing women in tech worldwide.",,,,,,https://tickets.sigma.world/img/speakers/tmp/speaker-1748-1758199030.png,,sigma-world-rome,,1,,,"SiGMA World 2026 (Rome, Fiera Roma, Nov 2-5 2026)",,,,,,sigma.world/summits/world/speakers (Central Europe 2025 + SiGMA World Past speakers)
Karin Kusano,President AWIC Texas Chapter,Association for Women in Crypto,,,,,,,,,blockchain-futurist-toronto,,1,,,Blockchain Futurist Conference Toronto 2026,Toronto 2026,,,,,
Karin Kusano aka Cryptomommi,"Founder, FAFA Foundation, Co-Founder",Clarke,,,,,,,https://cdn.prod.website-files.com/61e87bb144d08a09b725b693/68f737c2ec60b25f448112d1_KarinKusano_HEAD%201.png,,blockchain-futurist-florida,,1,,,,,,,,,
Karl Schranz,CEO,E&S Group,"Karl Schranz is the CEO and co-founder of E&S Group, a multidisciplinary advisory firm in Malta. Over more than 15 years, he has overseen complex cross-border projects, guided leading enterprises through regulatory challenges and positioned the firm at the forefront of innovation. Karl has also spearheaded the development of MAIA, a structured logic AI platform designed to transform business operations. His leadership combines strategic insight with a commitment to technology-driven solutions.",,,,,,https://tickets.sigma.world/img/speakers/tmp/speaker-1622-1757667420.png,,sigma-world-rome,,1,,,"SiGMA World 2026 (Rome, Fiera Roma, Nov 2-5 2026)",,,,,,sigma.world/summits/world/speakers (Central Europe 2025 + SiGMA World Past speakers)
Karolina Pelc,Founder,BeyondPlay,"Karolina Pelc has spent over two decades navigating the male-dominated world of real-money gaming, building a career that spans from dealing cards in brick-and-mortar and cruise ship casinos to leading some of the industry’s most influential companies. She held senior leadership roles at Betsson Group, William Hill Online, and LeoVegas (MGM), and later served as a board director for the Nasdaq-listed Gaming Innovation Group. In 2021, Karolina founded BeyondPlay, an engagement SaaS start-up, raising over €7M in angel and VC funding and guiding it through one of the fastest exits in the sector with its 2024 acquisition by FanDuel, the #1 gaming brand in the US. She then served as Vice President at FanDuel, steering product integration and expansion. Alongside her executive career, Karolina advises VC firms, founders, and M&A transactions, while mentoring and investing in early-stage entrepreneurs through her platform, HerPlay. Her debut book Her Play, launched in a limited gifting edition on Necker Island in 2025, chronicles her journey from casino floors to startup boardrooms, with a commercial release planned for Spring 2026. Named a LinkedIn Top Startup Voice and one of iGaming’s Top 10 Most Influential Women, Karolina continues to speak globally, blending storytelling with actionable insights to inspire bold reinvention.",,,,,,https://tickets.sigma.world/img/speakers/tmp/speaker-1945-1760358317.png,,sigma-world-rome,,1,,,"SiGMA World 2026 (Rome, Fiera Roma, Nov 2-5 2026)",,,,,,sigma.world/summits/world/speakers (Central Europe 2025 + SiGMA World Past speakers)
Karolis Dula,Head of Payments,Alea,"Karolis Dula leads payments at Alea, where he built and scaled Alea Pay from the ground up. Launched in 2025, Alea Pay was designed to solve a problem Karolis understood firsthand: payments in iGaming are fragmented, complex and often unreliable. Under his leadership, Alea Pay has grown globally, bringing tailored payment methods, exclusive provider partnerships and bank grade API security to operators in challenging markets. Before Alea, Karolis spent over five years in fintech at Genome and Mistertango, focusing on international payments for high risk merchants.",,,,,,https://tickets.sigma.world/img/speakers/tmp/speaker-1896-1759822037.png,,sigma-world-rome,,1,,,"SiGMA World 2026 (Rome, Fiera Roma, Nov 2-5 2026)",,,,,,sigma.world/summits/world/speakers (Central Europe 2025 + SiGMA World Past speakers)
Karsten Kasteleiner,Head of Public Policy,Tipico,"Karsten Kasteleiner is Tipico's Head of Public Policy, bringing nearly 30 years of experience in sports betting, compliance and regulation. He began his career as a horseracing bookmaker at Quotenhaus GmbH before joining Tipico in 2016, where he led Retail Shop Compliance and oversaw licensing, regulatory processes and audits. Since 2025, Karsten has been driving Tipico's public policy strategy, advocating in regulatory discussions and contributing expert insights to shape the future of the gambling industry.",,,,,,https://tickets.sigma.world/img/speakers/tmp/speaker-1917-1759935816.png,,sigma-world-rome,,1,,,"SiGMA World 2026 (Rome, Fiera Roma, Nov 2-5 2026)",,,,,,sigma.world/summits/world/speakers (Central Europe 2025 + SiGMA World Past speakers)
Kartik Talwar,Co-founder (Judge),ETHGlobal,Kartik is the Co-founder of ETHGlobal,,,https://x.com/kartiktalwar,,farcaster:kartik,https://ethglobal.b-cdn.net/users/1eqho/sm.jpg,,ethglobal-lisbon,,1,,,,,,,,,
Kate Lifshits,CEO,NOWPayments,"Kate Lifshits is the Chief Executive Officer of NOWPayments, with a background in marketing, business development, and, unexpectedly, simultaneous interpreting, Kate has been instrumental in driving the company’s growth and shaping its strategic vision. Educated at Uppsala University, she brings an international perspective and speaks several languages. Under her leadership, NOWPayments has expanded its global presence, emphasising innovative crypto payment solutions and the adoption of stablecoins, which now account for nearly half of all transactions on the platform.",,,,,,https://tickets.sigma.world/img/speakers/tmp/speaker-2109-1761639940.png,,sigma-world-rome,,1,,,"SiGMA World 2026 (Rome, Fiera Roma, Nov 2-5 2026)",,,,,,sigma.world/summits/world/speakers (Central Europe 2025 + SiGMA World Past speakers)
Kate Puteiko,CMO,BGaming,"Kate Puteiko has about ten years of profound marketing experience. In 2020, she joined BGaming as a Product Marketing Manager. For two years, she has headed the Marketing department as Chief Marketing Manager. Now, Kate has a team of 20 marketing specialists with whom she successfully implements international marketing campaigns, raises brand awareness, and makes BGaming stand out from others.",,,,,,https://tickets.sigma.world/img/speakers/tmp/speaker-1902-1759913272.png,,sigma-world-rome,,1,,,"SiGMA World 2026 (Rome, Fiera Roma, Nov 2-5 2026)",,,,,,sigma.world/summits/world/speakers (Central Europe 2025 + SiGMA World Past speakers)
Katie DiMento,VP of Marketing,Blockdaemon,,,,,,,https://cdn.prod.website-files.com/61e87bb144d08a09b725b693/68e61fa5b239d9002b6742e3_katiedimento_head_360.jpg,,blockchain-futurist-florida,,1,,,,,,,,,
Katie Evans,Chief Business Development Officer,Swarm,,,,,,,https://cdn.prod.website-files.com/61e87bb144d08a09b725b693/68baf0b95b7ffe0071bf37e7_KatieEvans_HEAD%201.png,,blockchain-futurist-florida,,1,,,,,,,,,
Kay Chua Ginsburg,CEO,Ndeipi,,,,,,,,,blockchain-futurist-toronto,,1,,,Blockchain Futurist Conference Toronto 2026,Toronto 2026,,,,,
Keeyan Ravanshid,Co-Founder,HODL Markets,,,,,,,https://cdn.prod.website-files.com/61e87bb144d08a09b725b693/68a86992c5550d9db726c5c6_KeeyanRavanshid_HEAD%202.png,,blockchain-futurist-florida,,1,,,,,,,,,
Keily Blair,CEO,OnlyFans,,,,,,profile:https://websummit.com/attendees/lis25/d0fc3048-c4ec-49fd-b257-e8b0d0c4ae8e/keily-blair,https://web-summit-avenger.imgix.net/production/avatars/original/0b1f84ec474a5c1fdb719177339ba716c6c7f79f.jpg,,web-summit-lisbon,2025,1,,,,,,,,,
Keith A. Carswell,Director,City of Maimi's Department of Economic Innovation & Development,,,,,,,https://cdn.prod.website-files.com/61e87bb144d08a09b725b693/68e417af8ac9e45bd710205f_keithacarswell_head_720%201.png,,blockchain-futurist-florida,,1,,,,,,,,,
Keith Gardner,Founder,Branta,,,,,,,,,bitcoin-asia,,1,,,,,,,,,
Keith Geary,Director of Casino,Game Lounge,"Keith Geary is Director of Casino at Game Lounge, a seasoned casino and affiliate leader with deep expertise in the global gaming industry. With over 15 years of experience, he has driven acquisition, product development and CRM strategies for major gaming brands, including Playtech, Camelot and Game Lounge. Keith specialises in using market data, UX/UI optimisation and AI driven solutions to maximise player conversion and engagement. His strategic vision has consistently delivered measurable growth.",,,,,,https://tickets.sigma.world/img/speakers/tmp/speaker-1846-1759319819.png,,sigma-world-rome,,1,,,"SiGMA World 2026 (Rome, Fiera Roma, Nov 2-5 2026)",,,,,,sigma.world/summits/world/speakers (Central Europe 2025 + SiGMA World Past speakers)
Keith Perry,Principal Software Engineer,GoDaddy,,,,,https://www.linkedin.com/in/keithbperry/,,https://api.rareevo.io/storage/domains/rareevo.io/participants/profile/keith_perry.png,,rare-evo,,1,,,Rare Evo 2026,,,active,Rare Evo 2026 (Main),169,
Keith Zammit,CEO,Elevate AI,"Keith Zammit is a seasoned startup and AI strategist, spearheading innovation at the intersection of iGaming, artificial intelligence, and game development. Based in Gozo, he leads Elevate AI, the leading global AI and iGaming Accelerator Program.",,,,,,https://tickets.sigma.world/img/speakers/tmp/speaker-1498-1758873444.png,,sigma-world-rome,,1,,,"SiGMA World 2026 (Rome, Fiera Roma, Nov 2-5 2026)",,,,,,sigma.world/summits/world/speakers (Central Europe 2025 + SiGMA World Past speakers)
Kelly Ann Collins,Founder,SheCrypto,,,,,,,https://cdn.prod.website-files.com/61e87bb144d08a09b725b693/68dbdb60a49b3fd891faf9f8_KellyAnnCollins_HEAD.jpg,,blockchain-futurist-florida,,1,,,,,,,,,
Kelvin Koh,Co-Founder and Partner,Spartan Group,,,,https://x.com/SpartanBlack_1,https://www.linkedin.com/in/kelvin-koh-b22278/,,https://cdn.prod.website-files.com/6756df8f05088bc3e51c64ea/6a3a505a4d24f3f665d3f563_Speaker-Name-Kelvin-Koh.avif,,token2049-singapore,2026,1,,https://www.token2049.com/singapore/speakers,TOKEN2049 Singapore,,,,,,
Ken Egan,Director of Government Affairs,Bitcoin Policy Institute,"Director of Government Affairs at the Bitcoin Policy Institute and formerly served as Head of Operations at BlockTrace, a blockchain analytics and cyber intelligence firm supporting government clients. Before entering the private sector, he spent over 20 years in federal service, including roles at the CIA and Department of State, with a focus on Middle East and East Asia operations. He retired in 2022 as Deputy Chief of Operations at the CIA's Center for Cyber Intelligence.",,,,,,https://static.wixstatic.com/media/5b61ba_8c9ed9c9519d422388f963764ce3642b~mv2.png,,bitcoin-policy-summit,2025,1,,https://www.btcpolicysummit.org/2025-speakers,Bitcoin Policy Summit 2025,,,,,,
Kenn Bosak,"Host, #NotAnotherBitcoinPodcast, Owner",Bitcoin Ben's Crypto Club Las Vegas,,,,,,,https://cdn.prod.website-files.com/61e87bb144d08a09b725b693/67cf466d5b583d6bcda446df_KennBosak_HEAD.jpg,,blockchain-futurist-florida,,1,,,,,,,,,
Kenneth Brincat,CEO,Malta Digital Innovation Authority (MDIA),"Kenneth Brincat is the CEO of the Malta Digital Innovation Authority. With 25 years of experience in management and digital transformation, Kenneth is spearheading MDIA 2.0: A driving force in Malta's digital landscape. He is catalysing the national agenda for responsible and human-centric development of artificial intelligence (AI) and the enabling of cybersecurity across industry. Under Kenneth's leadership the Authority adopted a collaborative approach enabling policymakers, industry experts and academia to synergise.",,,,,,https://tickets.sigma.world/img/speakers/tmp/speaker-563-1758193800.png,,sigma-world-rome,,1,,,"SiGMA World 2026 (Rome, Fiera Roma, Nov 2-5 2026)",,,,,,sigma.world/summits/world/speakers (Central Europe 2025 + SiGMA World Past speakers)
Keone Hon,Co-Founder,Monad Foundation,,,,https://x.com/keonehd,https://www.linkedin.com/in/keone-hon/,,https://cdn.prod.website-files.com/6756df8f05088bc3e51c64ea/6a391d896d13fa9fe9e99b8c_Speaker-Name-Keone-hon.avif,,token2049-singapore,2026,1,,https://www.token2049.com/singapore/speakers,TOKEN2049 Singapore,,,,,,
Kesem Frank,CEO,Stablecorp,,,,,,,,,blockchain-futurist-toronto,,1,,,Blockchain Futurist Conference Toronto 2026,Toronto 2026,,,,,
Kevin Boeve,Investor Relations/Business Development Director,Palladium Network,,,,,,,https://cdn.prod.website-files.com/61e87bb144d08a09b725b693/68e61dc19bd10629faa9778b_kevinboeve_head_720.jpg,,blockchain-futurist-florida,,1,,,,,,,,,
Kevin Follonier,,When Shift Happens,,,,,,,,,bitcoin-asia,,1,,,,,,,,,
Kevin Jones,Senior Developer Relations Engineer,Edge and Node,"Kevin Jones, Senior Developer Relations Engineer at Edge & Node with over 7 years of experience supporting the Ethereum developer community and The Graph ecosystem. Kevin is currently focused on supporting both ampersend for agentic payments and Amp which gives regulated banks, stablecoin issuers, and large enterprises the structured, auditable blockchain data infrastructure they need to operate at scale and stay compliant.",,,,https://www.linkedin.com/in/kevinjones-crypto/,,https://api.rareevo.io/storage/domains/rareevo.io/participants/profile/kevin_jones.png,,rare-evo,,1,,,Rare Evo 2026,,,active,Rare Evo 2026 (Main),149,
Kevin Lee,,Gate,,,,,,,,,coinfest-asia,2026,1,,,,,,,,,
Kevin Liu,Co-Founder,Metis; Core Contributor GOAT Network,,,,,,,,,blockchain-futurist-toronto,,1,,,Blockchain Futurist Conference Toronto 2026,Toronto 2026,,,,,
Kevin Ravensberg,Physics Research Assistent,SRON - Space Research Organisation Netherlands,,,,,,,,,bitcoin-amsterdam,,1,,,,,,,,,
Kevin Susanto,,Arktivak,,,,,,,,,coinfest-asia,2026,1,,,,,,,,,
Kevin Zhang,Head of Asia,KindlyMD ($NAKA),"As Head of Asia, Kevin will lead Nakamoto, which is a subsidiary of KindlyMD, Bitcoin treasury strategy across one of the world’s most important and dynamic regions. Kevin is responsible cultivating key relationships with governments, regulators, exchanges, and public companies, while also strengthening ties with institutional investors, sovereign funds, and family offices. Kevin first entered the Bitcoin space in 2014 and has spent the past decade at the forefront of mining and infrastructure deployment. Previously, he served as SVP of Business Development and Mining Strategies at Foundry Digital. At Foundry, Kevin oversaw the deployment of one of the largest North American fleets and helped build the world’s largest Bitcoin mining pool for four consecutive years. Prior to joining Foundry Digital, Kevin served as Chief Mining Officer at Greenidge Generation, where he transformed a 106MW natural gas plant into the first federally regulated power plant to mine Bitcoin, paving the way for broader institutional adoption of mining in the U.S. Before that, he served as Mining Operations Manager at Bitcoin.com. In 2016, he co-founded Project Spokane, a Bitcoin mining datacenter that he helped establish as the largest mining facility in North America at the time.",,,,,,https://cdn.prod.website-files.com/687f979126432c8ce843e6d7/6883c8da8bffe68f9b459b6c_MO7UlYOsHprQdwIlxrzv1BFTkvukOtK3nr7vu7xB5Zk.webp,,bitcoin-mena,2025,1,,https://mena.b.tc/speakers,Bitcoin MENA,,,,,,
Kgothatso Ngako,CEO,Machankura,"Kgothatso Ngako is a catalyst, accelerating the adoption of Bitcoin across the African continent. He has founded 8333.mobi, a wallet focused on giving people without an internet connected device the ability to send and receive Bitcoin (primarily through USSD), and exonumia.africa (focused on translating Bitcoin literature into African languages).",,,,,,https://cdn.prod.website-files.com/687f979126432c8ce843e6d7/6924946c21b88af69d317851_9bgncTWJAgZ2cP9v1eGBC3Tj0urCwxQPWkTbo_D9pLg.webp,,bitcoin-mena,2025,1,,https://mena.b.tc/speakers,Bitcoin MENA,,,,,,
Khaby Lame,Influencer & Content Creator,,,,,,,profile:https://websummit.com/attendees/lis25/0b5907cd-8c90-4290-89aa-9654eb7e8f82/khaby-lame,https://web-summit-avenger.imgix.net/production/avatars/original/b189baa05970370b411700329a8c9ff6fd5b55e9.png,,web-summit-lisbon,2025,1,,,,,,,,,
Kieran O’Keeffe,Secretary General,EUROMAT,"Kieran O’Keeffe is Secretary General of EUROMAT, a role he has held for over 12 years, advocating for balanced regulation to sustain Europe’s legal gambling markets. He is also Partner at DGA Group in Brussels, co-leading the EU Technology practice, advising clients on cybersecurity, AI, and competition policy. With 20 years’ experience in public affairs, he has served in parliamentary, trade and industry roles and sits on the board of the European Public Affairs Consultancies Association.",,,,,,https://tickets.sigma.world/img/speakers/tmp/speaker-2049-1761033603.png,,sigma-world-rome,,1,,,"SiGMA World 2026 (Rome, Fiera Roma, Nov 2-5 2026)",,,,,,sigma.world/summits/world/speakers (Central Europe 2025 + SiGMA World Past speakers)
Kilian Rausch,CEO,Boltz,,,,https://x.com/kilrau,,,,,planb-forum-lugano,2026,1,,,,,,,,,
Kishelle Blaize-Cameron,"Deputy Director, Specialized Supervision",BVI Financial Services Commission,,,,,,,https://cdn.prod.website-files.com/61e87bb144d08a09b725b693/68cc21ee0a72bb707004ae3a_KishelleCameron_HEAD.jpg,,blockchain-futurist-florida,,1,,,,,,,,,
Kishin Kato,Co-founder,"Japan Bitcoin Industry, Inc.",,,Japan,,,,,,bitcoin-asia,,1,,,,,,,,,
Knut Svanholm,,,,,,https://x.com/knutsvanholm,,,https://btchel.com/wp-content/uploads/2025/12/Knut-Svanholm-1024x1024.jpg,,btchel,,1,,,,,,,,,
Knut Svanholm,Author & Host,Bitcoin Infinity Show,,,,https://x.com/knutsvanholm,,,,,planb-forum-lugano,2026,1,,,,,,,,,
Koji Higashi,Founder,Diamond Hands,,,Japan,,,,,,bitcoin-asia,,1,,,,,,,,,
Koleya Karringten,Executive Director,Canadian Bitcoin Consortium,,,,,,,,,blockchain-futurist-toronto,,1,,,Blockchain Futurist Conference Toronto 2026,Toronto 2026,,,,,
Koray Koska,CEO,Ether.fi Cash,CEO of Ether.fi Cash,,,,,logo:https://blockchain-life.com/wp-content/cache/thumb/df/7a8e798b66664df_160x0.webp,https://blockchain-life.com/wp-content/cache/thumb/61/d791bae6bb91461_420x460_notcrop.webp,,blockchain-life-forum,2026,1,,,,,,,,,
Kostas Chalkias,Co-Founder & Chief Cryptographer,Mysten Labs,Co-Founder & Chief Cryptographer of Mysten Labs,,,,,logo:https://blockchain-life.com/wp-content/cache/thumb/e6/8d1aa1f6ff351e6_160x0.webp,https://blockchain-life.com/wp-content/cache/thumb/4e/97ec849b04ed24e_420x460_notcrop.webp,,blockchain-life-forum,2026,1,,,,,,,,,
Kris Galloway,Head of iGaming Product,Sumsub,"Kris Galloway is head of iGaming Product at Sumsub, having spent over a decade with leading operators, he combines traditional casino solutions with pioneering trends to shape the industry's future. His expertise spans sports betting, skin gambling, neo casino games, KYC and anti-fraud, bridging gaming innovation with responsible and compliant player experiences.",,,,,,https://tickets.sigma.world/img/speakers/tmp/speaker-1636-1756299935.png,,sigma-world-rome,,1,,,"SiGMA World 2026 (Rome, Fiera Roma, Nov 2-5 2026)",,,,,,sigma.world/summits/world/speakers (Central Europe 2025 + SiGMA World Past speakers)
Kristyna Mazankova,Head of PR,BTC Inc.,,,,,,,,,bitcoin-amsterdam,,1,,,,,,,,,
Kristýna Mazánková,Director,"Master in Bitcoin, Hespérides University",,,,,,,,,planb-forum-lugano,2026,1,,,,,,,,,
Krzysztof Szyszkiewicz,Co-Founder & Partner,Valueships,"Kris serves as a pricing and strategy expert in various industries. He is responsible for Valueships project delivery. Before Valueships, Krzysztof spent years at McKinsey & Company. He supported various companies in pricing, branding, and revenue growth management in multiple industries, mainly in software, e-commerce, banking, telecommunications, retail, and CPG industries. Kris is a Certified Pricing Practitioner (CPP). He completed multiple courses in strategic management in the world's most renowned institutions (MIT, Section4). Kris is a member of the Professional Pricing Society.",,,,,,https://tickets.sigma.world/img/speakers/tmp/speaker-1771-1758548504.png,,sigma-world-rome,,1,,,"SiGMA World 2026 (Rome, Fiera Roma, Nov 2-5 2026)",,,,,,sigma.world/summits/world/speakers (Central Europe 2025 + SiGMA World Past speakers)
Ksenia Melnik,Head of Partnership Success,TrafficStars,"Ksenia Melnik leads TrafficStars’ Partnership Success team, driving strategic growth and building high-impact relationships across the affiliate marketing ecosystem. With extensive experience in digital advertising and sales, she has helped scale partnerships, optimise campaigns, and deliver measurable results for global clients. Known for her strategic vision and hands-on approach, Ksenia brings practical insights on maximising revenue, fostering strong partnerships, and navigating the fast-paced world of ad tech.",,,,,,https://tickets.sigma.world/img/speakers/tmp/speaker-2105-1761316598.png,,sigma-world-rome,,1,,,"SiGMA World 2026 (Rome, Fiera Roma, Nov 2-5 2026)",,,,,,sigma.world/summits/world/speakers (Central Europe 2025 + SiGMA World Past speakers)
Kurt Rapinett,Head of Data & AI,Deloitte,"Kurt Rapinett leads the Data and AI offering within Deloitte Malta’s Technology & Transformation business. With over a decade of experience in top-tier management consulting firms, he brings a diverse industry background spanning financial services, retail and logistics, payments, gaming, hospitality, and the public sector. He oversees the delivery of technology-enabled advisory and transformation projects, with a focus on technology and data strategy, system integration and migration, advanced analytics, automation and AI, FP&A/EPM solutions, and cybersecurity.",,,,,,https://tickets.sigma.world/img/speakers/tmp/speaker-2123-1761644831.png,,sigma-world-rome,,1,,,"SiGMA World 2026 (Rome, Fiera Roma, Nov 2-5 2026)",,,,,,sigma.world/summits/world/speakers (Central Europe 2025 + SiGMA World Past speakers)
Kwon Park,Global Head of Digital Asset Partnerships & Managing Director,Crypto.com,,,,,,,,,bitcoin-amsterdam,,1,,,,,,,,,
Kyle Karasz,Founder & Developer,Blast Wheels,,,,,,,,,blockchain-futurist-toronto,,1,,,Blockchain Futurist Conference Toronto 2026,Toronto 2026,,,,,
Kyle Kempler,Partner,RAZE,,,,,,,https://cdn.prod.website-files.com/61e87bb144d08a09b725b693/68ff823302f42b50dc827640_KyleKempler_HEAD%201.png,,blockchain-futurist-florida,,1,,,,,,,,,
Kyle Klemmer,Co-Founder,Blockstreet,,,,,,,https://cdn.prod.website-files.com/61e87bb144d08a09b725b693/68baf5df1ff576945563af54_kyleklemmer_head_720%201.png,,blockchain-futurist-florida,,1,,,,,,,,,
Kyleigha Beckmann,Founding Partner,Peace Through Trade Blockchain (PTT COIN),,,,,,,https://cdn.prod.website-files.com/61e87bb144d08a09b725b693/6852eebaa3d82747c9fa9696_6811577cfd0cb035ca8e7f16_KyleighaBeckmann_HEADupdated.jpeg,,blockchain-futurist-florida,,1,,,,,,,,,
Kyoungsuk Oh,CEO,Upbit,,,,,,,https://framerusercontent.com/images/4g35K8wTiMU1GJtiGzZYB4RR4.webp?scale-down-to=1024&amp;width=1340&amp;height=1600,,korea-blockchain-week,2026,1,,,,,,,,,
Kyrylo Korobka,Executive Director,Ready to Fight,"Kyrylo Korobka serves as Executive Director of Ready to Fight and Oleksandr Usyk’s team, leading partnerships, creative strategy, and business development for some of the most high-impact events in modern boxing. Kyrylo has overseen the full-cycle execution of Usyk–Dubois (Poland & Wembley), Usyk–Fury I, and Usyk–Fury II, managing sponsorship acquisition, storytelling, undercard matchmaking, media operations, and international marketing rollouts. Kyrylo’s mission is to connect sport, culture, and business through ideas that scale, stories that matter, and partnerships that leave legacy.",,,,,,https://tickets.sigma.world/img/speakers/tmp/speaker-1987-1760526837.png,,sigma-world-rome,,1,,,"SiGMA World 2026 (Rome, Fiera Roma, Nov 2-5 2026)",,,,,,sigma.world/summits/world/speakers (Central Europe 2025 + SiGMA World Past speakers)
Laia Mena,Co-Founder & Director,Caliu,"Laia Mena was born in Barcelona and holds a Communication degree in Journalism, Advertising, Public Relations and Audiovisuals, plus a master's in Advertising Strategy and Creativity. With 20 years of experience providing payments to the gaming sector, she is Co-founder and Director of Caliu, a consultancy firm founded in 2023 providing strategic payment solutions to operators and optimising products for fintech companies. She is also Co-founder of La Mecánica, a payment gateway with 200 plus payment solutions.",,,,,,https://tickets.sigma.world/img/speakers/tmp/speaker-1873-1759742494.png,,sigma-world-rome,,1,,,"SiGMA World 2026 (Rome, Fiera Roma, Nov 2-5 2026)",,,,,,sigma.world/summits/world/speakers (Central Europe 2025 + SiGMA World Past speakers)
Lalla Asmaa Alaoui,"Founder & CEO, Digidzign","Chief Business Officer, Nolcha",,,,,,,https://cdn.prod.website-files.com/61e87bb144d08a09b725b693/68e7f056bdcf5a46b8c1460f_LallaAsmaaAlaoui_HEAD%201.png,,blockchain-futurist-florida,,1,,,,,,,,,
Lalla Asmaa Alaoui,CEO HelloAgentic.ai; Founder Agentic Day,HelloAgentic.ai,,,,,,,,,blockchain-futurist-toronto,,1,,,Blockchain Futurist Conference Toronto 2026,Toronto 2026,,,,,
Lamar Wilson,,Black Bitcoin Billionaires,,,,,,,https://afrobitcoin.org/wp-content/uploads/2024/05/PXL_20220805_210102617.PORTRAIT-Cherise-Wilson-169x300.jpg,,africa-bitcoin-conference,2026,1,ABC26,,,,,,,,
Lana Dingwall,Partnerships and Strategic Project Management,Coala Pay,,,,,,,,,blockchain-futurist-toronto,,1,,,Blockchain Futurist Conference Toronto 2026,Toronto 2026,,,,,
Lana Rossi,Founder & CEO,Conversion Club,"Lana Rossi is the Founder and CEO of Conversion Club and Conversion Conf, a global event agency and conference series. She is an experienced affiliate marketing expert with over 10 years in the industry. Lana has successfully organised 50+ affiliate events across 13+ countries worldwide, bringing together top affiliate professionals, networks and brands from the performance marketing ecosystem.",,,,,,https://tickets.sigma.world/img/speakers/tmp/speaker-1442-1759741435.png,,sigma-world-rome,,1,,,"SiGMA World 2026 (Rome, Fiera Roma, Nov 2-5 2026)",,,,,,sigma.world/summits/world/speakers (Central Europe 2025 + SiGMA World Past speakers)
Lana Schwartzman,"VP, Global Regulatory & Compliance Strategy",Notabene,,,,,,,https://cdn.prod.website-files.com/61e87bb144d08a09b725b693/68d3e4a8b794ab80b0018d7f_LanaSchwartzman_HEAD.jpg,,blockchain-futurist-florida,,1,,,,,,,,,
Landon Gardner,CEO,Web3 Toronto,,,,,,,,,blockchain-futurist-toronto,,1,,,Blockchain Futurist Conference Toronto 2026,Toronto 2026,,,,,
Lara Barbuto,"Director of Compliance, Compliance Officer & MLRO (Malta)",OpenPayd,"Lara Barbuto is the Director of Compliance at OpenPayd, where she leads regulatory strategy and compliance operations across multiple jurisdictions. With extensive experience in financial services, she specialises in anti-money laundering and regulatory compliance, helping businesses navigate complex regulatory landscapes while driving innovation in fintech. Lara’s diverse background spans insurance, payments, and iGaming, providing her with a well-rounded perspective on risk management and regulatory challenges across different sectors. At OpenPayd, she plays a pivotal role in strengthening compliance frameworks and leading key regulatory engagements to ensure robust compliance while supporting business growth.",,,,,,https://tickets.sigma.world/img/speakers/tmp/speaker-1757-1758279354.png,,sigma-world-rome,,1,,,"SiGMA World 2026 (Rome, Fiera Roma, Nov 2-5 2026)",,,,,,sigma.world/summits/world/speakers (Central Europe 2025 + SiGMA World Past speakers)
Lasse Clausen,Founding Partner,1kx,,,,https://x.com/lalleclausen,https://www.linkedin.com/in/lasseclausen,,https://cdn.prod.website-files.com/6756df8f05088bc3e51c64ea/6a391d896d13fa9fe9e99b88_Speaker-Name-Lasse-Clausen.avif,,token2049-singapore,2026,1,,https://www.token2049.com/singapore/speakers,TOKEN2049 Singapore,,,,,,
Laura D'Angeli,Founder,Studio D’Angeli Management and Strategy Advisor,"Laura D’Angeli is an executive strategy consultant with over 20 years of experience and founder of a practice dedicated to innovation and sustainability in gaming. A member of the Study and Research Group on Player Rights and Health at the University of Tor Vergata, she also coordinates the e-sports module of the Maspes Master’s at the University of Milano-Bicocca. Laura collaborates with the University of Parma and co-authored Gli e-sport in Italia: come sviluppare una strategia di successo﻿ (E-sports in Italy: How to Develop a Successful Strategy).",,,,,,https://tickets.sigma.world/img/speakers/tmp/speaker-2054-1761035620.png,,sigma-world-rome,,1,,,"SiGMA World 2026 (Rome, Fiera Roma, Nov 2-5 2026)",,,,,,sigma.world/summits/world/speakers (Central Europe 2025 + SiGMA World Past speakers)
Laura Inamedinova,CGEO,Gate.com,"Laura K. Inamedinova is an award-winning serial entrepreneur, investor, and keynote speaker sharing her insights on the Web3 and Bitcoin space since 2016. As CGEO at Gate.com, she builds cross-border partnerships and manages the global growth of the exchange, with a strong focus on advancing Bitcoin adoption and access worldwide. Before joining Gate.com, she founded a Web3 marketing agency, LKI Consulting, which she grew to 8-figures. This led her to be globally acclaimed as one of the “10 Women Entrepreneurs” by Entrepreneur Magazine and among the “Top 10 Women in International Business” by Silicon Valley Times. In 2024, she transferred the leadership of LKI Consulting to a new management team, while Laura remained the majority shareholder. Laura was recognized as one of the “Forbes 30 Under 30 Blockchain Visionaries” by Forbes Mexico in 2025, highlighting her impact on the Web3 and Bitcoin industry. On a personal level, Laura is a successful angel investor with 40+ projects in her portfolio, an ex-Forbes and Huffington Post columnist, and an internationally renowned speaker who frequently covers Bitcoin’s role in shaping the future of finance.",,,,,,https://cdn.prod.website-files.com/687f979126432c8ce843e6d7/6911ff8acc4548866e7c7dc0_H7LNcfuirqvNmlX8mEXpBg1uOuNqKzhkyxMaGIIauEg.webp,,bitcoin-mena,2025,1,,https://mena.b.tc/speakers,Bitcoin MENA,,,,,,
Laura Leparulo,Head of Marketing,Blockchain Futurist Conference,,,,,,,https://cdn.prod.website-files.com/61e87bb144d08a09b725b693/68ff82c423f06d2207216751_HEADSHOT-LAURA.JPG,,blockchain-futurist-florida,,1,,,,,,,,,
Laura Leparulo,Head of Marketing,,,,,,,,,,blockchain-futurist-toronto,,1,,,Blockchain Futurist Conference Toronto 2026,Toronto 2026,,,,,
Laura Tamburini,Advertising Sales Manager,Taboola,"Laura Tamburini is Sales Manager at Taboola and based in London. Over the past four years, she has helped global advertisers run ROI-positive native campaigns, managing $200M+ in ad spend across D2C brands, agencies, and affiliates. Laura has worked across a wide variety of industries including e-commerce, finance, gambling, health, and beauty, helping clients scale their campaigns, optimise performance, and achieve their KPIs at scale.",,,,,,https://tickets.sigma.world/img/speakers/tmp/speaker-2058-1761118994.png,,sigma-world-rome,,1,,,"SiGMA World 2026 (Rome, Fiera Roma, Nov 2-5 2026)",,,,,,sigma.world/summits/world/speakers (Central Europe 2025 + SiGMA World Past speakers)
Lauren Dutton,Devrel,Fhenix,,,,,,,https://cdn.prod.website-files.com/61e87bb144d08a09b725b693/68cc30d7661709f15c401ae1_LaurenDutton_HEAD.jpeg,,blockchain-futurist-florida,,1,,,,,,,,,
Laurent Mekies,Team Principal & CEO,Oracle Red Bull Racing,,,,,,profile:https://websummit.com/attendees/lis25/7a2880c1-a1fe-4f5a-8729-2a2ee533a3e5/laurent-mekies,https://web-summit-avenger.imgix.net/production/avatars/original/162fe27398748ea113aba4114e22bead55ff0b90.jpg,,web-summit-lisbon,2025,1,,,,,,,,,
Lawrence Lepard,Author,The Big Print,,,,,,,https://miningdisrupt.com/assets/images/gallery08/adfba46c.png?v=0308a4f1,,mining-disrupt,,1,,,,,,,,,
Lazar Keskinov,CEO,Balkan Media Group,,,,,,,https://tickets.sigma.world/img/speakers/tmp/speaker-2172-1761734559.png,,sigma-world-rome,,1,,,"SiGMA World 2026 (Rome, Fiera Roma, Nov 2-5 2026)",,,,,,sigma.world/summits/world/speakers (Central Europe 2025 + SiGMA World Past speakers)
Leah McCarthy,Content Creator,Doginal Dogs / CSN,,,,,,,,,blockchain-futurist-toronto,,1,,,Blockchain Futurist Conference Toronto 2026,Toronto 2026,,,,,
Lee Skinner,Business Development Lead in US/UK/Canada,Tangem,,,,,,,https://cdn.prod.website-files.com/61e87bb144d08a09b725b693/68c2b311290798ecf1bb62f3_LeeSkinner_HEAD.jpg,,blockchain-futurist-florida,,1,,,,,,,,,
Leeor Groen,Partner,Spartan Group,"Leeor Groen is a Partner at Spartan Group based in Switzerland and active in the industry since 2016. He brings over ten years of experience in dealmaking, investing in, and advising technology companies across Europe, North America and Asia. At Spartan, Leeor works closely with founders, investors, and protocols across the digital asset ecosystem, helping them navigate strategic growth, capital raising, and exits.",,,,,,https://cdn.prod.website-files.com/687f979126432c8ce843e6d7/6911ff992b5cc28ee50f6c12_4b39be5d940f01159e951c37.webp,,bitcoin-mena,2025,1,,https://mena.b.tc/speakers,Bitcoin MENA,,,,,,
Lena Art,Founder,LENA WEAR YOUR STATEMENT,Style is a way to say who you are without having to speak.,,,,,,https://cdn.prod.website-files.com/687f979126432c8ce843e6d7/691ca12e08736b4f1d14e492_3844a90a8551fc069521e10f.webp,,bitcoin-mena,2025,1,,https://mena.b.tc/speakers,Bitcoin MENA,,,,,,
Lennon Sweeting,Managing Director,RYKI Ltd.,,,,,,,https://cdn.prod.website-files.com/61e87bb144d08a09b725b693/68dfd8697857d2aa8e2ce5e7_LennonSweeting_HEAD%201.png,,blockchain-futurist-florida,,1,,,,,,,,,
Leon S Foong,Co-founder,Mythos Venture Partners,,,,,,,,,bitcoin-amsterdam,,1,,,,,,,,,
Leon Wankum,"Real Estate Developer, Author, Philosopher",,,,,https://x.com/leonwankum,,,,,planb-forum-lugano,2026,1,,,,,,,,,
Leonard K. Fiadzinu,Co-Founder,Bitcoin Bay Corp,,,,,,,,,blockchain-futurist-toronto,,1,,,Blockchain Futurist Conference Toronto 2026,Toronto 2026,,,,,
Leonid Blinov,Vertical Head,TikTok,"15 years in Digital: led arbitrage and fintech teams. 4 years at TikTok: managed e-commerce, Big Tech, gaming, and iGaming. Facilitated the launch of iGaming at TikTok across global markets.",,,,,,https://tickets.sigma.world/img/speakers/tmp/speaker-2031-1763480716.png,,sigma-world-rome,,1,,,"SiGMA World 2026 (Rome, Fiera Roma, Nov 2-5 2026)",,,,,,sigma.world/summits/world/speakers (Central Europe 2025 + SiGMA World Past speakers)
Leonid Kirakosyan,CEO,SoftConstruct,"Leonid Kirakosyan is the Chief Executive Officer of SoftConstruct, a global technology company, that brings together BetConstruct, FeedConstruct, Pascal Gaming, CreedRoomz, PopOK Gaming and more. Before joining SoftConstruct, he built extensive experience as a partner to McKinsey & Company, where he advised leading international organizations on strategy, digital transformation, and operational excellence.At SoftConstruct, Leonid Kirakosyan has driven the company’s global expansion across software development, gaming, fintech, and digital innovation, leading a team of over 5,000 professionals worldwide. An alumnus of the Kellogg School of Management at Northwestern University, he combines strategic insight with a strong focus on innovation and talent development",,,,,,https://tickets.sigma.world/img/speakers/tmp/speaker-2095-1761290789.png,,sigma-world-rome,,1,,,"SiGMA World 2026 (Rome, Fiera Roma, Nov 2-5 2026)",,,,,,sigma.world/summits/world/speakers (Central Europe 2025 + SiGMA World Past speakers)
Leonid Matison,Head of Customer Success,FlexPlay,"As the Head of Casino Customer Success at FlexPlay, Leonid Matison ensures operators get the most value from FlexPlay’s technology and services. With a strong technical background and extensive experience as an account manager for B2B poker and casino projects, he bridges the gap between product innovation and client success. Based in Yerevan, Armenia, Leonid leads a dedicated team focused on delivering seamless integrations, long-term partnerships, and exceptional operator support.",,,,,,https://tickets.sigma.world/img/speakers/tmp/speaker-2113-1761569070.png,,sigma-world-rome,,1,,,"SiGMA World 2026 (Rome, Fiera Roma, Nov 2-5 2026)",,,,,,sigma.world/summits/world/speakers (Central Europe 2025 + SiGMA World Past speakers)
Leonid Pudov,CEO,mr.Booster,,,,,,,https://tickets.sigma.world/img/speakers/tmp/speaker-920-1765891885.png,,sigma-world-rome,,1,,,"SiGMA World 2026 (Rome, Fiera Roma, Nov 2-5 2026)",,,,,,sigma.world/summits/world/speakers (Central Europe 2025 + SiGMA World Past speakers)
Leopoldo Lopez,Venezuelan Opposition Leader,Independent,"A Venezuelan opposition leader and pro-democracy activist who has been a prominent voice for freedom and human rights in Latin America. A former political prisoner, he continues to advocate for democratic reforms and economic liberty in Venezuela. Lopez is widely recognized for his efforts to promote democratic values and financial inclusion in the face of authoritarian repression.",,,,,,https://static.wixstatic.com/media/5b61ba_9c42f77d42c04cda96cffb678b6424b5~mv2.webp,,bitcoin-policy-summit,2025,1,,https://www.btcpolicysummit.org/2025-speakers,Bitcoin Policy Summit 2025,,,,,,
Liam Eagen,Co-founder,{ ideal },,,,,,,,,bitcoin-asia,,1,,,,,,,,,
Liesbeth Oost,Head of ESG,JVH Gaming & Entertainment Group,"Liesbeth Oost is Head of ESG at JVH Gaming & Entertainment Group. With over a decade of experience in ESG strategy and investor relations, she has led sustainability reporting for listed companies and now drives JVH’s sustainability roadmap, including CSRD readiness. Her background in foreign affairs and regulatory policy adds a global and pragmatic perspective to corporate sustainability. Liesbeth is committed to advancing sustainability across the gaming industry and actively contributes to shaping more responsible and future-focused practices.",,,,,,https://tickets.sigma.world/img/speakers/tmp/speaker-2108-1761557659.png,,sigma-world-rome,,1,,,"SiGMA World 2026 (Rome, Fiera Roma, Nov 2-5 2026)",,,,,,sigma.world/summits/world/speakers (Central Europe 2025 + SiGMA World Past speakers)
Liga Tarasova,Account Director,PRace,"Liga Tarasova is an Account Director at PRace, a fast-growing, data-driven B2B marketing and PR agency. At PRace, they combine performance marketing, public relations, and creative strategy to deliver measurable impact for clients in the iGaming and tech sectors. They value building and nurturing strong business relationships, driving results, and ensuring the process is both productive and enjoyable.",,,,,,https://tickets.sigma.world/img/speakers/tmp/speaker-1773-1758550450.png,,sigma-world-rome,,1,,,"SiGMA World 2026 (Rome, Fiera Roma, Nov 2-5 2026)",,,,,,sigma.world/summits/world/speakers (Central Europe 2025 + SiGMA World Past speakers)
Lily Liu,President,Solana Foundation,"Updates on ecosystem expansion, network performance, and infrastructure development.",,,,,,,,binance-blockchain-week,2025,1,,https://crypto.ro/en/news/binance-blockchain-week-2025/,,,,,,,
Lin Dai,Co-Founder & CEO,Superlogic,,,,,,,https://cdn.prod.website-files.com/61e87bb144d08a09b725b693/68a860892d1a2544206252f5_LinDai_HEAD.png,,blockchain-futurist-florida,,1,,,,,,,,,
Linah Ali,Co-Founder,Bitcoin Beef Bits,"Linah is one of the co-founders of Bitcoin Beef Bits, a fiat-free premium beef snack dried using excess heat from Bitcoin miners. With a background in marketing and experience across startups and tech including Uber, she’s always been drawn to entrepreneurship and building innovative, value-driven brands. Through Bitcoin Beef Bits, she explores how Bitcoin’s Proof-of-Work can be harnessed for sustainable innovation and meaningful brand storytelling. Active on Nostr, X, and Instagram, Linah is passionate about authentic marketing, grassroots movements, and finding creative ways to integrate Bitcoin into existing companies.",,,,,,https://cdn.prod.website-files.com/687f979126432c8ce843e6d7/6908e69d51cb40513f6bd1e0_sfg5mAfkhOnpquObCYC2VwQJYFlP7FFfCIm-wocOtqw.webp,,bitcoin-mena,2025,1,,https://mena.b.tc/speakers,Bitcoin MENA,,,,,,
Lincoln B.,Co-Founder & CEO,Rhythm,,,,,,,https://cdn.prod.website-files.com/61e87bb144d08a09b725b693/6904d2b5eab16ef558f15247_LincolnB_HEAD.png,,blockchain-futurist-florida,,1,,,,,,,,,
Lincoln Tan,Managing Director,OG Advisory Group,,,,,,,,,bitcoin-asia,,1,,,,,,,,,
Linda Wambui,"Founder, Local Organizer",Bitsavers Eduhub and Trezor Academy kenya,"Linda Kariuki is a passionate Bitcoin educator and the local organizer of Trezor Academy Kenya, where she leads in-person Bitcoin education sessions to campus students and communities. She is also the founder of Bitsavers Eduhub, a platform focused on financial literacy and Bitcoin education, with a mission to promote Bitcoin as a store of value and tool for economic empowerment. With a strong emphasis on youth engagement and gender inclusion, Linda has spearheaded community-driven programs that demystify Bitcoin for students, women, and underserved populations. She has volunteered to teach Bitcoin at Afribit Kibera, an informal settlement in Nairobi, and served as a co-organizer of the Bitcoin Unconference Kenya, a grassroots gathering of Bitcoin builders and educators. Through her leadership, Linda is bridging global Bitcoin innovation with local African realities, creating initiatives like the Campus Caravan to foster inclusive participation, peer learning, and long-term Bitcoin adoption.",,,,,,https://cdn.prod.website-files.com/687f979126432c8ce843e6d7/6911fdde8f909637df331e11_AsVFeVFX22c1qplRgNgXpUe-FmQe9CKeqJzNmTw9OTs.webp,,bitcoin-mena,2025,1,,https://mena.b.tc/speakers,Bitcoin MENA,,,,,,
Lindey Magee,"Author, Bitcoin: A Treasure to HODL",Think Free Press LLC,,,,,,,,,bitcoin-amsterdam,,1,,,,,,,,,
Lior Aizik,Co-Founder & COO,XBO.com,"Lior Aizik is the Co-Founder and COO of XBO.com – the next-gen crypto exchange and payment solutions for businesses. With over a decade of experience in fintech, algo-trading, and gaming, Lior focuses on building secure, scalable financial solutions that bridge traditional finance with the future of digital assets.",,,,,,https://tickets.sigma.world/img/speakers/tmp/speaker-653-1760618892.png,,sigma-world-rome,,1,,,"SiGMA World 2026 (Rome, Fiera Roma, Nov 2-5 2026)",,,,,,sigma.world/summits/world/speakers (Central Europe 2025 + SiGMA World Past speakers)
Lloyd Nelson,SVP & Head of U.S. Digital Assets,Howden,"After 15 years launching and scaling tech startups, Lloyd Nelson saw insurance not as a legacy constraint, but as crypto’s missing infrastructure layer. As SVP and Head of U.S. Digital Assets at Howden, he works with leading crypto, fintech, and technology firms to bring risk transfer on-chain, building the trust layer needed for institutional capital to enter digital assets.",,,,https://www.linkedin.com/in/lloydnelson3/,website:https://iq.wiki/wiki/lloyd-nelson,https://api.rareevo.io/storage/domains/rareevo.io/participants/profile/lloyd_nelson.png,,rare-evo,,1,,,Rare Evo 2026,,,active,Rare Evo 2026 (Main),134,
Logan Golema,Founder,Heir.es,,,,,,,https://cdn.prod.website-files.com/61e87bb144d08a09b725b693/68beecb7906395bf4049ef77_logangolema_head_720.jpg,,blockchain-futurist-florida,,1,,,,,,,,,
Loren Asmus,Head of Capital Formation,UTXO Management,"Loren is Head of Capital Formation at UTXO Management, where he is responsible for articulating the firm’s value proposition and addressing the needs of both current and prospective investors. Before joining UTXO Management, Loren spent over eleven years at Canterbury Consulting, an investment consulting firm overseeing $45 billion in assets under advisement. There, he was responsible for sourcing, underwriting, and monitoring investment managers across public and private markets. During his tenure, he served as Chair of the Fixed Income and Real Assets Manager Research Committees and Vice Chair of the Hedge Funds Committee. He was also a founding member of Canterbury’s digital assets working group. Loren is a CFA® charterholder and a Chartered Alternative Investment Analyst.",,,,,,https://cdn.prod.website-files.com/687f979126432c8ce843e6d7/68f921c0f81cb39f3945f939_fhcbvYhPxcfvbIOS2gIa5G_jl2aD0qjs2IF6ijJXfNw.webp,,bitcoin-mena,2025,1,,https://mena.b.tc/speakers,Bitcoin MENA,,,,,,
Lorenzo Barbantini Scanni,Co-Founder & CRO,Colossus Digital,"Lorenzo Barbantini Scanni is a seasoned entrepreneur, investor, and thought leader with over 20 years of experience in scaling ventures, driving digital transformation, and pioneering blockchain innovation. As the Co-Founder and Chief Revenue Officer of Colossus Digital, Lorenzo has been instrumental in building a European institutional-grade regulated custodian that leverages cutting-edge platforms. Lorenzo’s entrepreneurial journey includes founding and scaling successful ventures, as well as leading the growth and exit of Xaltia. His expertise spans angel investing, business development, and fostering innovation in the technology and media sectors.",,,,,,https://tickets.sigma.world/img/speakers/tmp/speaker-2064-1761131855.png,,sigma-world-rome,,1,,,"SiGMA World 2026 (Rome, Fiera Roma, Nov 2-5 2026)",,,,,,sigma.world/summits/world/speakers (Central Europe 2025 + SiGMA World Past speakers)
Lorraine Marcel,,Bitcoin Dada,,,,,,,https://afrobitcoin.org/wp-content/uploads/2025/10/Queen-Marcel.jpeg,,africa-bitcoin-conference,2026,1,ABC26,,,,,,,,
Lotte Kempe,Director of Sales,Affiliate Alliance,"With over 10 years of experience in the iGaming industry, Lotte Kempe has worked across a range of senior roles, including Director of Sales, Head of Casino Affiliate, and SEO Manager. Kempe is driven by a passion for growth, whether it's building strong partnerships, or leading high-performing teams, working across global markets in Europe, Asia, and the US. Kempe takes pride in building and nurturing long-term relationships with partners, clients, and teams alike. She believes that trust, communication, and collaboration are the foundations of lasting success.",,,,,,https://tickets.sigma.world/img/speakers/tmp/speaker-2129-1761646878.png,,sigma-world-rome,,1,,,"SiGMA World 2026 (Rome, Fiera Roma, Nov 2-5 2026)",,,,,,sigma.world/summits/world/speakers (Central Europe 2025 + SiGMA World Past speakers)
Louise Reymond Corpus,USA / UK Team Lead,Million Miner,"MillionMiner is the leading provider of professional mining hardware in Europe. With strong partnerships with industry leaders such as NiceHash, VoskCoin, EMCD and many more, MillionMiner not only offers first-class ASIC miners, but also exclusive access to events, mining pools and hosting services worldwide. Whether you are new to mining or a professional, we combine state-of-the-art technology with reliable support, fair prices and an international network for sustainable mining success.",,,,,,https://cdn.prod.website-files.com/687f979126432c8ce843e6d7/6920ad6f611bd5d386c02373_Xj350fXtZA70nUiXPgdaUW4LMQ9SDNPtQCdDO-KCpPA.webp,,bitcoin-mena,2025,1,,https://mena.b.tc/speakers,Bitcoin MENA,,,,,,
Luca Giancola,Payments & Operations Director,Lucky7 Ventures – Superbet Group,"Luca Giancola is a seasoned professional in the digital payments industry, with extensive experience in the iGaming and high-risk sectors. Over the past decade, he has led strategic initiatives aimed at optimising payment performance, expanding local payment capabilities, and achieving greater operational efficiency. Luca has developed deep expertise in managing complex payment ecosystems and fostering innovation through technology-driven solutions. He is committed to advancing digital payments by promoting reliability, scalability and compliance within high-demand environments.",,,,,,https://tickets.sigma.world/img/speakers/tmp/speaker-1937-1760104542.png,,sigma-world-rome,,1,,,"SiGMA World 2026 (Rome, Fiera Roma, Nov 2-5 2026)",,,,,,sigma.world/summits/world/speakers (Central Europe 2025 + SiGMA World Past speakers)
Luca Infeld,Fouder,Munich International Mining,"Co-Founder & CBDO at Munich International Mining LLC Bio: Luca is a testament to the power of hard work, dedication, and a relentless pursuit of one's passions - Bitcoin Mining. He is always on the lookout for new opportunities and ways to expand his mining operation. Luca's travels have taken him around the world, where he has forged valuable partnerships with other like-minded individuals and organizations. As a trusted partner to many people, Luca has built a reputation for his reliability, honesty, and integrity. His commitment to decentralization and democratizing the space has opened up new opportunities for people around the world to participate in the mining process.",,,,,,https://cdn.prod.website-files.com/687f979126432c8ce843e6d7/6908e68ee7f5029b72c2c3c4_0391d286a78d9db92f85aba6.webp,,bitcoin-mena,2025,1,,https://mena.b.tc/speakers,Bitcoin MENA,,,,,,
Luca Schnetzler (Luca Netz),CEO,Pudgy Penguins,,,,,,,https://cdn.prod.website-files.com/61e87bb144d08a09b725b693/688cdef4806ddae7e1ecfb2b_LucaSchnetzler_HEAD.jpeg,,blockchain-futurist-florida,,1,,,,,,,,,
Lucas Bruder,Co-Founder and CEO,Jito Labs,,,,https://x.com/buffalu__,https://www.linkedin.com/in/lucasbruder/,,https://cdn.prod.website-files.com/6756df8f05088bc3e51c64ea/6a391d9aa89f5ba2335fbb70_Speaker-Name-Lucas-Bruder.avif,,token2049-singapore,2026,1,,https://www.token2049.com/singapore/speakers,TOKEN2049 Singapore,,,,,,
Lucas Nobs,Founder,Nohä Fiduciaire SA,,,,https://x.com/nobslucas,,,,,planb-forum-lugano,2026,1,,,,,,,,,
Luccas Riedo,CEO (2020-2025),G4 Educação,CEO do G4 entre 2020 e 2025 e Bitcoiner desde 2018.,,,,,https://x.com/luccasriedo,https://satsconf.com.br/wp-content/uploads/2025/10/Group-433.png,,satsconf,2025,1,,,SatsConf,,,,,,
Lucie Kadlecova,CMO,Aviatrix,,,,,,,https://tickets.sigma.world/img/speakers/tmp/speaker-2067-1761290443.png,,sigma-world-rome,,1,,,"SiGMA World 2026 (Rome, Fiera Roma, Nov 2-5 2026)",,,,,,sigma.world/summits/world/speakers (Central Europe 2025 + SiGMA World Past speakers)
Lucía Gallardo,"Founder, Emerge","Co-Founder, AeraTech",,,,,,,https://cdn.prod.website-files.com/61e87bb144d08a09b725b693/68cc252522152a24dc362e3f_LuciaGallardo_HEAD%201.png,,blockchain-futurist-florida,,1,,,,,,,,,
Luigi Caputo,CEO,Behaveme,Luigi Caputo is the CEO of Behaveme – platform that predicts best candidates during recruiting processes with gaming simulations and AI that test people's skills. He's also President of Osservatorio Italiano Esports & Gaming and ex Country Project Manager for Coca-Cola Italy.,,,,,,https://tickets.sigma.world/img/speakers/tmp/speaker-1891-1759821581.png,,sigma-world-rome,,1,,,"SiGMA World 2026 (Rome, Fiera Roma, Nov 2-5 2026)",,,,,,sigma.world/summits/world/speakers (Central Europe 2025 + SiGMA World Past speakers)
Luiza Blinova,Product Marketing Manager,TikTok,"Product Marketing Manager with over seven years of experience in digital advertising across various verticals (app, web, e-commerce, measurement etc.), with a strong focus on Gaming and iGaming.",,,,,,https://tickets.sigma.world/img/speakers/tmp/speaker-2032-1760944741.png,,sigma-world-rome,,1,,,"SiGMA World 2026 (Rome, Fiera Roma, Nov 2-5 2026)",,,,,,sigma.world/summits/world/speakers (Central Europe 2025 + SiGMA World Past speakers)
Lukas Duczko,,,,,,,,,,,bitcoin-asia,,1,,,,,,,,,
Lukas Seel,Ecosystem Lead,Multiversx,"Lukas Seel is Ecosystem Lead at MultiversX, where he runs builder programs and ecosystem initiatives. He has founded multiple companies, brought thousands of non-crypto users onchain before utility-first was the norm, and advises early-stage startups. These days he runs experiments at the edge of what autonomous machines are capable of both onchain and off.",,,,,,https://api.rareevo.io/storage/domains/rareevo.io/participants/profile/lukas_seel.png,,rare-evo,,1,,,Rare Evo 2026,,,active,Rare Evo 2026 (Main),163,
Luke B.,COO Secret Network; Marketing Utribe,Secret Network / Utribe,,,,,,,,,blockchain-futurist-toronto,,1,,,Blockchain Futurist Conference Toronto 2026,Toronto 2026,,,,,
Luke Broyles,Bitcoin Adviser,The Bitcoin Adviser,,,,,,,,,bitcoin-amsterdam,,1,,,,,,,,,
Luke Dashjr,Co-Founder,Ocean,,,,,,,https://miningdisrupt.com/assets/images/gallery10/867c6d6a.png?v=0308a4f1,,mining-disrupt,,1,,,,,,,,,
Luke Mulks,VP Business Operations,Brave,,,,,,website:https://iq.wiki/wiki/luke-mulks,https://api.rareevo.io/storage/domains/dev.rareevo.io/participants/profile/D2Kd36nPwOFvBy0PR2oMJtX7uFeSK30twsXl52ZP.png,,rare-evo,,1,,,Rare Evo 2026,,,active,Rare Evo 2026 (Main),42,
Luke Rossy,Chief Operating Officer,Hive Digital Technologies LTD,,,,,,,https://miningdisrupt.com/assets/images/gallery08/1f82b07c.png?v=0308a4f1,,mining-disrupt,,1,,,,,,,,,
Luke Shim,CFO & Co-Founder,Tokenable,,,,,,,,,blockchain-futurist-toronto,,1,,,Blockchain Futurist Conference Toronto 2026,Toronto 2026,,,,,
Luke Todd,"CEO, Executive Coach & Trainer",MadeYou,"Luke Todd, Founder and CEO of MadeYou since 2014, leads growth in executive coaching, leadership training, employer branding and feedback services across Europe. A Gallup-Certified Strengths Coach with 25+ years' experience, Luke combines operational knowledge to create practical, engaging learning experiences.",,,,,,https://tickets.sigma.world/img/speakers/tmp/speaker-320-1757074029.png,,sigma-world-rome,,1,,,"SiGMA World 2026 (Rome, Fiera Roma, Nov 2-5 2026)",,,,,,sigma.world/summits/world/speakers (Central Europe 2025 + SiGMA World Past speakers)
Lukáš Kovanda,Chief Economist,Trinity bank,,,,,,,,,bitcoin-amsterdam,,1,,,,,,,,,
Luthando Ndabambi,Project Community Leader,Bitcoin Ekasi,"Luthando Ndabambi currently serves as Community Director (or Project Community Lead) for Bitcoin Ekasi — an initiative focused on Bitcoin adoption and financial inclusion in South Africa. Earlier, he joined The Surfer Kids (a surf coaching / youth engagement programme) in May 2019 as a surf coach. Over time, he expanded his work into the Bitcoin space (around August 2021) by learning about Bitcoin and helping onboard township shops to accept Bitcoin as payment.",,,,,,https://cdn.prod.website-files.com/687f979126432c8ce843e6d7/68dff23e1ffd62104c782636_w28uqY-x6q-boNRGe-vnH3cITFiWOuCV8tDeaYnLXBU.webp,,bitcoin-mena,2025,1,,https://mena.b.tc/speakers,Bitcoin MENA,,,,,,
Luther Maday,Co-Founder & CEO,Stablecoin Partners; ex. Algorand Foundation,,,,,,,,,blockchain-futurist-toronto,,1,,,Blockchain Futurist Conference Toronto 2026,Toronto 2026,,,,,
Luís Portela de Carvalho,Partner,Lektou,"Luís began his legal career in 2016 and specialises in gambling, advertising, commercial law, technology and intellectual property. He is admitted to practise in Portugal and currently leads Lektou's Porto office. His practice focuses on gaming, media and entertainment law, advising clients on complex cross border mandates. Before joining Lektou as Partner in 2024, Luís served as Head of Legal at Clever Advertising. A member of IMGL and IAGA, Luís frequently speaks at international conferences as a gambling industry expert.",,,,,,https://tickets.sigma.world/img/speakers/tmp/speaker-1930-1760079020.png,,sigma-world-rome,,1,,,"SiGMA World 2026 (Rome, Fiera Roma, Nov 2-5 2026)",,,,,,sigma.world/summits/world/speakers (Central Europe 2025 + SiGMA World Past speakers)
Lyudmyla Kozlovska,President,Open Dialogue Foundation,,,,,,,,,bitcoin-amsterdam,,1,,,,,,,,,
Lyudmyla Kozlovska,,,,,,https://x.com/LyudaKozlovska,,,https://btchel.com/wp-content/uploads/2025/12/Lyudmyla-Kozlovska-1024x1024.jpg,,btchel,,1,,,,,,,,,
Maarten Haijer,Secretary General,European Gaming and Betting Association (EGBA),Maarten Haijer is the Secretary General of the European Gaming and Betting Association (EGBA) representing the leading online gambling operators licensed and regulated in the EU. Before joining the EGBA as director for regulatory affairs Maarten worked as the internal market and consumer protection counsellor at the Netherlands permanent representation to the EU. Prior to that he held several positions in the Dutch ministry of economic affairs dealing predominantly with EU and WTO trade policy issues.,,,,,,https://tickets.sigma.world/img/speakers/tmp/speaker-1724-1758120937.png,,sigma-world-rome,,1,,,"SiGMA World 2026 (Rome, Fiera Roma, Nov 2-5 2026)",,,,,,sigma.world/summits/world/speakers (Central Europe 2025 + SiGMA World Past speakers)
Mackenzie Hobbs,CEO,Blast Wheels,,,,,,,,,blockchain-futurist-toronto,,1,,,Blockchain Futurist Conference Toronto 2026,Toronto 2026,,,,,
Madex,,,,,,https://x.com/SPACEBULL,,,https://btchel.com/wp-content/uploads/2025/12/Madex.jpg,,btchel,,1,,,,,,,,,
"Maggie ""MIE"" Schmidt",CMO/Founder,Awen,,,,,,,https://api.rareevo.io/storage/domains/dev.rareevo.io/participants/profile/LPF3guNJ8hrNwL8cNbD4w4SAE21qI3Ye2aYCOYMW.png,,rare-evo,,1,,,Rare Evo 2026,,,active,Dev/Gov Day,102,
Maggie Parsons,Head of Operations,Lighter,"Maggie is Head of Operations at Lighter, a decentralized perps exchange using ZK technology to power high-performance trading on Ethereum. Her role covers finance, legal, compliance, and regulatory matters. Having spent her career across AI and crypto/fintech, she has a broad view of how emerging technology actually gets built and scaled. She’s drawn to the operational and structural challenges that come with building in new and complex spaces, of which DeFi has no shortage",,,,,,https://api.rareevo.io/storage/domains/rareevo.io/participants/profile/maggie_parsons (1).png,,rare-evo,,1,,,Rare Evo 2026,,yes,active,Rare Evo 2026 (Main),179,
Mahyar Akhbari,Co-Founder,Blockchain Futurist Conference,,,,,,,https://cdn.prod.website-files.com/61e87bb144d08a09b725b693/67d6e2f891e0269c3b2885e2_MahyarAkbari_HEAD.jpg,,blockchain-futurist-florida,,1,,,,,,,,,
Mahyar Akhbari,"Co-Founder, Head of BD",Anvil,,,,,,,,,blockchain-futurist-toronto,,1,,,Blockchain Futurist Conference Toronto 2026,Toronto 2026,,,,,
Maja Marszalek,Chief Compliance Officer,Galactic Media Management,"Maja is a senior GRC leader with global regulatory experience (FCA, SEC, FINRA, NFA/CFTC). Twice named among the Top 100 Most Influential in alternative investment services, she holds a Warwick Business School Executive MBA and specializes in licensing, scalable compliance programs, and turning regulation into competitive advantage.",,,,,,https://tickets.sigma.world/img/speakers/tmp/speaker-2197-1762159545.png,,sigma-world-rome,,1,,,"SiGMA World 2026 (Rome, Fiera Roma, Nov 2-5 2026)",,,,,,sigma.world/summits/world/speakers (Central Europe 2025 + SiGMA World Past speakers)
Manash Goswami,Chief Financial Officer,Synteq Digital,"Manash Goswami, CPA, CFA, MBA, is Chief Financial Officer at Synteq Digital. With over 25 years of experience across technology, power, logistics, e‑commerce, and capital markets, he leads all financial operations and strategy, including budgeting, forecasting, and reporting, to support business growth.",,,,,,https://cdn.prod.website-files.com/687f979126432c8ce843e6d7/68f1513332f8cd72d1a4f440_kBqAX5cazLNyrpq5RDuk48S3ZL3F9lW9JON7vU8_5Qs.webp,,bitcoin-mena,2025,1,,https://mena.b.tc/speakers,Bitcoin MENA,,,,,,
Manila Di Giovanni,Founder & CEO,DWorld Malta,"Manila Di Giovanni is the founder & CEO of DWorld, a tech startup creating the world’s first ever virtual economy for several countries and cities including Malta, the Principality of Monaco, Genova and Napoli in Italy, Philippines, and now expanding in Jersey and the Middle East. After being nominated in the Forbes 30U30 list and winning several international awards, she is currently one of the youngest metaverse leaders globally. Her mission is to transform the metaverse from a simple entertainment space into a driver of social and economic progress, turning digital transformation into a force for shared growth, equity, and the enhancement of every nation’s future developments.",,,,,,https://tickets.sigma.world/img/speakers/tmp/speaker-1984-1760528614.png,,sigma-world-rome,,1,,,"SiGMA World 2026 (Rome, Fiera Roma, Nov 2-5 2026)",,,,,,sigma.world/summits/world/speakers (Central Europe 2025 + SiGMA World Past speakers)
Manuel Atzler,Director New Business,Sport1 GmbH,"Manuel Atzler has been part of the SPORT1 team for over eleven years. With more than 25 years of professional experience in leading sports agencies and media companies, he has in-depth expertise in the areas of sports marketing, advertising and sponsorship. As Director New Business, he is responsible for strategic partnerships and corporate investments – he is currently in charge of twelve start-up investments of Sport1 GmbH.",,,,,,https://tickets.sigma.world/img/speakers/tmp/speaker-1946-1760358338.png,,sigma-world-rome,,1,,,"SiGMA World 2026 (Rome, Fiera Roma, Nov 2-5 2026)",,,,,,sigma.world/summits/world/speakers (Central Europe 2025 + SiGMA World Past speakers)
Mara di Lecce,Communication & Marketing Director,NOVOMATIC Italy,"Mara Di Lecce is the Communication & Marketing Director of NOVOMATIC Italia Group. Before joining NOVOMATIC Italia, she gained over 15 years of experience as a journalist specialising in sports and betting, collaborating with leading industry publications and deepening her understanding of the gaming market dynamics. Mara joined NOVOMATIC Italia as Head of Media Relations and has since taken on roles of increasing responsibility, now leading the company’s communication and marketing department.",,,,,,https://tickets.sigma.world/img/speakers/tmp/speaker-1974-1761835061.png,,sigma-world-rome,,1,,,"SiGMA World 2026 (Rome, Fiera Roma, Nov 2-5 2026)",,,,,,sigma.world/summits/world/speakers (Central Europe 2025 + SiGMA World Past speakers)
Marc Boiron,CEO,Polygon Labs,,,,,,,,,blockchain-futurist-toronto,,1,,,Blockchain Futurist Conference Toronto 2026,Toronto 2026,,,,,
Marc Lafleur,Founder,DB8 Labs; Guest Dragon Dragon's Den,,,,,,,,,blockchain-futurist-toronto,,1,,,Blockchain Futurist Conference Toronto 2026,Toronto 2026,,,,,
Marc P. Bernegger,Co-Founder,Maximon and Longevity Investors,,,,https://x.com/marcpbernegger,,,,,planb-forum-lugano,2026,1,,,,,,,,,
Marcel Tobler,CEO,Swiss Casinos,"Marcel Tobler has been CEO of Swiss Casinos since January 2024, having previously joined Stadtcasino Baden Group as CFO and driving innovation by launching Switzerland's first legal online casino, jackpots.ch and investing in tech startup Gamanza to enhance iGaming capabilities. Marcel’s leadership shaped data-driven strategies, loyalty programs and notable offerings like Switzerland’s first regulated crash game. With 11 years at PwC Marcel is a seasoned leader in the gaming and entertainment industry.",,,,,,https://tickets.sigma.world/img/speakers/tmp/speaker-1602-1755853692.png,,sigma-world-rome,,1,,,"SiGMA World 2026 (Rome, Fiera Roma, Nov 2-5 2026)",,,,,,sigma.world/summits/world/speakers (Central Europe 2025 + SiGMA World Past speakers)
Marcello Valente,Huddle Leader,Pudgy Canada,,,,,,,,,blockchain-futurist-toronto,,1,,,Blockchain Futurist Conference Toronto 2026,Toronto 2026,,,,,
Marcin Kumięga,Business Development Director,Voluum,,,,,,,https://tickets.sigma.world/img/speakers/tmp/speaker-169-1757667240.png,,sigma-world-rome,,1,,,"SiGMA World 2026 (Rome, Fiera Roma, Nov 2-5 2026)",,,,,,sigma.world/summits/world/speakers (Central Europe 2025 + SiGMA World Past speakers)
Marco Zechini,Equity Partner,Alma LED,"Marco Zechini is an Equity Partner based in Rome, where he leads the Banking and Financial Regulation team. He has over twenty years of experience in legal and regulatory advisory services related to banking, financial, and investment services. Marco regularly assists banks, financial institutions, payment service providers, electronic money institutions (EMIs), EU investment firms, securities firms (SIM), and asset management companies (SGRs) with licensing procedures and managing their relationships with supervisory authorities such as the Bank of Italy and Consob.",,,,,,https://tickets.sigma.world/img/speakers/tmp/speaker-2169-1761734437.png,,sigma-world-rome,,1,,,"SiGMA World 2026 (Rome, Fiera Roma, Nov 2-5 2026)",,,,,,sigma.world/summits/world/speakers (Central Europe 2025 + SiGMA World Past speakers)
Marcos Nunes,CEO,Tangem Pay,,,,,,,https://cdn.prod.website-files.com/61e87bb144d08a09b725b693/68ef888fb2c010c53aba054b_MarcoNunes_HEAD.jpg,,blockchain-futurist-florida,,1,,,,,,,,,
Marcus Hanna,CEO,BetToMax,,,,,,,https://tickets.sigma.world/img/speakers/tmp/speaker-2128-1761646843.png,,sigma-world-rome,,1,,,"SiGMA World 2026 (Rome, Fiera Roma, Nov 2-5 2026)",,,,,,sigma.world/summits/world/speakers (Central Europe 2025 + SiGMA World Past speakers)
Marek Szabelski,Member,German Bitcoin Association,,,,,,,,,bitcoin-amsterdam,,1,,,,,,,,,
Margaret Dunn,Portfolio Director,Clarion Gaming,"Margaret Dunn is the Portfolio Director for ICE. Back for its second time in Barcelona, Mags is responsible for the day-to-day management of the event as well as leading the team to deliver on ICE’s ambitious growth strategy. Her focus for 2026 is on building out the Regulatory Programme, prioritising the Sustainable Gambling Zone and attracting Big Tech companies to ICE to integrate into the global gaming ecosystem. Mags has over 20 years’ experience in event management, magazine publishing and content production.",,,,,,https://tickets.sigma.world/img/speakers/tmp/speaker-2103-1761310130.png,,sigma-world-rome,,1,,,"SiGMA World 2026 (Rome, Fiera Roma, Nov 2-5 2026)",,,,,,sigma.world/summits/world/speakers (Central Europe 2025 + SiGMA World Past speakers)
Margeaux Plaisted,Vice President of Policy and Government Relations,CleanSpark,"Vice President of Policy and Government Relations at CleanSpark, where she leads the company's policy strategy and legislative outreach. With over 20 years of experience in government relations, she specializes in bridging the gap between lawmakers, regulators, and industry leaders on issues related to digital assets, energy policy, and financial regulation. Plaisted is a recognized leader in advancing Bitcoin mining policy and driving innovative, bipartisan legislative solutions.",,,,,,https://static.wixstatic.com/media/5b61ba_02a68cfd78384fc992cc955306fbc7bb~mv2.jpg,,bitcoin-policy-summit,2025,1,,https://www.btcpolicysummit.org/2025-speakers,Bitcoin Policy Summit 2025,,,,,,
Margie Feng,Head of Marketing,Solayer,"Margie Feng leads marketing at Solayer, where she is currently focused on Solayer Pay. With a background spanning crypto and global brand building, she specializes in translating complex technical products into clear, compelling narratives that resonate with users. Previously at FuzzLand and BITMAIN, Margie led high-impact campaigns, global events, and influencer programs, helping build strong ecosystems across Web3.",,,,,website:https://iq.wiki/wiki/margie-feng,https://api.rareevo.io/storage/domains/dev.rareevo.io/participants/profile/G22C2k1CMLEzzeWLCrN1zxGZIfHVNqeO1j6PP49c.png,,rare-evo,,1,,,Rare Evo 2026,,,active,Rare Evo 2026 (Main),81,
Margot Paez,Fellow,Bitcoin Policy Institute,"A Fellow at the Bitcoin Policy Institute and is completing her PhD in Civil Engineering at Georgia Institute of Technology, where she specializes in climate change statistical modeling with a focus on water resources. She holds an MS in Physics from Georgia Tech and brings diverse research experience in robotics, astrobiology instrumentation, and physics of living systems. She combines expertise in data management systems and advanced statistical modeling to address environmental challenges while contributing to Bitcoin policy discussions.",,,,,,https://static.wixstatic.com/media/dea30a_1b8b4cb4da894538a58b24944484deac~mv2.jpeg,,bitcoin-policy-summit,2025,1,,https://www.btcpolicysummit.org/2025-speakers,Bitcoin Policy Summit 2025,,,,,,
Maria Lobanova,"CEO, Interstellar Digital","CMO, Naoris Protocol",,,,,,,https://cdn.prod.website-files.com/61e87bb144d08a09b725b693/68f0db62cdffb8a88a469962_marialobanova_head_720%201.png,,blockchain-futurist-florida,,1,,,,,,,,,
Maria Sharapova,Tennis Legend,,,,,,,profile:https://websummit.com/attendees/lis25/ab7dcbcd-6de4-4db3-8ac9-d6b1e434319f/maria-sharapova,https://web-summit-avenger.imgix.net/production/avatars/original/0ebdc987d4e3394b90d7e875412a8ac965e9648a.jpg,,web-summit-lisbon,2025,1,,,,,,,,,
Maria Vovchok,Head of BD&Media Lead,Dubai Blockchain Center,"Maria Vovchok is an accomplished media professional and distinguished conference MC with over a decade of experience in media and more than eight years in blockchain, fintech, and Web3 communications. Recognized for her articulate and insightful approach, Maria bridges complex technological subjects with broad and diverse audiences across global markets. She began her Web3 journey as a news editor and anchor at several blockchain media outlets, later transitioning into marketing and PR roles within blockchain companies. Over the years, she has built strong relationships with VC funds, angel investors, and startup founders. Maria has served as an MC and moderator at numerous tech and business conferences worldwide. Her distinguished presence has been sought by premier events such as TOKEN2049, Hong Kong FinTech Week, LEAP Riyadh, and more. She also served as Managing Director of the World of Web3 Summit, and was a contributing TV host at Moniify. Currently, Maria is the Head of Business Development & Media Lead at the Dubai Blockchain Center, where she also hosts the Encrypted podcast, interviewing top voices in the Web3 ecosystem. She has also recently joined Gate as a Digital Producer & Host. Beyond her professional work, Maria holds an ambassadorial role with the Blockchain Association of Ukraine, and has been honored as one of the Top 25 Women in Fintech & Blockchain in MENA by DX Talks.",,,,,,https://cdn.prod.website-files.com/687f979126432c8ce843e6d7/68c2e69c4fe7d0072ea533fb_48b23fe8dabf36bdbec1c9eb.webp,,bitcoin-mena,2025,1,,https://mena.b.tc/speakers,Bitcoin MENA,,,,,,
Mariangel Garcia,Co-Founder,Women in Investment Network,"Mariangel Garcia is the Co-Founder of the Women in Investment Network (WIIN), a global circle that unites women investors, venture leaders, and visionaries who move capital. Through WIIN, she is advancing the mission of connecting women with curated investment opportunities, strategic alliances, and exclusive intelligence to redefine leadership, wealth, and legacy for generations to come. She is an experienced Digital Marketing Strategist in the FinTech and Blockchain industries, with a proven track record in market expansion, community building, and business development. Previously, Mariangel led marketing and community initiatives at Binance Latin America and served as Head of Communities at BNB Chain, driving large-scale adoption and growth. Named one of the Most Influential Women in Crypto 2024 by BeInCrypto, Mariangel is also a TEDx Speaker and U.S. Department of State Alumna, recognized for her thought leadership and frequent contributions at international conferences across the Americas, Europe, and the Middle East. With 8+ years of experience in digital financial solutions, she is driven by a passion for financial inclusion, blockchain adoption, and empowering diverse leaders to shape the future of investment and technology.",,,,,,https://cdn.prod.website-files.com/687f979126432c8ce843e6d7/69309ce0ab3c9ca019821227_91ee109e59caebdd0e402e2f.webp,,bitcoin-mena,2025,1,,https://mena.b.tc/speakers,Bitcoin MENA,,,,,,
Mariia Grinko,HR Team Lead,Private inc.,"Mariia is the HR Team Lead at Private inc., one of the largest media buying holdings in the CIS. Mariia and her team are known for their skills in attracting top talent in a short timeframe, as well as their ability to develop effective strategies for employee retention. Mariia is recognized for her technical approach to hiring and her deep understanding of the industry. Every HR professional should be able to independently and accurately assess candidates—this is Mariia's core principle!",,,,,,https://tickets.sigma.world/img/speakers/tmp/speaker-1652-1756373177.png,,sigma-world-rome,,1,,,"SiGMA World 2026 (Rome, Fiera Roma, Nov 2-5 2026)",,,,,,sigma.world/summits/world/speakers (Central Europe 2025 + SiGMA World Past speakers)
"Marina Flat, PhD",Founder & CEO,Maplewise AI,,,,,,,,,blockchain-futurist-toronto,,1,,,Blockchain Futurist Conference Toronto 2026,Toronto 2026,,,,,
Mario Frongia,National Council Member,Ussi Italy Presidential Committee,,,,,,,https://tickets.sigma.world/img/speakers/tmp/speaker-2214-1762419753.png,,sigma-world-rome,,1,,,"SiGMA World 2026 (Rome, Fiera Roma, Nov 2-5 2026)",,,,,,sigma.world/summits/world/speakers (Central Europe 2025 + SiGMA World Past speakers)
Mario Yaksetig Costa,Director,BitFashioned SEZC,,,,,,,https://cdn.prod.website-files.com/61e87bb144d08a09b725b693/68dfda06221b3c1de34fa603_MarioYaksetigCosta_HEAD%201.png,,blockchain-futurist-florida,,1,,,,,,,,,
Mariusz Gasiewski,CEE Mobile Gaming & Apps Lead,Google,"With Google since 2007, Mariusz Gasiewski is a leading expert in the gaming, iGaming, and app sectors across Central and Eastern Europe (CEE). He partners with the region's top companies, leveraging unique data to uncover critical trends in app categories and user behavior. Mariusz spearheads key initiatives that accelerate the growth of the mobile ecosystem in CEE and has guided many of Google's largest clients in developing and executing winning mobile strategies. A recognized thought leader, he is a frequent speaker at industry conferences and the founder of GameCamp (www.gamecamp.io), a premier European community for mobile gaming and app professionals. He also leads an angel investment community, bringing together specialists in gaming, apps, AI, and the Cloud from over 15 countries.",,,,,,https://tickets.sigma.world/img/speakers/tmp/speaker-1265-1748331692.png,,sigma-world-rome,,1,,,"SiGMA World 2026 (Rome, Fiera Roma, Nov 2-5 2026)",,,,,,sigma.world/summits/world/speakers (Central Europe 2025 + SiGMA World Past speakers)
Mark Berkovich,CEO,Kea,"Mark Berkovich, CEO of Kea, is an architect of tomorrow's financial landscape. He spearheads Kea, a group of licensed entities powering global finance with one KYB across banking, stablecoins, and crypto, supported by a custom core banking system, and a human-touch approach. A recognised authority in banking, fintech, neobanks, and the payments industry, Mark's insights into stablecoins and the broader crypto ecosystem make him a sought-after speaker on global panels.",,,,,,https://tickets.sigma.world/img/speakers/tmp/speaker-964-1759913231.png,,sigma-world-rome,,1,,,"SiGMA World 2026 (Rome, Fiera Roma, Nov 2-5 2026)",,,,,,sigma.world/summits/world/speakers (Central Europe 2025 + SiGMA World Past speakers)
Mark Connors,"CEO, Chief Macro Strategist",Risk Dimensions,"Mark Connors is the founder of Risk Dimensions, an OCRO (Outsourced Chief Risk Officer) advisory that integrates his 35 years of institutional investment and financing experience with the recent advancements of bitcoin and AI. His career spans trading desks, multi-strategy hedge funds, and client-facing data strategy roles at Credit Suisse. More recently, Mark led research at 3iQ during the 2022–23 crypto winter, where he applied behavioral finance, debt-cycle frameworks, and traditional risk models to contextualize the crisis—not as a protocol failure, but a failure of market participants. This cross-disciplinary perspective drives his current research and consulting practice that demonstrates bitcoin is no longer a speculative anomaly and warrants inclusion in any multi-asset portfolio across the risk-reward spectrum.",,,,,,https://cdn.prod.website-files.com/687f979126432c8ce843e6d7/690e05e59cafe1c0cb58b0ef_LFhKIK4k1Yy8pRvo-_aNzvtFDYwyxKLMiwkeTjxr9X0.webp,,bitcoin-mena,2025,1,,https://mena.b.tc/speakers,Bitcoin MENA,,,,,,
Mark Curmi,Non-Executive Director,Sparkasse Bank Malta,"Mark Curmi is an established financial services professional with over 20 years experience in financial services through various roles at International Credit Institutions, BIG 4 Advisory Firm and Fintech outfits. He is currently the CEO and Executive at Trumia Ltd and member of the Institute of Financial Services Practitioners (ISFP) in Malta, the Malta Chamber of Commerce and the SME Chamber. Prior to joining Trumia Ltd, Mr. Curmi was heavily involved in the establishment of fintech outfit Andaria Financial Services Ltd, an EMI/ASPSP based in Malta and the UK.",,,,,,https://tickets.sigma.world/img/speakers/tmp/speaker-1697-1757600769.png,,sigma-world-rome,,1,,,"SiGMA World 2026 (Rome, Fiera Roma, Nov 2-5 2026)",,,,,,sigma.world/summits/world/speakers (Central Europe 2025 + SiGMA World Past speakers)
Mark Flores Martin,CEO,XGENIA,"Mark Flores Martin is CEO of XGENIA and a tech visionary, launching his first mobile game at the age of 25. With deep knowledge of both game development and AI, Mark has successfully positioned XGENIA at the forefront of an AI revolution in iGaming. His relentless pursuit of innovation ensures that XGENIA continues to push the boundaries of what’s possible in AI-driven gaming.",,,,,,https://tickets.sigma.world/img/speakers/tmp/speaker-695-1763649182.png,,sigma-world-rome,,1,,,"SiGMA World 2026 (Rome, Fiera Roma, Nov 2-5 2026)",,,,,,sigma.world/summits/world/speakers (Central Europe 2025 + SiGMA World Past speakers)
Mark Galea Salomone,Managing Associate,WH Partners,"Mark Galea Salomone is a Managing Associate in the tax team at WH Partners. He has extensive experience in corporate tax, having previously served as a Tax Senior Associate with Dentons in the UK's London office and worked in KPMG UK’s corporate tax department. Mark advises domestic and international clients on complex UK, Maltese, and cross-border tax matters, including tax restructuring, inbound and outbound investment, corporate finance, mergers and acquisitions, and private wealth tax law. His clients include private equity houses, leading multinationals, financial institutions, and companies in the technology and crypto sectors. He has contributed to leading publications such as Cahiers de droit fiscal international (International Fiscal Association), International Tax Review, and Tax Journal. Mark is dual-qualified as both a lawyer and an accountant. He holds an LL.M. in Tax from the London School of Economics and an LL.D. (Doctor of Laws) from the University of Malta, and he is also a Chartered Certified Accountant (ACCA).",,,,,,https://tickets.sigma.world/img/speakers/tmp/speaker-1986-1760528643.png,,sigma-world-rome,,1,,,"SiGMA World 2026 (Rome, Fiera Roma, Nov 2-5 2026)",,,,,,sigma.world/summits/world/speakers (Central Europe 2025 + SiGMA World Past speakers)
Mark Ghatan,Senior Wealth Strategist,Bespoke Group,"Mark Ghatan is a Senior Wealth Strategist at Bespoke Group, an advisory firm serving high-net-worth individuals and families with complex, non-traditional wealth. He is a trust and estate attorney specializing in advanced planning for digital assets, closely held businesses, and multi-jurisdictional structures, advising on trust and ownership frameworks that balance control, continuity, tax efficiency, and long-term stewardship. With a background in complex investigations and security consulting, Mark takes a security-first approach to structuring wealth, helping clients, particularly those with concentrated crypto holdings, navigate risks around custody, jurisdiction, and personal safety.",,,,,,https://api.rareevo.io/storage/domains/rareevo.io/participants/profile/mark_ghatan.png,,rare-evo,,1,,,Rare Evo 2026,,,active,Rare Evo 2026 (Main),148,
Mark Jennings,CEO of Europe,Gemini,,,,,,,,,bitcoin-amsterdam,,1,,,,,,,,,
Maro Vardanyan,Founder,Quantum Block Holdings,,,,,,,https://cdn.prod.website-files.com/61e87bb144d08a09b725b693/68a8a6c05ee51d0403d88972_MaroVardanyan_HEAD.jpg,,blockchain-futurist-florida,,1,,,,,,,,,
Mars,Cypherpunk,Hero of Bitcoin,,,,,,,,,bitcoin-amsterdam,,1,,,,,,,,,
Marsha Blackburn,U.S. Senator (R-TN),U.S. Senate,"United States Senator from Tennessee serving since 2019, previously representing Tennessee's 7th congressional district in the House from 2003 to 2019. Known for her work on telecommunications, technology policy, and digital privacy issues, Blackburn is a strong advocate for effective digital asset policies.",,,,,,https://static.wixstatic.com/media/5b61ba_0c83310617234f2592447b5544b346ff~mv2.jpg,,bitcoin-policy-summit,2025,1,,https://www.btcpolicysummit.org/2025-speakers,Bitcoin Policy Summit 2025,,,,,,
Martha Brincat,Head – Compliance & Player Protection,Malta Gaming Authority (MGA),,,,,,,https://tickets.sigma.world/img/speakers/tmp/speaker-1953-1760425308.png,,sigma-world-rome,,1,,,"SiGMA World 2026 (Rome, Fiera Roma, Nov 2-5 2026)",,,,,,sigma.world/summits/world/speakers (Central Europe 2025 + SiGMA World Past speakers)
Martin Paasi,,,,,,https://x.com/MartinPaasi,,,https://btchel.com/wp-content/uploads/2025/12/Martin-Paasi-1-1-1024x1024.jpg,,btchel,,1,,,,,,,,,
Martin Zarian,Co-Founder,Factory 39,"Martin Zarian is a full-stack brand builder, award-winning strategist and designer, recovering perfectionist, keynote speaker, podcast host… and a few other things he can’t even remember. He helps ambitious businesses in complex, saturated markets stand out, stay ahead and build brands that sell more…because a good product gets you in the game but a great brand is how you win it. As the co-founder of Factory 39, Martin has worked with global names like FIFA, eBay, Dr. Oetker, BT, Muskita, BBF, HFM and Sharp, as well as scale-ups across Tech, Finance, and SaaS. His motto? Stop hiding. Start branding. Oh, and he likes pickle juice.""",,,,,,https://tickets.sigma.world/img/speakers/tmp/speaker-609-1759485485.png,,sigma-world-rome,,1,,,"SiGMA World 2026 (Rome, Fiera Roma, Nov 2-5 2026)",,,,,,sigma.world/summits/world/speakers (Central Europe 2025 + SiGMA World Past speakers)
Martina Galea,Student,University of Malta,"Martina began reading law at the University of Malta in 2023 and is now in her third year of studies. Her main areas of interest include gaming, criminal, company, and commercial law, while remaining open to opportunities in other areas. Martina is also a legal intern at an audit and tax firm, where she is exposed to company, employment, gaming, aviation, and maritime law. This experience provides her with valuable insight into how law operates in practice and strengthens her analytical and research skills. In 2025, Martina won the first edition of the SiGMA writing competition, organised in collaboration with Filletti & Filletti Advocates and the University of Malta, with her article ‘Beyond the Algorithm: Regulating AI Accountability in the Gaming Industry’. This achievement has deepened Martina’s interest in gaming law, and she looks forward to building on these experiences as she continues developing her academic and professional career.",,,,,,https://tickets.sigma.world/img/speakers/tmp/speaker-1804-1758878638.png,,sigma-world-rome,,1,,,"SiGMA World 2026 (Rome, Fiera Roma, Nov 2-5 2026)",,,,,,sigma.world/summits/world/speakers (Central Europe 2025 + SiGMA World Past speakers)
Martti Malmi,,,,,,https://x.com/marttimalmi,,,https://btchel.com/wp-content/uploads/2025/10/Logo-3-1024x1024.jpg,,btchel,,1,,,,,,,,,
Marwan Al Zarouni,CEO,Dubai Blockchain Center (DBCC).,"Dr. Marwan Al Zarouni is a global Bitcoin and blockchain advocate driving Dubai’s digital innovation agenda. As CEO of the Dubai Blockchain Center, he has led regional efforts in Bitcoin education, adoption, and policy development. Recognized among CoinTelegraph’s Top 100 Most Influential Figures in Blockchain and Cryptocurrencies (2022), he also served on the World Economic Forum’s Global Future Council on Cryptocurrencies. Through his leadership, Dr. Al Zarouni continues to position Dubai as a global hub for blockchain and Bitcoin innovation.",,,,,,https://cdn.prod.website-files.com/687f979126432c8ce843e6d7/6900c3c39d2d90269fda5731_xSLLAx1Qkv4ykdRGOXrMVOgy3c2EENIhmyFUqAJlmOE.webp,,bitcoin-mena,2025,1,,https://mena.b.tc/speakers,Bitcoin MENA,,,,,,
Mary Beth Buchanan,Board of Directors,Cardano Foundation,"Mary Beth Buchanan is a former U.S. Attorney for the Western District of Pennsylvania, serving from 2001 to 2009 after being appointed by President George W. Bush. She was the first woman and youngest person to hold that role, and also served in senior Department of Justice positions, including Acting Director of the Office on Violence Against Women. Following her government career, she has held leadership roles in law, finance, and crypto, including General Counsel at Kraken and executive positions at blockchain and fintech companies. She currently acts as Vice President on the Board of Directors of the Cardano Foundation.",,,,,,https://api.rareevo.io/storage/domains/rareevo.io/participants/profile/mb_buchanan.png,,rare-evo,,1,,,Rare Evo 2026,,yes,active,Rare Evo 2026 (Main); Featured Exhibitors 2026; Dev/Gov Day,127,
Mason Foard,Director of Bitcoin Strategy,Méliuz,"Bitcoin investor for half a decade; founding member of MSTR True North, the leading podcast on Bitcoin treasury companies; and Director of Bitcoin Strategy at Méliuz, the first public Bitcoin treasury company in Brazil and Latin America.",,,,,,https://cdn.prod.website-files.com/687f979126432c8ce843e6d7/6903a7fff1deae49a4953041_79acfb51a6325aa8551f5ca7.webp,,bitcoin-mena,2025,1,,https://mena.b.tc/speakers,Bitcoin MENA,,,,,,
Mason Lynaugh,Executive Director,Stand With Crypto,"Mason Lynaugh is a crypto policy and community leader, currently serving as Executive Director of Stand With Crypto, a major U.S. advocacy organization for digital assets. He was the group’s first hire and previously led its grassroots and community efforts, helping grow it to millions of advocates nationwide. Lynaugh is also a co-founder of ATX DAO and was recognized on Forbes’ 30 Under 30 Austin for his work advancing Web3 adoption and policy engagement.",,,https://x.com/masonlynaugh,https://www.linkedin.com/in/masonlynaugh/,website:https://iq.wiki/wiki/mason-lynaugh,https://api.rareevo.io/storage/domains/rareevo.io/participants/profile/mason_lyn.png,,rare-evo,,1,,,Rare Evo 2026,,,active,Rare Evo 2026 (Main),128,
Matej Novota,Head of Casino Research,Casino Guru,"Matej Novota leads Casino Research at Casino Guru, the world's largest independent online casino database. He helped grow the platform from 40 to over 8,000 reviews, building its trusted, data-driven methodology. Matej oversees the Complaint Resolution and Data Teams, drives tools like the Safety Index and champions fair play. A former software specialist, he brings technical and industry expertise to global conferences and initiatives promoting transparency and responsible gaming.",,,,,,https://tickets.sigma.world/img/speakers/tmp/speaker-1470-1763111663.png,,sigma-world-rome,,1,,,"SiGMA World 2026 (Rome, Fiera Roma, Nov 2-5 2026)",,,,,,sigma.world/summits/world/speakers (Central Europe 2025 + SiGMA World Past speakers)
Mathias Buus,CEO,Holepunch,,,,https://x.com/mafintosh,,,,,planb-forum-lugano,2026,1,,,,,,,,,
Matt Corallo,Bitcoin Developer,Blockstream,"A distinguished Bitcoin developer who has made significant contributions to Bitcoin Core development. As a co-founder of Blockstream, he has played an instrumental role in improving Bitcoin's protocol and infrastructure. He continues to be an active advocate for decentralization and the advancement of open-source technology.",,,,,,https://static.wixstatic.com/media/5b61ba_6e646ce336c34525afcf05088b69d388~mv2.png,,bitcoin-policy-summit,2025,1,,https://www.btcpolicysummit.org/2025-speakers,Bitcoin Policy Summit 2025,,,,,,
Matt Damon,Co-founder,Water.org,,,,,,,https://cdn.prod.website-files.com/6a06ea4ffe8dbdfa0d41575d/6a319acfc876f88262b31ad5_Matt%20Damon.avif,,ripple-swell-apex,2026,1,,,,,,,,,
Matt Franchi,Founder,The Bar Toronto Inc.,,,,,,,,,blockchain-futurist-toronto,,1,,,Blockchain Futurist Conference Toronto 2026,Toronto 2026,,,,,
Matt Nicosia,Co-Creator,Trusted Smart Chain,,,,,,,https://cdn.prod.website-files.com/61e87bb144d08a09b725b693/68e411657aedc39a7e10b8dc_MattNicosia_HEAD%20(1)%201.png,,blockchain-futurist-florida,,1,,,,,,,,,
Matt Quinn,Director,Nervos Foundation,,,,,,,https://miningdisrupt.com/assets/images/gallery10/999d2ced.png?v=0308a4f1,,mining-disrupt,,1,,,,,,,,,
Matt Sahakian,Gaming Consultant,,"Matt Sahakian has over 6 years of experience in the gaming, crypto, and tech industries, helping companies grow and expand globally. With strong expertise in business development and market entry, he focuses on creating strategies that drive real results, for PAMs, Operators and Game providers. Specialized in connecting worlds in the gaming sector Gaming, Matt offers a full 360° approach for partners looking to enter or scale in Brazi-Latam. With a strong multicultural and multilingual background, his expertise & connections helps bridge global opportunities with local emerging markets. Passionate about innovation and emerging businesses, Matt uses his experience & contact as regional director with big players such as Digitais and Betconstruct to strengthen his client presence, growth and strategies in Brazil & Latam. Matt Sahakian, connecting Gaming worlds through innovative solutions.",,,,,,https://tickets.sigma.world/img/speakers/tmp/speaker-1083-1760601602.png,,sigma-world-rome,,1,,,"SiGMA World 2026 (Rome, Fiera Roma, Nov 2-5 2026)",,,,,,sigma.world/summits/world/speakers (Central Europe 2025 + SiGMA World Past speakers)
Matt Williams,Head of Financial Services,Luxor Technology,,,,,,,,,bitcoin-amsterdam,,1,,,,,,,,,
Matt Zarb-Cousin,Director,Gamban,"Matt Zarb-Cousin is a Co-Founder of Gamban, director of Clean Up Gambling and senior government affairs advisor to YieldSec. As spokesperson for the Campaign for Fairer Gambling, he lobbied successfully for a reduction in the maximum stake on Fixed Odds Betting Terminals from £100 to £2 a spin. The Campaign for Fairer Gambling has recently relaunched with a focus on policy reform in the US.",,,,,,https://tickets.sigma.world/img/speakers/tmp/speaker-1501-1754311742.png,,sigma-world-rome,,1,,,"SiGMA World 2026 (Rome, Fiera Roma, Nov 2-5 2026)",,,,,,sigma.world/summits/world/speakers (Central Europe 2025 + SiGMA World Past speakers)
Matteo Ferrante,Lead Research Engineer – BCI,Tether Data,,,,https://x.com/MatteoFerrant20,,,,,planb-forum-lugano,2026,1,,,,,,,,,
Matthew Cutler,Business Development Associate,Braiins,,,,,,,https://miningdisrupt.com/assets/images/gallery12/b0a15878.png?v=0308a4f1,,mining-disrupt,,1,,,,,,,,,
Matthew Glezos,Co-Founder,TorontoDAO & Safemed,,,,,,,,,blockchain-futurist-toronto,,1,,,Blockchain Futurist Conference Toronto 2026,Toronto 2026,,,,,
Matthew Mežinskis,Creator,1basemoney,,,,,,,,,bitcoin-amsterdam,,1,,,,,,,,,
Matthew Pines,Executive Director,Bitcoin Policy Institute,"Executive Director of the Bitcoin Policy Institute, where he oversees strategic initiatives at the intersection of Bitcoin, national security, and geopolitics. He previously served as Director of Intelligence for PinnacleOne at SentinelOne, advising multinational firms on cyber risk and resilience. With over thirteen years of experience in security strategy, Pines holds degrees from the London School of Economics (MSc in Philosophy and Public Policy) and Johns Hopkins University, bringing deep expertise in national preparedness and strategic security assessment.",,,,,,https://static.wixstatic.com/media/5b61ba_6198c30ada89446bb7a8b97b98669a7d~mv2.png,,bitcoin-policy-summit,2025,1,,https://www.btcpolicysummit.org/2025-speakers,Bitcoin Policy Summit 2025,,,,,,
Matthew Prince,Co-founder & CEO,Cloudflare,,,,,,profile:https://websummit.com/attendees/lis25/97c3675b-d55d-4fab-b4fe-82e291bd514a/matthew-prince,https://web-summit-avenger.imgix.net/production/avatars/original/5a8546287df9d5da8773ba9d41c2aa43cc9fef17.jpg,,web-summit-lisbon,2025,1,,,,,,,,,
Matthew Sigel,Head of Digital Assets Research,VanEck,,,,,,,https://miningdisrupt.com/assets/images/gallery08/cfdbfd4b.png?v=0308a4f1,,mining-disrupt,,1,,,,,,,,,
Maurizio Atzori,Head of Advertiser Experience,TikTok,"As the Head of Advertiser Experience for METAP at TikTok, Maurizio Atzori is the strategic partner for C-suite leaders in the gaming and betting industry looking to maximise their growth on the platform. With four years experience at TikTok, he specialises in navigating the complex landscape of ad policy and monetisation to unlock new opportunities for businesses. Maurizio's core mission is to transform advertising challenges into scalable solutions. He is the key contact for companies seeking to overcome policy hurdles or establish higher-level strategic support.",,,,,,https://tickets.sigma.world/img/speakers/tmp/speaker-2033-1760944770.png,,sigma-world-rome,,1,,,"SiGMA World 2026 (Rome, Fiera Roma, Nov 2-5 2026)",,,,,,sigma.world/summits/world/speakers (Central Europe 2025 + SiGMA World Past speakers)
Maurizio Soccodato,Founder & CEO,Global Lab,"Maurizio Soccodato is an Italian entrepreneur with over 30 years of experience in technology and gaming. He is the CEO and founder of Global Lab Ltd, a leading international testing laboratory with offices in Malta, Romania, South Afria and Brazil. Known for his focus on quality, innovation and client growth, Maurizio has driven global expansion and aims to make certifications more transparent and accessible across the gaming industry.",,,,,,https://tickets.sigma.world/img/speakers/tmp/speaker-830-1758274608.png,,sigma-world-rome,,1,,,"SiGMA World 2026 (Rome, Fiera Roma, Nov 2-5 2026)",,,,,,sigma.world/summits/world/speakers (Central Europe 2025 + SiGMA World Past speakers)
Mauro Miceli,Director of Operations,Betstarters,"Mauro is the Director of Operations at Betstarters, with extensive experience driving efficiency, optimising processes, and leading high-performing teams in the iGaming industry. Previously, he was Operations Manager at GM Gaming/BETWAY, where he managed cross-functional teams, streamlined workflows, and implemented data-driven strategies that enhanced productivity, reduced costs, and maximised revenue growth. Specialising in strategic planning, risk management, compliance, customer experience optimisation, business development, and process automation, Mauro thrives in fast-paced environments.",,,,,,https://tickets.sigma.world/img/speakers/tmp/speaker-1941-1760104710.png,,sigma-world-rome,,1,,,"SiGMA World 2026 (Rome, Fiera Roma, Nov 2-5 2026)",,,,,,sigma.world/summits/world/speakers (Central Europe 2025 + SiGMA World Past speakers)
Max Avery,CBDO,Digital Ascension Group,,,,,,,https://cdn.prod.website-files.com/61e87bb144d08a09b725b693/6877ab1970a1b2cb7a9275e3_MaxAvery_HEAD%20(1).jpg,,blockchain-futurist-florida,,1,,,,,,,,,
Max Guise,Bitkey & Proto Lead,Block Inc.,"is Bitkey & Proto Lead at Block, leading the development of the company’s self-custody bitcoin wallet Bitkey as well as the modular mining system, Proto. Prior to assuming this leadership role, Max was Hardware Security Lead at Block where he built and led product security and security engineering teams responsible for protecting a wide range of Square products and for shipping critical components that powered many different levels of Square's technology stack",,,,,,https://cdn.prod.website-files.com/687f979126432c8ce843e6d7/6925d8ae631e8a8c22f9410d_ecF3Wgk4vaN_fx3p2ve2RIfelHpLZ5Vsr1H7gWnAz_M.webp,,bitcoin-mena,2025,1,,https://mena.b.tc/speakers,Bitcoin MENA,,,,,,
Max Matrenitski,Founder,"Everminer, OpenMine, Cyberian Mine",,,,,,,https://miningdisrupt.com/assets/images/gallery12/356b5483.png?v=0308a4f1,,mining-disrupt,,1,,,,,,,,,
Max Miller,U.S. Congressman (R-OH),U.S. House of Representatives,,,,,,,https://static.wixstatic.com/media/5b61ba_a747926dd2cb4002a8fd17365effb8d8~mv2.jpg,,bitcoin-policy-summit,2025,1,,https://www.btcpolicysummit.org/2025-speakers,Bitcoin Policy Summit 2025,,,,,,
Max Musumeci,"Physicist, Lightning Network Dev/Researcher",Denali,,,,https://x.com/massmux,,,,,planb-forum-lugano,2026,1,,,,,,,,,
Max Trafimovich,International Non-Executive Director,SOFTSWISS,"Max Trafimovich has been with SOFTSWISS since 2013, holding key leadership positions including Chief Commercial Officer. Over the years, he has played a pivotal role in driving market expansion and leading major mergers and acquisitions. As International Non-Executive Director, Mr. Trafimovich provides strategic oversight and independent guidance across business development and operations, reinforcing the company’s commitment to innovation and sustainable growth.",,,,,,https://tickets.sigma.world/img/speakers/tmp/speaker-2203-1762196867.png,,sigma-world-rome,,1,,,"SiGMA World 2026 (Rome, Fiera Roma, Nov 2-5 2026)",,,,,,sigma.world/summits/world/speakers (Central Europe 2025 + SiGMA World Past speakers)
Maxim ​​Makovetskyi,Head of Affiliates,Parimatch Affiliates,"Maxim ​​Makovetskyi is an affiliate marketing professional with 12 years of experience, including 6 years in the gambling industry with extensive background in building teams from the ground up and managing both strategic and operational processes. Maxim is skilled in driving performance for both niche single-geo gambling brands and complex multi-geo products, with deep understanding of all major B2C and affiliate platforms. Maxim has successfully managed multimillion-dollar affiliate budgets and scaled high-performing acquisition strategies across diverse markets.",,,,,,https://tickets.sigma.world/img/speakers/tmp/speaker-2100-1761301816.png,,sigma-world-rome,,1,,,"SiGMA World 2026 (Rome, Fiera Roma, Nov 2-5 2026)",,,,,,sigma.world/summits/world/speakers (Central Europe 2025 + SiGMA World Past speakers)
"Maximillian ""M"" Schwartz",CEO,Anvil Research Labs,,,,,,,,,blockchain-futurist-toronto,,1,,,Blockchain Futurist Conference Toronto 2026,Toronto 2026,,,,,
Megasley,,Africa Free Routing,,,,,,,https://afrobitcoin.org/wp-content/uploads/2025/10/Megasley-megasley.png,,africa-bitcoin-conference,2026,1,ABC26,,,,,,,,
Melvin Ritsema,Co-Founder & CEO,Xcite Ventures,"Melvin has been in the industry for almost 17 years, starting his journey as an affiliate in Gibraltar. He was an integral part of successfully building and growing online casino and sportsbook operator Royal Panda from their startup days, which eventually sold to LeoVegas Group in 2017. During his time with Royal Panda, he actively ran crucial aspects of the business, from casino and sportsbook to CRM, marketing and compliance. After the acquisition, Melvin was made Managing Director of Royal Panda. He is currently CEO and co-founder of Xcite Ventures Ltd.",,,,,,https://tickets.sigma.world/img/speakers/tmp/speaker-1921-1760023598.png,,sigma-world-rome,,1,,,"SiGMA World 2026 (Rome, Fiera Roma, Nov 2-5 2026)",,,,,,sigma.world/summits/world/speakers (Central Europe 2025 + SiGMA World Past speakers)
Meryem Habibi,CRO,Bitpace,"Meryem Habibi is the Chief Revenue Officer (CRO) at Bitpace, a leading global crypto payment gateway. With a distinguished career spanning sales, marketing and strategic partnerships across five diverse industries. Her professional journey includes pivotal leadership positions at industry giants such as Samsung and Diebold Nixdorf, where she spearheaded strategic development, expansion into emerging markets and revenue diversification. At Bitpace, Meryem is dedicated to advancing user-friendly, cutting-edge solutions in the fast-paced fintech sector.",,,,,,https://tickets.sigma.world/img/speakers/tmp/speaker-1106-1757057286.png,,sigma-world-rome,,1,,,"SiGMA World 2026 (Rome, Fiera Roma, Nov 2-5 2026)",,,,,,sigma.world/summits/world/speakers (Central Europe 2025 + SiGMA World Past speakers)
Mex Emini,Managing Director,SiGMA Play,,,,,,,https://tickets.sigma.world/img/speakers/tmp/speaker-681-1759832243.png,,sigma-world-rome,,1,,,"SiGMA World 2026 (Rome, Fiera Roma, Nov 2-5 2026)",,,,,,sigma.world/summits/world/speakers (Central Europe 2025 + SiGMA World Past speakers)
Mia Xu,Strategic Advisor,Tictacc,,,,,,,https://miningdisrupt.com/assets/images/gallery08/0ef2632c.png?v=0308a4f1,,mining-disrupt,,1,,,,,,,,,
Michael Ashby,CEO,AlgoQuant,"Michael Ashby is an accomplished hedge fund and family office professional with 20 years of experience in the financial sector. He serves as CEO and CIO at AlgoQuant, a global quantitative trading firm. AlgoQuant manages internal capital, allocates to external managers and is building an asset management unit.",,,,,,https://cdn.prod.website-files.com/687f979126432c8ce843e6d7/6902797f70c9cd59bf3eb2a5_f512e4bffd4ed863fbe95347.webp,,bitcoin-mena,2025,1,,https://mena.b.tc/speakers,Bitcoin MENA,,,,,,
Michael Bacina,Co-Founder & Attorney-at-law,NXT Law,,,,,,,,,blockchain-futurist-toronto,,1,,,Blockchain Futurist Conference Toronto 2026,Toronto 2026,,,,,
Michael Bloch,Partner,A&O Shearman,,,,,,,,,bitcoin-amsterdam,,1,,,,,,,,,
Michael Carbonara,Republican Candidate for U.S. House of Representatives,25th Congressional District (Florida-25),,,,,,,https://cdn.prod.website-files.com/61e87bb144d08a09b725b693/6904d0485a980864b460374a_MichaelCarbonara_HEAD.JPG,,blockchain-futurist-florida,,1,,,,,,,,,
Michael Cutajar,Founder & CEO,Accora,"Michael Cutajar is the Founder and CEO of Accora, a tool that automates a businesses accounting. Before launching Accora, he led sales and later became CEO at Metaverse Architects, delivering projects for clients such as UBS, KPMG, Lazard, the European Banking Authority, and the MFSA. Earlier in his career, he worked at PwC, where he built a strong foundation in audit and financial operations.",,,,,,https://tickets.sigma.world/img/speakers/tmp/speaker-1725-1758180905.png,,sigma-world-rome,,1,,,"SiGMA World 2026 (Rome, Fiera Roma, Nov 2-5 2026)",,,,,,sigma.world/summits/world/speakers (Central Europe 2025 + SiGMA World Past speakers)
Michael Egorov,Founder,Curve Finance,,,,https://x.com/newmichwill,https://www.linkedin.com/in/michael-egorov/,,https://cdn.prod.website-files.com/6756df8f05088bc3e51c64ea/6a391d9957ca80377edd3704_Speaker-Name-Michael-Egorov.avif,,token2049-singapore,2026,1,,https://www.token2049.com/singapore/speakers,TOKEN2049 Singapore,,,,,,
Michael Ellis,Deputy Director of the Central Intelligence Agency,Central Intelligence Agency (CIA),"Deputy Director of the Central Intelligence Agency. He previously served in senior national security roles across the U.S. government, including General Counsel of the National Security Agency, Senior Director for Intelligence Programs at the National Security Council, and General Counsel for the House Permanent Select Committee on Intelligence. A former intelligence officer in the U.S. Navy Reserve, Ellis brings deep legal and intelligence expertise to his leadership at the CIA.",,,,,,https://static.wixstatic.com/media/7c120c_d4b9eef9f8694f6984ceeaf3146a1e0d~mv2.jpg,,bitcoin-policy-summit,2025,1,,https://www.btcpolicysummit.org/2025-speakers,Bitcoin Policy Summit 2025,,,,,,
Michael Enright,Senior Vice President,TeraWulf,Senior Vice President at TeraWulf.,,,,,,https://static.wixstatic.com/media/5b61ba_99696611d4154c619bd4a99f92840ddf~mv2.png,,bitcoin-policy-summit,2025,1,,https://www.btcpolicysummit.org/2025-speakers,Bitcoin Policy Summit 2025,,,,,,
Michael Kantor,President,HOL,,,,,https://www.linkedin.com/in/kantorcodes/,,https://api.rareevo.io/storage/domains/rareevo.io/participants/profile/michael_kantor.png,,rare-evo,,1,,,Rare Evo 2026,,,active,Rare Evo 2026 (Main),144,
Michael Mallia,Head of the Malta Police Liaison Office,Europol in The Hague,"Michael Mallia heads the Malta Police Liaison Office at Europol in The Hague, serving as national lead for cross-border organised and financial crime investigations. He has led complex international cases into organised, financial and economic crime. At Europol, he has strengthened public-private partnerships and directed multi-agency operations countering online fraud, cyber-attacks and virtual currency misuse. His expertise is in intelligence-led disruption of crime spans to cybercrime prevention, AML enforcement and asset recovery.",,,,,,https://tickets.sigma.world/img/speakers/tmp/speaker-1674-1757057778.png,,sigma-world-rome,,1,,,"SiGMA World 2026 (Rome, Fiera Roma, Nov 2-5 2026)",,,,,,sigma.world/summits/world/speakers (Central Europe 2025 + SiGMA World Past speakers)
Michael Martin,Senior Relationship Manager,Bank Julius Baer,"Michael Martin is a leading expert in institutional crypto advisory and private wealth management, currently serving as Senior Relationship Manager for Digital Asset Banking at Bank Julius Baer, one of world’s most respected private banks. With a career spanning 20 years across global financial centers— including Zurich, London, and Dubai — Michael has helped bridge the gap between traditional finance and the rapidly evolving world of digital assets. At Julius Baer, he advises a global client base of entrepreneurs, family offices, and institutional investors on the seamless integration of crypto assets into long-term wealth strategies. At the intersection of regulation, innovation, and client-centric advisory, Michael empowers clients to access Bitcoin and digital assets through secure custody, financial products, and strategic portfolio solutions. Within the robust Swiss banking framework, Michael is shaping the future of digital asset banking — one relationship at a time.",,,,,,https://cdn.prod.website-files.com/687f979126432c8ce843e6d7/68dc3fa7b5f5b9c2eacfe914_OqUOPABgFnxzdaLX7lX1kdx87Xe5-Ym4SMCFfaMucig.webp,,bitcoin-mena,2025,1,,https://mena.b.tc/speakers,Bitcoin MENA,,,,,,
Michael Mosier,Co-founder / Partner,Arktouros,"A co-founder of Arktouros and a longtime leader at the intersection of digital assets, financial regulation, and national security. He previously served as Acting Director of FinCEN, where he helped shape U.S. policy around Bitcoin and digital privacy, and held senior roles at OFAC, the DOJ, and the National Security Council.",,,,,,https://static.wixstatic.com/media/5b61ba_eecadcffabbd4f349d8945a206d9c25f~mv2.jpg,,bitcoin-policy-summit,2025,1,,https://www.btcpolicysummit.org/2025-speakers,Bitcoin Policy Summit 2025,,,,,,
Michael O'Connor,COO and GC,Cloudburst Technologies,,,,,,,,,blockchain-futurist-toronto,,1,,,Blockchain Futurist Conference Toronto 2026,Toronto 2026,,,,,
Michael Peterson,Director,Bitcoin Beach,Michael Peterson is the creative mind behind the Bitcoin Beach project that spurred the government of El Salvador to embrace Bitcoin as legal tender. The adoption of Bitcoin has put El Salvador in the spotlight as the unlikely catalyst to upend the worlds current monetary order established in Brenton Woods. Michael and his team have demonstrated how an open monetary system can overcome the challenges of bringing financial inclusion to those of the bottom rung of the economic ladder living in the most challenging of environments. In the past few years there have been hundreds of articles from major publications and dozens of film crews covering Bitcoin Beach and the revolution that it has sparked. The coverage of Bitcoin Beach from media giants like 60 Minutes and HBO have helped move the mainstream narrative about Bitcoin from “Bros and Lambos” to “financial inclusion and self sovereignty” for those previously trapped in destructive cycles of poverty.,,,,,,https://cdn.prod.website-files.com/687f979126432c8ce843e6d7/6883c8e0c5e7a5122094b648_JmYYDPXUmg_5vya-Ce4xFyCmLrsB6rp3HjHGbJrbvc4.webp,,bitcoin-mena,2025,1,,https://mena.b.tc/speakers,Bitcoin MENA,,,,,,
Michael Ros,CEO,Sleap.io,,,,,,,https://cdn.prod.website-files.com/61e87bb144d08a09b725b693/68812c10cb14096ab73a6ef9_MichaelRos-dark_HEAD.jpeg,,blockchain-futurist-florida,,1,,,,,,,,,
Michael S,Co-founder,Smashtoshi,,,,,,,,,bitcoin-amsterdam,,1,,,,,,,,,
Michael Saylor,Founder & Executive Chairman,Strategy (MicroStrategy),"Making UAE debut; focus on Bitcoin accumulation trends, liquidity cycles, and corporate treasury strategy.",,,,,,,,binance-blockchain-week,2025,1,,https://www.binance.com/en/square/post/12-03-2025-binance-blockchain-week-dubai-2025-10-speakers-you-cannot-miss-33203289077641,,,,,,,
Michael Saylor,Founder & Executive Chairman,Strategy,"Michael Saylor is the Executive Chairman of Strategy (MSTR), a publicly traded business intelligence firm & holder of ₿499,096 that he founded in 1989. He is also the founder of Alarm.com (ALRM), named inventor on 48+ patents, & author of the book “The Mobile Wave”. He founded the Saylor Academy (saylor.org), a non-profit that has provided free education to over 2 million students. He is an advocate for the Bitcoin Standard (hope.com) with dual degrees from MIT in Aerospace Engineering & History of Science. He posts his views on X @saylor and his website Michael.com. His 4 hour interview with Lex Fridman summarizes his thoughts on Bitcoin, Inflation, and the Future of Money with ~11 million views on YouTube.",,,,,,https://cdn.prod.website-files.com/687f979126432c8ce843e6d7/6887b630a94348bfcae228fa_4PlAFF3JOdRPDHzObJSTKvkuTeVJvB5NwYJPPplwiiA.webp,,bitcoin-mena,2025,1,,https://mena.b.tc/speakers,Bitcoin MENA,,,,,,
Michael Terpin,Founder & CEO,Transform Ventures,,,,,,,,,blockchain-futurist-toronto,,1,,,Blockchain Futurist Conference Toronto 2026,Toronto 2026,,,,,
Michael Terpin,CEO - Transform Ventures,,"One of the earliest thought leaders and influencers in the bitcoin/crypto world, Michael Terpin was pronounced the “Godfather of Crypto” by CNBC for his advisory and marketing efforts for many prominent early projects in crypto, including the launches of Ethereum and Tether.",,,,,website:https://iq.wiki/wiki/michael-terpin,https://api.rareevo.io/storage/domains/dev.rareevo.io/participants/profile/9KZnku7sQfvACLM6LLAVCpfG8fyRZsMttkq6iZ1u.png,,rare-evo,,1,,,Rare Evo 2026,,,active,Rare Evo 2026 (Main),44,
Michael Theo Dülk,CEO & Co-Founder,opago,,,,,,,,,bitcoin-amsterdam,,1,,,,,,,,,
Michaël van de Poppe,CIO & Founder,MN Capital,,,,,,,,,bitcoin-amsterdam,,1,,,,,,,,,
Michel 'Ketominer',Co-founder,nodl.eu and host4coins.net,,,,https://x.com/ketominer,,,,,planb-forum-lugano,2026,1,,,,,,,,,
Michele Catasta,President & Head of AI,Replit,,,,,,profile:https://websummit.com/attendees/lis25/4cc4ed5f-28d4-4051-bed1-8519a355543a/michele-catasta,https://web-summit-avenger.imgix.net/production/avatars/original/88b34f5ee5b06bdff7a910d62331c2f837442e46.jpg,,web-summit-lisbon,2025,1,,,,,,,,,
Michelle Zhang,Director of Business Development,K&K Data Services Inc.,,,,,,,https://miningdisrupt.com/assets/images/gallery10/92be7e1c.png?v=0308a4f1,,mining-disrupt,,1,,,,,,,,,
Mick Morucci,Co-founder & CEO,Geyser,,,,,,,,,bitcoin-amsterdam,,1,,,,,,,,,
Micky Watkins,Founder & CEO,World Mobile,"Micky Watkins, CEO of World Mobile, is a telco entrepreneur. He raised millions in VC and private funding from heavyweights such as Deutsche Telekom and Carmel Ventures. As the Founder of Yallo, the first VOIP platform of its kind, Micky has spent the last decade developing business models to create how we connect.",,,https://x.com/MrTelecoms,,website:https://iq.wiki/wiki/micky-watkins; iq_wiki:https://iq.wiki/wiki/micky-watkins,https://api.rareevo.io/storage/domains/rareevo.io/participants/profile/3tcT1dYyjrSWaF0KgPn8tvXSdRLZFQcXiaRDajuE.png,,rare-evo,,1,,,Rare Evo 2026,,yes,active,Rare Evo 2026 (Main); Featured Exhibitors 2026,50,
Mihkel Raag,Business Strategy Leader,Incode,,,,,,,https://tickets.sigma.world/img/speakers/tmp/speaker-2200-1762171584.png,,sigma-world-rome,,1,,,"SiGMA World 2026 (Rome, Fiera Roma, Nov 2-5 2026)",,,,,,sigma.world/summits/world/speakers (Central Europe 2025 + SiGMA World Past speakers)
Mike Brock,,TBD,,,,,,,https://afrobitcoin.org/wp-content/uploads/2024/05/Mike-Brock-Headshot-Lucinda-Bell-262x300.jpg,,africa-bitcoin-conference,2026,1,ABC26,,,,,,,,
Mike Costache,Co-Founder,Bound Protocol,,,,,,,https://tickets.sigma.world/img/speakers/tmp/speaker-2101-1761308200.png,,sigma-world-rome,,1,,,"SiGMA World 2026 (Rome, Fiera Roma, Nov 2-5 2026)",,,,,,sigma.world/summits/world/speakers (Central Europe 2025 + SiGMA World Past speakers)
Mike de Graaff,Co-Founder & Chief Compliance Officer,BetComply,"Mike is Co-Founder and Chief Compliance Officer at BetComply, driving innovative compliance solutions for iGaming operators worldwide. Before acting as consultant, he held senior roles at Betclic and ComeOn, where he led teams through licensing, risk management and regulatory audits across multiple jurisdictions. Known for his integrity and expertise, Mike is a respected consultant, speaker and leader in the global compliance space.",,,,,,https://tickets.sigma.world/img/speakers/tmp/speaker-1890-1759821461.png,,sigma-world-rome,,1,,,"SiGMA World 2026 (Rome, Fiera Roma, Nov 2-5 2026)",,,,,,sigma.world/summits/world/speakers (Central Europe 2025 + SiGMA World Past speakers)
Mike Ho,CEO,American Bitcoin,,,,,,,https://cdn.prod.website-files.com/61e87bb144d08a09b725b693/690b096230df5f81ef1668ff_MikeHo_HEAD%201.png,,blockchain-futurist-florida,,1,,,,,,,,,
Mike Horton,Project Creator,GEODNET,,,,https://x.com/mikeahorton,https://www.linkedin.com/in/mikeahorton,,https://cdn.prod.website-files.com/6756df8f05088bc3e51c64ea/6a391d896d13fa9fe9e99b77_Speaker-Name-Mike-Horton.avif,,token2049-singapore,2026,1,,https://www.token2049.com/singapore/speakers,TOKEN2049 Singapore,,,,,,
Mike Jarmuz,CEO,Lightning Ventures,,,,,,,,,bitcoin-amsterdam,,1,,,,,,,,,
Mike Lelieveld,Host,Bitcoin Alpha / Satoshi Radio,,,,,,,,,bitcoin-amsterdam,,1,,,,,,,,,
Mike Mckerracher,Co-Founder,Fountainhead,,,,,,,,,blockchain-futurist-toronto,,1,,,Blockchain Futurist Conference Toronto 2026,Toronto 2026,,,,,
Mike Peterson,Director,Bitcoinbeach,,,,https://x.com/Bitcoinbeach,,,,,planb-forum-lugano,2026,1,,,,,,,,,
Mike Schmidt,Executive Director,Brink,,,,https://x.com/bitschmidty,,,,,planb-forum-lugano,2026,1,,,,,,,,,
Mike Waizman,CMO,NGM Game,"Mike Waizman is CMO of NGM Game, where he leads global marketing strategy and growth for one of iGaming's fastest growing providers. With 15 years in digital and product marketing, he has managed campaigns for global brands including LG, Nokia, Yandex and Kaspersky Lab, specialising in affiliate marketing, user acquisition and brand positioning. Recognised as a leading industry voice, Mike was ranked number 3 Top iGaming Voice on LinkedIn, where he has built a network of over 20,000 professionals.",,,,,,https://tickets.sigma.world/img/speakers/tmp/speaker-1826-1759146085.png,,sigma-world-rome,,1,,,"SiGMA World 2026 (Rome, Fiera Roma, Nov 2-5 2026)",,,,,,sigma.world/summits/world/speakers (Central Europe 2025 + SiGMA World Past speakers)
Mikhail Zhukov,Head of CPM,Adsterra,"Mikhail Zhukov is Head of CPM at Adsterra, a global advertising network delivering innovative solutions and partner focused growth. He specialises in strategic planning, market research, KPI setting, GEO testing and product development, combining operational expertise with a strong focus on client success. Starting his career as one of Adsterra's top account managers, Mikhail was instrumental in launching key features including the Social Bar format and Pricing Tokens for campaign optimisation. As a recognised industry expert, he regularly speaks at international conferences including SiGMA Europe and SiGMA Americas.",,,,,,https://tickets.sigma.world/img/speakers/tmp/speaker-1874-1759740654.png,,sigma-world-rome,,1,,,"SiGMA World 2026 (Rome, Fiera Roma, Nov 2-5 2026)",,,,,,sigma.world/summits/world/speakers (Central Europe 2025 + SiGMA World Past speakers)
Miranda Guliashvili,Head of Regional Growth,SOFTSWISS,"Miranda Guliashvili is the Head of Regional Growth at SOFTSWISS, leading expansion across Latin America, Africa, and Asia. She has built international teams, driven market entry strategies, and led complex negotiations with operators and aggregators. Her focus is on forging new partnerships and delivering sustainable growth in both regulated and emerging markets.",,,,,,https://tickets.sigma.world/img/speakers/tmp/speaker-1232-1759141336.png,,sigma-world-rome,,1,,,"SiGMA World 2026 (Rome, Fiera Roma, Nov 2-5 2026)",,,,,,sigma.world/summits/world/speakers (Central Europe 2025 + SiGMA World Past speakers)
Miranda Nazzaro,Technology Reporter,The Hill,"A technology reporter at The Hill, where she covers the intersection of tech and politics, focusing on topics such as artificial intelligence, online misinformation, antitrust law, and data privacy. She co-authors The Hill's Technology newsletter and previously served as a breaking news reporter for the outlet. Before joining The Hill, Nazzaro worked on the digital production team at WJAR-TV in Providence, Rhode Island, and is a graduate of The George Washington University, where she studied journalism and mass communications.",,,,,,https://static.wixstatic.com/media/5b61ba_4c9dac86451b46ceaf51472108a14055~mv2.png,,bitcoin-policy-summit,2025,1,,https://www.btcpolicysummit.org/2025-speakers,Bitcoin Policy Summit 2025,,,,,,
Miriam Kiwan,Vice President at Circle,,Vice President at Circle,,,,,logo:https://blockchain-life.com/wp-content/cache/thumb/59/4ae5170f5bc4f59_160x0.png,https://blockchain-life.com/wp-content/cache/thumb/22/98dcbab57d6a322_420x460_notcrop.webp,,blockchain-life-forum,2026,1,,,,,,,,,
Mitchell DiRaimondo,Co-Founder,SteelWave Digital,,,,,,,,,blockchain-futurist-toronto,,1,,,Blockchain Futurist Conference Toronto 2026,Toronto 2026,,,,,
MK Marsden,CEO,Touchpoint Strategies,,,,,,,https://cdn.prod.website-files.com/61e87bb144d08a09b725b693/68cc29343ec6b9ef06f3046d_MKMarsden_HEAD%20(1).jpg,,blockchain-futurist-florida,,1,,,,,,,,,
Mo Ali Yusuf,CEO,Fuze,"Mohammed Ali Yusuf is the CEO and co-founder of Fuze, a regulated digital assets infrastructure platform focused on enabling banks and businesses in the Middle East to integrate digital asset products seamlessly. Under Mo’s leadership, Fuze is the fastest growing Fintech in the Middle East, surpassing $1bn in its first year. Fuze also completed a record-breaking $14M seed funding round and obtained several key regulatory licenses, including in UAE, Turkey, Canada and Europe. Mo is also the Co-Chair of Digital Assets for the MENA Fintech Association, driving forward the development of the region's fintech ecosystem. Mo holds a Bachelor’s in Computer Science from a Canadian university and an MBA from the prestigious London Business School.",,,,,,https://cdn.prod.website-files.com/687f979126432c8ce843e6d7/692f14ef3ad06a723d82be5f_1fbc3c3424f786528e19fc19.webp,,bitcoin-mena,2025,1,,https://mena.b.tc/speakers,Bitcoin MENA,,,,,,
Mo Ali Yusuf,CEO & Co-Founder,Fuze Finance,,,,,,,,,blockchain-futurist-toronto,,1,,,Blockchain Futurist Conference Toronto 2026,Toronto 2026,,,,,
Mogashni Naidoo,UX Designer and Researcher,Bitcoin Design Foundation,,,,,,,,,bitcoin-amsterdam,,1,,,,,,,,,
Mohammad Alblooshi,CEO,DIFC Innovation Hub,CEO of DIFC Innovation Hub,,,,,logo:https://blockchain-life.com/wp-content/cache/thumb/b7/c491f3d0f9874b7_160x0.webp,https://blockchain-life.com/wp-content/cache/thumb/35/d7c8c8918026335_420x460_notcrop.webp,,blockchain-life-forum,2026,1,,,,,,,,,
Mohammad Raafi Hossain,Co-Founder and CEO,Fasset,,,,,,,,,coinfest-asia,2026,1,,,,,,,,,
Mohammed Alshiekh,CTO,DEMA Energy,"Mohammed Alshiekh, CTO and co-founder of DEMA Energy, builds systems that use Bitcoin mining as a flexible grid-balancing load. With 15+ years in engineering and AI, he develops immersion-cooled mining infrastructure, fleet management systems, and VPP platforms that merge Bitcoin and energy innovation.",,,,,,https://cdn.prod.website-files.com/687f979126432c8ce843e6d7/68dff238b5818815b84c527f_42nRNUC8jMyV8s-tm916x714pxKGeVDbugLbBWimcX8.webp,,bitcoin-mena,2025,1,,https://mena.b.tc/speakers,Bitcoin MENA,,,,,,
Mohammed Bakhashwain,Founder & President,Bitzero blockchain inc,,,,,,,,,bitcoin-amsterdam,,1,,,,,,,,,
Mohammed Hamed,OpenText Senior Team Leader,TeKnowledge,,,,,,,https://tickets.sigma.world/img/speakers/tmp/speaker-2122-1761642416.png,,sigma-world-rome,,1,,,"SiGMA World 2026 (Rome, Fiera Roma, Nov 2-5 2026)",,,,,,sigma.world/summits/world/speakers (Central Europe 2025 + SiGMA World Past speakers)
Monique Mulima,Reporter,Bloomberg News,,,,,,,,,blockchain-futurist-toronto,,1,,,Blockchain Futurist Conference Toronto 2026,Toronto 2026,,,,,
Moreno Marasco,Chairman,LOGiCO,,,,,,,https://tickets.sigma.world/img/speakers/tmp/speaker-1913-1759934803.png,,sigma-world-rome,,1,,,"SiGMA World 2026 (Rome, Fiera Roma, Nov 2-5 2026)",,,,,,sigma.world/summits/world/speakers (Central Europe 2025 + SiGMA World Past speakers)
Morva Rohani,Executive Director,Canadian Web3 Council,,,,,,,,,blockchain-futurist-toronto,,1,,,Blockchain Futurist Conference Toronto 2026,Toronto 2026,,,,,
Mostafa Al-Mashita,"Co-Founder & Director of Sales & Trading, Secure Digital Markets","Principle, Printing Capital",,,,,,,https://cdn.prod.website-files.com/61e87bb144d08a09b725b693/68a8620a55e0b1262c38bf43_MostafaAl-Mashita_HEAD%203.png,,blockchain-futurist-florida,,1,,,,,,,,,
Muhammad Rasoul,CEO,Amana Capital,"As the CEO of amana, Muhammad Rasoul is a strong supporter of transparency, building financial literacy, and ensuring everyone has both the opportunity and the learning tools to scale the heights of the investment world. And by laying the groundwork for a more transparent approach to multi-asset trading and investing, he is steering amana into the forefront of a more innovative and accessible regional financial industry. Over the course of his 25-year career, Rasoul has established a global presence as a financial industry innovator and thought leader. His expertise as a growth strategist has been instrumental in the creation, expansion, and successful sale of multiple companies, including Gain Capital, GFT Markets, and B2B liquidity provider, Alpha. He has also advised the CFTC, NFA, ASIC, FCA, and FSA in Japan. Muhammad lives in Dubai with his wife, Sabina, and daughters Amirah and Alivia. In his spare time, he keeps in touch with Nadia, Yaseen, and Aiden, his three elder children, all of whom study and work in their native US. He is also an avid philosophy and history buff and can be found pouring over books about early American history. Last but not least, Muhammad is a fan of football and a long-time supporter of Chelsea Football Club!",,,,,,https://cdn.prod.website-files.com/687f979126432c8ce843e6d7/68c030a1ca9f7161516abfcf_yVVTEWdUdwpbjj2Rgm7vTtYLE6wuEhFJ-vmoOsJT2IQ.webp,,bitcoin-mena,2025,1,,https://mena.b.tc/speakers,Bitcoin MENA,,,,,,
Mushegh Khachatryan,Chief AI Officer,SoftConstruct,"Mushegh Khachatryan is the Chief AI Officer at SoftConstruct, one of the world’s leading gaming and technology groups. He leads the company’s global AI Center of Excellence, driving innovation across gaming, fintech, and enterprise solutions. With a strong background in economics and data science, Mushegh has built and scaled AI-driven products that power more than a thousand B2B partners worldwide. His mission is to turn AI from a buzzword into measurable business impact aligned with the EU AI Act.",,,,,,https://tickets.sigma.world/img/speakers/tmp/speaker-2187-1761833006.png,,sigma-world-rome,,1,,,"SiGMA World 2026 (Rome, Fiera Roma, Nov 2-5 2026)",,,,,,sigma.world/summits/world/speakers (Central Europe 2025 + SiGMA World Past speakers)
Muslim Bitcoiner,"Co-founder, Author",Bitcoin Majlis,"Muslim Bitcoiner is the co-founder of Bitcoin Majlis, a non-profit organization dedicated to educating Muslims about Bitcoin and exposing the dangers of fiat currency. He is the author of Anti-Riba Money: Dismantling Usury through Bitcoin, a recently published book that presents a compelling Islamic case for rejecting fiat and embracing Bitcoin. Active on both X and Nostr, he works to promote a deeper understanding of Bitcoin and its adoption within Muslim communities and organizations.",,,,,,https://cdn.prod.website-files.com/687f979126432c8ce843e6d7/68dc3fb2151dfc7d84da6200_Or7MMS9gydX4A6PlId0QHgKHHldDEkzudaZkgKT4pzU.webp,,bitcoin-mena,2025,1,,https://mena.b.tc/speakers,Bitcoin MENA,,,,,,
Mu’aawiyah Tucker,CEO,Meta Madeenah LLC,"Mu’aawiyah Tucker has been engaged in educating, propagating and building on Bitcoin since 2017, and has a unique perspective of Bitcoin from an Islamic perspective due to being a specialist in Islamic Law.",,,,,,https://cdn.prod.website-files.com/687f979126432c8ce843e6d7/691391732d61a58a20d9d140_9239e5c039aef503be363cb0.webp,,bitcoin-mena,2025,1,,https://mena.b.tc/speakers,Bitcoin MENA,,,,,,
My Name Is Mudd,DAO Member,K9 Finance,,,,,,,https://cdn.prod.website-files.com/61e87bb144d08a09b725b693/6895f843233d27a7f1d38d11_CodyCrum_HEAD.jpg,,blockchain-futurist-florida,,1,,,,,,,,,
N3on,CEO,N3on Media,,,,,,,https://cdn.prod.website-files.com/61e87bb144d08a09b725b693/68f132628636f90b1815fe75_n3on_head_720.jpg,,blockchain-futurist-florida,,1,,,,,,,,,
Naqib Noor,,Mezo,,,,,,,,,coinfest-asia,2026,1,,,,,,,,,
Narcélio,Programmer / Consultant,magnatasdobitcoin.com.br,"Programador, entusiasta, educador e aprendiz de Bitcoin. Consultor especializado em recuperação de carteiras perdidas. Co-host do Bitdevs de Belo Horizonte.",,,,,https://x.com/narcelio,https://satsconf.com.br/wp-content/uploads/2025/09/Group-426.png,,satsconf,2025,1,,,SatsConf,,,,,,
Natalia García,Crypto Real Estate Advisor,Natcrypto Realty,,,,,,,https://cdn.prod.website-files.com/61e87bb144d08a09b725b693/68dbd9a3361eb2ca03bbb8f7_NataliaGarcia_HEAD.jpeg,,blockchain-futurist-florida,,1,,,,,,,,,
Nataliia Lavruk,Head of Affiliates,Melbet,"Nataliia Lavruk is Head of Affiliates at Melbet, leading affiliate traffic acquisition with a particular focus on the LATAM region. With over seven years in iGaming affiliate marketing, she has developed deep expertise across emerging markets including LATAM, SEA, MENA, and Africa, which are rapidly becoming global iGaming hubs. She has successfully managed market entry strategies from the ground up, combining her experience as both affiliate and brand manager to ensure programs are effectively represented at major online and offline iGaming events worldwide. Her local market insights allow her to identify key trends and create affiliate-friendly environments that drive sustainable growth. A skilled negotiator and dedicated professional, Nataliia has built a robust global network of partners, particularly within less regulated markets. Passionate about collaboration, she consistently supports affiliates with actionable market intelligence, relevant traffic sources, and tailored messaging to maximise player acquisition.",,,,,,https://tickets.sigma.world/img/speakers/tmp/speaker-1777-1758615940.png,,sigma-world-rome,,1,,,"SiGMA World 2026 (Rome, Fiera Roma, Nov 2-5 2026)",,,,,,sigma.world/summits/world/speakers (Central Europe 2025 + SiGMA World Past speakers)
Nataliya Hearn,Director,CryptoChicks,,,,,,,https://cdn.prod.website-files.com/61e87bb144d08a09b725b693/6852eeb9560579749b38f47e_68406e22a5e489ed7d03c3d4_NataliyaHearn_HEADupdated%2520(1)%25201.png,,blockchain-futurist-florida,,1,,,,,,,,,
"Nataliya Hearn, Ph.D.",Director,CryptoChicks,,,,,,,,,blockchain-futurist-toronto,,1,,,Blockchain Futurist Conference Toronto 2026,Toronto 2026,,,,,
Nate Acton,VP - Global Marketing,Emurgo,,,,,,,https://api.rareevo.io/storage/domains/rareevo.io/participants/profile/nate_acton.png,,rare-evo,,1,,,Rare Evo 2026,,,active,Dev/Gov Day,153,
Nathalie Oestmann,Partner,Mangosteen Advisory,"Nathalie Oestmann is a seasoned scale-up operations executive and LinkedIn Top Voice with deep expertise in Fintech, Payments, and Web3. An experienced operator and investor, she has served as COO at Outlier Ventures, a leading Web3 accelerator and at Curve OS, a payments wallet fintech. Previously, she was GM of Samsung Pay Europe, launching its mobile payments solution across the continent. Nathalie is currently a Partner at Mangosteen Advisory, supporting VC- and PE-backed startups in achieving their scaling goals.",,,,,,https://tickets.sigma.world/img/speakers/tmp/speaker-1689-1757595870.png,,sigma-world-rome,,1,,,"SiGMA World 2026 (Rome, Fiera Roma, Nov 2-5 2026)",,,,,,sigma.world/summits/world/speakers (Central Europe 2025 + SiGMA World Past speakers)
Nathan Day,,,,,,https://x.com/nathan_day,,,https://btchel.com/wp-content/uploads/2025/12/5872792080323644421-1.jpg,,btchel,,1,,,,,,,,,
Nathan Fitzsimmons,Operations Director,BTC Sessions/BTC Mentor,,,,https://x.com/theBTCmentor,,,,,planb-forum-lugano,2026,1,,,,,,,,,
Nathanael Christian,,IDRX,,,,,,,,,coinfest-asia,2026,1,,,,,,,,,
Naveen Maher,Chief Compliance Officer,Robinhood Canada,,,,,,,,,blockchain-futurist-toronto,,1,,,Blockchain Futurist Conference Toronto 2026,Toronto 2026,,,,,
Navin Vethanayagam,Chief Brain and Co-Founder,IQ,"Chief Brain of IQ and Co-founder of KRWQ. He has led IQ since 2022 with the mission of building a more intelligent financial system with global stablecoin infrastructure, autonomous AI agents, and the world’s largest blockchain encyclopedia. He spearheaded the launch of KRWQ, the first ever Korean won stablecoin.",,,,https://www.linkedin.com/in/navinveth/,website:https://iq.wiki/wiki/navin-vethanayagam,https://api.rareevo.io/storage/domains/dev.rareevo.io/participants/profile/mhAM1xrGrxtGAeFhNzFvXBssP5Lf4f8yRZt4D5Y4.png,,rare-evo,,1,,,Rare Evo 2026,,,active,Rare Evo 2026 (Main),46,
Neil Jacobs,Founder,FOMO21,"Neil Jacobs is a leading marketing strategist, educator, and content creator in the Bitcoin industry. With a big-four CPA background and 150,000 social media followers, he has driven brand and revenue growth for prominent Bitcoin companies, including co-founding FOMO21.com—which has served customers in over 70 countries—and previously serving as Head of Brand Engagement at Swan Bitcoin. Neil’s Bitcoin journey began over a decade ago and he became a vocal advocate in the years that followed. Since then, he has hosted podcasts like Inside Bitcoin and served on the Board of Directors for SatsCenter, a nonprofit advancing Bitcoin education. Neil combines financial expertise with strategic vision to champion Bitcoin and foster its adoption globally.",,,,,,https://cdn.prod.website-files.com/687f979126432c8ce843e6d7/68dd461fc611e7a64156b13d_VTlH-8kyEaIzMxXTWPWtr8FfS2IlK_A53h0NbXuKAcI.webp,,bitcoin-mena,2025,1,,https://mena.b.tc/speakers,Bitcoin MENA,,,,,,
Neil Woodfine,CMO,Second,,,,,,,,,bitcoin-asia,,1,,,,,,,,,
Nenter Chow,,BitMart,,,,,,,,,coinfest-asia,2026,1,,,,,,,,,
Nestor Vazquez,Founder,igamingseoconsulting.com,"Meet Nestor Vazquez, a Mexico-based iGaming SEO strategist with a passion for turning clicks into jackpots. With years of experience in online casinos, sportsbooks, and gaming platforms, he combines data-driven insights with engaging storytelling to keep players interested and elevate brand rankings. Whether he's optimising a new slot site, scaling a sportsbook, or breaking into emerging markets, Nestor plays the long game because in SEO, just like in gaming, the house always wins when the strategy is smart.",,,,,,https://tickets.sigma.world/img/speakers/tmp/speaker-1776-1758612678.png,,sigma-world-rome,,1,,,"SiGMA World 2026 (Rome, Fiera Roma, Nov 2-5 2026)",,,,,,sigma.world/summits/world/speakers (Central Europe 2025 + SiGMA World Past speakers)
NetDiver,Editor in Chief,21magazine,,,,,,,,,planb-forum-lugano,2026,1,,,,,,,,,
Niccolò Caramatti,Founder & CEO,Giochiamo.ai,"Niccolò Caramatti began his career in financial markets after graduating from Bocconi University, working across New York, Milan and London. In 2009, he entered the online gaming industry, and in 2015, he introduced Daily Fantasy Sports to the Italian market, pioneering the data driven betting segment. As founder of Fantasy Gaming, he launched and grew Sportitaliabet.it and Fantasyteam.it. Today, Niccolò leads projects that merge technology, behavioural science and ethics to redefine the relationship between players and gaming platforms through Giochiamo.ai.",,,,,,https://tickets.sigma.world/img/speakers/tmp/speaker-1912-1759934669.png,,sigma-world-rome,,1,,,"SiGMA World 2026 (Rome, Fiera Roma, Nov 2-5 2026)",,,,,,sigma.world/summits/world/speakers (Central Europe 2025 + SiGMA World Past speakers)
Nichel Gaba,,PDAX,,,,,,,,,coinfest-asia,2026,1,,,,,,,,,
Nick Begich,U.S. Congressman (R-AK),U.S. House of Representatives,"U.S. Representative serving Alaska's at-large congressional district. As a member of Congress, he brings expertise in technology and business to national policy discussions. Begich represents Alaska's interests in federal legislation while focusing on technological innovation and economic development.",,,,,,https://static.wixstatic.com/media/5b61ba_c6a57bb27e2d433b9ad516c5968188bc~mv2.jpg,,bitcoin-policy-summit,2025,1,,https://www.btcpolicysummit.org/2025-speakers,Bitcoin Policy Summit 2025,,,,,,
Nick Burley,VP of North America,Fog Hashing,,,,,,,https://miningdisrupt.com/assets/images/gallery10/d26eb5b4.png?v=0308a4f1,,mining-disrupt,,1,,,,,,,,,
Nick Harding,Chairman,EAG Expo,"Nick Harding has over 40 years’ experience in the Gaming industry, having worked in a number of senior positions before leading the MBO of the RAL business from Rank Group in 1996. RAL Limited became a leading operator of AGCs in the UK and in 2004 was sold to AIM listed Talarius plc, with Nick becoming CEO. In September 2007, he established Praesepe plc as an AIM listed company mandated to establish a UK based AGC business.",,,,,,https://tickets.sigma.world/img/speakers/tmp/speaker-2015-1760698038.png,,sigma-world-rome,,1,,,"SiGMA World 2026 (Rome, Fiera Roma, Nov 2-5 2026)",,,,,,sigma.world/summits/world/speakers (Central Europe 2025 + SiGMA World Past speakers)
Nick Levenstein,Managing Director,Nicholas Levenstein & Company,"Nicholas Levenstein runs a hedge fund that specialises in derivative strategies. With a track record of outperforming major indexes (70% per annum over five and a half years), he shares practical insights on creating value from the investor’s point of view. Nicholas has a BA, from Yale University and MBA from University of California, Los Angeles. With over 30 years of experience he has a wide range of industry knowledge to share.",,,,,,https://tickets.sigma.world/img/speakers/tmp/speaker-1152-1760080077.png,,sigma-world-rome,,1,,,"SiGMA World 2026 (Rome, Fiera Roma, Nov 2-5 2026)",,,,,,sigma.world/summits/world/speakers (Central Europe 2025 + SiGMA World Past speakers)
Nick Moutter,CEO,Lift,,,,,,,https://tickets.sigma.world/img/speakers/tmp/speaker-1954-1760425688.png,,sigma-world-rome,,1,,,"SiGMA World 2026 (Rome, Fiera Roma, Nov 2-5 2026)",,,,,,sigma.world/summits/world/speakers (Central Europe 2025 + SiGMA World Past speakers)
Nick See Tong,APAC and Singapore Lead,Base,,,,,,,https://wojgrioccmbywgtruwfl.supabase.co/storage/v1/object/public/Media%2520Folders/Coinfest%2520Asia%25202026/CMS/Speakers/Profile%2520Pictures/1776767635382-nick-see-tong.webp,,coinfest-asia,2026,1,,,,,,,,,
Nick Skovorodnikov,Founder,Evolvy,,,,,,,,,blockchain-futurist-toronto,,1,,,Blockchain Futurist Conference Toronto 2026,Toronto 2026,,,,,
Nick Spanos,Blockchain Pioneer,Bitcoin Center NYC,,,,,,,,,blockchain-futurist-toronto,,1,,,Blockchain Futurist Conference Toronto 2026,Toronto 2026,,,,,
Nico Cerny,Governance Lead,Cardano Foundation,,,,,,,https://api.rareevo.io/storage/domains/rareevo.io/participants/profile/nico_cerny.png,,rare-evo,,1,,,Rare Evo 2026,,,active,Dev/Gov Day,155,
Nico Smid,Founder,Digital Mining Solutions,,,,,,,,,bitcoin-amsterdam,,1,,,,,,,,,
Nicola Vladimiro Ciccarelli,Vice President,Confindustria Alberghi,"He is the President of the Lupelius Financial Group and founder of the Swadeshi Hotels chain. Currently serving as National Vice President of Confindustria Alberghi, he is an entrepreneur, promoter, and partner in several companies primarily operating in the real estate and tourism sectors. A finance and innovation enthusiast, he served for over five years as an Adjunct Professor of Finance for Innovation at the Faculty of Management and Logistics Engineering at the University of Trieste. He is also the author of “Manual of Finance for Innovation,” published by Unilink University Press. He holds various positions, including President of Fontur – the Healthcare Assistance Fund for the tourism sector; Board Member of the Bilateral Body for the Tourism Industry and Vice President of EBTL; Board Member of the Tourism International Forum and several Tourism Districts; and President of Golf des Iles de Borromées on Lake Maggiore.",,,,,,https://tickets.sigma.world/img/speakers/tmp/speaker-2014-1760697967.png,,sigma-world-rome,,1,,,"SiGMA World 2026 (Rome, Fiera Roma, Nov 2-5 2026)",,,,,,sigma.world/summits/world/speakers (Central Europe 2025 + SiGMA World Past speakers)
Nicole Murphy,Chief Compliance Officer,eToro,,,,,,,https://cdn.prod.website-files.com/61e87bb144d08a09b725b693/68e40f9508b5641898a12a37_NicoleMurphy_HEAD.jpeg,,blockchain-futurist-florida,,1,,,,,,,,,
Nicolò D'Ercole,EVP – Technology and AI,Sportradar,"Nicolò D’Ercole is Sportradar’s EVP Technology and AI, responsible for the company’s Odds and Sports Media products, for all the AI products, and for the adoption of Gen AI across the company. Prior to joining Sportradar in September 2024, Nicolò was a Director of Engineering at Google, where he worked for almost 14 years. When there, among other things, he led the development of Google Assistant Smart Display, Smart Dictation on Google Pixel phones, and more recently of the Gemini APIs and Google AI Studio.",,,,,,https://tickets.sigma.world/img/speakers/tmp/speaker-2004-1760618954.png,,sigma-world-rome,,1,,,"SiGMA World 2026 (Rome, Fiera Roma, Nov 2-5 2026)",,,,,,sigma.world/summits/world/speakers (Central Europe 2025 + SiGMA World Past speakers)
NiftyNei,Founder & Executive Director,bitcoin++ & Base58 School of Engineering,,,,https://x.com/niftynei,,,,,planb-forum-lugano,2026,1,,,,,,,,,
Nigel Morris,Managing Partner & Co-Founder,QED Investors,,,,,,profile:https://websummit.com/attendees/lis25/bac02eeb-5a49-4dec-9d99-99302148eed1/nigel-morris,https://web-summit-avenger.imgix.net/production/avatars/original/1c7e4b6ff13e618b80878f826f02ce417a54f119.png,,web-summit-lisbon,2025,1,,,,,,,,,
Nii Quaynor,,Ghana Dot Com,,,,,,,https://afrobitcoin.org/wp-content/uploads/2024/05/Nii_Quaynor-300x200.jpeg,,africa-bitcoin-conference,2026,1,ABC26,,,,,,,,
Nikhilesh De,"Managing Editor, Global Policy & Regulation",Coin Desk,"Nikhilesh De is CoinDesk's managing editor for global policy and regulation, covering regulators, lawmakers and institutions. He authors CoinDesk's State of Crypto newsletter, won a Gerald Loeb award in the beat reporting category as part of CoinDesk's blockbuster FTX coverage in 2023, and was named the Association of Cryptocurrency Journalists and Researchers' Journalist of the Year in 2020.",,,,,,https://api.rareevo.io/storage/domains/rareevo.io/participants/profile/nikhilesh_de.png,,rare-evo,,1,,,Rare Evo 2026,,,active,Rare Evo 2026 (Main),167,
Niki Sekar Dewayani,,Indonesia Crypto Network,,,,,,,,,coinfest-asia,2026,1,,,,,,,,,
Nikil Vaswanathan,Co-Founder and CEO,Alchemy,,,,https://x.com/nikil,https://www.linkedin.com/in/nikilster/,,https://cdn.prod.website-files.com/6756df8f05088bc3e51c64ea/6a391d928b0e8ea8faa85d82_Speaker-Name-Nikil-Vaswanathan.avif,,token2049-singapore,2026,1,,https://www.token2049.com/singapore/speakers,TOKEN2049 Singapore,,,,,,
Nikita Anufriev,Founder,Headliners Podcast,Founder of Headliners Podcast,,,,,logo:https://blockchain-life.com/wp-content/uploads/2025/06/headliners_logo-1.svg,https://blockchain-life.com/wp-content/cache/thumb/de/f20d1f452f897de_420x460_notcrop.webp,,blockchain-life-forum,2026,1,,,,,,,,,
Nikita Sachdev,Founder & CEO,Luna Media Corporation,,,,,,,https://cdn.prod.website-files.com/61e87bb144d08a09b725b693/68bae9060354d3ed544a9e46_NikitaSachdev_HEAD%201.png,,blockchain-futurist-florida,,1,,,,,,,,,
Nikolay Georgiev,Audit & Regulations Director,EGT Digital,"Nikolay Georgiev is an experienced and results driven compliance professional with over 10 years of progressive leadership in the gambling industry, including roles as Senior Manager, Director and Head of Compliance. He has a proven track record in regulatory compliance, risk management, AML/CTF, licensing and responsible gambling across multiple jurisdictions in the EU and US. Adept at building and leading high performing compliance teams, navigating complex regulatory landscapes and fostering strong relationships with regulators and stakeholders.",,,,,,https://tickets.sigma.world/img/speakers/tmp/speaker-1878-1759742673.png,,sigma-world-rome,,1,,,"SiGMA World 2026 (Rome, Fiera Roma, Nov 2-5 2026)",,,,,,sigma.world/summits/world/speakers (Central Europe 2025 + SiGMA World Past speakers)
Nikolay Lobov,CEO,Nobles Gaming,"Nikolay Lobov is an experienced iGaming professional with a strong background in product strategy, operations, and compliance. Over the past decade, he has helped leading operators and tech providers launch scalable platforms, enhance player engagement, and meet complex licensing and certification requirements across global markets. Passionate about innovation and responsible gaming, Nikolay has led projects in AI-driven personalisation, gamification, and data-based decision making.",,,,,,https://tickets.sigma.world/img/speakers/tmp/speaker-9-1760343032.png,,sigma-world-rome,,1,,,"SiGMA World 2026 (Rome, Fiera Roma, Nov 2-5 2026)",,,,,,sigma.world/summits/world/speakers (Central Europe 2025 + SiGMA World Past speakers)
Nina Knox,Founder,$RSOL Movement Meme,,,,,,,https://cdn.prod.website-files.com/61e87bb144d08a09b725b693/68dbe9db5d07400b08a5e51f_NinaKnox_HEAD%20(1).png,,blockchain-futurist-florida,,1,,,,,,,,,
Nisrine Labcir,Innovation Lead,Interac Corp.,,,,,,,,,blockchain-futurist-toronto,,1,,,Blockchain Futurist Conference Toronto 2026,Toronto 2026,,,,,
Nitin Gaur,Head of Institutions,Nethermind,"Nitin Gaur is Head of Institutions at Nethermind, where he works with financial institutions to modernize market infrastructure through production-grade blockchain and systems engineering. He is also a Senior Advisor to DTCC Digital Asset, contributing to the evolution of post-trade, custody, and settlement frameworks for tokenized markets. Previously, Nitin served as Managing Director at State Street and founded IBM Digital Asset Labs, IBM Blockchain Labs, and LedgerLink—an AI-powered platform bridging traditional finance and decentralized systems. He is an IBM Distinguished Engineer and Master Inventor, with deep experience across digital assets, payments, and financial infrastructure.",,,https://x.com/nitingaur?lang=en,https://www.linkedin.com/in/nitin-gaur-75571a9/,,https://api.rareevo.io/storage/domains/rareevo.io/participants/profile/nitin_gaur (1).png,,rare-evo,,1,,,Rare Evo 2026,,,active,Rare Evo 2026 (Main),174,
Nolan Bauerle,Host,RoxomTV,"Nolan Bauerle writes, produces, and creates content related to our shift to a Bitcoin standard as a measure of economic production.",,,,,,https://cdn.prod.website-files.com/687f979126432c8ce843e6d7/6920ad555cdcfb3670954168_2caa22ceba043d9cc7b29dba.webp,,bitcoin-mena,2025,1,,https://mena.b.tc/speakers,Bitcoin MENA,,,,,,
Nuno Loureiro,Senior Product Designer (Judge),Ethereum Foundation,,,,https://x.com/nloureiro,,,https://ethglobal.b-cdn.net/users/j5mvj/sm.jpg,,ethglobal-lisbon,,1,,,,,,,,,
Ojoma Ochai,,Btrust,,,,,,,https://afrobitcoin.org/wp-content/uploads/2024/05/IMG_5991-ojoma-ochai-200x300.jpg,,africa-bitcoin-conference,2026,1,ABC26,,,,,,,,
Olaoluwa Osuntokun,CTO and Co-Founder,Lightning Labs,,,,https://x.com/roasbeef,,,,,planb-forum-lugano,2026,1,,,,,,,,,
Ole Obermann,Global Head of Apple Music,Apple,,,,,,profile:https://websummit.com/attendees/lis25/14f7f53e-f9f4-4d36-9cdc-731134bf7e20/ole-obermann,https://web-summit-avenger.imgix.net/production/avatars/original/5b3eb1d75d1d6f6735dd7830e9a2fae90cdba146.jpg,,web-summit-lisbon,2025,1,,,,,,,,,
Olesea Naidion,Brand Manager,Nightrush,"Olesea Naidion is a marketing expert with over 12 years of experience, currently leading the brand strategy at Nightrush in the iGaming industry. Her career spans various sectors, with a focus on digital marketing, brand positioning, user acquisition and player retention. She specialises in developing creative and data driven marketing campaigns that strengthen brand presence, boost engagement and deliver measurable results. As Brand Manager at Nightrush, she leads brand strategy, ensuring it remains relevant and impactful.",,,,,,https://tickets.sigma.world/img/speakers/tmp/speaker-1847-1759320077.png,,sigma-world-rome,,1,,,"SiGMA World 2026 (Rome, Fiera Roma, Nov 2-5 2026)",,,,,,sigma.world/summits/world/speakers (Central Europe 2025 + SiGMA World Past speakers)
Olga Kochmar,Commercial Director,BitFuFu,"Commercial Director at BitFuFu, overseeing the company’s energy partnerships and infrastructure development, while driving vertical integration across the company’s technology and operations. BitFuFu (Nasdaq: FUFU) is a leading platform in Bitcoin mining and mining services—combining self-mining, hosting, and cloud hashrate with an integrated stack to deliver efficient, resilient, and grid-responsive compute at scale.",,,,,,https://cdn.prod.website-files.com/687f979126432c8ce843e6d7/691dd269fed90b883407ed7a_nw9jG6_Dmn2TvW3FIIugiopQolRoJhrehPi7L5U-AjY.webp,,bitcoin-mena,2025,1,,https://mena.b.tc/speakers,Bitcoin MENA,,,,,,
Olga Resiga,CBDO,SOFTSWISS,,,,,,,https://tickets.sigma.world/img/speakers/tmp/speaker-1904-1759913671.png,,sigma-world-rome,,1,,,"SiGMA World 2026 (Rome, Fiera Roma, Nov 2-5 2026)",,,,,,sigma.world/summits/world/speakers (Central Europe 2025 + SiGMA World Past speakers)
Olha Maksymova,Founder & CEO,HolyTraff,"Olha Maksymova is Founder and CEO of HolyTraff Media and Co-Founder of PRO MAM. In 2023, she launched HolyTraff Media, an independent iGaming and digital industry hub that now partners with over 50 companies and has produced 77 YouTube episodes. The project was named Best YouTube Channel 2024 by an independent Ukrainian iGaming media outlet. In 2024, Olha expanded with HolyTraff Market, providing apps, accounts, landing pages and creatives while leading major affiliate programme rebrands.",,,,,,https://tickets.sigma.world/img/speakers/tmp/speaker-1929-1760027200.png,,sigma-world-rome,,1,,,"SiGMA World 2026 (Rome, Fiera Roma, Nov 2-5 2026)",,,,,,sigma.world/summits/world/speakers (Central Europe 2025 + SiGMA World Past speakers)
Oliver De Bono,Co-Founder & CCO,Quantum Gaming,"With 20 years of experience in tech, gaming and team building, Oliver De Bono has led sportsbook operations, content strategy and complex platform development. He has led global commercial growth, raised funds and built recruitment and tech teams across startups and scale-ups. Deeply passionate about tech, gaming and crypto, Oliver now heads Quantum Gaming, an iGaming platform provider focused on scalable solutions for both emerging and established brands.",,,,,,https://tickets.sigma.world/img/speakers/tmp/speaker-177-1763370301.png,,sigma-world-rome,,1,,,"SiGMA World 2026 (Rome, Fiera Roma, Nov 2-5 2026)",,,,,,sigma.world/summits/world/speakers (Central Europe 2025 + SiGMA World Past speakers)
Omar Al Yousif,Board Member,CoinW,"Omar Al Yousif is an engineer, investor, and capital markets specialist with a background in project management. He has been pioneering and managing major digital and smart infrastructure projects across the Middle East, in addition to leading high-profile digital asset treasury initiatives in Tokyo, Hong Kong, London, and Nasdaq. As Deputy Chairman of 7-E Emirates Holding and Partner at 10X Capital, Omar works on bridging capital markets between Asia and the Gulf, structuring cross-border listings, and advising on public market strategies. His career includes senior leadership roles at Siemens AG and Etihad Rail, where he spearheaded multi-billion-dollar infrastructure, technology, and mobility projects across the MENA region. With deep government and corporate networks, Omar is recognized for his ability to unite strategic stakeholders, drive innovative investment models, and advance transformative projects across industries from rail to blockchain. Education: MSc in Major Program Management, University of Oxford; BSc (Hons) in Construction & Project Management, University of London",,,,,,https://cdn.prod.website-files.com/687f979126432c8ce843e6d7/691f6d8de96c5cb20d6ea0cd_aak3OyLG9NoQ3O1NdDbl16j6C_6v2F_KFjVNe1QKcoU.webp,,bitcoin-mena,2025,1,,https://mena.b.tc/speakers,Bitcoin MENA,,,,,,
Optimist Fields,Co-Founder,Simply Bitcoin,,,,,,,https://miningdisrupt.com/assets/images/gallery12/060bc54c.png?v=0308a4f1,,mining-disrupt,,1,,,,,,,,,
Orangie,Top Crypto Content Creator & Founder of the #1 Crypto Trading Community.,,,,,,,,https://cdn.prod.website-files.com/61e87bb144d08a09b725b693/69060f4b93ebcfa424d5d6d2_orangie_head_720.jpg,,blockchain-futurist-florida,,1,,,,,,,,,
Panagiotis Trisokkas,President,Cyprus National Betting Authority,,,,,,,https://tickets.sigma.world/img/speakers/tmp/speaker-1425-1750924249.png,,sigma-world-rome,,1,,,"SiGMA World 2026 (Rome, Fiera Roma, Nov 2-5 2026)",,,,,,sigma.world/summits/world/speakers (Central Europe 2025 + SiGMA World Past speakers)
Pankhuri Bansal,Blockchain Expert,United Nations,"Pankhuri is an appointed AI and Blockchain expert with the United Nations and the International Organization for Standardization (ISO). She is the founder of Blockom Consulting and brings over 13 years of fintech experience in consulting, advising start-ups, and developing technological solutions on a global scale. Her expertise spans blockchain in supply chain, payment solutions, and the integration of AI with blockchain. She is ex-JP Morgan, Onyx, where she played an integral role in developing the bank’s crypto solutions. She has authored several research papers for the United Nations and contributed published standards with ISO on use cases and challenges within the blockchain, AI, and IoT industries. Her academic background includes a triple Master’s degree in Internet of Things & Entrepreneurship from City University, UK; a Postgraduate qualification in Artificial Intelligence & Machine Learning from the University of Texas, Austin; an MSc in Economics & Finance from the University of Warwick, UK; and a Bachelor’s degree in Economics & Finance from the London School of Economics, UK.",,,,,,https://tickets.sigma.world/img/speakers/tmp/speaker-1774-1758553093.png,,sigma-world-rome,,1,,,"SiGMA World 2026 (Rome, Fiera Roma, Nov 2-5 2026)",,,,,,sigma.world/summits/world/speakers (Central Europe 2025 + SiGMA World Past speakers)
Paola Cirilli,Partner & Head of the Policy Analysis and Research Center,Cuiprodest,"Partner and Head of the Policy Analysis and Research Center areas at Cuiprodest, Paola Cirilli is a professional with solid experience in evaluating public policies at both national and European levels. She has developed an academic and professional background dedicated to the evaluation methodologies of European Union policies, gaining significant experience in Brussels at the European Commission’s DG Research. Throughout her career, she has collaborated with Italian and European research institutes, becoming a consultant for the evaluation of reforms, public policies, and the performance of public administration. She is recognized as an expert in research methodology, a field in which she has contributed numerous publications for the European Commission. At Cuiprodest, she focuses particularly on analyzing the impact of proposed regulations on business models and on regulatory affairs with the Ministry of Health, as well as coordinating the activities of the Research Center. Since 2023, she has been a lecturer at Sapienza University of Rome.",,,,,,https://tickets.sigma.world/img/speakers/tmp/speaker-1911-1759934521.png,,sigma-world-rome,,1,,,"SiGMA World 2026 (Rome, Fiera Roma, Nov 2-5 2026)",,,,,,sigma.world/summits/world/speakers (Central Europe 2025 + SiGMA World Past speakers)
Paphy Cai,CBDO,ViaBTC,,,,,,,https://miningdisrupt.com/assets/images/gallery08/29b328b7.png?v=0308a4f1,,mining-disrupt,,1,,,,,,,,,
Pascal Gauthier,Chairman and CEO,Ledger,Chairman and CEO of Ledger,,,,,logo:https://blockchain-life.com/wp-content/cache/thumb/41/d002605838cad41_160x0.png,https://blockchain-life.com/wp-content/cache/thumb/18/68b26cccfedbd18_420x460_notcrop.webp,,blockchain-life-forum,2026,1,,,,,,,,,
Pascal Haider,CEO,Cheeer,"Pascal Haider is an accomplished entrepreneur, visionary strategist and leader with a deep passion for innovation, people and creating outstanding value. A world traveller and father of four, he holds master's degrees in Business Administration and International Management. Originally from Austria, Pascal's career began in asset management before transitioning into key leadership roles in global tech and marketing firms. He currently leads a sportstech and global marketing agency serving Fortune 500 companies worldwide. His expertise lies in developing bold concepts that drive business success and foster meaningful connections.",,,,,,https://tickets.sigma.world/img/speakers/tmp/speaker-936-1760080109.png,,sigma-world-rome,,1,,,"SiGMA World 2026 (Rome, Fiera Roma, Nov 2-5 2026)",,,,,,sigma.world/summits/world/speakers (Central Europe 2025 + SiGMA World Past speakers)
Pascal Hügli,Investment Manager,Maerki Baumann (Archip),,,,,,,,,bitcoin-amsterdam,,1,,,,,,,,,
Pat Riley,Design Director,BTC Inc,,,,,,,,,bitcoin-amsterdam,,1,,,,,,,,,
Patricia Lalanda Ordóñez,Partner,Loyra Lawyers and Advisors,"Ms Patricia Lalanda is Partner at LOYRA Abogados, a law firm specialising in gaming and gambling, where she leads the intellectual property, new technologies and data protection department. She advises stakeholders across the land-based and online gaming sectors on licensing, compliance, M&A, consumer protection and advertising law in Spain and internationally. Recognised by Chambers and Partners and Lexology, she was included in the 40 Under 40 Emerging Leaders (American Gaming Association) and received the Professional Excellence Award from Azar Magazine.",,,,,,https://tickets.sigma.world/img/speakers/tmp/speaker-2047-1760972845.png,,sigma-world-rome,,1,,,"SiGMA World 2026 (Rome, Fiera Roma, Nov 2-5 2026)",,,,,,sigma.world/summits/world/speakers (Central Europe 2025 + SiGMA World Past speakers)
Patrick Delaney,Co-Foundr & CEO,Ampli,,,,,,,https://cdn.prod.website-files.com/61e87bb144d08a09b725b693/68e7f2402477439aaa2d891a_patrickdelaney_head_720.jpg,,blockchain-futurist-florida,,1,,,,,,,,,
Patrick Liou,Director of Institutional,Gemini,,,,,,,,,bitcoin-amsterdam,,1,,,,,,,,,
Patrick Seguev,Founder,Andaria Financial Services & Intercash,"""With over 20 years of experience pioneering the global financial sector and payment industry, he has founded several highly successful FinTech businesses. As an innovative serial entrepreneur in digital payments and FinTech services, he has developed strong expertise in electronic payments with a special focus on global B2B prepaid cards, as well as the complete Mastercard and Visa card-issuing systems and processes. As the Founder of both Intercash and Andaria, he is proud of the commitment and dedication put forth by the entire group, leading both businesses to become globally recognized experts in FinTech and payment technology solutions. He is passionate about empowering and motivating all colleagues and employees, supporting them to contribute and enjoy the successful business they helped build.""",,,,,,https://tickets.sigma.world/img/speakers/tmp/speaker-1755-1758274897.png,,sigma-world-rome,,1,,,"SiGMA World 2026 (Rome, Fiera Roma, Nov 2-5 2026)",,,,,,sigma.world/summits/world/speakers (Central Europe 2025 + SiGMA World Past speakers)
Patrick Witt,"Deputy Director, White House Council on Digital Assets; Acting Director, Office of Strategic Capital",White House / Department of Defense,"Holds dual roles as Deputy Director of the White House Council on Digital Assets and Acting Director of the Office of Strategic Capital at the Department of Defense. His work bridges monetary policy and national security, with a focus on how the Bitcoin ecosystem can enhance U.S. technological infrastructure, industrial capacity, and strategic resilience.",,,,,,https://static.wixstatic.com/media/5b61ba_cd349955cb7849d09198d8ee67331ebe~mv2.jpg,,bitcoin-policy-summit,2025,1,,https://www.btcpolicysummit.org/2025-speakers,Bitcoin Policy Summit 2025,,,,,,
Paul,Co-Founder & Podcast Host,Bitcoin School,,,,,,,,,bitcoin-amsterdam,,1,,,,,,,,,
Paul Boots,Head of Sector Development,Virtual Assets Regulatory Authority (VARA),"BIOGRAPHY Paul Boots - Head of Sector Development, Virtual Assets Regulatory Authority (VARA) Paul Boots, Head of Sector Development at the Virtual Assets Regulatory Authority (VARA), brings with him a wealth of experience as a senior executive and entrepreneur with a proven track record in innovation, leadership, and market development. With a diverse background spanning financial services, strategy, and technology, Paul has been instrumental in shaping the Middle East’s peer-to-peer financing landscape, notably as the founding Group COO at Beehive, where he pioneered one of the region's first peer-to-peer lending platforms. His entrepreneurial expertise also extends to co-founding a boutique advisory firm that focuses on leadership development and strategy for large UAE-based companies, with a special focus on AI-driven technologies. Before these ventures, Paul played a key role in the executive leadership team at the Dubai Multi Commodities Centre (DMCC), where he was instrumental in establishing Dubai as a global hub for trade across multiple industries. During his tenure, he conceptualized and built DMCC’s commodity trade finance platform, which facilitated Islamic banking partnerships. More recently, Paul led the development of a large B2B marketplace on behalf of the Investment Corporation of Dubai, further showcasing his ability to build innovative platforms that drive economic growth. A graduate of Babson College, Paul’s passion for leadership, entrepreneurship, and building high-performing teams is central to his approach. His appointment at VARA aligns with Dubai’s strategic goals under the D33 agenda, as Paul’s leadership in sector development will play a critical role in positioning the Emirate as a global leader in the virtual assets space. His unique blend of strategic insight and operational expertise are pivotal as VARA continues to shape the future of virtual asset regulation and innovation.",,,,,,https://cdn.prod.website-files.com/687f979126432c8ce843e6d7/691c7ed71ecbf266e80dfb33_4Cv7FckE4-Axg_MN9V_OSr5KVpAAxDVSV1kSqSN2MuA.webp,,bitcoin-mena,2025,1,,https://mena.b.tc/speakers,Bitcoin MENA,,,,,,
Paul Buitink,Managing Director,Holland Gold,,,,,,,,,bitcoin-amsterdam,,1,,,,,,,,,
Paul Dawalibi,CEO,Innovation City,"Paul Dawalibi is a technology entrepreneur, investor, unicorn founder, futurist and gamer, with over 25 years of venture capital and startup experience. He is currently the CEO of Innovation City, the world’s first free zone fully powered by artificial intelligence (AI) in the UAE, where he is building the Silicon Valley of the Middle East in Ras Al Khaimah. Previously, he was CEO of Holodeck - the leading global media and technology company focused on gaming, esports and web3. His ability to communicate the business opportunity around innovation has made him the largest industry influencer and expert in the MENA region. Paul is the host and creator of Game Changers - a groundbreaking business show on CNBC Arabia reaching 50M homes in the Middle East. He is a frequently requested speaker at tech, startup, web3, and gaming conferences all around the world. He consults family offices, governments, investors, and global companies on startups and building innovation ecosystems. Paul is also the creator of the world's 1st esports NFT and founder of the 2020 fastest growing company in Canada. He believes that the future is fun™. On TV and in media: • My content is consumed daily and trusted by millions in 66 countries around the world, and am widely recognized as the thought leader in the region for startups, tech and gaming. • Host & Creator of “Game Changers” – the most exciting weekly show on CNBC Arabia focused on gaming, esports and the metaverse, reaching 50M homes in the MENA region. • Host & Creator of the world-famous Business of Esports podcast - the largest esports and gaming industry outlet and the only authority on the business side of the gaming/esports industry. Live and in person: • Chairman of the 1st ever Dubai Esports Festival (now called GameExpo) • Invited to speak at the biggest innovation and technology conferences in the world - Next World Forum (KSA), PAX East, Esports Business Summit, World Metaverse Forum, GITEX, SALT, Crypto Bahamas, DIFCFintech Week, World Corporate Summit, Step, LEAP, TMRW, World AI Show, Future Blockchain Summit, RetailME Icons, Fast Company: World Changing Ideas, Dubai Future Forum, Ignite, World Blockchain Summit, Web Summit, AIM Congress, MIT NextTech Summit, etc… • Retained as a startup, web3, AI, gaming, and esports expert by companies, family offices, governments, and investors around the world. • Professor of esports business at Saint Peter's University In books • Author of Metaverse Dream – landmark metaverse book published by Assouline. • Wrote the foreword for the best-selling esports business book of all time (The Book of Esports) • As a VC, I've been talking about gaming, esports and the metaverse since 2011. At work (recent) • Building the Silicon Valley of the Middle East and a global hub for innovation in Ras Al Khaimah • Architect of a world-class gaming investment program for Abu Dhabi (DCT / ADGaming) • Member of the Dubai Program for Gaming Working Group, charting the direction and future of the gaming industry in Dubai • Advisor to Dubai Police on gaming and esports strategies • Consulted as a subject matter expert on the concept & business model for Qiddiya (KSA gaming district) • Consulted with Dubai Health Authority on the metaverse and gamification of healthcare and was recognized by the Director General of DHA • Developed the gaming content strategy for GITEX / Future Blockchain Summit • Expert on building early stage tech, gaming and venture ecosystems",,,,,,https://cdn.prod.website-files.com/687f979126432c8ce843e6d7/690e05ee2f2a2aeac84937f1_fT3AATfjAadrmomxIM1cPegGXMcCRNJfOgeTY6StTSc.webp,,bitcoin-mena,2025,1,,https://mena.b.tc/speakers,Bitcoin MENA,,,,,,
Paul Li,CEO & Founder,Fog Hashing,,,,,,,https://miningdisrupt.com/assets/images/gallery10/da6ff851.png?v=0308a4f1,,mining-disrupt,,1,,,,,,,,,
Paul Manafort,Former Campaign Manager,"Trump for President, 2016","Paul Manafort is a seasoned political strategist and consultant with decades of experience in navigating complex geopolitical landscapes. As a former chairman of a major U.S. presidential campaign, he has a deep understanding of the intersection between politics, economics, and emerging technologies. In recent years, Paul has taken a keen interest in the potential of Bitcoin and blockchain technology to transform the global financial system. He brings a unique perspective on the role of cryptocurrency in fostering financial independence and decentralization. Paul’s insights offer a valuable blend of traditional financial expertise and a forward-looking view on the disruptive power of digital assets, making him a compelling voice at the forefront of the Bitcoin revolution.",,,,,,https://cdn.prod.website-files.com/687f979126432c8ce843e6d7/6883c929debfe8592c795216_sOVlT7607htPoYD4BraIcHlb2ZLdn8LsdisOeeFjAEk.webp,,bitcoin-mena,2025,1,,https://mena.b.tc/speakers,Bitcoin MENA,,,,,,
Paul Puolakka,CMO,Mr. Gamble,"Paul Puolakka serves as the Chief Marketing Officer at Mr. Gamble, bringing over a decade of experience in the iGaming industry. Since beginning his career in 2014, Paul has developed extensive expertise across marketing, sales, affiliate management, branding, SEO, and leadership. Having held senior positions such as Head of Affiliates, Affiliate Team Lead, and iGaming Consultant, Paul is known for his strategic insight and ability to drive growth in competitive markets.",,,,,,https://tickets.sigma.world/img/speakers/tmp/speaker-2009-1760619004.png,,sigma-world-rome,,1,,,"SiGMA World 2026 (Rome, Fiera Roma, Nov 2-5 2026)",,,,,,sigma.world/summits/world/speakers (Central Europe 2025 + SiGMA World Past speakers)
Paulo Paganelli,Co-Founder / Head of Mining,Vextron Tecnologia,Co-Founder e Head of Mining na Vextron Tecnologia. Minerador de Bitcoin desde 2018 tendo gerenciado operações de larga escala em múltiplas localidades. Desde 2020 vem atuando em conjunto com o mercado de energia.,,,,,https://x.com/paulopaganelli,https://satsconf.com.br/wp-content/uploads/2025/10/Group-435.png,,satsconf,2025,1,,,SatsConf,,,,,,
Pavan Agarwal,Creator,Angel Ai,,,,,,,https://cdn.prod.website-files.com/61e87bb144d08a09b725b693/68e7ef4ba8bf9bc981be4e85_PavanAgarwal_HEAD.jpeg,,blockchain-futurist-florida,,1,,,,,,,,,
Pavel Dergachev,Co-Founder,4H Agency,Pavel is one of the founders of 4H Agency and a visionary. He has 7+ years’ experience in the gaming and tech sector (including the most significant international operators and media giants). This experience allows him to bring a business-oriented approach to Agency’s operations. At 4H Agency Pavel is responsible for creating the business value to consultancy matters at 4H as well as for utilizing 360 approach to the Agency’s projects.,,,,,,https://tickets.sigma.world/img/speakers/tmp/speaker-174-1765371034.png,,sigma-world-rome,,1,,,"SiGMA World 2026 (Rome, Fiera Roma, Nov 2-5 2026)",,,,,,sigma.world/summits/world/speakers (Central Europe 2025 + SiGMA World Past speakers)
Pavel Durov,Founder,Telegram,Founder of Telegram,,,,,logo:https://blockchain-life.com/wp-content/cache/thumb/fe/0520b58d603adfe_160x0.webp,https://blockchain-life.com/wp-content/cache/thumb/8a/58958f21c81df8a_420x460_notcrop.webp,,blockchain-life-forum,2026,1,,,,,,,,,
Pavlenex,Product Manager,"BTCPay Server, Stratum V2","Pavlenex is a product manager dedicated to accelerating Bitcoin adoption through open-source payment solutions and mining infrastructure. He currently leads product strategy at BTCPay Server, an open-source payment processor, and Stratum V2, a next-gen mining protocol focused on enhancing decentralization and efficiency in mining. He is also a grantee of Spiral, a non-profit initiative by Block (formerly Square), founded by Jack Dorsey, dedicated to supporting free and open-source Bitcoin projects. He co-founded HUB21, one of the first physical Bitcoin hubs and BitcoinSmiles, a non-profit initiative providing dental healthcare to impoverished communities in rural El Salvador, Pavlenex actively contributes to both technological advancement and social impact within the Bitcoin ecosystem.",,,,,,https://cdn.prod.website-files.com/687f979126432c8ce843e6d7/68f636b0b3c36c1fc22d1c31_2bd1144b5a6f93d710e02bab.webp,,bitcoin-mena,2025,1,,https://mena.b.tc/speakers,Bitcoin MENA,,,,,,
Payne Cong,Head of Business Development,Elphapex,,,,,,,https://miningdisrupt.com/assets/images/gallery08/d69d2f0b.png?v=0308a4f1,,mining-disrupt,,1,,,,,,,,,
Pedro Gomes,Founder (Judge),WalletConnect,"WalletConnect gives developers the tools to build secure, interactive, and powerful experiences that users everywhere can enjoy.",,,https://x.com/pedrouid,,,https://ethglobal.b-cdn.net/users/7ctir/sm.jpg,,ethglobal-lisbon,,1,,,,,,,,,
Pedro Guerra,Government Official / Advisor,Ministério do Desenvolvimento,"Graduado em Direito, com pós-graduação e mestrado em Administração Pública pela FGV-SP. Atua em consultoria jurídica e gestão pública, atualmente membro titular do Conselho Fiscal do BNDES.",,,,,,https://satsconf.com.br/wp-content/uploads/2025/09/Group-430.png,,satsconf,2025,1,,,SatsConf,,,,,,
Perry Hothi,Solutions Architect,Protocol at Block Inc,,,,,,,https://miningdisrupt.com/assets/images/gallery08/9f4d8d3d.png?v=0308a4f1,,mining-disrupt,,1,,,,,,,,,
Peter Abou Hachem,Head of Growth and Strategy,Hub71,"Peter is a key member of the Hub71 team, leading on Strategy and Product Development. In his current role, Peter plays an integral role in designing new products and programs for the Hub71 ecosystem as well as identifying the right partners that could activate such programs. A key part of Peter’s role is identifying synergies between startups, corporates, government entities, universities, global hubs and programs. Matchmaking entities based on identified synergies is a key role in enabling a fully functional tech ecosystem. Peter has been part of designing and launching programs such as Corporate Engagement Program, Ventures Lab, Value Creation, Academia Engagement, Banking Products for startups, The Outliers and many more. Prior to joining Hub71, Peter was a Project Manager at Roland Berger Strategy Consultants. As a consultant, Peter worked on building tech ecosystems, developing country-wide strategies, building new ventures, driving partnerships between private and public sectors as well as digital transformation and restructuring. This previous experience allows Peter to play a key role in shaping Hub71’s strategy. Peter holds a bachelor’s degree in Civil and Environmental Engineering from the American University of Beirut (Beirut, Lebanon) as well as a Machine Learning certificate from Stanford University (California, USA).",,,,,,https://cdn.prod.website-files.com/687f979126432c8ce843e6d7/6924839470a4b09348a3a573_FDhtSt8Wrm9meNB3ALwruvRoSWoegm9C4w1AASY557U.webp,,bitcoin-mena,2025,1,,https://mena.b.tc/speakers,Bitcoin MENA,,,,,,
Peter Duan,Founder,Bull Standard,"Ex-TradFi professional with 14 years of experience spanning Structured Finance at Cantor Fitzgerald, Investor Relations for an S&P 500 company, and Wealth Management. Now focused on bridging Bitcoin and traditional capital markets through the emerging Bitcoin Treasury Company movement.",,,,,,https://cdn.prod.website-files.com/687f979126432c8ce843e6d7/690e084d902e80b9325c12ed_YDzBlxOFyjMFyuVP-VipV7ZJpaikDbpxe-m3jOZCoig.webp,,bitcoin-mena,2025,1,,https://mena.b.tc/speakers,Bitcoin MENA,,,,,,
Peter Gray,BD Manager,Origin Protocol,"Peter Gray is the BD Manager at Origin Protocol. Origin Protocol is a seasoned deceneralized finance protocol dating back to 2017, with the goal of enabling finance for all. Origin Protocol has launched a suite of unique yield products across multiple blockchains, designed in a set-and-forget fashion. Origin Protocol's OUSD is the world's first yield-bearing stablecoin, and the ARM enables users to take advantage of redeemable asset peg arbitrage.",,,,https://www.linkedin.com/in/matthewliu/,website:https://iq.wiki/wiki/matthew-liu,https://api.rareevo.io/storage/domains/rareevo.io/participants/profile/peter_gray.png,,rare-evo,,1,,,Rare Evo 2026,,yes,active,Rare Evo 2026 (Main); Featured Exhibitors 2026,132,
Peter McCormack,Chairman,Real Bedford FC,,,,,,,,,bitcoin-amsterdam,,1,,,,,,,,,
Peter Schiff,,Euro Pacific Capital,"Participant in 'The Big Debate: Bitcoin vs. Tokenized Gold', arguing the opposing (anti-Bitcoin) position on monetary systems and value storage.",The Big Debate: Bitcoin vs. Tokenized Gold,,,,,,,binance-blockchain-week,2025,1,,https://www.binance.com/en/square/post/12-03-2025-binance-blockchain-week-dubai-2025-10-speakers-you-cannot-miss-33203289077641,,,,,,,
Peter Slagter,Host,Satoshi Radio / Bitcoin Alpha,,,,,,,,,bitcoin-amsterdam,,1,,,,,,,,,
Peter Van Valkenburgh,Executive Director,Coin Center,"Executive Director at Coin Center, where he focuses on cryptocurrency policy and blockchain technology regulation. He has established himself as a leading voice on cryptocurrency law and policy, particularly regarding privacy and innovation. He regularly provides testimony before Congress on digital asset policy, helping shape the regulatory landscape for emerging technologies.",,,,,,https://static.wixstatic.com/media/5b61ba_efc4e3997feb44ceb2893ae355b96053~mv2.jpg,,bitcoin-policy-summit,2025,1,,https://www.btcpolicysummit.org/2025-speakers,Bitcoin Policy Summit 2025,,,,,,
Petros G. Sideris,Mentor,Obolos,"Software Engineer first, Founder second. Two decades of experience building Software Systems. Ethereum and digital Ownership is my obsession.",,,https://x.com/pgsideris,,,https://ethglobal.b-cdn.net/users/cc7cr/sm.jpg,,ethglobal-lisbon,,1,,,,,,,,,
Phil Davis,"Head of Americas, Enterprise",Ledger,,,,,,,,,blockchain-futurist-toronto,,1,,,Blockchain Futurist Conference Toronto 2026,Toronto 2026,,,,,
Philip Rage,Head of Underwriting,Soter,"Philip Rage is a London-based insurance executive and digital assets specialist with a strong focus on cryptocurrency risk management. He has built a career in strategy, innovation, and underwriting within the (re)insurance sector, previously at firms like Aon. Currently Head of Underwriting at Soter Insure, a company specializing in digital asset insurance, Philip bridges traditional finance and crypto by providing coverage for Bitcoin in financial services. His work helps institutionalize Bitcoin custody and DeFi through specialized insurance products, making him a key figure in onboarding traditional capital to the space.",,,,,,https://cdn.prod.website-files.com/687f979126432c8ce843e6d7/6920ad6f611bd5d386c02376_f38Dr72uqP3FWgu1YAjJQl27djrrg0n7gloiuoqChk0.webp,,bitcoin-mena,2025,1,,https://mena.b.tc/speakers,Bitcoin MENA,,,,,,
Philippe Noelting,Tokenization Lead,ZKsync / Matter Labs,,,,,,,,,blockchain-futurist-toronto,,1,,,Blockchain Futurist Conference Toronto 2026,Toronto 2026,,,,,
Pi Lanningham,CTO,Sundae Labs,"Self professed mathematician by passion, programmer by trade, Pi Lanningham has spent the last 4 years working to push Cardano to its peak potential through advocacy, education, advice, consulting, and open source development.",,,https://x.com/Quantumplation,,,https://api.rareevo.io/storage/domains/rareevo.io/participants/profile/pi_lanningham.png,,rare-evo,,1,,,Rare Evo 2026,,,active,Rare Evo 2026 (Main); Dev/Gov Day,80,
Pia Pascal,Founder,InOrbyt,,,,,,,https://cdn.prod.website-files.com/61e87bb144d08a09b725b693/68cc212dab460060c54d4307_PiaPascal_HEAD%201.png,,blockchain-futurist-florida,,1,,,,,,,,,
Pierre Lindh,Co-Founder & Managing Director,NEXT.io,,,,,,,https://tickets.sigma.world/img/speakers/tmp/speaker-1903-1759913649.png,,sigma-world-rome,,1,,,"SiGMA World 2026 (Rome, Fiera Roma, Nov 2-5 2026)",,,,,,sigma.world/summits/world/speakers (Central Europe 2025 + SiGMA World Past speakers)
Pierre Rochard,CEO,The Bitcoin Bond Company,"CEO of The Bitcoin Bond Company and Co-Founder of the Satoshi Nakamoto Institute, with over a decade of leadership in Bitcoin development and advocacy. He previously served as VP of Research at Riot Platforms and as a Product Manager at Kraken, where he launched Lightning Network integration and shaped Bitcoin product strategy. Rochard is also the founder of Lightning Power Users, a Steward for Catholic Bitcoiners, and an active contributor to Bitcoin infrastructure, protocol research, and education.",,,,,,https://static.wixstatic.com/media/5b61ba_6d7ecb4318304f01a53a977ccd9ca4cd~mv2.png,,bitcoin-policy-summit,2025,1,,https://www.btcpolicysummit.org/2025-speakers,Bitcoin Policy Summit 2025,,,,,,
Piers Macrae,Founder,mineracks,,,,,,,,,bitcoin-asia,,1,,,,,,,,,
Pieter,Enthusiast,Meshtastic Workshop,,,,,,,,,bitcoin-amsterdam,,1,,,,,,,,,
Pippa Malmgren,Former Presidential Adviser and Economist,Independent,"A former Presidential adviser and prominent economist known for her insights on global economic trends and geopolitical risk. She is a regular commentator on the impact of emerging technologies on international economics and policy. The author of several books, Dr. Malmgren explores the intersection of technology, markets, and strategic decision-making.",,,,,,https://static.wixstatic.com/media/5b61ba_7bf74cd00c0c41749f14fd17404b0fb0~mv2.webp,,bitcoin-policy-summit,2025,1,,https://www.btcpolicysummit.org/2025-speakers,Bitcoin Policy Summit 2025,,,,,,
Piriya Sambandaraksa,Co-Founder and CEO,Right Shift,,,Thailand,,,,,,bitcoin-asia,,1,,,,,,,,,
Pixie Paula Dezzutti,CEO,Striped Pig Distillery,,,,,,,https://cdn.prod.website-files.com/61e87bb144d08a09b725b693/68a8a74b3a6dc55f7edfbef6_PixiePaulaDezzutti_HEAD.png,,blockchain-futurist-florida,,1,,,,,,,,,
Ploy Boonyavee,,Tether,,,,,,,,,coinfest-asia,2026,1,,,,,,,,,
Plínio Augusto Lemos Jorge,President,ANJL – Brazilian National Association of Games and Lotteries,"Attorney, registered with the Brazilian Bar Association – OAB/SP nº 134.182 since August 8, 1995. President of the National Association of Games and Lotteries (ANJL). Partner at Lemos Jorge Advogados Associados (OAB/SP 7692). Former Judge at the São Paulo State Tax and Duties Court (2004–2014). Ph.D. candidate in Law at UNINOVE University (2021–present). Master’s in Tax Law from Pontifical Catholic University of São Paulo (PUC-SP, 2009). Postgraduate in Criminal Law from the Higher School of the São Paulo Public Prosecutor’s Office (2004). Law degree from Franca Law School (1995). Former Professor at Greco Filho Institute (1995–2002), FMU University (2009–2010), and Piaget College (2021). Author of books, book chapters, and peer-reviewed articles.",,,,,,https://tickets.sigma.world/img/speakers/tmp/speaker-674-1759139548.png,,sigma-world-rome,,1,,,"SiGMA World 2026 (Rome, Fiera Roma, Nov 2-5 2026)",,,,,,sigma.world/summits/world/speakers (Central Europe 2025 + SiGMA World Past speakers)
Porter Stowell,CEO,w3,"Porter Stowell is discoverer of the non-obvious who inspires and unites the brave and the bold to be the pioneers of our digital future. For Porter, there is no better place to pursue this passion than in Web3. It’s an addiction! Porter started his blockchain journey back in 2017 with IBM Blockchain. As a product manager, Porter spent five years working with large enterprises on their blockchain future, leaving as the Head of Product Management. Diving deeper into web3, Porter went on to become the Director of Customer Advocacy at Coinbase where he created engagement approaches for six web3 product lines to ensure global support and scalability. From there, Porter was the Head of Ecosystem and Community for the Filecoin Foundation where he orchestrated the engagement of over 3,000 storage providers, software builders, service providers, investors, and other ecosystem enablers to support the advancement of the Filecoin network and decentralized storage. Today, Porter is the CEO of W3.io; W3 is the operating system for autonomous finance that enables both agents and humans to create any financial workflows for any use case, with any vendor combination. Humans operate at the strategic level, while the platform handles workflow execution, settlement, and management all via a single pane of glass. W3 is driving Web3 adoption beyond the crypto ecochamber solving real problems for real businesses.",,,,https://www.linkedin.com/in/porterstowell/,,https://api.rareevo.io/storage/domains/rareevo.io/participants/profile/porter_stowell.png,,rare-evo,,1,,,Rare Evo 2026,,,active,Rare Evo 2026 (Main),157,
Pratyush Shah,,CoinSwitch,,,,,,,,,coinfest-asia,2026,1,,,,,,,,,
Prince Filip Karadgeorgevic,,,,,,https://x.com/PrincFilip1,,,https://btchel.com/wp-content/uploads/2025/12/PrinceFilip_BioPic_Dec2025.png,,btchel,,1,,,,,,,,,
Prince Filip of Serbia,Chief Strategy Officer,JAN3,"HRH Hereditary Prince Filip Karađorđević of Serbia serves as the Chief Strategy Officer (CSO) at JAN3, a global financial technology company. After a 13-year career in traditional finance, Prince Filip joined JAN3, driven by his belief in Bitcoin’s potential to deliver financial freedom and sovereignty to billions worldwide. Prince Filip advocates for strong individual property rights and financial freedom through Bitcoin, while promoting legal frameworks that enable economic empowerment for the unbanked. A frequent guest speaker at prestigious international conferences, he engages with heads of state, legislators, monarchs, politicians, and C-suite executives. Prince Filip envisions a new Renaissance, catalysed by Bitcoin, for Serbia and the wider world. Through his foundation in Serbia, he actively promotes Christianity, cultural heritage, financial literacy, the arts, technology, and family values.",,,,,,https://cdn.prod.website-files.com/687f979126432c8ce843e6d7/68dc3fa1436747db485e13ba_d2240af13deaf50967b197c3.webp,,bitcoin-mena,2025,1,,https://mena.b.tc/speakers,Bitcoin MENA,,,,,,
Prof. Massimo di Giannantonio,Healthcare Expert,,,,,,,,https://tickets.sigma.world/img/speakers/tmp/speaker-1975-1760513340.png,,sigma-world-rome,,1,,,"SiGMA World 2026 (Rome, Fiera Roma, Nov 2-5 2026)",,,,,,sigma.world/summits/world/speakers (Central Europe 2025 + SiGMA World Past speakers)
Prof. Pieris Chourides,President,Cyprus Gaming and Casino Supervision Commission,,,,,,,https://tickets.sigma.world/img/speakers/tmp/speaker-1426-1750924287.png,,sigma-world-rome,,1,,,"SiGMA World 2026 (Rome, Fiera Roma, Nov 2-5 2026)",,,,,,sigma.world/summits/world/speakers (Central Europe 2025 + SiGMA World Past speakers)
Prof. Stefano Filletti,Head of Department of Criminal Law,University of Malta,"Prof. Stefano Filletti, is the Head of Department and resident lecturer in Criminal Law at the University of Malta. He also heads the Maltese delegation to the Council of Europe in the European Committee on Crime Problems (CDPC) and has been elected to the Bureau of the CPDC. Prof. Filletti has made several contributions in various journals and books in Malta and abroad and is the Managing Partner of Filletti & Filletti Advocates.",,,,,,https://tickets.sigma.world/img/speakers/tmp/speaker-1605-1759832313.png,,sigma-world-rome,,1,,,"SiGMA World 2026 (Rome, Fiera Roma, Nov 2-5 2026)",,,,,,sigma.world/summits/world/speakers (Central Europe 2025 + SiGMA World Past speakers)
Pär Helgosson,Head,PSG Labs,Head of PSG Labs,,,,,logo:https://blockchain-life.com/wp-content/cache/thumb/60/87da8bcbc0e6960_160x0.webp,https://blockchain-life.com/wp-content/cache/thumb/bf/0d090c75362debf_420x460_notcrop.webp,,blockchain-life-forum,2026,1,,,,,,,,,
Quirino Mancini,"Group Strategic Advisor – Gambling, Media and Sport",WH Partners,"Quirino Mancini is the global head of the gaming and gambling practice at Tonucci & Partners. Quirino is one of the leading Italian gaming and gambling lawyers with a specialist practice of more than 15 years. He acts for multiple Italian and foreign-based online and land-based companies operating in the Italian gaming market. Alongside his robust and long-established legal and regulatory practice, he runs a bespoke matchmaking and business strategy service.",,,,,,https://tickets.sigma.world/img/speakers/tmp/speaker-704-1759407043.png,,sigma-world-rome,,1,,,"SiGMA World 2026 (Rome, Fiera Roma, Nov 2-5 2026)",,,,,,sigma.world/summits/world/speakers (Central Europe 2025 + SiGMA World Past speakers)
Raagulan Pathy,Founder and CEO,KAST,,,,,,,,,coinfest-asia,2026,1,,,,,,,,,
Rafael Castaneda,VP & COO,Oxus Finance,VP & COO da Oxus Finance; Mestre em Sistemas pelo IME-RJ com mais de 20 anos como engenheiro de software. Atua como empreendedor em Web3 e educador.,,,,,https://x.com/castacrypto,https://satsconf.com.br/wp-content/uploads/2025/09/Group-431.png,,satsconf,2025,1,,,SatsConf,,,,,,
Rafaela Romano,Content Creator / Ambassador,Disruptivas; Alphractal,"Membro Lendário no BitcoinTalk, ex-editora chefe do Cointelegraph, embaixadora Alphractal.",,,,,https://x.com/hi_disruptivas,https://satsconf.com.br/wp-content/uploads/2025/10/Group-436.png,,satsconf,2025,1,,,SatsConf,,,,,,
Rahim Taghizadegan,CEO,Deedsats,"Rahim Taghizadegan is the last Austrian economist of the Austrian School in the direct tradition, teaching at universities in Austria, Switzerland, Liechtenstein, and Germany. Author of over 15 books, he was the first economist to teach about Bitcoin at university. He is the founder of scholarium.at, based in Zug, building Bitcoin citadels and educational hubs around the world, and of deedsats.com, building privacy-friendly solutions for digital assets on RGB and Bitcoin.",,,,,,https://cdn.prod.website-files.com/687f979126432c8ce843e6d7/6887b638dc64b755698d9ae9_7nft8uflwoyr95y_2ulqj8_lcg2NIIqB9DhK9PGwM74.webp,,bitcoin-mena,2025,1,,https://mena.b.tc/speakers,Bitcoin MENA,,,,,,
Rahim Taghizadegan,CEO,deedsats.com,,,,https://x.com/scholarium_at,,,,,planb-forum-lugano,2026,1,,,,,,,,,
Rajat Sakhuja,Director,Blockchain & Digital Assets at Mastercard,Director of Blockchain & Digital Assets at Mastercard,,,,,logo:https://blockchain-life.com/wp-content/cache/thumb/6c/e532c3c6f1fbe6c_160x0.png,https://blockchain-life.com/wp-content/cache/thumb/8b/a53d08366343b8b_420x460_notcrop.webp,,blockchain-life-forum,2026,1,,,,,,,,,
Raj⚡ Maitra,CEO,Bitshala,"Pre-Bitcoin: Graduated M.Tech in Structural Engineering in 2016, from IIT Madras. Worked as a professional Structural Engineer for offshore oil rigs, water treatment plants, bridges, and metro viaducts. 2016-2021. Found Bitcoin in 2017 at the dusk of the Blocksize War. Fell in love with the whole idea and started studying deeper. My journey has been entirely self-taught, where I taught myself the history of money, the principles of Austrian economics, and eventually cryptography and maths. Over time the Bitcoin obsession became so big, that I started learning to code. Eventually, I became good enough to start contributing to Bitcoin FOSS projects. Which landed my first part-time gig at RGB and my first little contributions to Bitcoin Core, in 2020. My journey self-studying at that time I documented in this blog: https://www.citadel21.com/from-hello-world-to-bitcoin-core Left my structural engineering career completely to work on Bitcoiin full-time by being blessed as the first recipient of the Spiral Dev Grant from India, in 2021. Since then my passion for Bitcoin has led me into an ongoing rabbit hole and it has become my life mission to contribute back to the Freedom Industry, in whatever way best I can. Post Bitcoin: Developer Works: Bitcoin Core Contributor: 2020-2021 Developer at RGB: 2020-2021 Developer at BDK: 20021-2023 Lead Dev and PM in Coiinswap: 2023 onwards. Community Works: Cofounded the first Indian Bitcoin-Only Telegram channel: 2018. Organized the first Bitcoin-Only Meetup in Bangalore: 2019. Organized the first Biitcoiin-Only meetup in Goa: 2022. Organized the Technical Track of the first Bitcoin-Only Conference in India: 2022. Educational Works: Mentor at Summer of Bitcoin: Since 2022 Started building Bitshala: 2023. Blogs: https://rajarshi149.medium.com/ Bitshala: At Bitshala we organize a package of educational activities to train the upcoming Bitcoin developers. We offer a roadmap to aspiring developers, reducing the barrier to entry in Bitcoiin FOSS, and finally get them started with a paid Felklowshiip Program to start professional contributions to real Biitcoiin FOSS projects. Find more details here: https://bitshala.org/ My Twitter: https://x.com/RajarshiMaitra Presentation Description: The presentation will be on Bitshala, explaining its objective, mission, and models. I will brief about all the programs we take up at Bitshala. The roadmap to becoming a Bitcoin development, and how people can start getting involved. I will talk a bit about the FOSS Dev mindset, soft-skills required to be a FOSS dev, and tips on selecting FOSS projects to start contributing. The talk concludes with a concrete roadmap for aspiring developers in the room to start taking Bitcoin FOSS as a viable career alternative.",,,,,,https://cdn.prod.website-files.com/687f979126432c8ce843e6d7/691c8553c6e24a0ebc526da9_40bf5445b45ff5652c85a5e7.webp,,bitcoin-mena,2025,1,,https://mena.b.tc/speakers,Bitcoin MENA,,,,,,
Ralph Quintero,Co-Founder,Purple Horizons: Marketing Innovation Lab,,,,,,,https://cdn.prod.website-files.com/61e87bb144d08a09b725b693/687928ae1bea3d5a49de5b45_RalphQuintero_HEAD.jpeg,,blockchain-futurist-florida,,1,,,,,,,,,
Rami Alsridi,Founder & CEO,Mining Grid,"My Bitcoin journey began unexpectedly in 2017 while working as a cybersecurity consultant. A client had fallen victim to a cyberattack, with the hackers demanding payment in Bitcoin—a currency I knew little about at the time. This experience sparked my curiosity as a computer engineer passionate about transformative technology, leading me to explore Bitcoin’s potential. After delving into research and connecting with colleagues, I met a tech-savvy friend who was already mining Bitcoin and coding Ethereum smart contracts, which deepened my interest. As the founders of Miningrid, we created a platform that simplifies Bitcoin mining through a secure, non-custodial wallet, making it accessible to all. My mission is to empower others by making Bitcoin mining and its ecosystem both understandable and approachable",,,,,,https://cdn.prod.website-files.com/687f979126432c8ce843e6d7/6883c949c8010f9258ccf6f8_a2guBYnAcSBYkxhzYhiK4dQP6QxyTfKhiwObeBgd-TU.webp,,bitcoin-mena,2025,1,,https://mena.b.tc/speakers,Bitcoin MENA,,,,,,
Ran Neuner,Founder,Crypto Banter,,,,https://x.com/cryptomanran,https://www.linkedin.com/in/ran-neuner/,,https://cdn.prod.website-files.com/6756df8f05088bc3e51c64ea/6a391d928b0e8ea8faa85d91_Speaker-Name-Ran-Neuner.avif,,token2049-singapore,2026,1,,https://www.token2049.com/singapore/speakers,TOKEN2049 Singapore,,,,,,
Raoul Pal,Co-Founder & CEO,Real Vision,Macro strategy outlook on liquidity cycles and asset class performance.,,,,,,,,binance-blockchain-week,2025,1,,https://crypto.ro/en/news/binance-blockchain-week-2025/,,,,,,,
Rational Root,On-Chain & Cycle Analyst,(Self),,,,,,,,,bitcoin-amsterdam,,1,,,,,,,,,
Ray Lee,Director of Business Development,TaDa Gaming,"Ray Lee is the Director of Business Development at TaDa Gaming Ltd., a rising star game provider in the global iGaming industry. He manages partnerships with operators, aggregators, and platform providers worldwide, driving the company’s growth and international expansion.",,,,,,https://tickets.sigma.world/img/speakers/tmp/speaker-1956-1760425768.png,,sigma-world-rome,,1,,,"SiGMA World 2026 (Rome, Fiera Roma, Nov 2-5 2026)",,,,,,sigma.world/summits/world/speakers (Central Europe 2025 + SiGMA World Past speakers)
Raymond Ratti,Partnerships Director,Swiftshore,"Raymond is currently Partnerships Director at Swiftshore, a global sports and media company building on chain brand value through partnerships, sponsorships and fan tokens. Previously, Raymond worked at iTeller PTYD, a fintech crypto exchange company focused on OTC services and crypto ATMs.",,,,,,https://tickets.sigma.world/img/speakers/tmp/speaker-1915-1759935329.png,,sigma-world-rome,,1,,,"SiGMA World 2026 (Rome, Fiera Roma, Nov 2-5 2026)",,,,,,sigma.world/summits/world/speakers (Central Europe 2025 + SiGMA World Past speakers)
Raz Zarick,Co-Founder and CEO,LayerZero,,,,https://x.com/ryanzarick,https://www.linkedin.com/in/ryanzarick/,,https://cdn.prod.website-files.com/6756df8f05088bc3e51c64ea/6a3a76d61c30cd1adfdac011_Speaker-Name-Raz-Zarick.avif,,token2049-singapore,2026,1,,https://www.token2049.com/singapore/speakers,TOKEN2049 Singapore,,,,,,
Redouane Elkamhi,Professor of Finance & Core Contributor,GOAT Network,"Redouane Elkamhi is a Professor of Finance at the Rotman School of Management, University of Toronto, and a renowned expert in strategic and tactical asset allocation, cryptocurrency, and decentralized finance. He served as the inaugural co-director of the Finance Lab at the Rotman Financial Innovation Hub, where he spearheaded initiatives in blockchain, decentralized finance, and crypto-ventures. With over two decades of experience, Professor Elkamhi has been a trusted senior advisor to several of Canada’s largest pension funds, providing insights into total fund management and innovative investment strategies. His research has been presented at premier academic and industry conferences and published in leading finance and economics journals. Professor Elkamhi's contributions to the field have earned him numerous accolades, including the prestigious Shimomura Fellowship from the Development Bank of Japan and Excellence in Research Awards from the University of Toronto and the University of Iowa. He has also received multiple Best Research Paper Awards from esteemed organizations and journals, such as ICPM, PCAM, AFFI, GARP, IFM2, the Review of Financial Studies, and the Review of Asset Pricing Studies.",,,,,,https://cdn.prod.website-files.com/687f979126432c8ce843e6d7/68eea67164f559a3412d148e_vGwtl_pFm-r6R_8e30GbwUYt6L6yW-nRXYctHeq_qpI.webp,,bitcoin-mena,2025,1,,https://mena.b.tc/speakers,Bitcoin MENA,,,,,,
Reece Merrick,"Senior Director, Global Strategic Partnerships at Ripple",,"Senior Director, Global Strategic Partnerships at Ripple",,,,,logo:https://blockchain-life.com/wp-content/cache/thumb/67/6112d009c558d67_160x0.webp,https://blockchain-life.com/wp-content/cache/thumb/cd/e298ac67f9034cd_420x460_notcrop.webp,,blockchain-life-forum,2026,1,,,,,,,,,
Reed Baum,Director of Research,Sarson Funds,,,,,,,https://cdn.prod.website-files.com/61e87bb144d08a09b725b693/68e413135a7930ee88f7ad26_ReedBaum_HEAD.jpg,,blockchain-futurist-florida,,1,,,,,,,,,
Reeve Collins,Co-Founder Tether/STBL/WeFi & Pending Chairman,ReserveOne,Co-Founder Tether/STBL/WeFi & Pending Chairman of ReserveOne,,,,,,https://blockchain-life.com/wp-content/cache/thumb/08/d71c09d6f25e308_420x460_notcrop.webp,,blockchain-life-forum,2026,1,,,,,,,,,
"Regan McGrath, CPA, CA",CEO,Metrics CPA,,,,,,,,,blockchain-futurist-toronto,,1,,,Blockchain Futurist Conference Toronto 2026,Toronto 2026,,,,,
Renato Loiero,Budget Policy Advisor to the Prime Minister of Italy,,"Renato Loiero, Parliamentary Advisor to the Senate of the Republic with 23 years of seniority, is currently Budget Policy Advisor to the Prime Minister, Giorgia Meloni. He is a member of the technical committee for the implementation of the tax reform. During his service in the Senate, he was initially assigned to the Research Service (economic area), tasked with assisting Committees V (Budget and Economic Planning) and VI (Finance). He was then assigned to the Parliamentary Commissions Service, where he served as a member of the secretariat of Committees V (Budget) and VI (Finance). In the XV legislature, he also served as Head of the Secretariat of the Parliamentary Commission for the Supervision of the Tax Registry. In the XVI legislature, he was also responsible for the Secretariat of the Extraordinary Commission for Price Control. He was president of the Commission for the Quality Assurance of Statistical Information. He is the author of numerous monographs and articles on tax and financial matters. In the past, he also served at the Ministry of Economy and Finance – Lombardy Regional Directorate and as an officer of the Finance Police.",,,,,,https://tickets.sigma.world/img/speakers/tmp/speaker-1820-1759137900.png,,sigma-world-rome,,1,,,"SiGMA World 2026 (Rome, Fiera Roma, Nov 2-5 2026)",,,,,,sigma.world/summits/world/speakers (Central Europe 2025 + SiGMA World Past speakers)
Rene Reinsberg,Co-Founder,Celo,,,,,,,,,binance-blockchain-week,2025,1,,https://crypto.ro/en/news/binance-blockchain-week-2025/,,,,,,,
Renee Sorchik,Vice President of Research,Bitcoin Policy Institute,"Serves as Vice President of Research at the Bitcoin Policy Institute, where she brings 17 years of international research experience from work with the United Nations and global organizations across 30 countries. She specializes in translating complex data into actionable policy recommendations, drawing from extensive field experience in China, Egypt, and New Caledonia. She holds a master's in International Development from the University of Pittsburgh and focuses on Bitcoin's potential for global economic empowerment.",,,,,,https://static.wixstatic.com/media/5b61ba_9923deb80b1241f08352dbdf25871891~mv2.png,,bitcoin-policy-summit,2025,1,,https://www.btcpolicysummit.org/2025-speakers,Bitcoin Policy Summit 2025,,,,,,
Renz Gonzales,Head of Business Development,PropellerAds,"Renz is the Head of Business Development at PropellerAds, where he champions the belief that every brand can thrive with the right traffic source. With over a decade of experience in digital advertising, Renz has worked with hundreds of global brands, affiliates, and media buying agencies, helping them achieve measurable and sustainable growth through strategic campaign planning. He has also spoken at and hosted leading industry conferences worldwide, including Affiliate World Europe, SiGMA Conferences, and ABC, sharing insights on traffic acquisition, ad tech innovation, and performance marketing.",,,,,,https://tickets.sigma.world/img/speakers/tmp/speaker-100-1757667251.png,,sigma-world-rome,,1,,,"SiGMA World 2026 (Rome, Fiera Roma, Nov 2-5 2026)",,,,,,sigma.world/summits/world/speakers (Central Europe 2025 + SiGMA World Past speakers)
René Pickhardt,Lightning Network Open Source Researcher,OpenSats Grantee,,,,,,,,,bitcoin-amsterdam,,1,,,,,,,,,
Representative David Shallenberger,Utah House of Representatives,,,,,,,,https://cdn.prod.website-files.com/61e87bb144d08a09b725b693/68aca4b949876cb085783aa3_Shallenberger%20Headshot%201.png,,blockchain-futurist-florida,,1,,,,,,,,,
Representative Webster Barnaby,Representative for HD-29,Florida House of Representatives,,,,,,,https://cdn.prod.website-files.com/61e87bb144d08a09b725b693/68da7883e02d03041f1d4821_repwebsterbarnaby_head_720%201.png,,blockchain-futurist-florida,,1,,,,,,,,,
Reuben Portanier,Partner,GTG,"Reuben Portanier is a seasoned C-Level professional with extensive regulatory and executive management experience across consulting, technology, fintech and gaming. At GTG, he leads Regulated Business Advisory, Business Consulting, Mergers & Acquisitions and Compliance Consulting, while also specialising in ESG and licensing support. He previously served as CEO of the Malta Gaming Authority and as a Board Trustee of the International Association of Gaming Regulators. Reuben has advised the Government of Malta on gaming policy and European regulatory affairs.",,,,,,https://tickets.sigma.world/img/speakers/tmp/speaker-768-1758121033.png,,sigma-world-rome,,1,,,"SiGMA World 2026 (Rome, Fiera Roma, Nov 2-5 2026)",,,,,,sigma.world/summits/world/speakers (Central Europe 2025 + SiGMA World Past speakers)
Revaz Chkuaseli,CEO,VBET Romania,,,,,,,https://tickets.sigma.world/img/speakers/tmp/speaker-2130-1761727683.png,,sigma-world-rome,,1,,,"SiGMA World 2026 (Rome, Fiera Roma, Nov 2-5 2026)",,,,,,sigma.world/summits/world/speakers (Central Europe 2025 + SiGMA World Past speakers)
Rex Liu,Sales Manager,DCE Miner,,,,,,,https://miningdisrupt.com/assets/images/gallery08/21ba3671.png?v=0308a4f1,,mining-disrupt,,1,,,,,,,,,
Reza Azizian,"CEO, Co-Founder",Feveret,,,,,,,https://miningdisrupt.com/assets/images/gallery08/bffc7061.png?v=0308a4f1,,mining-disrupt,,1,,,,,,,,,
Rhonda Eldridge,Founder & CEO,Harness All Possibilities,,,,,,,https://cdn.prod.website-files.com/61e87bb144d08a09b725b693/6859f69dd5e46d026a1aa8a8_RhondaEldridge_HEAD.jpg,,blockchain-futurist-florida,,1,,,,,,,,,
Ricardo Rosada,CoCEO & Board Member,BandBet,"Ricardo Rosada has over 20 years of expertise in strategy, marketing and regulation for the global gambling and iGaming industry. In Brazil, he has been directly involved in market entry, branding and acquisition strategies for leading operators. He contributes insights on regulation, player behaviour, marketing innovation, AI and payment ecosystems.",,,,,,https://tickets.sigma.world/img/speakers/tmp/speaker-1925-1760024140.png,,sigma-world-rome,,1,,,"SiGMA World 2026 (Rome, Fiera Roma, Nov 2-5 2026)",,,,,,sigma.world/summits/world/speakers (Central Europe 2025 + SiGMA World Past speakers)
Riccardo Vecchi Lari,Project Manager,Nomisma,"Riccardo Vecchi Lari is a Project Manager at Nomisma, an economic research and consulting firm from Bologna, Italy. He conducts research and analysis across the Industry, Retail and Services markets, working with companies, trade associations, and public institutions on studies of different economic sectors and consumer behaviour. With an economics background, he focuses on interpreting the trends that shape market competitiveness and development, with a particular emphasis on the economic and social sustainability of business activities.",,,,,,https://tickets.sigma.world/img/speakers/tmp/speaker-1977-1760513405.png,,sigma-world-rome,,1,,,"SiGMA World 2026 (Rome, Fiera Roma, Nov 2-5 2026)",,,,,,sigma.world/summits/world/speakers (Central Europe 2025 + SiGMA World Past speakers)
Rice Lummis,Senior Director of Assets,Gridmatic,,,,,,,https://miningdisrupt.com/assets/images/gallery10/3d5f825f.png?v=0308a4f1,,mining-disrupt,,1,,,,,,,,,
Richard Byworth,,BYZ PARTNERS,,,,https://x.com/richardbyworth,,,,,planb-forum-lugano,2026,1,,,,,,,,,
Richard Carleton,CEO,Canadian Securities Exchange; Non-executive Chair Tetra Digital; Board Member Blue Ocean Technologies,,,,,,,,,blockchain-futurist-toronto,,1,,,Blockchain Futurist Conference Toronto 2026,Toronto 2026,,,,,
Richard Dennys,CEO,Game Lounge,"Richard Dennys is the CEO of Game Lounge, an SEO-driven iGaming affiliate company with 131 websites across 39 countries. With over two decades in digital and affiliate marketing, Richard is known for his transformative leadership at companies like PwC, Yell, BBC and Nokia. Since joining Game Lounge in 2024, he has revitalised company culture, emphasising autonomy, work-life balance and continuous learning. Under his leadership, Game Lounge is pioneering the future of iGaming affiliate marketing.",,,,,,https://tickets.sigma.world/img/speakers/tmp/speaker-1594-1759240433.png,,sigma-world-rome,,1,,,"SiGMA World 2026 (Rome, Fiera Roma, Nov 2-5 2026)",,,,,,sigma.world/summits/world/speakers (Central Europe 2025 + SiGMA World Past speakers)
Richard Ells,CEO,Electroneum,,,,,,,https://cdn.prod.website-files.com/61e87bb144d08a09b725b693/68d3f26cc552c599a25d5cfa_richardells_head_720%201.png,,blockchain-futurist-florida,,1,,,,,,,,,
Richard Galvin,Executive Chairman and CIO,DACM,,,,https://x.com/richwgalvin,https://www.linkedin.com/in/richard-galvin-b336808/,,https://cdn.prod.website-files.com/6756df8f05088bc3e51c64ea/6a391d896d13fa9fe9e99b85_Speaker-Name-Richard-Galvin.avif,,token2049-singapore,2026,1,,https://www.token2049.com/singapore/speakers,TOKEN2049 Singapore,,,,,,
Richard Wanigasekera,Head of Business Development UK/US,SiGMA Group,,,,,,,https://tickets.sigma.world/img/speakers/tmp/speaker-2011-1761202531.png,,sigma-world-rome,,1,,,"SiGMA World 2026 (Rome, Fiera Roma, Nov 2-5 2026)",,,,,,sigma.world/summits/world/speakers (Central Europe 2025 + SiGMA World Past speakers)
Rick Margerison,Immersion Cooling Engineer,Gamma Technologies,,,,,,,https://miningdisrupt.com/assets/images/gallery10/4b3892d5.png?v=0308a4f1,,mining-disrupt,,1,,,,,,,,,
Rick Messitt,,,,,,https://x.com/RMessitt,,,https://btchel.com/wp-content/uploads/2025/12/photo_2025-12-04_13-07-49.jpg,,btchel,,1,,,,,,,,,
Rightside,,Pendle,,,,,,,,,coinfest-asia,2026,1,,,,,,,,,
Rita Arnaus,Professional Kiteboarder,,,,,,,,https://tickets.sigma.world/img/speakers/tmp/speaker-2098-1761292826.png,,sigma-world-rome,,1,,,"SiGMA World 2026 (Rome, Fiera Roma, Nov 2-5 2026)",,,,,,sigma.world/summits/world/speakers (Central Europe 2025 + SiGMA World Past speakers)
Ritchie Torres,U.S. Congressman (D-NY),U.S. House of Representatives,"U.S. Representative serving New York's 15th congressional district and youngest member of the New York City Council when elected. Known for his progressive advocacy and support for cryptocurrency innovation, Torres champions technological advancement and financial inclusion.",,,,,,https://static.wixstatic.com/media/5b61ba_8652a696299144369ddcba495b3e78f5~mv2.jpg,,bitcoin-policy-summit,2025,1,,https://www.btcpolicysummit.org/2025-speakers,Bitcoin Policy Summit 2025,,,,,,
Rob Goldstein,"Senior Operating Advisor, Strategic Partnerships and Growth",Travls.io,,,,,,,,,blockchain-futurist-toronto,,1,,,Blockchain Futurist Conference Toronto 2026,Toronto 2026,,,,,
Rob Hadick,General Partner,Dragonfly,,,,https://x.com/hadickm,,,https://cdn.prod.website-files.com/6756df8f05088bc3e51c64ea/6a391d896d13fa9fe9e99b97_Speaker-Name-Rob-Hadick.avif,,token2049-singapore,2026,1,,https://www.token2049.com/singapore/speakers,TOKEN2049 Singapore,,,,,,
Rob Wheeler,Managing Director,RBW Systems,"Rob Wheeler is a visionary systems leader with 25 years’ experience delivering cashless and machine/player management technologies to the land-based gaming industry. He is the Founder and Managing Director of RBW Systems, which provides a proven wide-area middleware solution securely connecting cashless payment platforms with thousands of gaming terminals across bars and restaurants throughout the UK.",,,,,,https://tickets.sigma.world/img/speakers/tmp/speaker-1673-1759137313.png,,sigma-world-rome,,1,,,"SiGMA World 2026 (Rome, Fiera Roma, Nov 2-5 2026)",,,,,,sigma.world/summits/world/speakers (Central Europe 2025 + SiGMA World Past speakers)
Robbie Maltby,Full Stack Marketer,Bitcoin Studios,Full-stack fiat marketer turned Bitcoiner. Supporting Bitcoin-native builders to find product–market fit while building my own under Bitcoin Studios — current projects: Bitcoin Works (land-based startup society) and Bit Mortgage (Bitcoin-backed mortgage provider).,,,,,,https://cdn.prod.website-files.com/687f979126432c8ce843e6d7/68ffaa286d83ee45cd6493fb_DnHKeo6eGEL4qp71hAviHUNssMdzM6fma7DjnvvD6mg.webp,,bitcoin-mena,2025,1,,https://mena.b.tc/speakers,Bitcoin MENA,,,,,,
Robert Harrison,"Managing Director, Investments and Legal",Yorkville Advisors,,,,,,,,,bitcoin-amsterdam,,1,,,,,,,,,
Robert Schulmann,,,,,,,,,https://btchel.com/wp-content/uploads/2025/12/Robert-Schulmann.jpg,,btchel,,1,,,,,,,,,
Robert Warren,Head of Research and Education,Bitcoin Park,"Robert Warren is a builder with experience in, product, operations, and research. His technical training in Philosophy and Psychology, and a Master's in Education, positions him to explain and share freedom technologies and their cultural implications. He currently contributes at Bitcoin Park, leading Research, Education, and Programming and authored the Bitcoin Miner's Almanac",,,,,,https://cdn.prod.website-files.com/687f979126432c8ce843e6d7/691c8381682d1687f181f7f5_GGRyCpj7_H_B20q6ATroPb-8mpKwZ4okrPxYhB9S30g.webp,,bitcoin-mena,2025,1,,https://mena.b.tc/speakers,Bitcoin MENA,,,,,,
Robert Zammit,Partner,WH Partners,"Robert Zammit is a regulatory, licensing and litigation lawyer focused on the gaming and transport sectors. He advises on gambling licensing, compliance, data protection, IP and AML procedures. Robert also counsels clients on employment matters. A member of the Malta Chamber of Advocates and the International Masters of Gaming Law, he is recognised as a Next Generation Partner in Commerical, Corporate and M&A by Legal 500 EMEA.",,,,,,https://tickets.sigma.world/img/speakers/tmp/speaker-788-1759407013.png,,sigma-world-rome,,1,,,"SiGMA World 2026 (Rome, Fiera Roma, Nov 2-5 2026)",,,,,,sigma.world/summits/world/speakers (Central Europe 2025 + SiGMA World Past speakers)
Roberto Machado,Founder (Judge),Subvisual,Founder & CEO at Subvisual. Ex: CPO at Utrust & Decipad,,,https://x.com/rmdmac,,,https://ethglobal.b-cdn.net/users/xih27/sm.jpg,,ethglobal-lisbon,,1,,,,,,,,,
Roberto Magnifico,Partner & Board Member,Zest Innovation,"Roberto Magnifico started his career in corporate finance and international capital markets, in New York, Rome and London. Roberto is a Zest Innovation Partner and Board Member (former LVenture Group board member and Partner), being active in the early-stage VC industry. Roberto’s areas of interest include Software as a Service (SaaS), Startups, Digital Strategy, Crowdsourcing, Mergers & Acquisitions, Business Development, Inbound Marketing and Business Planning.",,,,,,https://tickets.sigma.world/img/speakers/tmp/speaker-2010-1760625324.png,,sigma-world-rome,,1,,,"SiGMA World 2026 (Rome, Fiera Roma, Nov 2-5 2026)",,,,,,sigma.world/summits/world/speakers (Central Europe 2025 + SiGMA World Past speakers)
Roberto Regianini,Executive Vice President,UX Group,"Roberto Regianini has over 25 years' experience in the iGaming and digital payments industries, with a leading role in expanding the B2C and B2B markets in Brazil and in various regulated regions around the world. He has strategic vision and operational excellence and specialises in regulated markets and innovation-oriented environments. He is recognised for his ability to structure scalable digital platforms, lead cross-functional teams, run both startups and mature organisations and conduct mergers and acquisitions (M&A) processes.",,,,,,https://tickets.sigma.world/img/speakers/tmp/speaker-2097-1761310190.png,,sigma-world-rome,,1,,,"SiGMA World 2026 (Rome, Fiera Roma, Nov 2-5 2026)",,,,,,sigma.world/summits/world/speakers (Central Europe 2025 + SiGMA World Past speakers)
Roberto Sanabria,Founder,Cryptoducation.com,,,,,,,,,blockchain-futurist-toronto,,1,,,Blockchain Futurist Conference Toronto 2026,Toronto 2026,,,,,
Robin Linus,Project Lead,ZeroSync,,,,,,,,,bitcoin-amsterdam,,1,,,,,,,,,
Robin Seyr,Founder & Host,The Robin Seyr Podcast,,,,,,,,,bitcoin-amsterdam,,1,,,,,,,,,
Robin Seyr,Founder & Host,Robin Seyr Podcast,Daily Bitcoin Podcast Host. All-In Bitcoin since he is 21 years old and committed to interview every day a Bitcoiner in the next 10 years!,,,,,,https://cdn.prod.website-files.com/687f979126432c8ce843e6d7/6883c8ee765ea05df5f778b0_KANnJJW8UIVooRjlAorwY2Pq5GFWnZxI-4p-a8dk55o.webp,,bitcoin-mena,2025,1,,https://mena.b.tc/speakers,Bitcoin MENA,,,,,,
Rockstar Dev,Bitcoin Uncle,,,,,https://x.com/r0ckstardev,,,,,planb-forum-lugano,2026,1,,,,,,,,,
Rod Warren,Owner & Operations Manager,Crypto Records,,,,,,,,,blockchain-futurist-toronto,,1,,,Blockchain Futurist Conference Toronto 2026,Toronto 2026,,,,,
Rodney MacInnes,CBP Committee Chair,C4,,,,,,,,,blockchain-futurist-toronto,,1,,,Blockchain Futurist Conference Toronto 2026,Toronto 2026,,,,,
Rodrigo Galván Graf,Partner,L&BC,"Rodrigo Galván Graf is Partner at L&BC, a leading Mexican advisory and litigation firm specialising in constitutional, administrative and regulatory law. With more than two decades of experience, he advises clients on compliance, corporate structuring and dispute resolution in industries including gaming, technology and financial services. He secured one of Mexico’s first judicial precedents recognising the right to obtain a multiple licence for both land-based and online gambling, shaping the country’s regulatory landscape.",,,,,,https://tickets.sigma.world/img/speakers/tmp/speaker-2048-1761554022.png,,sigma-world-rome,,1,,,"SiGMA World 2026 (Rome, Fiera Roma, Nov 2-5 2026)",,,,,,sigma.world/summits/world/speakers (Central Europe 2025 + SiGMA World Past speakers)
Roger Grossenbacher,CFO,CrowdSports,"Roger Grossenbacher is an experienced finance executive and entrepreneur with a strong background in fintech and digital growth. Before joining CrowdSports, he served as CRO at BW2, one of Switzerland's leading casino software providers, and worked in banking and private equity with UBS, Credit Suisse and Schroders. At CrowdSports, Roger serves as CFO and Chairman, driving global strategy and growth. CrowdSports provides an innovative fan engagement and club financing platform that enables supporters to participate in their clubs' success.",,,,,,https://tickets.sigma.world/img/speakers/tmp/speaker-1927-1760024205.png,,sigma-world-rome,,1,,,"SiGMA World 2026 (Rome, Fiera Roma, Nov 2-5 2026)",,,,,,sigma.world/summits/world/speakers (Central Europe 2025 + SiGMA World Past speakers)
Roger Huang,Contributor / Author,Forbes; Bitcoin Magazine Books,,,,,,,,,blockchain-futurist-toronto,,1,,,Blockchain Futurist Conference Toronto 2026,Toronto 2026,,,,,
Roger Ver,Founder,Bitcoin.com,Founder of Bitcoin.com,,,,,logo:https://blockchain-life.com/wp-content/cache/thumb/de/070d4c72bc582de_160x0.png,https://blockchain-life.com/wp-content/cache/thumb/91/7cb288d159f0191_420x460_notcrop.webp,,blockchain-life-forum,2026,1,,,,,,,,,
Rohan Handa,"Head of Investments & Partnerships, AI",Mysten Labs,,,,,,,https://cdn.prod.website-files.com/61e87bb144d08a09b725b693/68a8abc7d8c7f515c21fddf8_802ac844-2e00-4d77-9c5c-53b716d38511.jpg,,blockchain-futurist-florida,,1,,,,,,,,,
Rohan Hirani,Co-Founder,BitcoinQuant,"Rohan Hirani is the Co-Founder of BitcoinQuant, a data platform focused on bringing greater transparency to Bitcoin treasury investors. Prior to building BitcoinQuant, he was a Strategy Consultant at Bain & Company, where he specialized in private equity market analysis across software and wealth management.",,,,,,https://cdn.prod.website-files.com/687f979126432c8ce843e6d7/68eea67164f559a3412d148a_c1BszcAoa6XOMLSQ7Hag2ydHD7XT18T2KO1XNMrrBm0.webp,,bitcoin-mena,2025,1,,https://mena.b.tc/speakers,Bitcoin MENA,,,,,,
Rok Kopp,Co-Founder,ether.fi,,,,,,,https://cdn.prod.website-files.com/61e87bb144d08a09b725b693/6904ceecaa14afde470fc9d6_RokKopp_HEAD.jpg,,blockchain-futurist-florida,,1,,,,,,,,,
Roland Bewick,Lightning Developer,Alby,,,,,,,,,bitcoin-asia,,1,,,,,,,,,
Roman Martinez,Cofounder,Bitcoin Beach,Community Leader at Bitcoinbeach Co-founder GoodLifeElSalvador Co-founder Bitcoinbeach,,,,,,https://cdn.prod.website-files.com/687f979126432c8ce843e6d7/691f2c600cb1fc3818b2cc42_xhPCPWUV3fnEM362Hei0bBtsWiFx9zqY9w3ubgzmKAY.webp,,bitcoin-mena,2025,1,,https://mena.b.tc/speakers,Bitcoin MENA,,,,,,
Roman Martinez,Community Leader,Bitcoinbeach,,,,https://x.com/romanmartinezc,,,,,planb-forum-lugano,2026,1,,,,,,,,,
Ron Hammond,Head of Policy & Advocacy,Wintermute,"Ron Hammond is the Head of Policy and Advocacy at Wintermute, a UK-based prop trading firm. Ron is leading Wintermute's US expansion in New York and brings nearly a decade of regulatory experience to his new role, having previously served as the Senior Director of Government Relations and Institutional Engagement at the Blockchain Association, a DC-based crypto trade association. His background also includes positions at Ripple as their in-house lobbyist and as Financial Services Policy Lead for Congressman Warren Davidson of Ohio, where he crafted the first bipartisan market structure bill known as the Token Taxonomy Act.",,,,https://www.linkedin.com/in/ron-hammond-38ab8a3a/,website:https://iq.wiki/wiki/ron-hammond; iq_wiki:https://iq.wiki/wiki/ron-hammond,https://api.rareevo.io/storage/domains/rareevo.io/participants/profile/ron_hammond.png,,rare-evo,,1,,,Rare Evo 2026,,yes,active,Featured Exhibitors 2026; Rare Evo 2026 (Main),135,
Ron Segev,Founding Partner,Segev LLP,"Ron Segev is the Founding Partner of Segev LLP, a globally recognized business law firm specializing in gaming, betting, blockchain, and fintech. He advises clients at the intersection of gaming, digital assets, and financial innovation, guiding them through licensing, compliance, and regulatory challenges. Recognized by Chambers & Partners and Lexology as a leading Gaming and Betting Lawyer, Ron is a frequent speaker and contributor to major industry publications including iGaming Business, SBC Media, and American Gaming Lawyer.",,,,,,https://tickets.sigma.world/img/speakers/tmp/speaker-671-1757060176.png,,sigma-world-rome,,1,,,"SiGMA World 2026 (Rome, Fiera Roma, Nov 2-5 2026)",,,,,,sigma.world/summits/world/speakers (Central Europe 2025 + SiGMA World Past speakers)
Ronald Bynoe,Founder,Reckless Systems,,,,,,,https://miningdisrupt.com/assets/images/gallery10/1e385e48.png?v=0308a4f1,,mining-disrupt,,1,,,,,,,,,
Ronit Ghose,,Citi Institute,Co-panelist examining cross-asset allocation and global liquidity flows.,,,,,,,,binance-blockchain-week,2025,1,,https://www.binance.com/en/square/post/12-03-2025-binance-blockchain-week-dubai-2025-10-speakers-you-cannot-miss-33203289077641,,,,,,,
Ronni Hartvig,CCO,Betsson Group,"Ronni Hartvig is Chief Commercial Officer at Betsson Group, where he has been a driving force behind the company’s international growth and customer-centric strategy since 2015. Appointed CCO & CMO in 2018, he leads Betsson’s global commercial operations and marketing, delivering innovative, localised, and responsible entertainment experiences across multiple markets. With over 20 years in iGaming, technology, and consumer businesses, and a BSc in Economics, Business, and Administration from Copenhagen Business School, he brings expertise in CRM, data-driven marketing, and brand development. Under his leadership, Betsson has expanded its footprint in LatAm and Europe and strengthened its portfolio through high-profile sports partnerships. Ronni is committed to shaping the future of iGaming by positioning Betsson as a trusted entertainment brand with customer experience at its core.",,,,,,https://tickets.sigma.world/img/speakers/tmp/speaker-1939-1760104608.png,,sigma-world-rome,,1,,,"SiGMA World 2026 (Rome, Fiera Roma, Nov 2-5 2026)",,,,,,sigma.world/summits/world/speakers (Central Europe 2025 + SiGMA World Past speakers)
Rony Vogel,CEO,Vogel Family Office Ltd.,,,,https://x.com/rony_vogel,,,,,planb-forum-lugano,2026,1,,,,,,,,,
Roosembert Palacios,CTO,Satoshi Connect,,,,,,,,,planb-forum-lugano,2026,1,,,,,,,,,
Rosalyn Brown,PropTech & Tokenization Luxury Real Estate Agent,"Berkshire Hathaway, Bahamas",,,,,,,https://cdn.prod.website-files.com/61e87bb144d08a09b725b693/68f243f7cb70503949abb06a_RosalynBrown_HEAD.png,,blockchain-futurist-florida,,1,,,,,,,,,
Rosalyn Brown,"Tokenization, Luxury Real Estate and Property Technology",Berkshire Hathaway Bahamas,,,,,,,,,blockchain-futurist-toronto,,1,,,Blockchain Futurist Conference Toronto 2026,Toronto 2026,,,,,
Roshan Roberts,"CEO, OKX US",OKX,,,,,,,https://cdn.prod.website-files.com/61e87bb144d08a09b725b693/689f1b3b132e82b072528575_RoshanRoberts_HEAD%201.png,,blockchain-futurist-florida,,1,,,,,,,,,
Rosi Bremec,Former COO,Game Lounge,"Rosi Bremec is a seasoned C-level executive with over 25 years of international experience in iGaming, SaaS and technology. Known for embedding data as a strategic asset, she connects people, performance and commercial outcomes. Throughout her career, Rosi has led large-scale transformations, built high-performing teams, and navigated organisations through leadership transitions and regulatory complexities. A champion of cultures rooted in candour, trust and psychological safety, she believes that when data becomes a shared language, organisations scale smarter and faster.",,,,,,https://tickets.sigma.world/img/speakers/tmp/speaker-877-1758007763.png,,sigma-world-rome,,1,,,"SiGMA World 2026 (Rome, Fiera Roma, Nov 2-5 2026)",,,,,,sigma.world/summits/world/speakers (Central Europe 2025 + SiGMA World Past speakers)
Russ Jacobson,COO,Moon Inc.,,,,,,,,,bitcoin-asia,,1,,,,,,,,,
Russel Coultart,Bitcoin Advisor,Self,,,,,,,,,bitcoin-amsterdam,,1,,,,,,,,,
Russell Castagnaro,"Co-Founder, Unicorn.eth, Board Member",SporkDAO and ETHDenver,,,,,,,https://cdn.prod.website-files.com/61e87bb144d08a09b725b693/68cc2d3bdced0a37ca819339_RussellCastagnaro_HEAD.jpeg,,blockchain-futurist-florida,,1,,,,,,,,,
Russell Okung,Professional Athlete/Investor,Bitcoin,First professional athlete paid in Bitcoin.,,,,,,https://cdn.prod.website-files.com/687f979126432c8ce843e6d7/6883c9096def056107a0f097_S_bGe68rrVxFgc94VBPJMi1ruOJKNvQ6QSl76GYU3n8.webp,,bitcoin-mena,2025,1,,https://mena.b.tc/speakers,Bitcoin MENA,,,,,,
Rustin Watt,Head of News,Simply Bitcoin,,,,,,,https://miningdisrupt.com/assets/images/gallery10/28f92c61.png?v=0308a4f1,,mining-disrupt,,1,,,,,,,,,
Ruzbeh Kroner,CEO,21st Capital,"Ruzbeh is the co-founder and CEO of 21st Capital, the Gulf region’s only self-custody platform with collaborative custody and multilayer timelocks. He brings 17+ years of banking experience across Germany, the UAE, the USA, and Switzerland, spanning derivatives, payments, compliance, sales, and fundraising. Active in Bitcoin since 2017, he co-founded Bitguide, an open Bitcoin university. Ruzbeh’s work bridges institutional-grade financial rigor with the security and sovereignty of Bitcoin-native custody.",,,,,,https://cdn.prod.website-files.com/687f979126432c8ce843e6d7/68f1512aa7ee7334c28ad888_JwFkTTmnA9rdf1EriCIqdny_CBYfoC3DcnfbLwYtJPs.webp,,bitcoin-mena,2025,1,,https://mena.b.tc/speakers,Bitcoin MENA,,,,,,
Ryan Lackey,CSO,Evertas,,,,,,,https://miningdisrupt.com/assets/images/gallery10/f72af7a0.png?v=0308a4f1,,mining-disrupt,,1,,,,,,,,,
Ryan Miller,Director of Business Development,Braiins,,,,,,,https://miningdisrupt.com/assets/images/gallery12/c41b48e6.png?v=0308a4f1,,mining-disrupt,,1,,,,,,,,,
Ryan Pacht,Founder,NoIDPay Inc.,,,,,,,https://cdn.prod.website-files.com/61e87bb144d08a09b725b693/68c84f84c143c131d2fb1122_RyanPacht_HEAD%201.png,,blockchain-futurist-florida,,1,,,,,,,,,
Sadiq Jaffer,"Senior Manager, Consulting",KPMG,,,,,,,,,bitcoin-amsterdam,,1,,,,,,,,,
Sadri Sali,EU Blockchain Lawyer - Managing Partner,SALI BLOCKCHAIN & CRYPTO REGULATIONS LTD,,,,,,,,,bitcoin-amsterdam,,1,,,,,,,,,
Sahil Chaturvedi,Founding Designer,Ark Labs,,,,https://x.com/SahilC0,,,,,planb-forum-lugano,2026,1,,,,,,,,,
Sahil Rikhye,"Head of Digital, Data and Innovation",Bologna FC 1909,"Sahil Rikhye is part of the new generation of sports leadership with a professional and technical profile that blends strategy, data, technology, and global perspective. Leading digital, data and innovation activities at Coppa Italia champions Bologna FC 1909, Sahil is part of a select group of leaders at Serie A tasked with redefining the value proposition of Calcio. With a blend of consulting and technology experience, Sahil has led seminal strategy projects with the Hong Kong government, Morgan Stanley Wealth Management, PayPal, Q2, and Mercedes Benz, amongst others.",,,,,,https://tickets.sigma.world/img/speakers/tmp/speaker-2115-1761638327.png,,sigma-world-rome,,1,,,"SiGMA World 2026 (Rome, Fiera Roma, Nov 2-5 2026)",,,,,,sigma.world/summits/world/speakers (Central Europe 2025 + SiGMA World Past speakers)
Saifedean Ammous,"Economist, Author, Bitcoin Educator",,,,,https://x.com/saifedean,,,,,planb-forum-lugano,2026,1,,,,,,,,,
Sal Piacente,President,"UniverSal Game Protection Development, Inc.","Sal Piacente is a casino game protection expert and master showman with 40 years in the casino industry and 200 plus casino clients worldwide. He electrifies audiences by exposing the scams, cheats and cons that few ever see up close, blending insider knowledge with world class sleight of hand and riveting storytelling. A familiar face on television, Sal hosted the Travel Channel series Game On, America and appeared on Cheating Vegas and Casino Wars. His Vanity Fair YouTube feature has over 14 million views.",,,,,,https://tickets.sigma.world/img/speakers/tmp/speaker-1924-1760024088.png,,sigma-world-rome,,1,,,"SiGMA World 2026 (Rome, Fiera Roma, Nov 2-5 2026)",,,,,,sigma.world/summits/world/speakers (Central Europe 2025 + SiGMA World Past speakers)
Salahuddin Khawaja,Founder,1Now,"Salah spent 20 years in NY running tech projects on Wall Street. Initially as a Management Consulting at Deloitte (for clients like MasterCard, CapitalOne, Citi, Lehman) and then worked in house at JP Morgan and Bank of America. At Bank of America he was Managing Director of Automation running a team of 300 people. He saw the potential of Bitcoin in 2014 and has been HODLing since. Salah started in tech early - with learning to code in high school. He then went to LUMS and got his Bachelors in Computer Science in 1997. He then got a Masters in Telecommunication and Network Management from Syracuse University in 1999.",,,,,,https://cdn.prod.website-files.com/687f979126432c8ce843e6d7/6908e6a415d7acefd035c41c_mmV_qxkTyYwjMA5s38WjVPgIazHE_FMiDiIo1MR_GJI.webp,,bitcoin-mena,2025,1,,https://mena.b.tc/speakers,Bitcoin MENA,,,,,,
Sam Amsterdam,Founder,Amsterdam Group Public Relations,,,,,,,,,blockchain-futurist-toronto,,1,,,Blockchain Futurist Conference Toronto 2026,Toronto 2026,,,,,
Sam Barberie,Head of Stragegy & Partnerships,Sequence,,,,,,,https://cdn.prod.website-files.com/61e87bb144d08a09b725b693/68f9a70e197834f0e5e1f909_SamBarberie_HEAD.jpg,,blockchain-futurist-florida,,1,,,,,,,,,
Sam Drissi,Blockchain Architect,"Co-Founder, Artizyou + BIPQUANTUM",,,,,,,https://cdn.prod.website-files.com/61e87bb144d08a09b725b693/6852eebbab20e7fe62abbc93_6840715a58d9620168708f5a_SamDrissi_HEAD.jpeg,,blockchain-futurist-florida,,1,,,,,,,,,
Sam Green,Founder,Cambrian Network,"Sam Green is the founder of Cambrian Network, the financial intelligence layer for agents and institutions. Before Cambrian, Sam co-founded and served as CTO at Semiotic Labs, leading AI and verifiability efforts for The Graph. Sam also helped develop Odos, a leading crypto trading platform that has handled $100 billion in trading volume for 3 million users. Previously, Sam was an AI and cryptography researcher at Sandia National Labs. Sam holds a master's degree in applied mathematics and earned a Ph.D. in computer science at UC Santa Barbara.",,,https://x.com/0xsamgreen,,,https://api.rareevo.io/storage/domains/rareevo.io/participants/profile/sam_green.png,,rare-evo,,1,,,Rare Evo 2026,,,active,Rare Evo 2026 (Main),166,
Sam Kazemian,Founder,Frax,"Founder of Frax Finance, a decentralized stablecoin cryptocurrency protocol. Previously, he co-founded Everipedia, a for-profit, wiki-based online encyclopedia. He founded Everipedia with Theodor Forselius in December 2014 and later served as its President. In 2019, he began development of Frax, a fractional stablecoin cryptocurrency.",,,https://x.com/samkazemian,,website:https://iq.wiki/wiki/sam-kazemian,https://api.rareevo.io/storage/domains/rareevo.io/participants/profile/sam_kazemian.png,,rare-evo,,1,,,Rare Evo 2026,,yes,active,Rare Evo 2026 (Main),25,
Sam Lieberman,Partner,Sadis & Goldberg,,,,,,,https://cdn.prod.website-files.com/61e87bb144d08a09b725b693/68dd38c93af54556c0b02202_SamLieberman_HEAD.png,,blockchain-futurist-florida,,1,,,,,,,,,
Sam Wouters,Director of Marketing,River,,,,,,,,,bitcoin-amsterdam,,1,,,,,,,,,
Sami Start,Co-Founder & CEO,Transak,,,,,,,https://cdn.prod.website-files.com/61e87bb144d08a09b725b693/6895f9c595b6669bc116f584_sami.png,,blockchain-futurist-florida,,1,,,,,,,,,
Samir Ceric,Managing Partner,SportingThinking,"Samir Ceric is a globally recognised entrepreneur, investor, philanthropist and visionary, working at the intersection of sports, technology, and finance. A former elite athlete and football club chairman, his unique background gives him a practical understanding of sports dynamics and a passion for integrating cutting-edge technology. He has been a pioneering figure in the digitalization of the sports industry, from enhancing fan engagement through blockchain and AI to driving sustainability with climate tech solutions. Ceric’s latest venture is a pioneering investment platform dedicated to acquiring and transforming sports teams globally in a unique and impact driven way. He is a chairman of a seventh-generation, values-driven family office embodying a deep commitment to trust, growth, and innovation.",,,,,,https://tickets.sigma.world/img/speakers/tmp/speaker-432-1755784540.png,,sigma-world-rome,,1,,,"SiGMA World 2026 (Rome, Fiera Roma, Nov 2-5 2026)",,,,,,sigma.world/summits/world/speakers (Central Europe 2025 + SiGMA World Past speakers)
Samiz Bayan,Partner,Draper Dragon,,,,,,,https://api.rareevo.io/storage/domains/rareevo.io/participants/profile/samiz_bayan.png,,rare-evo,,1,,,Rare Evo 2026,,,active,Rare Evo 2026 (Main),178,
Samuel Armes,President,Florida Blockchain Business Association,,,,,,,https://cdn.prod.website-files.com/61e87bb144d08a09b725b693/69018653ccfeb5703ad93f61_samuelarmes_head_720.jpg,,blockchain-futurist-florida,,1,,,,,,,,,
Samuel Jacques-Cloutier,Independent Director,Hash Directors,,,,,,,,,blockchain-futurist-toronto,,1,,,Blockchain Futurist Conference Toronto 2026,Toronto 2026,,,,,
Samuel Kullmann,"Member of Parliament, Canton Berne",Federal Democratic Union,,,,,,,,,bitcoin-amsterdam,,1,,,,,,,,,
Sandeep Nailwal,Co-Founder,Polygon Labs,,,,,,,,,binance-blockchain-week,2025,1,,https://crypto.ro/en/news/binance-blockchain-week-2025/,,,,,,,
Sandeep Nailwal,Co-Founder,Polygon,Co-Founder of Polygon,,,,,logo:https://blockchain-life.com/wp-content/cache/thumb/63/56a9c984ed00463_160x0.webp,https://blockchain-life.com/wp-content/cache/thumb/2c/b680e59572ccf2c_420x460_notcrop.webp,,blockchain-life-forum,2026,1,,,,,,,,,
Sandeep Nailwal,CEO,Polygon Foundation,,,,https://x.com/sandeepnailwal,https://www.linkedin.com/in/sandeep-nailwal-60709a33/?isSelfProfile=false,,https://cdn.prod.website-files.com/6756df8f05088bc3e51c64ea/6a3a50649bf0959e062ea4f3_Speaker-Name-Sandeep-Naliwal.avif,,token2049-singapore,2026,1,,https://www.token2049.com/singapore/speakers,TOKEN2049 Singapore,,,,,,
Sander Andersen,Chairman & Co-Founder,H100 Group AB,,,,,,,,,bitcoin-amsterdam,,1,,,,,,,,,
Sander Andersen,,,,,,https://x.com/Sanderandersenn,,,https://btchel.com/wp-content/uploads/2025/12/Sander-Anderson-1024x1024.jpg,,btchel,,1,,,,,,,,,
Sandro Gonzalez,Co-Founder & CEO,KWARXS,,,,,,,https://cdn.prod.website-files.com/61e87bb144d08a09b725b693/68dfe4e4f64294f6ae40361a_SandroGonzalez_HEAD.jpeg,,blockchain-futurist-florida,,1,,,,,,,,,
Sanjay Gupta,Chief Strategy Officer,"Auradine, Inc.","Sanjay Gupta leads Strategy, Business Development & Marketing at Auradine, a pioneer in web infrastructure solutions including AI, blockchain, and security. He has 25+ years of senior-level experience in driving the disruptive growth of global technology and financial services companies. Sanjay has a consistent track record of driving step-change growth across multi-billion-dollar organizations.",,,,,,https://cdn.prod.website-files.com/687f979126432c8ce843e6d7/68cd6a03c1ae17422a3eb9bd_32de9b35cf65efc5003adee0.webp,,bitcoin-mena,2025,1,,https://mena.b.tc/speakers,Bitcoin MENA,,,,,,
Santiago Roel Santos,Founder and CEO,Inversion,,,,https://x.com/santiagoroel,https://www.linkedin.com/in/santiago-rs/,,https://cdn.prod.website-files.com/6756df8f05088bc3e51c64ea/6a391d9aa89f5ba2335fbb68_Speaker-Name-Santiago-Roel-Santos.avif,,token2049-singapore,2026,1,,https://www.token2049.com/singapore/speakers,TOKEN2049 Singapore,,,,,,
Santosh Vadivelu,Founder,Student of Bitcoin,,,,,,,,,bitcoin-asia,,1,,,,,,,,,
Sarah Hamlet,Investigator,International Tennis Integrity Agency (ITIA),"Sarah Hamlet joined the ITIA in October 2016, having completed a 30-year career in the Metropolitan Police Service in London. As an experienced investigator she leads investigations into breaches of both the Tennis Anti-Corruption Programme and Tennis Anti-Doping Programme and has been involved in some of the ITIA’s most high profile and complex cases. Sarah regularly gives evidence in ITIA hearings as well as being called as a witness at cases before the Court of Arbitration for Sport in Switzerland.",,,,,,https://tickets.sigma.world/img/speakers/tmp/speaker-1943-1760342978.png,,sigma-world-rome,,1,,,"SiGMA World 2026 (Rome, Fiera Roma, Nov 2-5 2026)",,,,,,sigma.world/summits/world/speakers (Central Europe 2025 + SiGMA World Past speakers)
Sarah Kreps,"John L. Wetherill Professor and Director, Tech Policy Institute",Cornell University / Brookings Institution,"Serves as the John L. Wetherill Professor and Director of the Tech Policy Institute at Cornell University, while also holding a position as a non-resident senior fellow at Brookings Institution's AI and Emerging Technology Initiative. As a former U.S. Air Force officer, she has authored five books and numerous publications on emerging technologies, digital currencies, and national security. She holds degrees from Harvard, Oxford, and Georgetown, and brings extensive expertise in the political economy of security and technology policy through her work at Cornell's Law School and Johnson School of Business's Fintech Initiative.",,,,,,https://static.wixstatic.com/media/5b61ba_f64d796b774442a79c92293e547ab8af~mv2.jpg,,bitcoin-policy-summit,2025,1,,https://www.btcpolicysummit.org/2025-speakers,Bitcoin Policy Summit 2025,,,,,,
Sargis Poghosyan,CPO,Creedroomz,"Sargis Poghosyan is an experienced Product Manager with a demonstrated history of working in the computer software industry. Skilled in Management, Leadership, Project Management, Team Leadership, and Linux. Sargis is a strong program and project management professional with a Master's degree focused in Financial Mathematics from Armenian State University of Economics.",,,,,,https://tickets.sigma.world/img/speakers/tmp/speaker-2112-1761569034.png,,sigma-world-rome,,1,,,"SiGMA World 2026 (Rome, Fiera Roma, Nov 2-5 2026)",,,,,,sigma.world/summits/world/speakers (Central Europe 2025 + SiGMA World Past speakers)
Saulo Quinteiro dos Santos,Founder,SATS Capital,"PhD em Ciência da Computação com especialização em blockchain e sistemas distribuídos pela Universidade de Manitoba - CA, com MBA em Gestão Estratégica de Negócios pela FGV. Fundador da SATS Capital.",,,,,https://x.com/sauloquinteiro,https://satsconf.com.br/wp-content/uploads/2025/10/Group-434.png,,satsconf,2025,1,,,SatsConf,,,,,,
Sayan Roy,COO & Co-Founder,AiraPay & ByteX,,,,,,,,,blockchain-futurist-toronto,,1,,,Blockchain Futurist Conference Toronto 2026,Toronto 2026,,,,,
Scarlett Arana,Co-Founder,BitBasel,,,,,,,https://cdn.prod.website-files.com/61e87bb144d08a09b725b693/688121329f22018419bd9a82_ScarlettArana_HEAD.jpg,,blockchain-futurist-florida,,1,,,,,,,,,
Schnuartz,President Specter Association & Founder,ClavaStack,,,,https://x.com/Schnuartz,,,,,planb-forum-lugano,2026,1,,,,,,,,,
Scot Johnson,Founder & CEO,Digital Shovel,,,,,,,https://miningdisrupt.com/assets/images/gallery08/6f2519c4.png?v=0308a4f1,,mining-disrupt,,1,,,,,,,,,
Scott Dykstra,Co-Founder and CTO,Space and Time,"Scott Dykstra is Co-Founder and CTO of Space and Time. Scott previously served as a VP of Cloud at Teradata, where he spent nearly eight years bringing the firm from on-premise deployments to next-gen, cloud-based SaaS.",,,https://x.com/chiefbuidl,,website:https://iq.wiki/wiki/scott-dykstra,https://api.rareevo.io/storage/domains/rareevo.io/participants/profile/scott_dykstra.png,,rare-evo,,1,,,Rare Evo 2026,,yes,active,Rare Evo 2026 (Main),138,
Scott Lai,Founder,Monsterblockhk,,,Hong Kong,,,,,,bitcoin-asia,,1,,,,,,,,,
Scott Meadows,Head of Business Development,Coinbase,,,,,,,https://cdn.prod.website-files.com/61e87bb144d08a09b725b693/68a8553cde1fd6b300cf0b4a_ScottMeadows_HEAD.jpeg,,blockchain-futurist-florida,,1,,,,,,,,,
Scott Millar,Co-founder,SideSwap,"Scott Millar is a long-time Bitcoin advocate and entrepreneur, best known as the founder of SideSwap, a non-custodial exchange and wallet built on the Liquid Network, and BlockSettle AB, a Swedish-regulated payment institution. With a background in trading and fintech, Scott has been at the forefront of building tools for Bitcoin settlement, tokenization, and self-custody, driven by a vision of an open, interoperable financial system rooted in Bitcoin.",,,,,,https://cdn.prod.website-files.com/687f979126432c8ce843e6d7/6914acb75ff1f79d500e85c8_9d99c633e863e59105fc8b21.webp,,bitcoin-mena,2025,1,,https://mena.b.tc/speakers,Bitcoin MENA,,,,,,
Scott Offord,Founder & CEO,Bitcoin Mining World,,,,,,,https://miningdisrupt.com/assets/images/gallery10/81ef551e.png?v=0308a4f1,,mining-disrupt,,1,,,,,,,,,
Scott Spiegel,Founder & CEO,BitBasel,,,,,,,https://cdn.prod.website-files.com/61e87bb144d08a09b725b693/68810f3f6a2e8610d6b74177_ScottSpiegel_HEAD.jpeg,,blockchain-futurist-florida,,1,,,,,,,,,
Sean Bianco,Co-Founder & CEO,GainChanger,"Sean Bianco is the Co-founder and CEO of GainChanger, an SEO agency specializing in driving scalable, consistent, and results-driven growth for iGaming brands and online businesses. Since launching in 2020, GainChanger has helped companies achieve sustainable organic visibility through data-driven SEO, affiliate marketing, and brand protection strategies. A regular speaker at international conferences such as SEOday, Sean shares actionable insights on link-building, competitive SEO strategy, and building robust digital assets that generate long-term ROI. He is also developing an eBook and course series focused on helping entrepreneurs build resilient online businesses that can thrive amid industry disruption.",,,,,,https://tickets.sigma.world/img/speakers/tmp/speaker-2003-1760609277.png,,sigma-world-rome,,1,,,"SiGMA World 2026 (Rome, Fiera Roma, Nov 2-5 2026)",,,,,,sigma.world/summits/world/speakers (Central Europe 2025 + SiGMA World Past speakers)
Sean McDonough,"Director, President & Chief Executive Officer",New West Data,,,,,,,https://miningdisrupt.com/assets/images/gallery10/2a6787a8.png?v=0308a4f1,,mining-disrupt,,1,,,,,,,,,
Sebastian Hagens,Creative webdeveloper,Sebastix,,,,,,,,,bitcoin-amsterdam,,1,,,,,,,,,
Sebastian Widmann,General Manager,Komainu,"Sebastian has been an advocate for Bitcoin since 2013, having conducted academic research on decentralized systems and blockchain. Sebastian currently acts as General Manager of Komainu, a regulated digital asset custodian built by institutions for institutions, that recently completed a $75m fundraise in Bitcoin. Sebastian is also a contributor for Forbes Digital Assets, where he publishes articles on Digital Assets.",,,,,,https://cdn.prod.website-files.com/687f979126432c8ce843e6d7/69123cf7229d0371224564db_P5x4npIWwJkDnVGJu8G1ZkVLoGIgqYdX_UTN7NH5y80.webp,,bitcoin-mena,2025,1,,https://mena.b.tc/speakers,Bitcoin MENA,,,,,,
Sebastien Hess,CEO,Future,,,,,,,,,bitcoin-amsterdam,,1,,,,,,,,,
Seihaku Yoshida,,HashPort,,,,,,,,,coinfest-asia,2026,1,,,,,,,,,
Senator Kirk Cullimore,Utah Senate Majority Leader,,,,,,,,https://cdn.prod.website-files.com/61e87bb144d08a09b725b693/68aca439fe05d65de8d0e63c_Cullimore%20Headshot.jpg,,blockchain-futurist-florida,,1,,,,,,,,,
Sep Alavi,Managing Partner,White Star Capital,,,,,,,https://cdn.prod.website-files.com/61e87bb144d08a09b725b693/68ea3cc36f791a85d989580d_SepAlavi_HEAD%201.png,,blockchain-futurist-florida,,1,,,,,,,,,
Serafino Vaccino,Technical Compliance Director & AI Legal Lead,EveryMatrix,,,,,,,https://tickets.sigma.world/img/speakers/tmp/speaker-2013-1760697735.png,,sigma-world-rome,,1,,,"SiGMA World 2026 (Rome, Fiera Roma, Nov 2-5 2026)",,,,,,sigma.world/summits/world/speakers (Central Europe 2025 + SiGMA World Past speakers)
Serena Sebastiani,"Founder and Managing Director @DawnX, co-Chair Digital Assets @Mena Fintech Association",DAWNX,"Serena Sebastiani is the founder and Managing Director of DawnX, a Management Consulting Boutique focused on Fintech, Digital Assets and the Future of Finance. She comes from 15 years of experience @ PwC, where she last led the Firm’s Digital Assets business. Ex-Regulator, Serena supports Regulatory Authorities in the Region to design their future-looking strategies and policies in the Fintech and Virtual Assets space, works with Banks and other TradFi institutions to enter the Virtual Assets space, and advises VASPs on their strategies, operations, compliance issues. Serena supports the growth of the Fintech and Web3 ecosystem in the Region by contributing to the active community of players across the value chain. She is also co-chair of the Digital Assets Committee at the Mena Fintech Association, the President for GCC countries at the Association of Women in Crypto, a mentor in acceleration programs and speaker at major industry events.",,,,,,https://cdn.prod.website-files.com/687f979126432c8ce843e6d7/6926249f0f8aa2118c5c2339_2bcc5117495aa0242cf78ee8.webp,,bitcoin-mena,2025,1,,https://mena.b.tc/speakers,Bitcoin MENA,,,,,,
Serge Kaulitz,Head DLT/Blockchain & Digital Assets,Luzerner Kantonalbank,,,,https://x.com/SKaulitz68275,,,,,planb-forum-lugano,2026,1,,,,,,,,,
Sergei Khitrov,Founder,"Listing.Help, Jets.Capital, Blockchain Life","Founder of Listing.Help, Jets.Capital, Blockchain Life",,,,,logo:https://blockchain-life.com/wp-content/cache/thumb/8d/a80e33ea48b008d_160x0.png,https://blockchain-life.com/wp-content/cache/thumb/3a/b97dd2b0d87a33a_420x460_notcrop.webp,,blockchain-life-forum,2026,1,,,,,,,,,
Sergey Kastukevich,CTO,SOFTSWISS,"Sergey Kastukevich is Deputy CTO at SOFTSWISS. He is a technology leader with a strong background in enterprise development across desktop, web, and mobile domains. With a result-oriented mindset and commitment to delivering high-quality management services, he focuses on creating value for customers, teams, and shareholders.",,,,,,https://tickets.sigma.world/img/speakers/tmp/speaker-1817-1759141202.png,,sigma-world-rome,,1,,,"SiGMA World 2026 (Rome, Fiera Roma, Nov 2-5 2026)",,,,,,sigma.world/summits/world/speakers (Central Europe 2025 + SiGMA World Past speakers)
Sergey Nazarov,Co-Founder,Chainlink,Co-Founder of Chainlink,,,,,logo:https://blockchain-life.com/wp-content/cache/thumb/bd/124d550d8c0bfbd_160x0.png,https://blockchain-life.com/wp-content/cache/thumb/90/cefa40e521cb790_420x460_notcrop.webp,,blockchain-life-forum,2026,1,,,,,,,,,
Sergi Delgado,Engineer,2140,,,,,,,,,bitcoin-amsterdam,,1,,,,,,,,,
Serhii Zakharov,Founder & CEO,PayDo,"Serhii Zakharov is a globally recognised FinTech entrepreneur and the Founder/CEO of PayDo. His mission is to simplify online payments, a journey that began with developing IT projects as a teenager in Ukraine. By age 25, he became one of the youngest founders to lead a Financial Conduct Authority-approved institution in the UK. As CEO of PayDo, Serhii addressed the critical pain point of fragmented payment solutions by building a unified, regulated ecosystem.",,,,,,https://tickets.sigma.world/img/speakers/tmp/speaker-2001-1760601572.png,,sigma-world-rome,,1,,,"SiGMA World 2026 (Rome, Fiera Roma, Nov 2-5 2026)",,,,,,sigma.world/summits/world/speakers (Central Europe 2025 + SiGMA World Past speakers)
Seth Hertlein,VP and Global Head of Policy,Ledger,"Serves as VP and Global Head of Policy at Ledger, where he leads the company's policy initiatives to promote economic freedom worldwide, with particular focus on European policy development. He serves on the Board of Directors of the Blockchain Association and previously served as Head of Policy & Government Relations at the Stellar Development Foundation, where he significantly elevated SDF's presence in Washington. Drawing from his experience as one of the first in-house blockchain industry lobbyists, he combines his legal background and MBA in finance to shape digital asset policy.",,,,,,https://static.wixstatic.com/media/d9a02d_724d1f521c684348bff6580f1efdd547~mv2.jpg,,bitcoin-policy-summit,2025,1,,https://www.btcpolicysummit.org/2025-speakers,Bitcoin Policy Summit 2025,,,,,,
Shae,,Nansen,,,,,,,,,coinfest-asia,2026,1,,,,,,,,,
Shaela W. Rae,Counsel,Collas Crill LLP,,,,,,,https://cdn.prod.website-files.com/61e87bb144d08a09b725b693/689decee8064731911c786ed_shaelarae_head_720.jpg,,blockchain-futurist-florida,,1,,,,,,,,,
Shalini Wood,Partner,Siri Inc,"Believe in Bitcoin, freedom & positive-sum energy Shalini Wood is a marketing architect with extended experience across Fortune 100, academia & Web3. Recognized by Forbes as one of the Top 5 Female Executives Building a Lasting Legacy in Blockchain, she played a foundational role at Babylon as the first marketing hire & CMO— scaling the brand from whitepaper into a $6Billion Bitcoin staking pioneer. Under her leadership, Babylon didn’t just join a movement—it created it, giving rise to BTCfi, the now-emerging category that connects Bitcoin with the world of DeFi. She currently serves as Founding Advisor to Satoshi Financial, GCC’s first dedicated Bitcoin treasury platform, a pioneering initiative in institutional- grade Bitcoin treasury management. She is also Advisor & Growth Partner to Botanix (Bitcoin Layer 2), Veera (Web3 browser & wallet with 3M+ users), and an emerging Layer 1 protocol (stealth). Shalini is an angel investor and strategic contributor to high-growth projects including Lombard, Lorenzo, Allo, BOB, Hetu, and others. She has also invested in a number of Digital Asset Treasuries (DATs), including BNC BNB Treasury Company, MCVT SUI Treasury, ETH Zilla Treasury, Satsuma European Bitcoin Treasury Company, TONX Treasury, and more. Previously, she spent several years as a course designer and lecturer at Utrecht University in the Netherlands — one of Europe’s top research institutions — where she co-developed courses on blockchain, decentralization, and brand futures. Earlier in her career, she led regional marketing communications for Honeywell (Fortune 100), overseeing brand, PR, and digital strategy across the EMEA region— building visibility for mission-critical technologies in logistics, retail, and industrial systems.",,,,,,https://cdn.prod.website-files.com/687f979126432c8ce843e6d7/691c838515b3593196692af3__0ImVSF1PftpYiI4UR1hnUz0mpGe0xGrACUjPwGiHN8.webp,,bitcoin-mena,2025,1,,https://mena.b.tc/speakers,Bitcoin MENA,,,,,,
Shambavi Soni,"Founder, Vision Lead",BitcoinHer,,,,,,,,,bitcoin-asia,,1,,,,,,,,,
Shan Aggarwal,Chief Business Officer,Coinbase,,,,,,,https://cdn.prod.website-files.com/61e87bb144d08a09b725b693/68af2f16201bb770d788370c_ShanAggarwal_HEAD%201.png,,blockchain-futurist-florida,,1,,,,,,,,,
Shane Cook,Founder,Pulse Digital Marketing,,,,,,,https://cdn.prod.website-files.com/61e87bb144d08a09b725b693/68812d10ebc0cf92e8ffaed1_ShaneCook_HEAD%201.png,,blockchain-futurist-florida,,1,,,,,,,,,
Shannon Squires,Chief Mining Officer,Compass Mining,,,,,,,https://miningdisrupt.com/assets/images/gallery08/19fee3c3.png?v=0308a4f1,,mining-disrupt,,1,,,,,,,,,
Shanon Squires,Chief Mining Officer,Compass Mining,"Shanon became Compass Mining’s Chief Mining Officer in December 2023, following his exceptional work as Procurement Manager. Shanon oversees all aspects of mining operations, from energy acquisition to partnerships. Since entering the Bitcoin mining space in 2017, Shanon has established himself as a prominent leader, known for his ability to navigate the complex challenges of energy acquisition, co-location strategy, and cultivating international relationships. His expertise in optimizing energy use and building sustainable, scalable mining infrastructure makes him a sought-after speaker on industry panels, where he addresses key trends in mining technology and global energy markets.",,,,,,https://cdn.prod.website-files.com/687f979126432c8ce843e6d7/68c9688ff5476a446b66fea7_ihrIabptxyXd5A1H5bWmm40DrhMxbUVLV2piTtqWv7A.webp,,bitcoin-mena,2025,1,,https://mena.b.tc/speakers,Bitcoin MENA,,,,,,
Shaun Gao,Partner,YakiHonne,,,,,,,,,bitcoin-asia,,1,,,,,,,,,
Shaw Walters,Founder,Eliza Labs,,,,,,,https://cdn.prod.website-files.com/61e87bb144d08a09b725b693/6852eeb55745296ac4c5d768_67f687e466a88549fcac1890_ShawWalters_HEAD%25201.png,,blockchain-futurist-florida,,1,,,,,,,,,
Shay Segev,CEO,DAZN Group,,,,,,,https://tickets.sigma.world/img/speakers/tmp/speaker-2195-1761921293.png,,sigma-world-rome,,1,,,"SiGMA World 2026 (Rome, Fiera Roma, Nov 2-5 2026)",,,,,,sigma.world/summits/world/speakers (Central Europe 2025 + SiGMA World Past speakers)
Shelley Vaz,Founder & Creative Strategist,CRISP,,,,,,,,,blockchain-futurist-toronto,,1,,,Blockchain Futurist Conference Toronto 2026,Toronto 2026,,,,,
Shiliang Tang,CEO,Monarq Asset Management,,,,https://x.com/shiliangtang,https://www.linkedin.com/in/shiliangtang/,,https://cdn.prod.website-files.com/6756df8f05088bc3e51c64ea/6a391d9ba89f5ba2335fbb87_Speaker-Name-Shiliang-Tang.avif,,token2049-singapore,2026,1,,https://www.token2049.com/singapore/speakers,TOKEN2049 Singapore,,,,,,
Shinobi,Technical Editor,Bitcoin Magazine,,,,,,,,,bitcoin-amsterdam,,1,,,,,,,,,
Shirley Pulis Xerxen,Head of News,SiGMA Group,,,,,,,https://tickets.sigma.world/img/speakers/tmp/speaker-1466-1765790875.png,,sigma-world-rome,,1,,,"SiGMA World 2026 (Rome, Fiera Roma, Nov 2-5 2026)",,,,,,sigma.world/summits/world/speakers (Central Europe 2025 + SiGMA World Past speakers)
Shirley Segal,VP Marketing,Chain Reaction,,,,,,,https://miningdisrupt.com/assets/images/gallery10/1580616e.png?v=0308a4f1,,mining-disrupt,,1,,,,,,,,,
Shuyao Kong,Co-Founder,MegaETH,,,,https://x.com/hotpot_dao,https://www.linkedin.com/in/shuyao-kong/,,https://cdn.prod.website-files.com/6756df8f05088bc3e51c64ea/6a391d8fb1f4c722d3b8eedb_Speaker-Name-Shuyao-Kong.avif,,token2049-singapore,2026,1,,https://www.token2049.com/singapore/speakers,TOKEN2049 Singapore,,,,,,
Siddarth Bharwani,Director & CFO,Jetking,started as a personal investment to hedge against traditional assets class of equity and gold. having realised the depth of an asset such as bitcoin pivoted a 40 year old organisation to hold bitcoin on its balance sheet making it the first publicly listed company in India to do so. Ambition to navigate a complex regulatory market of India to bring bitcoin or associated stock to a 100M people in India.,,,,,,https://cdn.prod.website-files.com/687f979126432c8ce843e6d7/6887b630a94348bfcae22904_oviXOGJDTakvEnmmGBbPqwt2ve-5FZY70_ng9Th-tg8.webp,,bitcoin-mena,2025,1,,https://mena.b.tc/speakers,Bitcoin MENA,,,,,,
Sidney Powell,Co-Founder & CEO,Maple Finance,,,,,,,https://cdn.prod.website-files.com/61e87bb144d08a09b725b693/689deb78cd80460ba89c81b3_sidneypowell_head_720.jpg,,blockchain-futurist-florida,,1,,,,,,,,,
Sidonia Wong,Sales Manager,Letine Mining,,,,,,,https://miningdisrupt.com/assets/images/gallery08/214c339a.png?v=0308a4f1,,mining-disrupt,,1,,,,,,,,,
Siim Land,,,,,,,,,https://btchel.com/wp-content/uploads/2025/12/Siim-Land-1024x1024.jpg,,btchel,,1,,,,,,,,,
Simon,Lead,Superteam Canada,,,,,,,,,blockchain-futurist-toronto,,1,,,Blockchain Futurist Conference Toronto 2026,Toronto 2026,,,,,
Simon Barff,Managing Director,CLMS,"Simon brings nearly four decades of experience in the industry, with the last 20 in C-level positions. He began his career in 1986 at a small operating company in Leeds and has since held roles across sales, manufacturing and support services. His career has included time at some of the largest gaming organisations globally, including The Rank Group, Cirsa SA, SEGA, TCS, Blueprint and the Gauselmann Group, before taking on his current role as Managing Director at CLMS.",,,,,,https://tickets.sigma.world/img/speakers/tmp/speaker-1892-1759821649.png,,sigma-world-rome,,1,,,"SiGMA World 2026 (Rome, Fiera Roma, Nov 2-5 2026)",,,,,,sigma.world/summits/world/speakers (Central Europe 2025 + SiGMA World Past speakers)
Simon Dixon,CEO & Co-Founder,BnkToTheFuture.com,"Simon Dixon has always considered himself a finance geek—obsessed with banking, monetary reform and geo-financial analysis that shape our world. After building a career as an insider in investment banking—as a stockbroker, market maker, and corporate finance banker—he developed a rare understanding of how the financial system really works. But when his father lost everything in the dot-com bust, Simon left his lucrative career behind to become a monetary reformer, determined not just to expose the flaws of finance but to fix them. That mission led him to Bitcoin when it was just $3—a moment that changed everything. Unlike most early adopters who were tech enthusiasts, Simon came from finance, and he decoded what Satoshi left behind: Bitcoin was not just money, but the tool that could end the corrupt financial system, dismantle the Federal Reserve, and strip power from those who abuse it. He saw how politicians and regulators would deliberately co-opt innovation to maintain control—something he experienced first-hand when his attempts to reform the UK banking system were blocked. With that foresight, Simon gained financial freedom through Bitcoin and became one of the earliest investors in the industry’s biggest names—including Coinbase, Kraken, BitPay, Bitfinex, Blockchain.com, Circle and Robinhood. He is also the author of *Bank to the Future* (2012), the world’s first published book to ever discuss Bitcoin. Recognized by Robert Kiyosaki as “the first guy to ever talk about Bitcoin,” praised by Richard Branson for his investment platform BnkToTheFuture.com, and called by Max Keiser “the No.1 Bitcoin investment banker ever,” Simon has long been ahead of his time. Through BnkToTheFuture, he has facilitated over $2.5 billion of investments into companies that shaped the Bitcoin ecosystem. He has helped thousands become Bitcoin millionaires and billionaires—and now seeks to help millions more protect themselves, their families, and their nations from an AI-driven jobless future and the oppressive control of central bank digital currencies (CBDCs)—with Bitcoin as the tool for freedom and protection. Simon is widely recognized not only for his pioneering role in Bitcoin but also for his expertise in geo-financial analysis, money, and investing. His ability to connect Bitcoin, macroeconomics, and global financial power shifts has allowed him to anticipate trends and events years before they unfold—making him the person many influencers and analysts quietly study. Through his weekly show BitcoinHardTalk (100k+ YouTube subscribers, 200k+ followers on X), Simon helps people follow the money, self-custody their Bitcoin, and resist an oppressive financial system whose time is running out.",,,,,,https://cdn.prod.website-files.com/687f979126432c8ce843e6d7/6900c3bd887c880bb611ed95_6a3dbaf2a45dea3799bd678e.webp,,bitcoin-mena,2025,1,,https://mena.b.tc/speakers,Bitcoin MENA,,,,,,
Simon Lelieveldt,Director,Lelieveldt Regulatory Consultancy,,,,,,,,,bitcoin-amsterdam,,1,,,,,,,,,
Simon Planzer,Partner,Planzer Law,"Dr Simon Planzer is founding partner at PLANZER LAW AG, which features internationally recognised legal specialisation in technology, gaming and entertainment. The firm's team provides highly specialised services on all gaming matters relating to Switzerland and EU/EEA. Dr Planzer wrote his PhD on EU/EEA gaming regulation and has published extensively on gaming matters. He serves as regular speaker at leading industry conferences and has been invited repeatedly by both the IAGR and the GREF to present to regulators.",,,,,,https://tickets.sigma.world/img/speakers/tmp/speaker-733-1759832291.png,,sigma-world-rome,,1,,,"SiGMA World 2026 (Rome, Fiera Roma, Nov 2-5 2026)",,,,,,sigma.world/summits/world/speakers (Central Europe 2025 + SiGMA World Past speakers)
Simon Stokes,CCO,The Conexus Group,"Simon Stokes is Group Chief Commercial Officer at The Conexus Group, a role in which he leads commercial strategy and operations across a portfolio of specialist businesses in the Payments and FinTech industry. With over 20 years’ experience in these sectors, he drives revenue growth, spearheads group-wide initiatives, and cultivates key client relationships for the group. Simon also spearheaded the launch of The Conexus Group’s dedicated FinTech M&A advisory arm, PaymentGenes Capital. In addition, he serves as a Commercial Board Advisor to a number of early-stage FinTech ventures.",,,,,,https://tickets.sigma.world/img/speakers/tmp/speaker-2000-1760601522.png,,sigma-world-rome,,1,,,"SiGMA World 2026 (Rome, Fiera Roma, Nov 2-5 2026)",,,,,,sigma.world/summits/world/speakers (Central Europe 2025 + SiGMA World Past speakers)
Simon Westbury,Strategic Advisor,1xbet,"Simon Westbury, is a leading figure in the iGaming industry with over 18 years of experience. Simon has worked at companies such as Amaya and Digitiain, where he gained a reputation for building high performing commercial teams which delivered record year on year growth. Most recently, Simon was CEO of Sport Generate before moving into his current role with 1xBet where he leads the company’s growth into more regulated markets. Known for his leadership qualities, Simon, leads by example, by empowering his teams to not only deliver but to grow as iGaming professionals. Most recently, Simon was CEO of Sport Generate before moving into his current role with 1xbet where he is tasked with leading the company’s growth into more regulated markets and challenging the status quo.",,,,,,https://tickets.sigma.world/img/speakers/tmp/speaker-1573-1759137426.png,,sigma-world-rome,,1,,,"SiGMA World 2026 (Rome, Fiera Roma, Nov 2-5 2026)",,,,,,sigma.world/summits/world/speakers (Central Europe 2025 + SiGMA World Past speakers)
Simona Pop,Host (Judge),The Human Protocol,,,,https://x.com/Sim_Pop,,,https://ethglobal.b-cdn.net/users/aqm94/sm.jpg,,ethglobal-lisbon,,1,,,,,,,,,
Sindura Saraswathi,PhD Student,University of Central Florida,"Sindura Saraswathi is a PhD student at the University of Central Florida, researching Bitcoin and the Lightning Network with a focus on scalability and reliability. Her recent work includes a closed-form framework for selecting optimal threshold signatures for Bitcoin custody and an in-depth analysis of pathfinding strategies across Lightning clients.",,,,,,https://cdn.prod.website-files.com/687f979126432c8ce843e6d7/6911ff7f9538c5f89fe1fb7f_sSMHlUR0s92c_twhMjCHMEBzmCB4Ht3NA1zVaXcsRTk.webp,,bitcoin-mena,2025,1,,https://mena.b.tc/speakers,Bitcoin MENA,,,,,,
Sjors Provoost,Developer,Bitcoin Core,,,,,,,,,bitcoin-amsterdam,,1,,,,,,,,,
Skot,Bitaxe Creator,,,,,,,,https://miningdisrupt.com/assets/images/gallery08/447ad3cd.png?v=0308a4f1,,mining-disrupt,,1,,,,,,,,,
Sofia Maria Cucciniello,Head of Legal & Compliance,Blockchain.com,,,,,,,https://tickets.sigma.world/img/speakers/tmp/speaker-1786-1758697360.png,,sigma-world-rome,,1,,,"SiGMA World 2026 (Rome, Fiera Roma, Nov 2-5 2026)",,,,,,sigma.world/summits/world/speakers (Central Europe 2025 + SiGMA World Past speakers)
Sondre Rydningen Torberntsson,,,,,,https://x.com/NorthOfTheWalls,,,https://btchel.com/wp-content/uploads/2025/12/Sondre-Rydningen-Torberntsson-1024x1024.jpg,,btchel,,1,,,,,,,,,
Sonia Mayenco,"Head of Compliance, RoW markets",Kraken,"Sonia Mayenco is the Head of Compliance for Rest-of-the-World (RoW) markets at Kraken, one of the world’s leading cryptocurrency platforms. A lawyer by training, Sonia brings over 10 years of experience in the crypto industry, with a focus on regulatory compliance, strategic market expansion and risk management across both emerging and mature markets. Sonia began her career in Singapore, where she was a founding member of Cryptosigma (now Toast), one of the earliest Bitcoin-based remittance startups. The company was recognized as one of the top 3 startups at the Singapore Startupbootcamp FinTech accelerator program in 2015, marking an early chapter in what would become a long-standing commitment to digital finance innovation. With extensive experience across APAC and LATAM, Sonia has helped shape global compliance strategies for a wide range of crypto products, including spot and margin trading, OTC trading, derivatives and tokenized equities. Today, she plays a pivotal role in Kraken’s expansion into emerging and regulated markets, helping bridge innovation with regulatory integrity.",,,,,,https://cdn.prod.website-files.com/687f979126432c8ce843e6d7/6908e6a415d7acefd035c41f_5c125d258cba42670c9e5dc5.webp,,bitcoin-mena,2025,1,,https://mena.b.tc/speakers,Bitcoin MENA,,,,,,
Staci Warden,CEO,Algorand Foundation,,,,,,,,,blockchain-futurist-toronto,,1,,,Blockchain Futurist Conference Toronto 2026,Toronto 2026,,,,,
Staffan Engström,Co-Founder & CEO,Fieldstream.Ai,"Staffan is a data- and marketing science entrepreneur who has worked with optimization of iGaming Marketing since 2013. He began his work with AI in 2017-2019 together with Stanford University building a prediction model using neuro data creating the world largest neuro data base for marketing research purposes. Fieldstream AI is his fourth start-up, and the platform optimizes marketing investments and life cycle value for igaming as well as other verticals including auto, finance, fmcg, health care and entertainment.",,,,,,https://tickets.sigma.world/img/speakers/tmp/speaker-826-1761638286.png,,sigma-world-rome,,1,,,"SiGMA World 2026 (Rome, Fiera Roma, Nov 2-5 2026)",,,,,,sigma.world/summits/world/speakers (Central Europe 2025 + SiGMA World Past speakers)
Stanisław Szostak,Co-Founder,Astral Forest,"Stanisław Szostak (Stan) is the Co-founder of Astral Forest, consulting agency specialising in analytics, governance, data and AI for iGaming industry. Stan leads the iGaming practice within Astral Forest, working since it’s inception with online casino operators and other industry actors across Switzerland, France, Poland and UK. He specialises in leveraging data to drive business growth, marketing effectiveness, and ensure compliance and responsible gaming standards.",,,,,,https://tickets.sigma.world/img/speakers/tmp/speaker-2121-1761640647.png,,sigma-world-rome,,1,,,"SiGMA World 2026 (Rome, Fiera Roma, Nov 2-5 2026)",,,,,,sigma.world/summits/world/speakers (Central Europe 2025 + SiGMA World Past speakers)
Steef,Meshtastic,Meshtastic,,,,,,,,,bitcoin-amsterdam,,1,,,,,,,,,
Stefan Kern,CEO & Founder,Bitkern Group,"Stefan Kern is the Founder & CEO of the Bitkern Group, a Swiss based provider of high-performance computing and Bitcoin mining infrastructure, which he established in 2017. Under his leadership, Bitkern has grown into a trusted partner for private and institutional clients, offering scalable data-center solutions, managed hosting, and hardware procurement across multiple international locations. With a strong focus on energy efficiency, operational reliability, and technological excellence, Stefan has been instrumental in shaping the standards of professional Bitcoin mining. His strategic vision emphasizes the intersection of sustainability, innovation, and digital asset infrastructure, positioning Bitkern as a key player in the global high-performance computing landscape.",,,,,,https://cdn.prod.website-files.com/687f979126432c8ce843e6d7/691dd270f4ddfea0bcb33f85_-4fwLYvFRnyqVR_ysWv8UdyuwM0u4J5QP8OXJPbzcGw.webp,,bitcoin-mena,2025,1,,https://mena.b.tc/speakers,Bitcoin MENA,,,,,,
Stefan Lavén,Founder,Data Talks,"Stefan Lavén is the Founder of Data Talks, the leading Sports Customer Data Platform helping clubs, leagues and federations monetise supporter data. With over 25 years of experience scaling tech companies, Stefan has a proven track record of growing organisations from startup stage to €100M+ in revenue while maintaining a startup mindset. Under his leadership, Data Talks has become a trusted partner for sports organisations across Europe and beyond.",,,,,,https://tickets.sigma.world/img/speakers/tmp/speaker-1708-1757948097.png,,sigma-world-rome,,1,,,"SiGMA World 2026 (Rome, Fiera Roma, Nov 2-5 2026)",,,,,,sigma.world/summits/world/speakers (Central Europe 2025 + SiGMA World Past speakers)
Stefan Muehlbauer (AffPal),Head of Program,Masters in Cash,"Stefan 'Affpal' Muehlbauer is a leading Affiliate Management expert and 2024 Affiliate World Forum Awards winner for best affiliate manager. He is Author of 'The Affiliate Management Starter Kit' and host of 'Affiliate Manager Academy.' With Affpal consultancy, he offers services programmes and networks need to excel in their vertical. He also serves as Director of the advertiser Masters in Cash.",,,,,,https://tickets.sigma.world/img/speakers/tmp/speaker-1932-1760079977.png,,sigma-world-rome,,1,,,"SiGMA World 2026 (Rome, Fiera Roma, Nov 2-5 2026)",,,,,,sigma.world/summits/world/speakers (Central Europe 2025 + SiGMA World Past speakers)
Stefan Rust,Founder,Index.fun,"Stefan Rust is the Founder of Index.fun, a platform turning community data and real-world trends into on-chain, tradeable indices. A veteran in crypto and fintech, Stefan started in the space in 2012, first making waves as CEO of Bitcoin.com before launching Laguna Labs. Some of his prominent projects include a multi-chain data infrastructure TRUF.NETWORK and real-time inflation analytics Truflation.com. Stefan is a serial entrepreneur, global leader, and active crypto investor, with a track record of building market-first platforms.",,,,,,https://tickets.sigma.world/img/speakers/tmp/speaker-2059-1761120041.png,,sigma-world-rome,,1,,,"SiGMA World 2026 (Rome, Fiera Roma, Nov 2-5 2026)",,,,,,sigma.world/summits/world/speakers (Central Europe 2025 + SiGMA World Past speakers)
Stefania Barbaglio,Founder,Cassiopeia and FinancialFox,,,,,,,,,bitcoin-amsterdam,,1,,,,,,,,,
Stefano Menghinello,"Head of Department for Economic and Environmental Statistics, National Accounts",ISTAT,"Stefano Menghinello, Research Director, is currently the Head of Department for Economic and Environmental Statistics, National Accounts at ISTAT, the Italian NSO. He a member of the Board (ex Chair) of the United Nations Committee of Experts on Business and Trade Statistics (CEBTS) and, previously, Chair of the OECD Working Party on Industrial Globalization. He has conducted research in economic statistics, industrial, international, and regional economics. Contract professor at the Faculty of Civil and Industrial Engineering of the Sapienza University of Rome. He holds a PhD in industrial economics and internal business at the University of Birmingham (UK), he has published in national and international journals.",,,,,,https://tickets.sigma.world/img/speakers/tmp/speaker-1821-1759139380.png,,sigma-world-rome,,1,,,"SiGMA World 2026 (Rome, Fiera Roma, Nov 2-5 2026)",,,,,,sigma.world/summits/world/speakers (Central Europe 2025 + SiGMA World Past speakers)
Stefano Sbordoni,Lawyer,Sbordoni&Partners,"Mr Stefano Sbordoni has an established reputation in the Gaming and Betting industry in Italy and internationally. In addition to being a consultant to Autonomous Administration of the State Monopolies, he has played a substantial role in the introduction of Bingo in Italy, in the re-organisation of the gambling licensing sector, the privatisation of the instant and traditional Lotteries and in lottery networks in foreign countries.",,,,,,https://tickets.sigma.world/img/speakers/tmp/speaker-780-1761556750.png,,sigma-world-rome,,1,,,"SiGMA World 2026 (Rome, Fiera Roma, Nov 2-5 2026)",,,,,,sigma.world/summits/world/speakers (Central Europe 2025 + SiGMA World Past speakers)
Stella Martirosian,Operations Lead,AML Incubator,,,,,,,https://cdn.prod.website-files.com/61e87bb144d08a09b725b693/68baf1d4e357841d7c19c088_StellaMartirosian_HEAD%201.png,,blockchain-futurist-florida,,1,,,,,,,,,
Stepan Dobrovolskiy,CEO,BetBoom LATAM,"Stepan Dobrovolskiy is the CEO at BetBoom LATAM. Stepan is the driving force behind BetBoom’s rapid expansion across Latin America, leading the brand’s focus on esports, entertainment, and innovative fan engagement to redefine online gaming for a new generation of players.",,,,,,https://tickets.sigma.world/img/speakers/tmp/speaker-1783-1758626754.png,,sigma-world-rome,,1,,,"SiGMA World 2026 (Rome, Fiera Roma, Nov 2-5 2026)",,,,,,sigma.world/summits/world/speakers (Central Europe 2025 + SiGMA World Past speakers)
Stephan Livera,Bitcoin Podcaster,,,,,https://x.com/stephanlivera,,,,,planb-forum-lugano,2026,1,,,,,,,,,
Stephan Lutz,CEO,BitMEX,,,,,,,,,bitcoin-amsterdam,,1,,,,,,,,,
Stephen Aupy,Business Development Manager,Mindway AI,,,,,,,https://tickets.sigma.world/img/speakers/tmp/speaker-1870-1759475950.png,,sigma-world-rome,,1,,,"SiGMA World 2026 (Rome, Fiera Roma, Nov 2-5 2026)",,,,,,sigma.world/summits/world/speakers (Central Europe 2025 + SiGMA World Past speakers)
Stephen Crystal,Founder & CEO,SCCG Management,"Stephen A. Crystal has spent over 32 years in all aspects of the casino, gaming technology, iGaming, sports betting, eSports, and sports entertainment industries. He has served as an attorney representing public and private gaming companies; a Las Vegas casino owner and gaming executive employing thousands of employees; and an investor and advisor on over 2 billion dollars of project finance, mergers, and acquisitions in the casino, gaming technology, iGaming, sports betting, eSports, and sports entertainment verticals. Steve received his undergraduate degree from Dartmouth College in 1987 and his Juris Doctor degree from American University in 1992. He is licensed to practice law in Missouri (1992) and the District of Columbia (1993). He served as one of the youngest State Representatives in New Hampshire State history and ran campaign strategy for numerous Presidential, Senatorial, and Congressional campaigns across the USA!",,,,,,https://tickets.sigma.world/img/speakers/tmp/speaker-301-1760528805.png,,sigma-world-rome,,1,,,"SiGMA World 2026 (Rome, Fiera Roma, Nov 2-5 2026)",,,,,,sigma.world/summits/world/speakers (Central Europe 2025 + SiGMA World Past speakers)
Stephen Gregory,CEO,Binance.US,"Stephen Gregory is CEO of Binance.US, leading the crypto exchange into its next phase of growth. Mr. Gregory has deep experience in building and scaling regulated crypto infrastructure companies, having previously served as U.S. CEO of Currency.com, a cryptocurrency trading platform and digital finance provider, through the company’s acquisition in 2025. A seasoned attorney with expertise in digital assets compliance, Mr. Gregory has also held key compliance leadership positions at Gemini and CEX.io. Mr. Gregory earned his J.D. from the Maurice A. Deane School of Law at Hofstra University. He also holds a B.A. in Political Science from Franklin & Marshall College, as well as an M.A. in Environmental Law and Policy from Vermont Law and Graduate School.",,,https://x.com/Stevie_Satoshi,https://www.linkedin.com/in/stevegregory9/,website:https://iq.wiki/wiki/stephen-gregory,https://api.rareevo.io/storage/domains/rareevo.io/participants/profile/stephen.gregory.png,,rare-evo,,1,,,Rare Evo 2026,,yes,active,Rare Evo 2026 (Main),146,
Stephen Perrenod,Associate Director,Scientific Bitcoin Institute,,,,,,,,,bitcoin-asia,,1,,,,,,,,,
Stephen Sargeant,Founder,Airdropd,,,,,,,,,blockchain-futurist-toronto,,1,,,Blockchain Futurist Conference Toronto 2026,Toronto 2026,,,,,
Steven Eliscu,COO,DMG,,,,,,,https://miningdisrupt.com/assets/images/gallery12/f83004e5.png?v=0308a4f1,,mining-disrupt,,1,,,,,,,,,
Steven Goldfeder,Co-Founder and CEO,Offchain Labs,,,,https://x.com/sgoldfed,linkedin.com/in/sgoldfed,,https://cdn.prod.website-files.com/6756df8f05088bc3e51c64ea/6a391d9aa89f5ba2335fbb73_Speaker-Name-Steven-Goldfeder.avif,,token2049-singapore,2026,1,,https://www.token2049.com/singapore/speakers,TOKEN2049 Singapore,,,,,,
Steven Reiss,"Curator, Writer & Art Advisor",Reiss Art & Culture,,,,,,,,,bitcoin-amsterdam,,1,,,,,,,,,
Steven Wisbrun,Founder,M1 Capital,,,,,,,,,bitcoin-amsterdam,,1,,,,,,,,,
Sudhir Ravi,CEO,Chiliz,"Sudhir Ravi is a private equity executive and capital allocator with over 30 years of experience building and scaling businesses across technology, sports, and media. He serves as CEO of Chiliz US, where he is leading the US expansion of the world's leading Sports blockchain platform. A Board Member at the Kellogg School of Management and an Associate Professor at RIT's Saunders College of Business, Sudhir brings rare fluency across capital markets, innovation, and institutional leadership. He is based in Chicago.",,,,https://www.linkedin.com/in/ravisudhir/,website:https://iq.wiki/wiki/sudhir-ravi,https://api.rareevo.io/storage/domains/rareevo.io/participants/profile/sudhir_ravi.png,,rare-evo,,1,,,Rare Evo 2026,,yes,active,Featured Exhibitors 2026; Rare Evo 2026 (Main),130,
Sumit Arya,Founder & CEO,SpearTrades,,,,,,,https://cdn.prod.website-files.com/61e87bb144d08a09b725b693/68c2ba3d77ca7b9506397f4f_Sumit%20Headshot%201.png,,blockchain-futurist-florida,,1,,,,,,,,,
Summer Meng,General Manager,Bitmars,,,,,,,https://miningdisrupt.com/assets/images/gallery08/3013532f.png?v=0308a4f1,,mining-disrupt,,1,,,,,,,,,
Sunny Aggarwal,Co-Founder,Osmosis Labs,Co-Founder of Osmosis Labs,,,,,logo:https://blockchain-life.com/wp-content/cache/thumb/a1/837ff87957665a1_160x0.png,https://blockchain-life.com/wp-content/cache/thumb/53/0fd25245e564153_420x460_notcrop.webp,,blockchain-life-forum,2026,1,,,,,,,,,
Sunny Lu,Co-Founder and CEO,Vechain,Co-Founder and CEO of Vechain,,,,,logo:https://blockchain-life.com/wp-content/cache/thumb/f5/98237a59d535df5_160x0.webp,https://blockchain-life.com/wp-content/cache/thumb/91/c0caee2ac455e91_420x460_notcrop.webp,,blockchain-life-forum,2026,1,,,,,,,,,
Super Testnet,Independent,,,,,https://x.com/supertestnet,,,,,planb-forum-lugano,2026,1,,,,,,,,,
Sydney Bright,Customer Success Lead Facilitator,Abundant Mines,,,,,,,https://miningdisrupt.com/assets/images/gallery10/253a54ce.png?v=0308a4f1,,mining-disrupt,,1,,,,,,,,,
Sydney Csuk,The Bitcoin Barbie - Influencer/KOL,Spaces Host,,,,,,,https://cdn.prod.website-files.com/61e87bb144d08a09b725b693/68e7f1fe735f2ff3c37b7d5a_sydneycsuk_head_720.png,,blockchain-futurist-florida,,1,,,,,,,,,
Sydney Csuk,"Brand Development, Co-Founder",Honey Bee Royale / TheBitcoinBarbie Business,,,,,,,,,blockchain-futurist-toronto,,1,,,Blockchain Futurist Conference Toronto 2026,Toronto 2026,,,,,
Sélim Chidiac,Director,Chidiac Investments Limited,"Sélim Chidiac is a seasoned Board Director and former global CEO who has been deeply engaged in the Bitcoin ecosystem for over five years. He has attended leading conferences across the US, Europe, and the Middle East, participated in YouTube podcasts, and dedicated hundreds of hours to studying Bitcoin through books and podcasts. Today, Sélim combines his expertise in corporate governance, international expansion, transformation, and capital markets with his passion for Bitcoin, sharing insights on its role in reshaping finance and long-term value creation. He currently serves on multiple boards and advises leaders on innovation, strategy, and disruptive technologies.",,,,,,https://cdn.prod.website-files.com/687f979126432c8ce843e6d7/690e05e59cafe1c0cb58b0ec_oqCOHezWtEsF9lu1Sk_F8vLUdJY297GS2gb_Hy50zZQ.webp,,bitcoin-mena,2025,1,,https://mena.b.tc/speakers,Bitcoin MENA,,,,,,
Tamara Novitović,Head of SEO,Bazoom Group,"Tamara Novitović is Head of SEO at Bazoom Group, a global media marketplace for operators and affiliates. She helps new brands, enterprise operators and affiliates scale traffic and visibility through advanced link-building, local SEO and strategies that strengthen brand presence and AI search. An experienced industry speaker at events like BrightonSEO and SiGMA, Tamara shares insights on building authority, adapting to search changes and driving sustainable growth in the iGaming space.",,,,,,https://tickets.sigma.world/img/speakers/tmp/speaker-760-1757947408.png,,sigma-world-rome,,1,,,"SiGMA World 2026 (Rome, Fiera Roma, Nov 2-5 2026)",,,,,,sigma.world/summits/world/speakers (Central Europe 2025 + SiGMA World Past speakers)
Tamara Szulc,Community Coordinator,Stand With Crypto,"Tamara Szulc is the Community Coordinator at Stand With Crypto, where she leads grassroots organizing efforts to advance pro-crypto legislation. She brings a diverse background spanning Web3 venture capital, law firms, and legal consulting, along with a J.D. from Emory University School of Law, where she focused on intellectual property and emerging technology. Tamara combines legal expertise with a deep understanding of decentralized innovation to drive meaningful, community-led change in the future of crypto and Web3 policy.",,,,,website:https://iq.wiki/wiki/tamara-szulc,https://api.rareevo.io/storage/domains/rareevo.io/participants/profile/tamara.png,,rare-evo,,1,,,Rare Evo 2026,,,active,Rare Evo 2026 (Main),70,
Tamas Kusztos,СCО,Playson,"Tamas Kusztos is responsible for overseeing Playson’s commercial strategy. With over a decade of iGaming experience, Kusztoz supports the company’s ambitious growth expansion with his versatile expertise and diverse leadership skills. An expert in commercial development and strategy, he plays a crucial role by setting data-driven goals for the company and delivering strong results that reinforce Playson’s presence in more than 25 regulated markets.",,,,,,https://tickets.sigma.world/img/speakers/tmp/speaker-1698-1757667285.png,,sigma-world-rome,,1,,,"SiGMA World 2026 (Rome, Fiera Roma, Nov 2-5 2026)",,,,,,sigma.world/summits/world/speakers (Central Europe 2025 + SiGMA World Past speakers)
Tanawat (Poom) Chiewhawan,,Tokenomist,,,,,,,,,coinfest-asia,2026,1,,,,,,,,,
Tanya Woods,Head of Government and Regulatory Affairs and Policy Counsel,Questrade Financial Group,,,,,,,,,blockchain-futurist-toronto,,1,,,Blockchain Futurist Conference Toronto 2026,Toronto 2026,,,,,
Tao Zhang,Co-founder,Manus AI,,,,,,profile:https://websummit.com/attendees/lis25/b0a21143-19cf-42e5-aa83-2b9ef7295a5e/tao-zhang,https://web-summit-avenger.imgix.net/production/avatars/original/849fa86133b3aa10706d4f91afbf2201204cdfb7.png,,web-summit-lisbon,2025,1,,,,,,,,,
Tarun Chitra,Co-Founder and CEO,Gauntlet,,,,https://x.com/tarunchitra,https://www.linkedin.com/in/tarunchitra,,https://cdn.prod.website-files.com/6756df8f05088bc3e51c64ea/6a391d8fb1f4c722d3b8eee4_Speaker-Name-Tarun-Chitra.avif,,token2049-singapore,2026,1,,https://www.token2049.com/singapore/speakers,TOKEN2049 Singapore,,,,,,
Tatiana Bogolyubskaya,Head of HR,Aviatrix,"Tatiana Bogolyubskaya is a HR professional with a strong foundation in operations and product. She began her career at Sportwetten Gera and later joined PokerStars, where she helped build high-performing customer service teams. With over 12 years in HR, she combines strategic thinking with relationship-building to support team growth. Now at Aviatrix, Tatiana focuses on operational efficiency and partnerships, drawing on her B2C and B2B experience to drive meaningful impact.",,,,,,https://tickets.sigma.world/img/speakers/tmp/speaker-1463-1761291305.png,,sigma-world-rome,,1,,,"SiGMA World 2026 (Rome, Fiera Roma, Nov 2-5 2026)",,,,,,sigma.world/summits/world/speakers (Central Europe 2025 + SiGMA World Past speakers)
Tatiana Botskina,CEO,Deriskly,"Tatiana Botskina is a serial founder, AI researcher and CEO of Deriskly, an award winning UK based company transforming customer insights into strategic opportunities. With a background as a banking lawyer and a doctoral researcher in Explainable AI at the University of Oxford, Tatiana combines expertise in AI, governance and data driven strategy. Her work focuses on building responsible AI systems that help financial and enterprise teams translate complex customer data into clear, evidence based strategies that drive growth and trust.",,,,,,https://tickets.sigma.world/img/speakers/tmp/speaker-1898-1759828816.png,,sigma-world-rome,,1,,,"SiGMA World 2026 (Rome, Fiera Roma, Nov 2-5 2026)",,,,,,sigma.world/summits/world/speakers (Central Europe 2025 + SiGMA World Past speakers)
Tattapong (Farm) Kunthadech,Senior Associate,Bitcoin Learning Center & Arise by infinitas,,,Thailand,,,,,,bitcoin-asia,,1,,,,,,,,,
Tatyana Kaminskaya,Head of Game Aggregator,SOFTSWISS,"Tatyana Kaminskaya is the Head of Game Aggregator at SOFTSWISS, with nearly a decade of experience in iGaming. Since joining the company in 2016, she has advanced from Account Manager to leading one of SOFTSWISS’ flagship products. Under her leadership, the Game Aggregator has become an award-winning solution, recognised by SiGMA Europe Awards 2023, EGR B2B Awards and others. Tatyana’s expertise and strategic vision have positioned the Game Aggregator as one of the strongest products in the global iGaming market.",,,,,,https://tickets.sigma.world/img/speakers/tmp/speaker-1818-1759141174.png,,sigma-world-rome,,1,,,"SiGMA World 2026 (Rome, Fiera Roma, Nov 2-5 2026)",,,,,,sigma.world/summits/world/speakers (Central Europe 2025 + SiGMA World Past speakers)
Tech Hustler,Content Creator Mining Focused,,,,,,,,https://miningdisrupt.com/assets/images/gallery12/02940867.png?v=0308a4f1,,mining-disrupt,,1,,,,,,,,,
Temo Bezhiashvili,Core Product Manager,Maicrotrader,,,,,,,,,bitcoin-amsterdam,,1,,,,,,,,,
Terrence (Tex) McCutcheon,Open Source Program Manager - Intersect,Intersect,,,,,,,https://api.rareevo.io/storage/domains/rareevo.io/participants/profile/tex.png,,rare-evo,,1,,,Rare Evo 2026,,,active,Dev/Gov Day,151,
Tessa Wijaya,,Xendit,,,,,,,,,coinfest-asia,2026,1,,,,,,,,,
Thamillin Valery Klen,Founder & CEO,TP Marketing BR,"Thamillin Valery Klen is a visionary executive and international speaker with a solid career in iGaming, digital marketing and innovation. Known for her strategic leadership and ability to build global connections, she has become a reference in international expansion and brand positioning within the competitive digital entertainment industry. She is CEO and founder of Maior Apostas, a leading affiliate guide and educational platform for sports betting and online casinos in Brazil and Portugal. In parallel, she founded TP Marketing BR, a digital marketing agency focused on end to end marketing solutions.",,,,,,https://tickets.sigma.world/img/speakers/tmp/speaker-1043-1760081347.png,,sigma-world-rome,,1,,,"SiGMA World 2026 (Rome, Fiera Roma, Nov 2-5 2026)",,,,,,sigma.world/summits/world/speakers (Central Europe 2025 + SiGMA World Past speakers)
Theodora Dcruz,Director of Government Relations,Bitdeer,,,,,,,https://static.wixstatic.com/media/5b61ba_c8d9ed66d3b54d4dafdb589b58f6fc1a~mv2.jpg,,bitcoin-policy-summit,2025,1,,https://www.btcpolicysummit.org/2025-speakers,Bitcoin Policy Summit 2025,,,,,,
Theresa Morrison,"COO, CFO","BlockSpaces, Inc.","Bitcoin 2017. Early team roles in swaps, derivatives, and project finance at Investec Merchant Bank, building treasury lending and structured finance desk from the ground up. Currently serving as COO/CFO to BlockSpaces, - innovating Bitcoin-native smart contract execution of collateral and risk management for institutional finance and trading/derivative markets. Advisor to Base 58, a Bitcoin protocol school for technical education. Advisory Board member of Bitcoin Arabia.",,,,,,https://cdn.prod.website-files.com/687f979126432c8ce843e6d7/6903a7fff1deae49a495303e_RfhRERT2YoHTBQ97ekBrHcbILUUiqWyd3UWu_0UxIRU.webp,,bitcoin-mena,2025,1,,https://mena.b.tc/speakers,Bitcoin MENA,,,,,,
Thijs van Boven,"Head Trader, Digital Assets",VanEck,,,,,,,,,bitcoin-amsterdam,,1,,,,,,,,,
Thomas Brand,,,,,,https://x.com/thlbr,,,https://btchel.com/wp-content/uploads/2025/12/Thomas-Brand-1024x1024.jpg,,btchel,,1,,,,,,,,,
Thomas Hitomi Chou,,Canton Foundation,,,,,,,,,coinfest-asia,2026,1,,,,,,,,,
Thunder,Head of Talent,Strike,,,,,,,,,bitcoin-amsterdam,,1,,,,,,,,,
Tiago Henriques,Head,"AI/ML Technology Practice, Google Cloud EMEA","Head of AI/ML Technology Practice, Google Cloud EMEA",,,,,logo:https://blockchain-life.com/wp-content/cache/thumb/21/55f3daa6a604b21_160x0.webp,https://blockchain-life.com/wp-content/cache/thumb/99/89264f5e002b399_420x460_notcrop.webp,,blockchain-life-forum,2026,1,,,,,,,,,
Tianwei Liu,,StraitsX,,,,,,,,,coinfest-asia,2026,1,,,,,,,,,
Tim Dobbing,Director,HWF Partners,"Tim Dobbing is a Director in the Tax Insurance team at HWF. Tim has experience in providing tax insurance solutions for a wide variety of institutional, individual, and corporate clients, and has worked on a significant number of complex, multi-jurisdictional and high value placements since joining HWF.",,,,,,https://tickets.sigma.world/img/speakers/tmp/speaker-1942-1760342937.png,,sigma-world-rome,,1,,,"SiGMA World 2026 (Rome, Fiera Roma, Nov 2-5 2026)",,,,,,sigma.world/summits/world/speakers (Central Europe 2025 + SiGMA World Past speakers)
Tim Draper,Founder,Draper Associates and DFJ,Founder of Draper Associates and DFJ,,,,,logo:https://blockchain-life.com/wp-content/cache/thumb/5c/e052d8414ccb55c_160x0.png,https://blockchain-life.com/wp-content/cache/thumb/40/e0b4e105e974140_420x460_notcrop.webp,,blockchain-life-forum,2026,1,,,,,,,,,
Tim French,Commercial Manager,Greco,"Having worked across various facets of the B2B supply chain, Tim has been instrumental in fostering partnerships, streamlining operations and enhancing efficiencies that drive value for stakeholders in the gaming ecosystem. Currently, Tim is a key team member at Greco, the industry's first gameplay risk engine. Greco focuses on the detection and prevention of bonus abuse occurring in real time, ensuring a safer and fairer gaming environment.",,,,,,https://tickets.sigma.world/img/speakers/tmp/speaker-593-1759407080.png,,sigma-world-rome,,1,,,"SiGMA World 2026 (Rome, Fiera Roma, Nov 2-5 2026)",,,,,,sigma.world/summits/world/speakers (Central Europe 2025 + SiGMA World Past speakers)
Tim Harrison,VP of Community & Leadership - Input | Output,Input Output Group,,,,,,,https://api.rareevo.io/storage/domains/dev.rareevo.io/participants/profile/1Lp8O4pRj49c32WtfP5QCWWNAqGSXQgxObUifsPY.png,,rare-evo,,1,,,Rare Evo 2026,,,active,Rare Evo 2026,92,
Tim Hite,Policy Director,Exodus,"Policy Director at Exodus, where he leads the company's crypto policy and regulatory strategy. He previously served as Senior Counsel on the House Financial Services Committee's digital assets panel, playing a key role in shaping federal cryptocurrency legislation from 2023 to 2025. Hite brings deep legislative experience and a strategic perspective to advancing sound digital asset policy.",,,,,,https://static.wixstatic.com/media/5b61ba_b2419f0c32ad4d6a97dff6d413ce35af~mv2.jpg,,bitcoin-policy-summit,2025,1,,https://www.btcpolicysummit.org/2025-speakers,Bitcoin Policy Summit 2025,,,,,,
Timo Steipe,Founder,MIM,,,,,,,https://miningdisrupt.com/assets/images/gallery10/656a34cb.png?v=0308a4f1,,mining-disrupt,,1,,,,,,,,,
Timofey Gordienko,Vertical Manager,TikTok,"Over 10 years of experience in Digital & Mobile and 5+ years at TikTok. Oversaw the global rollout of iGaming at TikTok. Managed key projects across iGaming, Gaming, E-commerce, and Big Tech segments.",,,,,,https://tickets.sigma.world/img/speakers/tmp/speaker-2034-1760944842.png,,sigma-world-rome,,1,,,"SiGMA World 2026 (Rome, Fiera Roma, Nov 2-5 2026)",,,,,,sigma.world/summits/world/speakers (Central Europe 2025 + SiGMA World Past speakers)
"Timothy Darrah, PhD",Co-Founder & CEO,Mangrove,,,,,,,,,blockchain-futurist-toronto,,1,,,Blockchain Futurist Conference Toronto 2026,Toronto 2026,,,,,
Tina Zhao,Sales Manager,ASLminer,,,,,,,https://miningdisrupt.com/assets/images/gallery08/6025eeb7.png?v=0308a4f1,,mining-disrupt,,1,,,,,,,,,
Tity Moni Lyngdoh,CEO,Dolphinze,,,,,,,https://cdn.prod.website-files.com/61e87bb144d08a09b725b693/689b1834633ba1f8a80153c0_TityLyngdoh_HEAD%201.png,,blockchain-futurist-florida,,1,,,,,,,,,
Tiziana Cannizzaro,Head of Marketing & Sales,Espresso Games,"Tiziana Cannizzaro has worked for over a decade in the iGaming industry, focusing on communication, marketing, and business development. She manages the full customer journey, from identifying new clients and evaluating business opportunities to closing deals and overseeing account management. Since 2017, she has been the Head of Marketing & Sales at Espresso Games, to define commercial strategies and develop new business opportunities. Her approach combines analytical skills with creative insight, shaped by a deep interest in the audiovisual and entertainment industries.",,,,,,https://tickets.sigma.world/img/speakers/tmp/speaker-2133-1761649395.png,,sigma-world-rome,,1,,,"SiGMA World 2026 (Rome, Fiera Roma, Nov 2-5 2026)",,,,,,sigma.world/summits/world/speakers (Central Europe 2025 + SiGMA World Past speakers)
TN Lee,CEO,Pendle,,,,https://x.com/tn_pendle,,,https://cdn.prod.website-files.com/6756df8f05088bc3e51c64ea/6a391d928b0e8ea8faa85d78_Speaker-Name-TN.avif,,token2049-singapore,2026,1,,https://www.token2049.com/singapore/speakers,TOKEN2049 Singapore,,,,,,
Todd Ault,Executive Chairman & CEO,Ault,"Milton “Todd” Ault, III, is a visionary entrepreneur and seasoned business leader with over 34 years of experience in identifying and cultivating value across diverse financial markets. As the executive chairman and CEO of Ault & Company, a hybrid private equity firm with core operating platforms consisting of AI Data Centers, Infrastructure, Defense, and Capital Markets. Mr. Ault brings a wealth of knowledge and strategic insight to the forefront of business innovation.",,,,https://www.linkedin.com/in/miltontoddault/,,https://api.rareevo.io/storage/domains/rareevo.io/participants/profile/todd_ault.png,,rare-evo,,1,,,Rare Evo 2026,,yes,active,Rare Evo 2026 (Main); Featured Exhibitors 2026,177,
Tom Bilyeu,World-Renowned Podcaster,Co-Founder Impact Theory,,,,,,,https://cdn.prod.website-files.com/61e87bb144d08a09b725b693/68b0de4cbbc1997111bfc3aa_tombilyeu_head_720.jpg,,blockchain-futurist-florida,,1,,,,,,,,,
Tom Emmer,U.S. Congressman and House Majority Whip (R-MN),U.S. House of Representatives,"U.S. Representative serving Minnesota's 6th congressional district since 2015 and current House Majority Whip. Known for his leadership on Bitcoin and blockchain policy in Congress, Emmer champions innovation in financial technology and regulatory clarity for digital assets.",,,,,,https://static.wixstatic.com/media/5b61ba_d48c291256394d3a880ba11f7d939ee8~mv2.jpg,,bitcoin-policy-summit,2025,1,,https://www.btcpolicysummit.org/2025-speakers,Bitcoin Policy Summit 2025,,,,,,
Tom Farley,Chairman and CEO,Bullish,,,,,,,https://cdn.prod.website-files.com/6a06ea4ffe8dbdfa0d41575d/6a319b4cbdbe9412da449902_Tom%20Farley.avif,,ripple-swell-apex,2026,1,,,,,,,,,
Tom Lee,Chairman,BitMine,,,,,,,https://framerusercontent.com/images/w2aU9U9yETIZkyjih6M1rmAZ55s.webp?scale-down-to=1024&amp;width=1340&amp;height=1600,,korea-blockchain-week,2026,1,,,,,,,,,
Tom Schmidt,General Partner,Dragonfly,,,,https://x.com/tomhschmidt,,,https://cdn.prod.website-files.com/6756df8f05088bc3e51c64ea/6a391d8fb1f4c722d3b8eeca_Speaker-Name-Tom-Schmidt.avif,,token2049-singapore,2026,1,,https://www.token2049.com/singapore/speakers,TOKEN2049 Singapore,,,,,,
Tom van Lamoen,Party Leader,Libertaire Partij,,,,,,,,,bitcoin-amsterdam,,1,,,,,,,,,
Tomas Pérez-Quevedo,Co-Founder,MakaChain,"Tomás Pérez-Quevedo is the Co- founder of Maka Chain, a layer 1 blockchain that is transforming the payments industry with its innovative model: your token pays our fees. He is also the Co-founder of the Blockchain Factory along with several other successful ventures across different industries over the past two decades",,,,,,https://tickets.sigma.world/img/speakers/tmp/speaker-2102-1761308232.png,,sigma-world-rome,,1,,,"SiGMA World 2026 (Rome, Fiera Roma, Nov 2-5 2026)",,,,,,sigma.world/summits/world/speakers (Central Europe 2025 + SiGMA World Past speakers)
Tommy Chan,Head of DeFi Investment,Crypto.com Capital,"Tommy is the Head of DeFi Investment at Crypto.com Capital, a $500M venture fund investing in early stage token and equity rounds. There are over 100 projects in Crypto.com Capital's portfolio since inception. Prior to that, he worked at Bank of America covering TMT sector in APAC, with extensive experience in US IPO, HK IPO and M&A.",,,,,,https://cdn.prod.website-files.com/687f979126432c8ce843e6d7/68dd461d1eeabb7ced27ac46_56c7d2cbcdb210115ee22b80.webp,,bitcoin-mena,2025,1,,https://mena.b.tc/speakers,Bitcoin MENA,,,,,,
Toni Heiskanen,,,,,,https://x.com/HeiskanenToni,,,https://btchel.com/wp-content/uploads/2025/12/Toni-Heiskanen-1024x1024.jpg,,btchel,,1,,,,,,,,,
Tony Ashraf,,BlackRock,"Institutional panel on spot ETFs, tokenized assets, and crypto adoption factors.",,,,,,,,binance-blockchain-week,2025,1,,https://www.binance.com/en/square/post/12-03-2025-binance-blockchain-week-dubai-2025-10-speakers-you-cannot-miss-33203289077641,,,,,,,
Tony Bravado,Co-Founder,NFTCLT,,,,,,,https://cdn.prod.website-files.com/61e87bb144d08a09b725b693/68dd39d172ccc39c9e17fab9_tonybravado_head_720%201.png,,blockchain-futurist-florida,,1,,,,,,,,,
Tony Evans,Co-Founder & CSO,CETI,,,,,,,https://cdn.prod.website-files.com/61e87bb144d08a09b725b693/68a8627a9539bf916ce0b486_TonyEvans_HEAD%201.png,,blockchain-futurist-florida,,1,,,,,,,,,
Tony Peng,Global PR Director,BitFuFu,,,,,,,https://miningdisrupt.com/assets/images/gallery10/82045386.png?v=0308a4f1,,mining-disrupt,,1,,,,,,,,,
Tony Ventura,Innovation and Technology Speaker,,"Tony Ventura is a tech influencer, an international speaker and a dedicated technology researcher. He is known for his work in technology and innovation in Brazil, where he created the Digital Transformation course for the Ministry of Economy. He founded the largest digital tools community in Latin America, positively transforming thousands of lives through technology. In addition, Tony established the Brazil Startups association, supporting numerous startups with technology and investments.",,,,,,https://tickets.sigma.world/img/speakers/tmp/speaker-54-1765546358.png,,sigma-world-rome,,1,,,"SiGMA World 2026 (Rome, Fiera Roma, Nov 2-5 2026)",,,,,,sigma.world/summits/world/speakers (Central Europe 2025 + SiGMA World Past speakers)
Tony Yazbeck,Founder,The Bitcoin Way,Educator at The Bitcoin Way. Bitcoin Self-Custody • Cybersecurity • Plan B Residencies.,,,,,,https://cdn.prod.website-files.com/687f979126432c8ce843e6d7/6887b630a94348bfcae228fd_xzyog0bze1SRvFUwMQYU02Ou4RSXU2IlFdGbta0ffRQ.webp,,bitcoin-mena,2025,1,,https://mena.b.tc/speakers,Bitcoin MENA,,,,,,
Torben Friis,Managing Director,Match Liquidity DMCC,Torben Friis is the Managing Director in charge of global distribution at Match Liquidity DMCC. Match is a leading market maker for financial institutions and wholesale clients seeking access to institutional liquidity across capital markets. Torben is a Danish national having started his financial career at Saxo Bank moving on to Asset Management in Switzerland and setting up IG.com in Europe and leading the expansion of activtrades.com to mention a few. Areas of interest are digital assets including central bank digital currencies and what will be the next step for the financial industry as a whole.,,,,,,https://tickets.sigma.world/img/speakers/tmp/speaker-486-1758548396.png,,sigma-world-rome,,1,,,"SiGMA World 2026 (Rome, Fiera Roma, Nov 2-5 2026)",,,,,,sigma.world/summits/world/speakers (Central Europe 2025 + SiGMA World Past speakers)
Tory Ricalis,CEO,Titl,,,,,,,https://cdn.prod.website-files.com/61e87bb144d08a09b725b693/68812e7a86f601776b9b83ba_ToryRicalis_HEAD.jpeg,,blockchain-futurist-florida,,1,,,,,,,,,
Toto Wolff,Team Principal & CEO,Mercedes-AMG PETRONAS F1 Team,,,,,,profile:https://websummit.com/attendees/lis25/eaf43de8-fe0d-465e-9dce-e7d66926f362/toto-wolff,https://web-summit-avenger.imgix.net/production/avatars/original/067af72a22b5082b744511beba74632caa1f23cd.png,,web-summit-lisbon,2025,1,,,,,,,,,
Toufi Saliba,CEO & Co-Author,HyperCycle.ai,,,,,,,https://cdn.prod.website-files.com/61e87bb144d08a09b725b693/685d51417ddf4d798bd1e3a0_ToufiSaliba_HEAD.webp,,blockchain-futurist-florida,,1,,,,,,,,,
Trevor Bello,Chief Propaganda Officer,Bitcoin Mining World,,,,,,,https://miningdisrupt.com/assets/images/gallery10/1f1f0c3c.png?v=0308a4f1,,mining-disrupt,,1,,,,,,,,,
Tristan Schroeder,"Founder, CEO",Tokenized Financial and IHodlLife,,,,,,,,,blockchain-futurist-toronto,,1,,,Blockchain Futurist Conference Toronto 2026,Toronto 2026,,,,,
Tristan Thompson,NBA Champion,"Co-Founder, basketball.fun",,,,,,,https://cdn.prod.website-files.com/61e87bb144d08a09b725b693/68dfe531f3fb6ab181104f1a_tristanthompson_head_480%201.png,,blockchain-futurist-florida,,1,,,,,,,,,
Tristan Thompson,NBA Champion,,,,,https://x.com/TThompson?lang=en,,,https://cdn.prod.website-files.com/6756df8f05088bc3e51c64ea/6a3a50649bf0959e062ea4f6_Speaker-Name-Tristan-Thompson.avif,,token2049-singapore,2026,1,,https://www.token2049.com/singapore/speakers,TOKEN2049 Singapore,,,,,,
Troy Cross,Professor of Philosophy and Humanities / Senior Fellow,Reed College / Bitcoin Policy Institute,"A Professor of Philosophy and Humanities at Reed College and a Senior Fellow at the Bitcoin Policy Institute (BPI). His decade-long involvement in Bitcoin has focused particularly on examining the environmental impact of Bitcoin mining. Drawing from his previous academic positions at Yale and Merton College, Oxford, he brings valuable expertise in metaphysics and epistemology to discussions of Bitcoin's role in society.",,,,,,https://static.wixstatic.com/media/dea30a_12b9381134be4662bff88e9219820e5e~mv2.jpeg,,bitcoin-policy-summit,2025,1,,https://www.btcpolicysummit.org/2025-speakers,Bitcoin Policy Summit 2025,,,,,,
Tuomas Tuominen,,,,,,https://x.com/iamtuomaa,,,https://btchel.com/wp-content/uploads/2025/12/Tuomas-Tuominen.jpg,,btchel,,1,,,,,,,,,
Ty Henwood,Founder & CEO,Intrface,,,,,,,,,blockchain-futurist-toronto,,1,,,Blockchain Futurist Conference Toronto 2026,Toronto 2026,,,,,
Tycho Onnasch,Head of Bitcoin Strategy,Treasury,,,,,,,,,bitcoin-amsterdam,,1,,,,,,,,,
Tyler Winklevoss,Founder,Gemini,,,,,,,,,bitcoin-amsterdam,,1,,,,,,,,,
Ubair Javaid,Co-Founder & CEO,Nomyx,"Ubair Javaid is a digital asset, digital ledger technology (DLT), and tokenization expert with a track record of creating innovative digital asset management solutions. As the CEO of Nomyx, he leads a team that is pioneering the democratization of asset tokenization across multiple industries. He has extensive experience in blockchain architecture, compliance for IoT, and data-driven billing platforms for commercial airliners. He previously led developmental efforts for Panasonic Avionics, where he developed solutions that integrated data analytics with Salesforce to optimize complex SLA-driven billing environments. His current focus is on delivering cutting-edge blockchain products that solve critical enterprise challenges.",,,,https://www.linkedin.com/in/ubairjavaid/,,https://api.rareevo.io/storage/domains/rareevo.io/participants/profile/ubair_javaid.png,,rare-evo,,1,,,Rare Evo 2026,,,active,Rare Evo 2026 (Main),171,
Uliana Soroka,Team Lead & Talent Acquisition,RedCore,"Uliana Soroka is a results driven Talent Acquisition Lead with extensive experience in building and scaling high performing recruitment teams. Skilled in developing and executing strategic hiring plans, optimising recruitment processes and using data driven insights to attract and retain top talent across multiple functions and industries. Proficient in full cycle recruitment, including workforce planning, sourcing, interviewing and onboarding. As a team leader, she focuses on mentoring and developing recruiters.",,,,,,https://tickets.sigma.world/img/speakers/tmp/speaker-1936-1760092241.png,,sigma-world-rome,,1,,,"SiGMA World 2026 (Rome, Fiera Roma, Nov 2-5 2026)",,,,,,sigma.world/summits/world/speakers (Central Europe 2025 + SiGMA World Past speakers)
Vaishal Shah,Leading Agentic AI Labs,CGI Canada,,,,,,,,,blockchain-futurist-toronto,,1,,,Blockchain Futurist Conference Toronto 2026,Toronto 2026,,,,,
Valentina Diaco,Founder,Profit Matches,"Valentina Diaco is a marketing strategist and growth advisor with nearly two decades of experience across entertainment, luxury, and iGaming. She has led digital for global brands including Bulgari, FOX International Channels, and PlayStation, and has held leadership roles at successful crypto and fiat operators, orchestrating marketing departments across branding, acquisition, and retention , from affiliates to influencers and KOLs. She is the Founder of Profit Matches, a marketing consultancy that helps businesses craft rational, data-driven strategies designed to align profit with purpose, and AI Match, a matchmaking platform that connects iGaming and crypto companies with the right AI solutions to bridge marketing, technology, and growth.",,,,,,https://tickets.sigma.world/img/speakers/tmp/speaker-2002-1760609234.png,,sigma-world-rome,,1,,,"SiGMA World 2026 (Rome, Fiera Roma, Nov 2-5 2026)",,,,,,sigma.world/summits/world/speakers (Central Europe 2025 + SiGMA World Past speakers)
Valentina Gilberti,Head of Customer Success & Industry Insights,SGR Compliance,"Valentina Gilberti is the Head of Customer Success and Industry Insights at SGR Compliance, a Swiss company providing a proprietary AML data database. With 14 years in the firm, she has supported database development and technical innovation, maximising data use for compliance, anti-fraud and anti-financial crime initiatives. Her experience highlights a strong focus on accuracy, adaptability and practical risk management in regulatory technology.",,,,,,https://tickets.sigma.world/img/speakers/tmp/speaker-2051-1761035470.png,,sigma-world-rome,,1,,,"SiGMA World 2026 (Rome, Fiera Roma, Nov 2-5 2026)",,,,,,sigma.world/summits/world/speakers (Central Europe 2025 + SiGMA World Past speakers)
Valerij Mitejko,Host & Event manager,Wintevents,"Valerij Mitejko is an international event host, moderator, and creative producer with over 15 years of experience across Europe. Known for his dynamic stage presence and humour, he has hosted hundreds of weddings, corporate events, and festivals for audiences up to 3,000 people. A finalist of Ukraine’s “League of Laughter” and former TV presenter of “Tourists” on the National Channel, Valerij combines entertainment, emotion, and professionalism in every performance.",,,,,,https://tickets.sigma.world/img/speakers/tmp/speaker-2063-1761131817.png,,sigma-world-rome,,1,,,"SiGMA World 2026 (Rome, Fiera Roma, Nov 2-5 2026)",,,,,,sigma.world/summits/world/speakers (Central Europe 2025 + SiGMA World Past speakers)
Vanessa Saunders,Web3 Builder & Digital Transformation Professional,CreateHER Fest,,,,,,,https://cdn.prod.website-files.com/61e87bb144d08a09b725b693/68ea3e977a5a255bade2ad14_VanessaSaunders_HEAD.jpg,,blockchain-futurist-florida,,1,,,,,,,,,
Vasilije Lekovic,VP Gaming,Trustly,"Payments and fintech specialist with expertise in account-to-account (open banking) and carrier billing payments, user verification (KYC) and identity solutions across different industries (online gambling, social/video gaming, eCommerce) gained in various management and commercial roles. For the last 10 years, Vasilije has been leading the gaming commercial department of Trustly, the global leader in account-to-account payments, as well as various innovative product and business development initiatives, such as the successful rollout of Trustly's flagship Pay N Play product, AgeVerify, NameVerfiy, InBanner and others. Prior to Trustly, Vasilije was in different commercial and business development roles in the information security and telecommunications industries.",,,,,,https://tickets.sigma.world/img/speakers/tmp/speaker-1772-1758548540.png,,sigma-world-rome,,1,,,"SiGMA World 2026 (Rome, Fiera Roma, Nov 2-5 2026)",,,,,,sigma.world/summits/world/speakers (Central Europe 2025 + SiGMA World Past speakers)
Veronika Kuett,Researcher,Ark Labs,,,,,,,,,bitcoin-amsterdam,,1,,,,,,,,,
Vijay Ayyar,,Gemini,,,,,,,,,coinfest-asia,2026,1,,,,,,,,,
Vijay Selvam,Author,Principles of Bitcoin,,,,,,,,,bitcoin-amsterdam,,1,,,,,,,,,
Vik Sharma,Founder/CEO,Cake Wallet,,,,,,,,,bitcoin-amsterdam,,1,,,,,,,,,
Vilson Martins Filho,CEO / Founder; Head of Innovation,Kognos Eficiência Energética; Plathanus,"CEO e Fundador da Kognos Eficiência Energética e Head de Inovação na Plathanus, Membro do Conselho da Energycoop e Mentor na Academia FIESC de Negócios.",,,,,https://x.com/kavanhak,https://satsconf.com.br/wp-content/uploads/2025/09/Vilson.png,,satsconf,2025,1,,,SatsConf,,,,,,
Vince van Hoesel,Co Founder & Co President,Students Blockchain Association Netherlands (SBAN),,,,,,,,,bitcoin-amsterdam,,1,,,,,,,,,
Vincent Zhang,"Founder, CEO",Winchain Group,,,,,,,https://miningdisrupt.com/assets/images/gallery08/5d265266.png?v=0308a4f1,,mining-disrupt,,1,,,,,,,,,
Vinícius Moraes De Carvalho,Investment Partner,Ikigai Ventures,Vinícius has over ten years of experience working as an investor and operator at the intersection of finance and tech. He has been an active venture capital investor at leading funds in Europe and Latin America and holds an MBA from ESADE (Spain).,,,,,,https://tickets.sigma.world/img/speakers/tmp/speaker-60-1761119746.png,,sigma-world-rome,,1,,,"SiGMA World 2026 (Rome, Fiera Roma, Nov 2-5 2026)",,,,,,sigma.world/summits/world/speakers (Central Europe 2025 + SiGMA World Past speakers)
Vitalik Buterin,Founder,Ethereum,,,,,,,,,blockchain-futurist-toronto,,1,,,Blockchain Futurist Conference Toronto 2026,Past/Keynote,,,,,
Vitaly Balakhonov,Brand Growth Engineer,GEARRRR.Agency,"Vitaly Balakhonov, founder and Brand Growth Engineer at GEARRRR.Agency, is a multi disciplinary brand strategist bridging visual, marketing and business crafts. He has orchestrated award winning, industry focused brand activations across major global iGaming shows, including SiGMA, ICE and G2E. Currently, he leads the agency pioneering unconventional growth channels such as organic TikTok, helping iGaming brands command attention and capture markets. He also provides creative advisory for iGaming brands and events.",,,,,,https://tickets.sigma.world/img/speakers/tmp/speaker-1910-1759934368.png,,sigma-world-rome,,1,,,"SiGMA World 2026 (Rome, Fiera Roma, Nov 2-5 2026)",,,,,,sigma.world/summits/world/speakers (Central Europe 2025 + SiGMA World Past speakers)
Vittorio Mele,Managing Director,DT9 Group,"Vittorio Mele started his career in the digital world in one of the largest B2B services groups in the digital pharma industry. He is Managing Director at DT9, a leading company in programmatic and affiliation marketing for the gambling industry in Italy, Europe and Latam, managing all activities from a commercial and operational point of view. Additionally, he manages the DT9 TECH division for the development of internal assets and products to open up to the B2C market.",,,,,,https://tickets.sigma.world/img/speakers/tmp/speaker-2066-1761132044.png,,sigma-world-rome,,1,,,"SiGMA World 2026 (Rome, Fiera Roma, Nov 2-5 2026)",,,,,,sigma.world/summits/world/speakers (Central Europe 2025 + SiGMA World Past speakers)
Vlad Bondarenko,Head of Product,ReferOn,"Vladyslav Bondarenko leads product development at ReferOn, a next-generation affiliate marketing platform. A major focus for him is automating affiliate program management to minimise manual work and unlock operational scaling. With a background in data-driven product design, Vladyslav has built systems where ""laziness"" is a feature, not a bug — every process is optimised for speed, simplicity and bulk actions without compromising security or transparency. He believes eliminating unnecessary effort is the fastest path to better results.",,,,,,https://tickets.sigma.world/img/speakers/tmp/speaker-1871-1765371079.png,,sigma-world-rome,,1,,,"SiGMA World 2026 (Rome, Fiera Roma, Nov 2-5 2026)",,,,,,sigma.world/summits/world/speakers (Central Europe 2025 + SiGMA World Past speakers)
Vlad DeGen,DeFi Product Lead (Judge),Babylon Labs,,,,,,,https://ethglobal.b-cdn.net/users/32xwo/sm.jpg,,ethglobal-lisbon,,1,,,,,,,,,
Vladimir Malakchi,CEO & Managing Partner,Xanada Investments,"Vladimir Malakchi is a strategic investor and scaling specialist with 10+ years’ experience accelerating iGaming businesses to top-tier performance. Named Speaker of the Year, Influencer of the Year and a leading LinkedIn voice, he has guided clients to over 300 industry awards. A respected judge and keynote contributor at international gambling conferences, he founded Xanada Investments in 2024 to finance and unite visionary iGaming projects within a collaborative ecosystem.",,,,,,https://tickets.sigma.world/img/speakers/tmp/speaker-633-1760092222.png,,sigma-world-rome,,1,,,"SiGMA World 2026 (Rome, Fiera Roma, Nov 2-5 2026)",,,,,,sigma.world/summits/world/speakers (Central Europe 2025 + SiGMA World Past speakers)
Vladimir Novakovski,Founder and CEO,Lighter,,,,https://x.com/vnovakovski,www.linkedin.com/in/vnovakovski/,,https://cdn.prod.website-files.com/6756df8f05088bc3e51c64ea/6a391d896d13fa9fe9e99b7c_Speaker-Name-Vladimir-Novakovski.avif,,token2049-singapore,2026,1,,https://www.token2049.com/singapore/speakers,TOKEN2049 Singapore,,,,,,
Vladislav Dramaliev,Founder,BitHope.org,,,,,,,,,bitcoin-amsterdam,,1,,,,,,,,,
Walid Abou Zaki,CEO,Unlock Blockchain,"Walid is the founder of Unlock Blockchain, the MENA region’s leading bilingual platform for blockchain and crypto news. He is a recognized industry voice and frequent moderator of high-level panels, connecting global perspectives with regional opportunities.",,,,,,https://cdn.prod.website-files.com/687f979126432c8ce843e6d7/690e05ee2f2a2aeac84937f4_c35ad6cda98d36a02d0e4ddb.webp,,bitcoin-mena,2025,1,,https://mena.b.tc/speakers,Bitcoin MENA,,,,,,
WantClue,Lead software developer of Bitaxe,WantClue Technologies,,,,,,,,,bitcoin-amsterdam,,1,,,,,,,,,
WantClue,Lead Software Developer,Bitaxe,,,,https://x.com/wantclue,,,,,planb-forum-lugano,2026,1,,,,,,,,,
Warren Calove,Co-Founder & CEO,Go Arlo,,,,,,,https://cdn.prod.website-files.com/61e87bb144d08a09b725b693/67f40bfe330c94e1c090b86f_WarrenCalove_HEAD.jpeg,,blockchain-futurist-florida,,1,,,,,,,,,
Warren Davidson,U.S. Congressman (R-OH),U.S. House of Representatives,U.S. Representative serving Ohio's 8th congressional district since 2016. He is a former Army Ranger and businessman who has become a leading voice on financial technology and cryptocurrency policy in Congress.,,,,,,https://static.wixstatic.com/media/5b61ba_9b08526f2c154cdb895119d4044fc983~mv2.jpg,,bitcoin-policy-summit,2025,1,,https://www.btcpolicysummit.org/2025-speakers,Bitcoin Policy Summit 2025,,,,,,
Wasim Ahmad,Co-Founder,VAULT12,,,,,,,https://cdn.prod.website-files.com/61e87bb144d08a09b725b693/68cc31e7950e0c31abc20c56_WasimAhmad_HEAD%201.png,,blockchain-futurist-florida,,1,,,,,,,,,
Wayne Chen,CEO,EukaPay,,,,,,,,,blockchain-futurist-toronto,,1,,,Blockchain Futurist Conference Toronto 2026,Toronto 2026,,,,,
Web,Director of Operations,Doginal Dogs / CSN,,,,,,,,,blockchain-futurist-toronto,,1,,,Blockchain Futurist Conference Toronto 2026,Toronto 2026,,,,,
Wei Zhou,,Coins.ph,,,,,,,,,coinfest-asia,2026,1,,,,,,,,,
Weikeng Chen,Research Partner,L2 Iterative,Working on Circle STARK verifier and covenants on Bitcoin,,,,,,https://cdn.prod.website-files.com/687f979126432c8ce843e6d7/6887b630a94348bfcae22900_pJK7AIjguAIlueYxiUGr0ULW72nQCJ2i1ASxYPqOz98.webp,,bitcoin-mena,2025,1,,https://mena.b.tc/speakers,Bitcoin MENA,,,,,,
Wendy Huang,Sales Manager,Apexto Mining,,,,,,,https://miningdisrupt.com/assets/images/gallery08/b4013e04.png?v=0308a4f1,,mining-disrupt,,1,,,,,,,,,
Wesley Crook,CEO,FP Block,,,,,,,https://cdn.prod.website-files.com/61e87bb144d08a09b725b693/68cc2a40dc5e1ac99be35eed_WesleyCrook_HEAD%203.png,,blockchain-futurist-florida,,1,,,,,,,,,
Wiliam Quigley,Co-Founder,Tether and WAX (Worldwide Asset eXchange),,,,,,,https://cdn.prod.website-files.com/61e87bb144d08a09b725b693/68f9a7b30b914b638efc5507_WilliamQuigley_HEAD.jpg,,blockchain-futurist-florida,,1,,,,,,,,,
Will Robinson,Partner,Alliance,,,,https://x.com/Dangerwillrobin,https://www.linkedin.com/in/Wbarobinson,,https://cdn.prod.website-files.com/6756df8f05088bc3e51c64ea/6a391d9aa89f5ba2335fbb5f_Speaker-Name-Will-Robinson.avif,,token2049-singapore,2026,1,,https://www.token2049.com/singapore/speakers,TOKEN2049 Singapore,,,,,,
Will Wu,,Bitget Wallet,,,,,,,,,coinfest-asia,2026,1,,,,,,,,,
Willem Middelkoop,CEO/Founder,Commodity Discovery Fund,,,,,,,,,bitcoin-amsterdam,,1,,,,,,,,,
William Casarin,,Damus,,,,,,,https://afrobitcoin.org/wp-content/uploads/2025/11/Will.png,,africa-bitcoin-conference,2026,1,ABC26,,,,,,,,
William Luther,Associate Professor and Graduate Director of Economics,Florida Atlantic University,"An associate professor and graduate director in the Economics Department at Florida Atlantic University, director of the American Institute for Economic Research's Sound Money Project, and an adjunct scholar with the Cato Institute's Center for Monetary and Financial Alternatives, where his research focuses on currency acceptance and government influence over money. An internationally recognized expert on cryptocurrencies, his work has been cited by major media outlets and published in top academic journals, with the Social Science Research Network ranking him among the top five percent of business authors.",,,,,,https://static.wixstatic.com/media/5b61ba_080f69e13fd448818b832ed26ddfc722~mv2.jpg,,bitcoin-policy-summit,2025,1,,https://www.btcpolicysummit.org/2025-speakers,Bitcoin Policy Summit 2025,,,,,,
William Sutanto,,INDODAX,,,,,,,,,coinfest-asia,2026,1,,,,,,,,,
Win Ko Ko Aung,Global Bitcoin Adoption,Human Rights Foundation (HRF),,,,,,,,,bitcoin-amsterdam,,1,,,,,,,,,
Wojciech Trzaska,CCO,SB Software,"Wojciech Trzaska is a former asset-manager turned iGaming brand-builder with 20 years’ sector insight. After steering portfolios containing William Hill and bwin, he shifted to operations and now heads strategic communications for sportsbook platform SB Software, championing a “entertainment-first” entertainment ethos. As founder of Vienna consultancy Spectacular, he crafts investor decks and trade-show narratives that win client attention in minutes for gaming and lottery innovators.",,,,,,https://tickets.sigma.world/img/speakers/tmp/speaker-885-1759137513.png,,sigma-world-rome,,1,,,"SiGMA World 2026 (Rome, Fiera Roma, Nov 2-5 2026)",,,,,,sigma.world/summits/world/speakers (Central Europe 2025 + SiGMA World Past speakers)
Wojtek Sznapka,Co-Founder & CEO,Gamblitude.ai,"Wojtek Sznapka is CEO and Co-Founder of Gamblitude, bringing two decades of tech experience, including 11 years in iGaming, to his leadership role. His passion lies in solving complex industry problems using Big Data and AI. After 11 years working on the operator side, he co-founded Gamblitude to solve the iGaming industry's common data analytics problem by democratising data and using cutting edge cloud technologies and AI. Previously, as CTO at STS Gaming Group, he developed expertise in Data Warehouse design and scalable microservice systems.",,,,,,https://tickets.sigma.world/img/speakers/tmp/speaker-1831-1759233109.png,,sigma-world-rome,,1,,,"SiGMA World 2026 (Rome, Fiera Roma, Nov 2-5 2026)",,,,,,sigma.world/summits/world/speakers (Central Europe 2025 + SiGMA World Past speakers)
Xavier Gomez,Group COO,Vancelian,"Xavier Gomez is COO of Vancelian, specialising in investment solutions integrating traditional finance and blockchain. He is Founder of MUWPAY, a DeFi platform simplifying multi-token transfers, and Co-founder of INVYO, a data management start-up. Since 2024, he has been a Supervisory Board member at Banque Delubac & Cie, chairing the remuneration and nominations committee. He is also a global fintech speaker, investor, advisor and regular columnist on BFM Business TV.",,,,,,https://tickets.sigma.world/img/speakers/tmp/speaker-1597-1755852267.png,,sigma-world-rome,,1,,,"SiGMA World 2026 (Rome, Fiera Roma, Nov 2-5 2026)",,,,,,sigma.world/summits/world/speakers (Central Europe 2025 + SiGMA World Past speakers)
Xiaohui Liu,CEO,OPCAT Labs,"Xiaohui Liu is the founder and CEO of OP_CAT Labs, a R&D company focused on OP_CAT technology on Bitcoin. He created sCrypt, a high-level smart contract language for Bitcoin. He also created the CAT protocol, the first miner-validated token standard on Bitcoin using OP_CAT. Before creating sCrypt, he worked as a research scientist at Facebook’s Connectivity Lab. Xiaohui holds a Ph.D. in Computer Science on p2p distributed networking.",,,,,,https://cdn.prod.website-files.com/687f979126432c8ce843e6d7/68ffaa286d83ee45cd6493fe_NRsKZjoNIzMDP1mtGfaiMvljqBzx0YmnF-mdaL5zZ5g.webp,,bitcoin-mena,2025,1,,https://mena.b.tc/speakers,Bitcoin MENA,,,,,,
Xinxi Wang,Co-Founder,Litecoin,Co-Founder of Litecoin,,,,,logo:https://blockchain-life.com/wp-content/cache/thumb/33/22ca4e115edef33_160x0.webp,https://blockchain-life.com/wp-content/cache/thumb/a6/78621586d7e11a6_420x460_notcrop.webp,,blockchain-life-forum,2026,1,,,,,,,,,
Xmei Lin,President,"Mining Division, Bitmain","President of Mining Division, Bitmain",,,,,logo:https://blockchain-life.com/wp-content/cache/thumb/5c/3bb15a347d3b95c_160x0.png,https://blockchain-life.com/wp-content/cache/thumb/b0/79c9cd86c5d65b0_420x460_notcrop.webp,,blockchain-life-forum,2026,1,,,,,,,,,
Yael Ossowski,Deputy Director / Fellow,Consumer Choice Center / Bitcoin Policy Institute,"Serves as Deputy Director at the Consumer Choice Center and Fellow at the Bitcoin Policy Institute, where he brings over a decade of experience as a policy analyst, journalist, and consumer advocate across Europe and North America. As a prolific writer, he has published over 1,000 articles in major outlets including USA Today, The Hill, and Chicago Tribune, and previously served as Florida Bureau Chief for Watchdog.org. He holds an MA in Philosophy, Politics, Economics from CEVRO Institute in Prague and brings international perspective through his work between Austria and North Carolina.",,,,,,https://static.wixstatic.com/media/d9a02d_4257856dc2f34d1e98dc5134b918643c~mv2.png,,bitcoin-policy-summit,2025,1,,https://www.btcpolicysummit.org/2025-speakers,Bitcoin Policy Summit 2025,,,,,,
Yaeunda Pou Williams,CEO,GeniusRoom,,,,,,,https://cdn.prod.website-files.com/61e87bb144d08a09b725b693/68dbe90f3887a04f62c4a623_YaeundaPouWilliams_HEAD.jpg,,blockchain-futurist-florida,,1,,,,,,,,,
Yancy Naughton,Founder,Has Traffic,,,,,,,https://tickets.sigma.world/img/speakers/tmp/speaker-982-1758291693.png,,sigma-world-rome,,1,,,"SiGMA World 2026 (Rome, Fiera Roma, Nov 2-5 2026)",,,,,,sigma.world/summits/world/speakers (Central Europe 2025 + SiGMA World Past speakers)
Yanzero,,Dev Web3 Jogja,,,,,,,,,coinfest-asia,2026,1,,,,,,,,,
Yaroslav Babych,CCO,ZM Team,"Yaroslav Babych is the CCO of ZM, iGaming media group. He has over 3 years of experience in traffic monetisation and apps rental service management. He has built a powerful team of BDMs, Account and Sales managers and optimised the work of the commercial department. Led by Yaroslav, the commercial department successfully covers all the requests of 100+ Media buyers and collaborates with more than 500 direct advertisers, resulting in monthly profits of millions of dollars.",,,,,,https://tickets.sigma.world/img/speakers/tmp/speaker-579-1757667219.png,,sigma-world-rome,,1,,,"SiGMA World 2026 (Rome, Fiera Roma, Nov 2-5 2026)",,,,,,sigma.world/summits/world/speakers (Central Europe 2025 + SiGMA World Past speakers)
Yaroslav Soloshenko,Head of Business Development,ELA Games,"Yaroslav Soloshenko is Head of Business Development at ELA Games, an innovative iGaming provider known for its creative approach to game design. With over four years of industry experience, he combines strategic thinking with expertise in partner engagement, communication and negotiation. At ELA Games, he plays a key role in expanding the company’s global presence, building meaningful relationships and driving long-term growth. Before joining, Yaroslav held senior positions at prominent iGaming companies and holds a strong academic background in international relations.",,,,,,https://tickets.sigma.world/img/speakers/tmp/speaker-2046-1760972785.png,,sigma-world-rome,,1,,,"SiGMA World 2026 (Rome, Fiera Roma, Nov 2-5 2026)",,,,,,sigma.world/summits/world/speakers (Central Europe 2025 + SiGMA World Past speakers)
Yi He,Co-Founder,Binance,,,,,,,,,binance-blockchain-week,2025,1,,https://crypto.ro/en/news/binance-blockchain-week-2025/,,,,,,,
Yifan HU,VP of Mining,Bitmain,,,,,,,https://miningdisrupt.com/assets/images/gallery08/afaf71d2.png?v=0308a4f1,,mining-disrupt,,1,,,,,,,,,
Ying Tong Lai,Co-founder & CTO,{ ideal },,,,,,,,,bitcoin-asia,,1,,,,,,,,,
Yoann Turpin,Co-Founder,Wintermute,Co-Founder of Wintermute,,,,,logo:https://blockchain-life.com/wp-content/cache/thumb/b5/a573ee124d21cb5_160x0.png,https://blockchain-life.com/wp-content/cache/thumb/2a/e98bef16321962a_420x460_notcrop.webp,,blockchain-life-forum,2026,1,,,,,,,,,
Yolanda,Chief Security Architect,Coinbase,,,,,,,https://cdn.prod.website-files.com/61e87bb144d08a09b725b693/68dacd17cc6ee9f794d6ee8d_68a5eb1daa71806f26acf3ed_YolandaLiu_HEAD.png,,blockchain-futurist-florida,,1,,,,,,,,,
Yoni Assia,Founder and CEO,eToro,"Yoni Assia is the Co-Founder and CEO of eToro, the trading and investing platform. Yoni co-founded eToro in 2007 with the vision of a world where everyone can trade and invest in a simple and transparent way. Today, the platform has over 40 million registered users from 75 countries and empowers users to trade, invest, share and learn. Yoni showed an interest in finance and computer science from his youth and so decided to merge his passions and his belief in the power of shared knowledge by founding eToro. eToro is a collaborative investment community designed to provide users with the tools they need to grow their knowledge and wealth. Users can hold a range of traditional and innovative assets and choose how to invest: trade directly, invest in a portfolio, or copy other investors. Yoni is widely acknowledged as a crypto pioneer, having co-written the Colored Coins whitepaper with Ethereum creator Vitalik Buterin in 2012. He is also the founder of GoodDollar, the largest, community-driven blockchain UBI project in the world. Yoni is a member of the YPO and was included by Financial News in its Fintech 40 ranking and their Rising Stars in Asset Management ranking. He was also listed in Fortune’s 40 under 40 and in City A.M’s fintech 100 top influencers.",,,,,,https://cdn.prod.website-files.com/687f979126432c8ce843e6d7/68c435d6e61894f2d26e9fc3_6cc8196b47653f922f48f395.webp,,bitcoin-mena,2025,1,,https://mena.b.tc/speakers,Bitcoin MENA,,,,,,
Yoon Auh,CEO,BOLTS Technologies,,,,,,,,,blockchain-futurist-toronto,,1,,,Blockchain Futurist Conference Toronto 2026,Toronto 2026,,,,,
Yos Ginting,,KADIN Indonesia,,,,,,,,,coinfest-asia,2026,1,,,,,,,,,
Yushan Zheng,Founding Partner,Waterdrip Capital,,,,,,,,,bitcoin-asia,,1,,,,,,,,,
Yves La Rose,Co-Founder & CEO,EOS Network Foundation,Co-Founder & CEO of EOS Network Foundation,,,,,logo:https://blockchain-life.com/wp-content/cache/thumb/f5/3838e02cc4fb2f5_160x0.png,https://blockchain-life.com/wp-content/cache/thumb/e4/5bf00225819e6e4_420x460_notcrop.webp,,blockchain-life-forum,2026,1,,,,,,,,,
Zac Cheah,Co-Founder,Pundi X,,,,,,,,Listed as Pundi AI Co-Founder in press,coinfest-asia,2026,1,,,,,,,,,
Zach Humphries,President,ZH Media,,,,,,,https://cdn.prod.website-files.com/61e87bb144d08a09b725b693/6852eeb874c75bb9af9303c5_67e40a70069ef680d7d7edf6_ZachHumphries_HEAD.jpeg,,blockchain-futurist-florida,,1,,,,,,,,,
Zach Nunn,U.S. Congressman (R-IA),U.S. House of Representatives,"U.S. Representative serving Iowa's 3rd congressional district since 2023, bringing expertise in national security and technology policy to Congress. Prior to Congress, he served as an Iowa State Senator and combat veteran with experience in cybersecurity and intelligence operations. Nunn champions innovation in financial technology and digital assets while advocating for practical regulatory frameworks that promote American competitiveness.",,,,,,https://static.wixstatic.com/media/5b61ba_0fc97455a36d4345b821879e11f3c66c~mv2.jpg,,bitcoin-policy-summit,2025,1,,https://www.btcpolicysummit.org/2025-speakers,Bitcoin Policy Summit 2025,,,,,,
Zachary Nelson,Founder & CEO,Genzio Media,,,,,,,https://cdn.prod.website-files.com/61e87bb144d08a09b725b693/6852eeb994a0fb06f3030bca_67dad627d069d228df77beca_67d98746fbbcad94a0468898_ZacharyNelson_HEAD.png,,blockchain-futurist-florida,,1,,,,,,,,,
Zachary Nelson,CEO & Co-Founder,Genzio,,,,,,,,,blockchain-futurist-toronto,,1,,,Blockchain Futurist Conference Toronto 2026,Toronto 2026,,,,,
Zack Cohen,Growth and Development Associate,Bitcoin Policy Institute,"Growth and Development Associate at the Bitcoin Policy Institute, where he leads the organization's digital media program and strategic media partnerships. Since joining BPI in 2023, he has contributed across various departments, including government affairs, research, operations, and development.",,,,,,https://static.wixstatic.com/media/5b61ba_98b57364d2c64cb2897cb09cc48e338b~mv2.png,,bitcoin-policy-summit,2025,1,,https://www.btcpolicysummit.org/2025-speakers,Bitcoin Policy Summit 2025,,,,,,
Zack Shapiro,Head of Policy,Bitcoin Policy Institute,"Serves as Head of Policy at the Bitcoin Policy Institute and brings his expertise as an accomplished attorney specializing in Bitcoin ventures and regulatory navigation. As a Yale Law School graduate, he previously served in federal court clerkships for the Southern District of New York and Second Circuit, following work at Davis Polk & Wardwell.",,,,,,https://static.wixstatic.com/media/5b61ba_ae663b14d3b14d8aa3ffabf76be88b80~mv2.png,,bitcoin-policy-summit,2025,1,,https://www.btcpolicysummit.org/2025-speakers,Bitcoin Policy Summit 2025,,,,,,
Zana Iseni,Founder & Co-Founder,Mrs. Zatoshi & Satoshi's Daughters,,,,,https://linkedin.com/in/zana-iseni,,,,planb-forum-lugano,2026,1,,,,,,,,,
Zane Huffman,CEO,Odyssey,"Zane Huffman, better known online as GREEN JEFF, is the co-founder and CEO of Odyssey Finance. Odyssey curates the entire onchain ecosystem into one unified interface, enabling a sophisticated superapp experience for trading, swapping, leveraging, automating, and earning yield.",,,https://x.com/jeffthedunker,https://www.linkedin.com/in/zanehuffman/,,https://api.rareevo.io/storage/domains/rareevo.io/participants/profile/zane_huffman.png,,rare-evo,,1,,,Rare Evo 2026,,yes,active,Rare Evo 2026 (Main),133,
Zied Brini,Program Lead for MetaMask at Consensys,,Program Lead for MetaMask at Consensys,,,,,logo:https://blockchain-life.com/wp-content/uploads/2025/06/consensys_white-1.svg,https://blockchain-life.com/wp-content/cache/thumb/c7/5df732b53784cc7_420x460_notcrop.webp,,blockchain-life-forum,2026,1,,,,,,,,,
Ziling Yu,Marketing Manager,Goldshell,,,,,,,https://miningdisrupt.com/assets/images/gallery08/232994f2.png?v=0308a4f1,,mining-disrupt,,1,,,,,,,,,
Zoltan Pozsar,Founder and CEO,Ex Uno Plures,,,,,,,https://cdn.prod.website-files.com/6756df8f05088bc3e51c64ea/6a3a506e985cd011b8e67b87_Speaker-Name-Zoltan-Pozsar.avif,,token2049-singapore,2026,1,,https://www.token2049.com/singapore/speakers,TOKEN2049 Singapore,,,,,,
Zoé Fox,"Founder, Clarys.AI","Partner, Phala Cloud",,,,,,,https://cdn.prod.website-files.com/61e87bb144d08a09b725b693/68e620dab2a170fe3b5989f2_Zo%C3%A9Fox_HEAD.jpg,,blockchain-futurist-florida,,1,,,,,,,,,
Zsuzsanna Zeibig,General Manager,EGT Kenya,"Zsuzsanna Zeibig has been working in the gambling industry for 20 years and is currently the General Manager for EGT Kenya, overseeing the company’s operations across the African markets.",,,,,,https://tickets.sigma.world/img/speakers/tmp/speaker-1993-1760535476.png,,sigma-world-rome,,1,,,"SiGMA World 2026 (Rome, Fiera Roma, Nov 2-5 2026)",,,,,,sigma.world/summits/world/speakers (Central Europe 2025 + SiGMA World Past speakers)
Zuby,"Musician, Author, Speaker, Host of 'Real Talk with Zuby'",Team Zuby Media,"Zuby is more than just a rapper. He is an influential public figure, creative entrepreneur, and avid bitcoin supporter. His unique perspective, authenticity, and infectious energy have earned him millions of followers on social media, and millions of downloads of his 'Real Talk with Zuby' podcast. He credits bitcoin with helping him preserve his sovereignty as an independent creator.",,,,,,https://cdn.prod.website-files.com/687f979126432c8ce843e6d7/68ffaa237cfeb026b10e7562_811758227b93ea70e962ef70.webp,,bitcoin-mena,2025,1,,https://mena.b.tc/speakers,Bitcoin MENA,,,,,,
