company,contact_name,contact_title,email,email_trust,round_type,round_date,amount_raised,categories,website,company_summary,linkedin,twitter,investors,segment,tier,priority_score,source,org_flag
Dunamu,Dongmin Kim,Chief Technology Officer,,,Unknown,May 2026,$204.00M,CEX,dunamu.com,"Dunamu is a South Korea–based fintech and blockchain company best known for operating Upbit, one of the world’s largest cryptocurrency exchanges by volume. Founded in 2012, Dunamu develops digital asset infrastructure, blockchain solutions, securities trading services, and financial data platforms. Its ecosystem includes Upbit, the Upbit NFT marketplace, and blockchain services like Luniverse (via its subsidiary Lambda256). As a major force in Korea’s digital finance landscape, Dunamu support...",http://www.linkedin.com/in/dongminkim,https://twitter.com/vanyclub,Samsung Securities,Payments & Stablecoins,Hold-NoEmail,9,round2_new,
Midas,Lifeng Zhu,Chief Executive Officer,,,Series A,Apr 2026,$50.00M,"RWA, Finance/Banking",midas.app,Midas is an asset tokenization platform bringing exposure to institutional-grade assets on-chain.,http://www.linkedin.com/in/leezhumedtech,,"RRE Ventures, Creandum, Framework Ventures, HV Capital, Cathay Ledger Fund, North Island Ventures (NIV), Coinbase Ventures, Franklin Templeton, GSR Markets LTD",Payments & Stablecoins,Hold-NoEmail,9,round2_new,AMBIGUOUS (multiple orgs named 'Midas') -> verify domain midas.app
Jupiter,Jitendra Gupta,Founder & CEO,,,Strategic,Feb 2026,$35.00M,"DEX, Trading",jupiter.money,"Jupiter is a decentralized exchange (DEX) aggregator built on the Solana blockchain, focusing on providing traders with optimal prices and minimal slippage by aggregating liquidity. Originally designed as a swap engine, Jupiter has expanded its offerings to include various products like Dollar-Cost Averaging (DCA), limit orders, perpetual trading, and a launchpad to cater to different user needs.",http://www.linkedin.com/in/guptajiten,,ParaFi Capital,Trading & DeFi,Hold-NoEmail,9,round2_new,
Superstate,Anton Tsenov,Co-Founder & CEO,,,Series B,Jan 2026,$82.50M,"RWA, Finance/Banking",superstate.com,"Superstate is an asset management firm that utilizes blockchain technology to modernize investing through tokenized financial products. The company's approach aims to make investment products more efficient, transparent, and accessible, offering investors a seamless and secure experience. Superstate has submitted an Ethereum-based open mutual fund, the Superstate Short‑Term Government Bond Fund, to the U.S. Securities and Exchange Commission.",http://www.linkedin.com/in/antontsenov,,"Bain Capital Crypto, Distributed Global, HAUN Ventures, Brevan Howard Digital, Galaxy Digital, Sentinel Global, Bullish, Hypersphere, Flowdesk",Payments & Stablecoins,Hold-NoEmail,9,round2_new,AMBIGUOUS (multiple orgs named 'Superstate') -> verify domain superstate.com
LI.FI,Berkant Rodeski,"Co-founder, CTO & Product Manager",,,Series A,Dec 2025,$29.00M,"Bridge/Interoperability, DEX",li.fi,"LI.FI is a cross‑chain liquidity aggregation protocol that connects developers and users to bridges, DEXs, and decentralized liquidity sources through a single API, SDK, or widget. It enables optimized any‑to‑any swaps and asset transfers across 30+ blockchains by smartly routing trades and bridges to find the best price, lowest cost, and most secure path. LI.FI abstracts away the complexity of individual bridges and DEXs, letting applications offer seamless cross‑chain swaps and transfers wi...",http://www.linkedin.com/in/berkant-rodeski-7a5416379,,"Multicoin Capital, CoinFund",Trading & DeFi,Hold-NoEmail,9,round2_new,AMBIGUOUS (multiple orgs named 'LI.FI') -> verify domain li.fi
Figure,Brian Howell,Founder/CEO,,,Unknown,Nov 2025,$25.00M,"Finance/Banking, RWA, Payments",figure.ai,"Figure is a blockchain technology startup that offers loan origination, equity management, and payments services using the Provenance Blockchain. It is considered a unicorn company globally and aims to transform the financial services industry by bringing speed, efficiency, and savings to both consumers and institutions.",http://www.linkedin.com/in/brian-howell-a97498113,,Ondo Finance,Payments & Stablecoins,Hold-NoEmail,9,round2_new,AMBIGUOUS (multiple orgs named 'Figure') -> verify domain figure.ai
Lava,Adrian Allin,CEO,,,Unknown,Nov 2025,$200.00M,"Payments, Finance/Banking",l-a-v-a.com,"Lava is a financial platform that enables users to save in Bitcoin while spending in dollars. It offers a Bitcoin-backed debit card, allowing users to make everyday purchases seamlessly. By integrating Bitcoin savings with traditional spending, Lava provides a bridge between cryptocurrency holdings and conventional financial3-5 Word Desription: Bitcoin-backed debit card.",http://www.linkedin.com/in/adrian-allin-29bbab89,,"Anthony Pompliano, Eric Jackson",Payments & Stablecoins,Hold-NoEmail,9,round2_new,AMBIGUOUS (multiple orgs named 'Lava') -> verify domain l-a-v-a.com
aPriori,Irina Pirog,CEO,,,Strategic,Aug 2025,$20.00M,"DeFi, Finance/Banking",apriori.co,"Apriori is dedicated to revolutionizing decentralized finance (DeFi) by offering innovative financial products and services. The platform provides users with optimized yield strategies, secure asset management, and seamless integration with various blockchain networks. Apriori aims to democratize access to sophisticated financial tools, enabling users to maximize their returns while minimizing risk. By leveraging cutting-edge technology and a user-centric approach, Apriori is set to redefine ...",http://www.linkedin.com/in/irina-pirog-45910982,,"Hashkey Capital, Pantera Capital, Primitive, IMC, Gate Labs, Ambush Capital, Big Brain Collective, Echo",Trading & DeFi,Hold-NoEmail,9,round2_new,AMBIGUOUS (multiple orgs named 'aPriori') -> verify domain apriori.co
MANTRA,Maria Novaes,Founder & CEO,,,Unknown,Aug 2025,$20.00M,"Layer 1, Finance/Banking",mantragroup.com,"MANTRA is a Middle East-focused project securing licensures from Dubai's crypto regulator VARA, targeting the crypto-native community. It aims to fill a gap in the Cosmos ecosystem by creating a chain of regulated digital assets for users valuing regulatory compliance. Built on Cosmos SDK and Tendermint consensus, MANTRA offers a permissionless blockchain for developing Web3 applications in a regulated and compliant environment.",http://www.linkedin.com/in/maria-joao-novaes-a4676aa6,,Inveniam,Payments & Stablecoins,Hold-NoEmail,9,round2_new,AMBIGUOUS (multiple orgs named 'MANTRA') -> verify domain mantragroup.com
RD Technologies,MK Zhong,CTO,,,Series A,Aug 2025,$40.00M,"Stablecoin, Payments",rd.group,"RD Technologies is a fintech company aiming to revolutionize payments and commerce with enhanced trust, stability, and efficiency. The company is behind HKDR, a stablecoin backed by the Hong Kong Dollar, which aims to push the capabilities of digital currencies and expand the Web3 economy across Hong Kong and Asia. Additionally, RD Technologies offers RD Wallet, a licensed Stored Value Facility that allows businesses, both local and international, to open mobile accounts and make quick, secur...",http://www.linkedin.com/in/mk-zhong-255049271,,"Zhongan International, Hivemind, HongShan (ex Sequoia China), Matrixport Ventures, Immutable Capital",Payments & Stablecoins,Hold-NoEmail,9,round2_new,AMBIGUOUS (multiple orgs named 'RD Technologies') -> verify domain rd.group
Noah,Trezor Ndombe,CEO and Founder,,,Seed,Jun 2025,$22.00M,"Stablecoin, Payments, Wallet",noahny.com,"Noah is a stablecoin-based cross-border payments platform and crypto wallet designed for both businesses and individuals. It supports global transactions across 120+ local currencies, Bitcoin, and stablecoins with enterprise-grade compliance and real-time settlements. Noah provides a unified API for payment rails (cards, bank transfers, mobile money), KYC/AML tools, fast liquidity solutions, and a hosted checkout experience. Partnering with Circle, it integrates USDC for seamless payroll, rem...",http://www.linkedin.com/in/trezor-krys-beya-ndombe-55499ba4,,"LocalGlobe, Felix Capital, FJ Labs, Joe Lonsdale, David Helgason",Payments & Stablecoins,Hold-NoEmail,9,round2_new,AMBIGUOUS (multiple orgs named 'Noah') -> verify domain noahny.com
Eleutheria,TBD,TBD,,none,,May 2026,$5.0M,Asset Management; DApp; DeFi,https://web.eleutheria.pro/,"Eleutheria is a decentralized asset management and liquidity protocol designed to optimize yield generation through automated smart contract strategies and intelligent liquidity pools. It aims to provide transparency, fairness, and decentralized participation, combining dual-pool risk models and on-chain governance.",,,,Trading & DeFi,Hold-NoEmail,8,round1,
PopDEX,,,,,Seed,May 2026,$30.0M,DEX; Derivatives; Trading,,"PopDEX is a trader-first decentralized perpetual exchange (DEX) focused on optimizing capital efficiency and enhancing the trading experience. They aim to return platform value to active contributors, solving the problem of misaligned incentives in traditional DEX models.",,,,Trading & DeFi,Hold-NoEmail,8,round1,
TownSquare,Long Yu W.,Co-Founder & CTO,,none,Series A,May 2026,$16.2M,Yield Aggregator; Interoperability; Real-World Assets; Stablecoin,https://app.townsq.xyz,"TownSquare is a cross-chain yield infrastructure that provides institutional curated yield and on-chain brokerage services. It enables overcollateralized borrowing and lending across various blockchain networks, maximizing capital efficiency for lenders and offering yield access for both retail and institutional clients.",http://www.linkedin.com/in/mikewangly,,,Trading & DeFi,Hold-NoEmail,8,round1,apollo_org=Howbe (howbetech.com)
Magma Finance,Bob the reBuilt,Founder - Chief Architect,,none,Strategic,Dec 2025,$6.0M,AMM; DeFi; DePIN; DEX; Sui Ecosystem,https://magmafinance.io/,"Magma Finance is a decentralized exchange and liquidity hub built for MOVE-based blockchains, starting with Sui. It aims to optimize capital efficiency and minimize slippage for users through concentrated-liquidity AMM (CLMM) and adaptive-liquidity market-making (ALMM).",,,HashKey Capital; SNZ Holding,Trading & DeFi,Hold-NoEmail,8,round1,
El Dorado,Dayanna Gonzalez,Founder and Director,,,Series A,Jun 2026,$9.00M,"Wallet, Payments, Stablecoin",eldorado.com.uy,"El Dorado is a peer-to-peer cryptocurrency wallet enabling cross-border payments and income generation through stablecoin exchanges. It operates in Colombia, Venezuela, Argentina, Peru, Brazil, and Panama, facilitating stablecoin transactions.",http://www.linkedin.com/in/dayanna-gonzalez-2197747a,,"Paradigm, Coinbase Ventures, Verda Ventures",Payments & Stablecoins,Hold-NoEmail,8,round2_new,
Catena Labs,,,,,Series A,May 2026,$30.00M,"AI/ML, Finance/Banking",,"Catena Labs is pioneering the development of the first AI-native financial institution, tailored to meet the unique needs of AI agents and their human collaborators. Recognizing the limitations of traditional financial systems in accommodating autonomous AI activities, Catena Labs is constructing a regulated infrastructure that enables AI agents to securely identify themselves and conduct financial transactions. Their offerings include the open-source Agent Commerce Kit (ACK), which provides ...",,,"Acrew Capital, Andreessen Horowitz (a16z crypto), Breyer Capital, General Catalyst, QED Investors, Oak HC/FT, IDG Capital, Coinbase Ventures",Payments & Stablecoins,Hold-NoEmail,8,round2_new,
Fun,,,,,Series A,May 2026,$72.00M,"Payments, Finance/Banking",fundacao.bradesco,"Global payments infrastructure connecting fiat and crypto rails for internet-native capital markets. White-label orchestration layer powering deposits, withdrawals, settlement for high-scale platforms. Processes $18B+ annual transaction volume; 99.999% success rate; millions of users across 100+ countries. Flagship clients: Polymarket (sole deposit provider), Aave, Lighter. Products: Deposit (fiat/crypto onramps), Withdraw (offramps), Orchestration (cross-system value movement), Checkout (dig...",,,"Multicoin Capital, SignalFire, Infinity Ventures Crypto (IVC), Pharsalus Capital, Justin Mateen",Payments & Stablecoins,Hold-NoEmail,8,round2_new,
XFX,Michael Chiu,CEO,,,Series A,Mar 2026,$17.00M,"Payments, Bridge/Interoperability",xfxforce.com,"XFX is an institutional-grade cross‑border settlement platform that enables real-time, transparent movement of fiat and stablecoins. Designed for enterprises, it provides direct access to deep liquidity pools, instant settlement across global corridors, and enterprise-grade auditing and reporting tools. Built with SOC2 and ISO 27001 compliance, it supports web dashboards, APIs, and OTC services—eliminating hidden fees and trapped capital—while ensuring speed, security, and regulatory-grade tr...",http://www.linkedin.com/in/michael-chiu-b896b217,,"Castle Island Ventures, Coinbase Ventures, HAUN Ventures",Payments & Stablecoins,Hold-NoEmail,8,round2_new,AMBIGUOUS (multiple orgs named 'XFX') -> verify domain xfxforce.com
Mesh (ex Front Finance),,,,,Series C,Jan 2026,$75.00M,"Bridge/Interoperability, Payments",,"Global crypto payments network connecting hundreds of exchanges, wallets, and financial services platforms for seamless digital asset transactions. Founded in 2020, Mesh unifies fragmented crypto infrastructure through proprietary SmartFunding technology enabling ""any-to-any"" payments—consumers pay with any asset (Bitcoin, Solana, etc.) while merchants receive instant settlement in their preferred stablecoin or fiat currency. The platform provides interoperability across multiple blockchains ...",,,"Dragonfly Capital, Paradigm, Moderne Ventures, Coinbase Ventures, SBI Investment, Liberty City Ventures",Payments & Stablecoins,Hold-NoEmail,8,round2_new,
Babylon,Ali Ghassan,Chief Executive Officer,,,Unknown,Jan 2026,$15.00M,"Infrastructure, DeFi",babylonradio.com,"Babylon is a Bitcoin staking infrastructure project pioneering a Bitcoin staking protocol to enhance the security of Proof of Stake (PoS) networks and decentralized applications (DApps). This innovative protocol enables Bitcoin holders to stake their assets, earning rewards and reinforcing the security of PoS chains and DApps.",http://www.linkedin.com/in/ali-ghassan-3a0426152,,Andreessen Horowitz (a16z crypto),Trading & DeFi,Hold-NoEmail,8,round2_new,AMBIGUOUS (multiple orgs named 'Babylon') -> verify domain babylonradio.com
Fuse (Project Zero),,,,,Series B,Dec 2025,$70.00M,"DePIN, RWA",,"Fuse is a decentralized renewable energy network offering distributed energy resource (DER) installation, power trading, and power retail services. Through its subsidiary, Fuse Energy, it operates as a vertically integrated electricity retailer. Fuse is also pioneering Project Zero, a decentralized physical infrastructure network focused on renewable energy. The goal is to empower communities and individuals to generate, trade, and manage energy in a sustainable and decentralized way, promoti...",,,"Lowercarbon Capital, Balderton Capital",RWA & Tokenization,Hold-NoEmail,8,round2_new,
Portal,,,,,Unknown,Dec 2025,$25.00M,"DEX, Bridge/Interoperability, Layer 2",portalvagas.com,"Portal is a Bitcoin-based decentralized exchange (DEX) and wallet, offering Layer 2 atomic swaps for cryptocurrencies across blockchains. With a focus on trust minimization and security, Portal eliminates the need for wrapped tokens or intermediaries for staking, providing users with a fully non-custodial experience for cross-chain transactions.",,,JTSA Global,Trading & DeFi,Hold-NoEmail,8,round2_new,
Ostium Labs,,,,,Series A,Dec 2025,$20.00M,"Derivatives, RWA, Trading",,"Ostium Labs is a company behind Ostium, a decentralized perpetuals exchange for real-world assets, such as commodities and forex, enabling transparent and efficient trading directly on the blockchain. It offers sub-second price feed updates and aims to make commodity and forex trading more accessible and transparent. Ostium, a decentralized exchange founded by two Harvard graduates. Ostium lets users bet on real-world assets like stocks, metals, oil, and some cryptocurrencies. Traders can tak...",,,"General Catalyst, Jump Trading, Coinbase Ventures, Wintermute Ventures, GSR Markets LTD",Trading & DeFi,Hold-NoEmail,8,round2_new,
Lighter,,,,,Unknown,Nov 2025,$68.00M,"Derivatives, Trading, DeFi",lighter.xyz,"Lighter is a zk-rollup perpetuals protocol delivering provable, non-custodial trading with cryptographic fairness guarantees. Built on Arbitrum, it combines the performance of centralized exchanges with the transparency of DeFi. Lighter features verifiable on-chain order matching, liquidation execution, and seamless integration with aggregators like 1inch, ensuring deep liquidity and reliable price discovery.",,,"Founders fund, Ribbit Capital, HAUN Ventures, Robinhood",Trading & DeFi,Hold-NoEmail,8,round2_new,AMBIGUOUS (multiple orgs named 'Lighter') -> verify domain lighter.xyz
Ripple Labs (XRP),,,,,Strategic,Nov 2025,$500.00M,"Payments, Finance/Banking",,"Ripple is a blockchain-based payment network designed for fast, low-cost cross-border transactions. Its native cryptocurrency, XRP, facilitates liquidity and settlements on RippleNet, which is used by banks and financial institutions worldwide. Ripple also develops CBDC platforms and enterprise blockchain solutions for tokenization and digital asset management.",,,"Fortress Investment Group, Citadel Securities, Pantera Capital, Galaxy Digital, Brevan Howard Digital, Marshall Wace",Payments & Stablecoins,Hold-NoEmail,8,round2_new,
Lava,Adrian Allin,CEO,,,Unknown,Oct 2025,$17.50M,"Payments, Finance/Banking",l-a-v-a.com,"Lava is a financial platform that enables users to save in Bitcoin while spending in dollars. It offers a Bitcoin-backed debit card, allowing users to make everyday purchases seamlessly. By integrating Bitcoin savings with traditional spending, Lava provides a bridge between cryptocurrency holdings and conventional financial3-5 Word Desription: Bitcoin-backed debit card.",http://www.linkedin.com/in/adrian-allin-29bbab89,,"Peter Jurdjevic, Bijan Tehrani, Zach White, Saurabh Gupta, Terry Angelos, Aaron Suplizo",Payments & Stablecoins,Hold-NoEmail,8,round2_new,AMBIGUOUS (multiple orgs named 'Lava') -> verify domain l-a-v-a.com
Ethena Labs,Guy Young,Founder,,,Unknown,Oct 2025,$14.00M,"Stablecoin, DeFi, Finance/Banking",ethena.fi,"Ethena is a startup developing the first-ever ‘internet bond’ and a new Ethereum-based stablecoin USDe that achieves stability by hedging price exposure through shorting Ethereum using perpetual swaps, while their savings bond offers individuals worldwide a dollar-denominated savings instrument with the benefits of decentralized finance.",http://www.linkedin.com/in/guy-young-a11914279,,MEXC Ventures,Trading & DeFi,Hold-NoEmail,8,round2_new,AMBIGUOUS (multiple orgs named 'Ethena Labs') -> verify domain ethena.fi
xMoney,,,,,Unknown,Oct 2025,$21.50M,"Payments, Finance/Banking",x-money.co,"xMoney is a licensed global payment infrastructure enabling merchants and users to transact seamlessly across fiat, crypto, and card rails. Built for compliance under EU MiCA regulations, xMoney offers tools for payment processing, invoicing, subscriptions, and card issuance. Its ecosystem is powered by $XMN, a utility and governance token replacing UTK, with benefits including staking yields, fee reductions, loyalty rewards, and governance rights. With its regulated framework and multi-asset...",,,"Sui Foundation, MultiversX",Payments & Stablecoins,Hold-NoEmail,8,round2_new,
Bastion,Nicholas Scarzella,Founder & CEO,,,Strategic,Sep 2025,$14.60M,"Wallet, Payments, Infrastructure",bastionagency.com,"Bastion is a platform that combines Web2 and Web3 technologies to enhance business possibilities in payment, entertainment, connectivity, and shopping. It offers custodial blockchain wallet APIs that streamline digital asset management, optimize transactions for efficiency, and provide comprehensive insights into user behavior. Bastion aims to bridge traditional enterprise with the power of Web3 while addressing regulatory challenges in the crypto industry.",http://www.linkedin.com/in/nicholas-scarzella,,"Coinbase Ventures, Sony Innovation Fund, Samsung Next, Andreessen Horowitz (a16z crypto), Hashed",Payments & Stablecoins,Hold-NoEmail,8,round2_new,AMBIGUOUS (multiple orgs named 'Bastion') -> verify domain bastionagency.com
Fnality International,,,,,Series C,Sep 2025,$136.00M,"Payments, Infrastructure, Finance/Banking",fnality.org,"Fnality is a global consortium of banks developing a regulated payment system for tokenized assets, aiming to overcome the limitations of traditional payment systems in handling digital asset transactions. The platform, originally conceived as the Utility Settlement Coin (USC) Project, focuses on providing efficiency, scalability, and security for cross-border settlements, ultimately reducing counterparty risk. As a key player in enabling the growth and adoption of tokenized assets, Fnality a...",,,"WisdomTree, Bank of America, Citi, KBC Group, Temasek, Tradeweb, Banco Santander, Barclays, BNP Paribas, DTCC, Euroclear, Goldman Sachs, ING Ventures, Nasdaq Ventures, State Street, UBS",Payments & Stablecoins,Hold-NoEmail,8,round2_new,
Figure,,,,,IPO,Sep 2025,$787.50M,"RWA, Lending/Borrowing, Payments",,"Figure is a blockchain technology startup that offers loan origination, equity management, and payments services using the Provenance Blockchain. It is considered a unicorn company globally and aims to transform the financial services industry by bringing speed, efficiency, and savings to both consumers and institutions.",,,,Trading & DeFi,Hold-NoEmail,8,round2_new,
Gemini,,,,,IPO,Sep 2025,$425.00M,"CEX, Wallet",,"Gemini is a U.S.-based cryptocurrency exchange and custodian bank founded by Cameron and Tyler Winklevoss in 2014. It offers a secure platform for buying, selling, trading, and storing over 70 cryptocurrencies and supports both retail and institutional clients. The platform emphasizes regulatory compliance and robust security, including offline cold storage, insurance coverage, and trust licensing. Gemini also provides services such as custody solutions, a payments app, staking, and its own s...",,,,Payments & Stablecoins,Hold-NoEmail,8,round2_new,
M^0,,,,,Series B,Aug 2025,$40.00M,"Stablecoin, DeFi",m0.ventures,"M^0 is a decentralized money middleware protocol designed for the digital age. It allows multiple institutional actors to issue a fungible cryptodollar, leveraging best-in-class collateral such as short-term US treasuries. The protocol ensures security and transparency through independent, daily, on-chain validation of reserves. M^0 aims to democratize access to money issuance infrastructure, enabling institutions to mint cryptodollars while adhering to jurisdictional requirements and enhanci...",,,"Polychain Capital, Ribbit Capital, Endeavor Catalyst, Pantera Capital, Bain Capital Crypto",Trading & DeFi,Hold-NoEmail,8,round2_new,AMBIGUOUS (multiple orgs named 'M^0') -> verify domain m0.ventures
Legion,Baraa Nairat,IT Manager | Co-Founder & CTO,,,Seed,Aug 2025,$5.00M,"Finance/Banking, DAO",legion-inc.com,"Legion provides a platform for retail investors to participate in on-chain fundraises with enhanced regulatory compliance and investor accountability. Projects using Legion can customize investment terms and create strong, organic communities through tailored allocation and investor whitelisting. Each investor is assigned a Legion Score, which adjusts based on their long-term value contributions, reducing short-term, exploitative behavior and minimizing bot or Sybil activity. This reputation ...",http://www.linkedin.com/in/baraa-nairat,,"VanEck, Brevan Howard Digital, Kraken, Coinbase Ventures, Crypto com Capital, Bitscale Capital, Systemic Ventures, Cyber Fund, Blockchain Builders Fund (BBF), GSR Markets LTD",Payments & Stablecoins,Hold-NoEmail,8,round2_new,AMBIGUOUS (multiple orgs named 'Legion') -> verify domain legion-inc.com
Verb Technology (TON Strategy Co.),,,,,Unknown,Aug 2025,$558.00M,"Finance/Banking, AI/ML",,"Verb Technology (Nasdaq: VERB) is a previously AI-powered video SaaS firm transforming into TON Strategy Co., the first publicly listed treasury company dedicated to Toncoin (TON) — the native token of The Open Network. Leveraging Telegram’s integration with TON, the company aims to generate sustainable staking yields and capital appreciation, while continuing its legacy digital commerce operations.",,,"Kingsway Capital, Blockchain com (Blockchain Ventures), Animoca Brands, VY Capital, The Open Platform (TOP)",Payments & Stablecoins,Hold-NoEmail,8,round2_new,
Stable,,,,,Seed,Aug 2025,$28.00M,"Layer 1, Stablecoin",stable.co.uk,"Stable is a Layer 1 blockchain designed for stablecoin-native applications, with USDT (Tether) as its gas token. It enables zero-fee peer-to-peer USDT transfers and supports smart contracts operating directly in stablecoins. Stable’s USDT0 mechanism facilitates cross-chain USDT transfers without bridges. The architecture provides a gas-less experience, built-in fiat on-ramps, and enterprise-grade throughput—targeting cross-border payments, treasury operations, FX, and institutional use cases.",,,"Bitfinex, Hack VC, USDT0, Franklin Templeton, Castle Island Ventures, eGirl Capital, ByBit, Mirana Ventures, SIG DTI (a Susquehanna International Group Company), Nascent, Blue Pool Capital, BTSE, KuCoin Ventures, Paolo Ardoino, Nathan McCauley, Gabriel Abed",Payments & Stablecoins,Hold-NoEmail,8,round2_new,AMBIGUOUS (multiple orgs named 'Stable') -> verify domain stable.co.uk
Mill City Ventures III,,,,,Unknown,Aug 2025,$450.00M,"Finance/Banking, Lending/Borrowing",,"Mill City Ventures III, Ltd. (NASDAQ: MCVT) is a publicly traded specialty finance firm offering short-term, collateral-backed loans to private businesses, public microcaps, and high-net-worth individuals. Recently, it launched the first foundation-backed SUI Treasury strategy, acquiring over 76 million SUI tokens via institutional channels and a direct agreement with the Sui Foundation. This makes Mill City the only public vehicle offering daily liquidity and regulated access to the Sui ecos...",,,"Karatage, Sui Foundation, Big Brain Holdings, Galaxy Digital, Pantera Capital, Electric Capital, GSR Markets LTD, Selini Capital, Protagonist, ParaFi Capital, Borderless Capital, dao5 (daofive), Arrington Capital, Comma3 Ventures, FalconX, Paper Ventures, Maven 11 Capital",Trading & DeFi,Hold-NoEmail,8,round2_new,
Courtyard,,,,,Series A,Jul 2025,$30.00M,"NFT, Trading",marriott.com,"Courtyard.io is a marketplace for tokenized physical collectibles, allowing users to own, trade, and redeem graded trading cards as NFTs on Polygon. Each collectible is securely vaulted and represented by an on-chain asset that can be traded instantly or burned for physical delivery. With curated mystery drops, transparent provenance, and guaranteed buyback options, Courtyard blends real-world value with Web3 liquidity.",,,"Forerunner Ventures, NEA, Y Combinator, Burst Capital, Prelude, ParaFi Capital, Operator Partners",Trading & DeFi,Hold-NoEmail,8,round2_new,
Plasma,,,,,Public sale,Jul 2025,$50.00M,"Payments, Layer 2",,"Plasma is a high-throughput, zero-fee payment platform built on Bitcoin. It enables USD₮ transfers with no fees and supports over 1,000 transactions per second, leveraging Bitcoin’s security. Plasma introduces a novel Nakamoto PoS consensus mechanism and a hybrid UTXO/Account architecture, allowing developers to build and execute modular smart contracts. The platform is designed to enhance Bitcoin’s utility for payments and decentralized applications with scalable, low-latency solutions.",,,,Payments & Stablecoins,Hold-NoEmail,8,round2_new,
H100 Group,,,,,Unknown,Jul 2025,$54.00M,"AI/ML, Finance/Banking",,H100 Group AB is a Swedish health technology company specializing in AI-powered automation and digital solutions for health and longevity service providers. H100 became Sweden’s first publicly listed company to adopt Bitcoin as a treasury reserve asset.,,,,Payments & Stablecoins,Hold-NoEmail,8,round2_new,
Agora Finance,,,,,Series A,Jul 2025,$50.00M,"Stablecoin, Lending/Borrowing",agora.finance,"Agora is a financial solutions provider offering stability by pegging its value to assets like the dollar, backed by cash, Treasury bonds, and repurchase agreements. Agora Finance specializes in supplier financing for SMEs in emerging markets, providing fast and flexible financing options to unlock working capital and foster economic development.",,,Paradigm,Trading & DeFi,Hold-NoEmail,8,round2_new,AMBIGUOUS (multiple orgs named 'Agora Finance') -> verify domain agora.finance
World Liberty Financial,,,,,Unknown,Jun 2025,$100.00M,"DeFi, Lending/Borrowing",worldlibertyfinancial.com,"World Liberty Financial is a decentralized platform enabling users to earn and borrow cryptocurrency seamlessly. It combines DeFi lending protocols with rewards, allowing users to maximize asset utility while earning competitive yields. The platform focuses on accessibility and financial empowerment within the Web3 ecosystem.",,,Aqua 1,Trading & DeFi,Hold-NoEmail,8,round2_new,
XFX,Michael Chiu,CEO,,,Seed,Jun 2025,$9.10M,"Payments, Finance/Banking",xfxforce.com,"XFX is an institutional-grade cross‑border settlement platform that enables real-time, transparent movement of fiat and stablecoins. Designed for enterprises, it provides direct access to deep liquidity pools, instant settlement across global corridors, and enterprise-grade auditing and reporting tools. Built with SOC2 and ISO 27001 compliance, it supports web dashboards, APIs, and OTC services—eliminating hidden fees and trapped capital—while ensuring speed, security, and regulatory-grade tr...",http://www.linkedin.com/in/michael-chiu-b896b217,,"HAUN Ventures, Castle Island Ventures, Oak HC/FT, MAYA Capital, Coinbase Ventures, Paxos, Bitso",Payments & Stablecoins,Hold-NoEmail,8,round2_new,AMBIGUOUS (multiple orgs named 'XFX') -> verify domain xfxforce.com
Circle,,,,,IPO,Jun 2025,$1.10B,"Stablecoin, Finance/Banking",,"Circle is a global financial technology company that offers a range of products and services related to digital assets. Its flagship product, USD Coin (USDC), is a stablecoin pegged to the US dollar and fully backed by cash and US Treasury bonds. Circle also provides a cryptocurrency exchange, payment processing, and financial tools for businesses, making it a popular choice for both individual users and businesses looking to engage with digital assets securely and efficiently.",,,,Payments & Stablecoins,Hold-NoEmail,8,round2_new,
Mobius Exchange,Darryl,Co-founder,,none,Strategic,Jun 2026,TBD,DeFi,https://mob.exchange/,"Mobius Exchange is a DeFi prime brokerage protocol that allows traders and yield seekers to access leveraged strategies across multiple perpetual DEXs through a single unified margin account. The platform aims to aggregate liquidity, support cross-collateralized positions, and simplify capital efficiency for stablecoins, LSTs, LRTs, and other pegged assets within the Mantle ecosystem.",,,,Trading & DeFi,Hold-NoEmail,7,round1,
easy.fun,TBD,TBD,,none,Seed,Dec 2025,$2.0M,Trading; DeFi; Hyperliquid Ecosystem; Social Network,https://www.easy.fun,"easy.fun is an on-chain trading arena built on Hyperliquid that transforms crypto trading into skill-based competitive gaming. The platform applies proven gaming mechanics to trading, creating a fair and transparent environment where users compete for rank, glory, and profit.",,,,Trading & DeFi,Hold-NoEmail,7,round1,
Padre,Serenity,Co-founder,,none,M&A,Oct 2025,TBD,Trading; Base Ecosystem; BNB Chain Ecosystem; Ethereum Ecosystem; Meme; Solana Ecosystem,https://padre.gg,"Padre is a high-performance trading terminal designed for memecoins across multiple blockchains like Solana, Ethereum, and BNB Smart Chain. It offers a user-friendly interface with features like live pending transactions, limit orders, and safety checks, aiming to simplify DEX trading for both experienced and new users.",,,,Trading & DeFi,Hold-NoEmail,7,round1,
WaveX,TBD,TBD,,none,TBD,Jul 2025,TBD,DEX; DApp; DeFi; Derivatives; Infrastructure; Soneium Ecosystem,https://wavex.fi/,"WaveX is a liquidity pool-based perpetual decentralized exchange (DEX) built on the Soneium network, offering high-leverage trading with zero price impact and deep liquidity across various assets. It enables traders to maintain custody while benefiting from seamless execution, and liquidity providers can earn yield by supplying assets.",,,,Trading & DeFi,Hold-NoEmail,7,round1,
Sovra,Tom Spengler,Chief Executive Officer,,,Pre-seed,Jun 2026,$2.00M,"Wallet, Payments, Stablecoin",sovra.com,"Sovra is a self-custodial fintech platform that provides users with a global digital dollar account powered by USDC. The platform enables users to hold, send, spend, and earn on digital dollars while maintaining full control of their funds without relying on traditional banks or custodians. Designed for underserved and underbanked populations, particularly across MENA, Sovra combines stablecoin-based savings, global payments, yield opportunities, and payment card functionality into a single m...",http://www.linkedin.com/in/tomspengler,,Pharsalus Capital,Payments & Stablecoins,Hold-NoEmail,7,round2_new,
EarnOS (Ero),,,,,Unknown,Jun 2026,$18.50M,"Social/Community, Payments",,"EarnOS is a project on the Verona (ex XION) blockchain, adopting a user experience (UX)-first approach to showcase practical Web3 applications. It enables users to engage with brands, verify their interactions, and earn real rewards, thereby bridging the gap between consumers and businesses in the digital economy.",,,"1kx, Circle Ventures, Coinbase Ventures, Social Graph Ventures",Payments & Stablecoins,Hold-NoEmail,7,round2_new,
"Nuva Labs (ex ProvLabs, Provenance Blockchain)",,,,,Seed,May 2026,$5.20M,"RWA, Infrastructure",,"Nuva Labs delivers blockchain infrastructure enabling institutions and fintechs to tokenize, manage, and scale real-world assets. Built on Provenance Blockchain, it offers enterprise-grade APIs and SaaS solutions through its Connect platform, supporting asset issuance, vault management, compliance, treasury optimization, and real-time data access. The platform ensures transparency and efficiency in deploying and distributing digital assets across blockchain networks.",,,Morgan Creek Capital,RWA & Tokenization,Hold-NoEmail,7,round2_new,
BetHog (FanDuel),,,,,Series A,Apr 2026,$10.00M,"GameFi, Payments",,"FanDuel is a leading online sports betting and daily fantasy sports platform. BetHog is a new cryptocurrency casino and sportsbook launched by the founders of FanDuel, featuring unique games and a player-focused experience. Built on the Solana blockchain, BetHog supports PvP casino games, including exclusive “BetHog Originals,” which provide innovative takes on crash and mines games. A first-of-its-kind PvP feature enables users to play alongside popular streamers. BetHog accepts SOL for its ...",,,"Will Ventures, RockawayX, Phoenix Capital Ventures (PCV), 6th Man Ventures (6MV), Bullpen Capital, Advancit Capital",Payments & Stablecoins,Hold-NoEmail,7,round2_new,
P2P me,,,,,Public sale,Apr 2026,$6.00M,"Payments, Identity/Privacy",,"P2P me is a decentralized, non-custodial platform that enables users to swap fiat and USDC using QR codes. Powered by zero-knowledge KYC (ZK-KYC), it ensures secure, fraud-resistant, and private transactions, empowering real-world crypto payments without intermediaries.",,,,Payments & Stablecoins,Hold-NoEmail,7,round2_new,
Derivio,,,,,Unknown,Mar 2026,$6.00M,"AI/ML, Trading, Data/Analytics",derivio.xyz,"Derivio is an AI-native crypto trading terminal that combines market intelligence, research context, decision support, and trade execution in one interface. Its website positions it as a single terminal for smarter, earlier trading, and public reports describe it as a full-stack platform built for “agentic trading” workflows. The project appears focused on helping traders replace fragmented dashboards with a more automated, AI-driven experience.",,,"YZi Labs (ex Binance Labs), CMT Digital, Everstake Capital, Big Brain Holdings, Signum Capital, UOB Venture Management, Proximity Labs",Trading & DeFi,Hold-NoEmail,7,round2_new,
Cap Labs,,,,,Public sale,Feb 2026,$15.00M,"DeFi, Stablecoin",,"CAP Labs is a DeFi protocol offering a stablecoin mechanism designed to generate high, sustainable yields. Focused on optimizing capital efficiency, CAP Labs aims to provide decentralized yield options unattainable through traditional finance. The platform combines advanced DeFi strategies to maximize stablecoin profitability and accessibility.",,,,Trading & DeFi,Hold-NoEmail,7,round2_new,
Doppler (Whetstone Research),,,,,Seed,Jan 2026,$9.00M,"DeFi, DEX, Infrastructure",,"Whetstone Research is a company focused on developing new protocols to advance on-chain markets. Their initial product, Doppler, is a liquidity bootstrapping protocol built on the Uniswap ecosystem, designed to enhance price discovery and liquidity efficiency. Additionally, they have developed Pure Markets, a DeFi front-end application that operates on top of Doppler.",,,"Pantera Capital, Variant Fund, Figment Capital, Coinbase Ventures",Trading & DeFi,Hold-NoEmail,7,round2_new,
River (ex Satoshi Protocol),,,,,Strategic,Jan 2026,$12.00M,"Stablecoin, Bridge/Interoperability",,"River is building a chain-abstraction stablecoin system that unifies assets, liquidity, and yield across multiple blockchains. Powered by its omni-chain CDP-based stablecoin, satUSD, users can collateralize assets on one chain and mint on another—unlocking native earning, leveraging, and scaling capabilities. River also offers full-reserve Bitcoin services, including custody, instant transfers, and zero-fee recurring purchases. With a focus on transparency, security, and cross-chain operabili...",,,"Tron Foundation, Justin Sun, Maelstrom, The Spartan Group",Payments & Stablecoins,Hold-NoEmail,7,round2_new,
YO Protocol (YO Labs),,,,,Series A,Dec 2025,$10.00M,"DeFi, AI/ML",,"YO Protocol is a cross-chain yield optimization platform that automates crypto yield generation by intelligently rebalancing capital across multiple DeFi protocols and blockchains. The protocol calculates risk-adjusted yields, analyzes thousands of risk vectors including protocol age, audit history, and default probability. YO employs a unique multi-chain architecture using isolated ""embassy"" vaults on each blockchain to minimize bridge risks. Its vaults (yoETH, yoUSD, yoBTC, yoEUR, yoGOLD) d...",,,"Foundation Capital, Coinbase Ventures, Scribble Ventures, Launchpad VC",Trading & DeFi,Hold-NoEmail,7,round2_new,
Fin (ex TipLink),,,,,Unknown,Dec 2025,$17.00M,"Payments, Stablecoin",,"Fin is a stablecoin-based, enterprise-grade payment platform enabling instant large-value transfers across businesses and financial institutions. Formerly known as TipLink, Fin provides infrastructure for high-volume money movement, allowing users to send millions of dollars seamlessly to other Fin accounts, bank accounts, or crypto addresses. By combining stablecoin rails with compliant payment workflows, Fin targets corporate and institutional use cases that require fast, low-cost, cross-bo...",,,"Pantera Capital, Sequoia Capital, Samsung Next, Mert, Zach Abrams",Payments & Stablecoins,Hold-NoEmail,7,round2_new,
Ranger,,,,,Public sale,Dec 2025,$6.00M,"Derivatives, Trading, Aggregator",,"Ranger Finance is the first Solana-based perpetuals aggregator, offering deep aggregated liquidity, smart order routing, and comprehensive data insights for traders. It unifies fragmented markets, providing a seamless trading experience across perpetual futures, spot, and spot margin trading within the Solana ecosystem.",,,,Trading & DeFi,Hold-NoEmail,7,round2_new,
Solomon Labs,,,,,Public sale,Nov 2025,$8.00M,"Stablecoin, DeFi",,"Solomon is a stablecoin protocol on Solana that issues USDv, a composable, non-rebasing dollar designed to maintain a $1 peg through arbitrage. Users can stake USDv to mint sUSDv, a yield-bearing version that accrues value over time via an increasing exchange rate. Built for deep DeFi integration, Solomon enables stable, capital-efficient on-chain dollars that can be used across lending, trading, payments, and liquidity systems.",,,,Trading & DeFi,Hold-NoEmail,7,round2_new,
Yield Basis,,,,,Public sale,Oct 2025,$5.00M,"DeFi, DEX",,"Yield Basis, developed by Curve Finance founder Michael Egorov, is an AMM-based DeFi protocol designed to eliminate impermanent loss for liquidity providers. It uses 2× leverage via crvUSD to optimize liquidity positions, potentially increasing yields for BTC and ETH holders while maintaining sustainability. Liquidity positions are tokenized into yield-bearing assets like ybBTC and ybETH, enabling staking for additional rewards.",,,,Trading & DeFi,Hold-NoEmail,7,round2_new,
BIO Protocol,,,,,Seed,Sep 2025,$6.90M,"DeFi, DAO",bio-protocol.org,"BIO is a decentralized science (DeSci) protocol designed to advance biotech research through community-owned DAOs, tokenized scientific IP, and open funding channels. It provides a financial layer to support early-stage science by enabling the creation and governance of biotech DAOs, where stakeholders can fund, develop, and trade IP assets. BIO’s mission is to accelerate scientific innovation with blockchain technology, making it accessible and collaborative.",,,"Maelstrom, Mechanism Capital, Animoca Brands, Zee Prime Capital, Panga Capital, Mirana Ventures, Foresight Ventures, Big Brain Holdings, Presto Labs, ArkStream Capital, Paramita, Sigil Fund, Beaker Dao, Kosmos Ventures, Public Works, Moonrock Capital, Bodhi Ventures, Polymorphic Capital",Trading & DeFi,Hold-NoEmail,7,round2_new,AMBIGUOUS (multiple orgs named 'BIO Protocol') -> verify domain bio-protocol.org
Mavryk Network,,,,,Strategic,Sep 2025,$10.00M,"Layer 1, RWA, DeFi",mavryk.org,"Mavryk Network is a Layer 1 blockchain designed to bridge real-world assets (RWAs) with decentralized finance (DeFi), creating a secure and accessible digital economy. By simplifying RWA tokenization and DeFi integration, Mavryk enables users to trade tokenized assets such as real estate, bonds, and commodities on a seamless secondary market.",,,Multibank Group,Trading & DeFi,Hold-NoEmail,7,round2_new,
Circle (HyperCircleApp),,,,,Seed,Aug 2025,$12.00M,"AI/ML, DeFi",,"Circle is a Hyperliquid-based earning application that lets users generate yield by participating in HyperCycle’s decentralized AI compute network. Built atop HyperCycle’s Layer-0++ infrastructure, Circle leverages HyPC tokens and HyperShares to activate and operate compute nodes for revenue from AI agent coordination. The app provides a simplified interface to engage in HyperCycle’s ecosystem, enabling users to earn from AI tasks while benefiting from high-speed, ledgerless interoperability ...",,,,Trading & DeFi,Hold-NoEmail,7,round2_new,
STON fi,,,,,Series A,Aug 2025,$9.50M,DEX,,"STON fi is a decentralized exchange (DEX) powered by the TON Blockchain, offering users virtually zero fees, low slippage, and a user-friendly interface. It operates as an automated market maker (AMM), enabling users to swap assets without relying on a central party and allowing anyone to provide liquidity to liquidity pools in exchange for fees. STON fi aims to make cryptocurrency trading accessible to a wide audience, prioritizing community engagement and support.",,,"Ribbit Capital, CoinFund",Trading & DeFi,Hold-NoEmail,7,round2_new,
H100 Group,,,,,Unknown,Aug 2025,$11.40M,"AI/ML, Finance/Banking",,H100 Group AB is a Swedish health technology company specializing in AI-powered automation and digital solutions for health and longevity service providers. H100 became Sweden’s first publicly listed company to adopt Bitcoin as a treasury reserve asset.,,,,Payments & Stablecoins,Hold-NoEmail,7,round2_new,
Zama,Mzwandile Alfred,NPO CEO,,,Series B,Jun 2025,$57.00M,"Security, AI/ML",zama.org,"Zama is an open-source cryptography company, specializes in state-of-the-art Fully Homomorphic Encryption (FHE) solutions for blockchain and AI. Their user-friendly FHE libraries empower developers, from individuals to enterprises, to easily integrate end-to-end encryption without deep cryptography knowledge. Zama's performance focus has led to a 20x speed improvement in their FHE scheme, with plans for a 100x boost, enabling critical use cases in confidential blockchain and AI, and anticipat...",http://www.linkedin.com/in/mzwandile-alfred-787694168,,"Pantera Capital, Blockchange Ventures",Infra & Chains,Hold-NoEmail,7,round2_new,AMBIGUOUS (multiple orgs named 'Zama') -> verify domain zama.org
"Yield xyz (ex Omni Wallet, Steakwallet)",,,,,Strategic,Jun 2025,$5.00M,"DeFi, Infrastructure",,"Yield.xyz is a yield infrastructure platform that aggregates over 200 DeFi yield sources into a single API. Formerly known as Omni Wallet, it has evolved into a backend solution for developers and protocols to access real-time, on-chain yield data across lending, staking, and LP markets. Yield.xyz enables seamless integration of high-performing strategies without managing fragmented liquidity or yield farming complexity. With its developer-first tooling, it powers wallets, apps, and on-chain ...",,,Multicoin Capital,Trading & DeFi,Hold-NoEmail,7,round2_new,
Veda,,,,,Unknown,Jun 2025,$18.00M,"DeFi, Infrastructure",veda.co.uk,"Veda is a native yield infrastructure platform designed to simplify and enhance decentralized finance (DeFi) participation. By tokenizing complex DeFi interactions, Veda enables protocols, asset issuers, and applications to embed yield directly into their user interfaces, eliminating the need for users to navigate a complex network of primitives and assets. Its modular architecture supports flexible yield optimization strategies, including those driven by AI agents, and enforces verifiable on...",,,"CoinFund, Coinbase Ventures, Maelstrom, GSR Markets LTD, Animoca Ventures, BitGo, Mantle Network, Draper Dragon, Credibly Neutral, Relayer Capital, PEER Venture Partners, Heartcore Capital, Alumni Ventures (AVG)",Trading & DeFi,Hold-NoEmail,7,round2_new,
The Global Token Exchange (GTE),,,,,Series A,Jun 2025,$15.00M,"DEX, DeFi",,"GTE is a decentralized trading platform offering centralized exchange (CEX)-level performance with the security and transparency of decentralized finance (DeFi). It provides an all-in-one trading venue, including a central limit order book, automated market maker (AMM), and a launchpad for token creation. GTE ensures users receive optimal on-chain prices by scanning all trading venues on MegaETH. The platform is fully non-custodial, allowing users to maintain control over their funds.",,,Paradigm,Trading & DeFi,Hold-NoEmail,7,round2_new,
Concrete Protocol (Blueprint Finance),,,,,Unknown,Jun 2025,$9.50M,"Layer 1, DeFi",,"Concrete is an appchain designed to enhance on-chain debt and credit, offering higher yields, liquidation protection, and advanced predictions within the decentralized finance (DeFi) space developed by Blueprint Finance. As the native base protocol for generating credit products and derivatives, Concrete addresses the missing link in on-chain finance, aiming to become a foundational element for a new class of credit, debt, and structured products in the crypto industry.",,,"Polychain Capital, YZi Labs (ex Binance Labs), VanEck, LeadBlock Bitpanda Ventures, Decima, Halo Capital, Portal Ventures, Auros Global, Selini Capital, Gate io, Presto Labs, Curved Ventures, Pivot Global, Nonce Classic, Renzo, Crypto Discover, FounderHeads VC, BitGo, Baboon VC, MrBlock, DCF God, Jason Yanowitz, Adaptive Frontier, Sam Kazemian, HDF humble defi farmer",Trading & DeFi,Hold-NoEmail,7,round2_new,
BitVault,Leon Niesler,CTO,,,Pre-seed,Jun 2025,$2.00M,"DeFi, Stablecoin",bitvault.finance,"... Gaming, Launchpad, Base EcosystemBitVault is a permissioned DeFi protocol for institutions that issues two Bitcoin-backed stablecoins: bvUSD, an over-collateralized stablecoin, and sbvUSD, a yield-bearing variant powered by delta-neutral strategies from GSR. Built on a licensed fork of Liquity V2 and deployed on the Katana chain, BitVault enables whitelisted entities to mint, lend, and redeem with institutional-grade efficiency. It supports user-set interest rates, multi-asset collateral,...",http://www.linkedin.com/in/leon-niesler-70b5a7218,,"GSR Markets LTD, Gemini Frontier Fund, Auros Global, Keyrock",Trading & DeFi,Hold-NoEmail,7,round2_new,
Ubyx,,,,,Seed,Jun 2025,$10.00M,"Payments, Stablecoin",ubyx.com,"Ubyx is a global clearing and settlement platform designed to make stablecoins function like universal digital cash. It enables banks, fintechs, issuers, and merchants to accept, deposit, and redeem stablecoins at face value across multiple currencies and blockchains through existing financial infrastructures. The protocol uses a shared rulebook and pre-funded settlement accounts to ensure par-value redemption, aligns accounting treatment to cash equivalents (IAS7), and facilitates peer-to-pe...",,,"Galaxy Digital, Coinbase Ventures, Founders fund, VanEck, Mirana Ventures, LayerZero Labs, Paxos, Payoneer, Boku, Monerium",Payments & Stablecoins,Hold-NoEmail,7,round2_new,
Hyperion,Liviu Muresan,Chief Executive Officer,,,Strategic,Jun 2025,Undisclosed,DEX,hyperion.be,"Hyperion is a fully on-chain hybrid Orderbook-AMM DEX built natively on Aptos, combining high throughput and low latency to deliver a seamless trading experience. Designed for both professional and retail traders, it aims to serve as Aptos’ foundational trading engine, offering competitive liquidity and advanced market infrastructure.",http://www.linkedin.com/in/liviu-muresan-b00b7163,,"OKX Ventures (ex OKEx Blockdream Ventures), Aptos Labs, Maelstrom, Mirana Ventures",Trading & DeFi,Hold-NoEmail,7,round2_new,
Soul Labs,,,,,Public sale,Jun 2025,$6.00M,"Lending/Borrowing, AI/ML, Bridge/Interoperability",,"Soul Protocol is a decentralized platform that integrates cross-chain lending with AI-powered identity and reputation systems. Operating as a unified omnichain liquidity layer, it facilitates seamless lending and borrowing across multiple blockchains, including Ethereum, Avalanche, Arbitrum, Optimism, and Base. Users can mint Soulbound Tokens (SBTs) to build verifiable on-chain identities, enhancing trust and sybil resistance in DeFi applications.",,,,Trading & DeFi,Hold-NoEmail,7,round2_new,
IO Trader,,CMO & Co-Founder,,,Pre-seed,Jun 2026,TBD,Prediction Markets; DeFi; Derivatives; Trading,https://iotrader.io/,"IO Trader is a decentralized trading platform enabling users to speculate on crypto asset prices and real-world events through prediction markets and perpetual futures. It supports wallet-based, non-custodial trading, allowing users to maintain full control of their funds.",http://www.linkedin.com/in/johnny-sluijmer,,,Trading & DeFi,Hold-NoEmail,6,round1,
Aivive,Mark Jance,CEO / FOUNDER,,none,Series A,May 2026,$8.0M,AI; Base Ecosystem; Infrastructure; Solana Ecosystem,https://aivive.ai/,"Aivive is an AI-powered creative platform utilizing a Recursive AI Protocol (RAP) that connects product usage to on-chain token economics. It enables users to generate AI content with USDC, routing a portion of revenue into a transparent buyback-and-burn mechanism to deflate the network's token supply.",,,,Infra & Chains,Hold-NoEmail,6,round1,
Claw Intelligence,,,,,Seed,Apr 2026,$3.0M,AI; Analytics; BNB Chain Ecosystem; Data Service; Trading,https://clawintelli.com/,"Claw Intelligence is an AI-powered Web3 intelligence and trading workspace focused on the BNB Chain. It aims to provide structured, actionable insights from fragmented blockchain information by integrating market data, on-chain signals, research, and execution tools into a single interface.",,,,Trading & DeFi,Hold-NoEmail,6,round1,
KieDex,,,,,Seed,Apr 2026,$3.5M,Derivatives; DApp; DeFi; Trading,https://kiedex.app/,"KieDex is a crypto futures trading platform specializing in leveraged perpetual markets with a trade-to-earn model. It aims to provide a fast, simple exchange experience where users can trade major markets and earn KDX rewards through activity.",,,,Trading & DeFi,Hold-NoEmail,6,round1,
Honeypop,,,,,M&A,Feb 2026,TBD,DEX; AMM; DeFi; Lending/Borrowing; Scroll Ecossytem,,"Honeypop is a permissionless DeFi protocol on the Scroll network, functioning as a foundational liquidity hub. It integrates an Automated Market Maker (AMM) called Scroll Swap and a lending market, Scroll Lend, powered by Morpho technology, to offer deep trading pools and permanent liquidity.",,,,Trading & DeFi,Hold-NoEmail,6,round1,
Beatcoin,TBD,TBD,,none,Strategic,Jan 2026,$5.0M,L1; Infrastructure,https://beatswap.net/,"Beatcoin is a Web3-native value settlement and coordination infrastructure that aims to standardize on-chain user behavior into long-term value assets. It provides tools like a Universal Coordination Layer, a Beat Points System, and AI-native coordination to optimize the relationship between protocols and users, fostering sustainable Web3 adoption and efficient on-chain economies.",,,,Infra & Chains,Hold-NoEmail,6,round1,
Wandly,,,,,Grants,Dec 2025,TBD,Prediction Markets; Trading,https://wandly.xyz/,"Wandly develops Web3 products designed for prediction market traders. Their platform provides tools to help users discover markets, track positions, analyze probabilities, and optimize trading decisions across various on-chain prediction protocols.",,,,Trading & DeFi,Hold-NoEmail,6,round1,
TradeTide AI,,,,,Seed,Aug 2025,TBD,AI; Analytics; Trading,https://tradetide.cc/,"TradeTide AI is an AI-powered crypto strategy platform designed to predict market trends, formulate trading strategies, and execute them automatically across various blockchains. It aims to help users optimize their portfolio performance through intelligent automation and deep crypto-native integrations.",,,,Trading & DeFi,Hold-NoEmail,6,round1,
Magne AI,TBD,TBD,,none,Strategic,Aug 2025,$10.0M,Infrastructure; AI; DePIN,https://www.magne.ai/,"Magne AI is a U.S.-led technology company developing the first AI-native Web3 smartphone and next-generation mobile infrastructure for the decentralized internet. Their solutions integrate hardware-level cryptographic security, on-device AI processing, and Web3-native protocols to provide mobile-first experiences.",,,,Infra & Chains,Hold-NoEmail,6,round1,
Kolscan,,,,,M&A,Jul 2025,TBD,Analytics; DApp; Solana Ecosystem; Trading,https://kolscan.io/,"Kolscan is a Solana-based analytics platform that tracks key opinion leader (KOL) wallets in real time. It provides users with live token holdings, transactions, and realized PnL, enabling them to monitor and compare top traders' performance and even copy trades.",,,,Trading & DeFi,Hold-NoEmail,6,round1,
TWL Miner,,,,,Series B,Jul 2025,$95.0M,Infrastructure; AI,https://twlminer.com/,TWL Miner is a UK-based cloud mining platform that allows users to mine cryptocurrencies without owning hardware. It operates over 60 data centers worldwide using renewable energy sources like solar and wind power.,,,,Infra & Chains,Hold-NoEmail,6,round1,
Renaiss Protocol,,,,,Unknown,Jun 2026,$1.50M,"RWA, NFT, Trading",,"Renaiss is a blockchain-based collectible finance network that transforms physical collectibles into verifiable, liquid, and tradable digital assets. Starting with trading cards and collectibles, the platform combines real-world asset (RWA) tokenization, marketplace trading, vault-backed custody, and on-chain liquidity infrastructure. Through digital ownership, cryptographic proof of custody, and blockchain verification, Renaiss enables collectors to trade, value, and potentially leverage col...",,,"YZi Labs (ex Binance Labs), Gate Ventures, Hash Global, Xin Family, Redline Labs",Trading & DeFi,Hold-NoEmail,6,round2_new,
Re,,,,,Unknown,Jun 2026,Undisclosed,"RWA, DeFi",,Re is a blockchain-powered reinsurance protocol. It is the RWA Platform specializing in offering tokenized reinsurance,,,Coinbase Ventures,Trading & DeFi,Hold-NoEmail,6,round2_new,
BitFi,,,,,Public sale,Jun 2026,$500K,"DeFi, Lending/Borrowing",,"BitFi is a CeDeFi platform that combines secure staking mechanisms with innovative synthetic assets to create a dynamic ecosystem. Utilizing advanced on-chain technology and comprehensive off-chain quantitative strategies, BitFi optimizes returns on staked assets across multiple blockchains. The platform offers products like the BitFi Synthetic Dollar and Internet Bonds, providing users with enhanced earning and trading opportunities. BitFi’s roadmap includes crypto staking, re-staking, CeFi ...",,,,Trading & DeFi,Hold-NoEmail,6,round2_new,
Ethena Labs,,,,,Unknown,Jun 2026,Undisclosed,"Stablecoin, DeFi",,"Ethena is a startup developing the first-ever ‘internet bond’ and a new Ethereum-based stablecoin USDe that achieves stability by hedging price exposure through shorting Ethereum using perpetual swaps, while their savings bond offers individuals worldwide a dollar-denominated savings instrument with the benefits of decentralized finance.",,,Janus Henderson Investors,Trading & DeFi,Hold-NoEmail,6,round2_new,
TSFC,,,,,Unknown,Jun 2026,Undisclosed,"Infrastructure, Finance/Banking",,"TSFC is a decentralized infrastructure service provider for global financial markets, focusing on enhancing transparency and efficiency in cross-border trade finance. It offers secure, scalable solutions to streamline financial transactions, leveraging technology to improve liquidity and trading processes.",,,Zerra Ventures,Payments & Stablecoins,Hold-NoEmail,6,round2_new,
Centrifuge,,,,,Unknown,May 2026,Undisclosed,"RWA, DeFi",,The untapped multi-trillion dollar market of real-world assets (RWA) is now entering Decentralized Finance (DeFi) through Centrifuge: the first protocol to connect DeFi to the real-world.,,,Coinbase,Trading & DeFi,Hold-NoEmail,6,round2_new,
Printr,,,,,Public sale,May 2026,$2.00M,DEX,,"Printr is a cross-chain memecoin launchpad allowing users to launch and trade tokens across 69+ chains with a single click. It consolidates liquidity and simplifies token creation for degens. The platform features a playful approach, inviting users to join a waitlist for early access and community airdrops.",,,,Trading & DeFi,Hold-NoEmail,6,round2_new,
Hamilton,,,,,Unknown,Apr 2026,Undisclosed,"RWA, Stablecoin, Layer 1",,"Hamilton is a platform that brings real-world assets (RWAs) onto the Bitcoin network, leveraging its security and decentralization. It offers products like HUSD, a Bitcoin-native stablecoin backed by U.S. Treasury Bills, and HUST, tokenized U.S. Treasuries, providing users with secure and liquid investment options. Hamilton aims to unlock global access to capital markets through tokenized assets secured by Bitcoin.",,,AXIAN Investment,Payments & Stablecoins,Hold-NoEmail,6,round2_new,
Startale Labs,,,,,Series A,Mar 2026,$50.00M,"Infrastructure, Other",,"Startale Labs is an advanced Web3 technology company that specializes in developing multi-chain applications and infrastructure, conducting research and development, and providing incubation programs for Web3 startups. They are known for their products such as Astar Network, a popular smart contract platform in Japan, and Swanky Suite, a comprehensive tool for WebAssembly smart contract developers.",,,SBI Holdings,Infra & Chains,Hold-NoEmail,6,round2_new,
Republic,,,,,Unknown,Mar 2026,Undisclosed,"Finance/Banking, Other",,"Republic is a global investment platform that enables individuals to invest in startups, crypto projects, real estate, and gaming ventures. It democratizes access to early-stage and alternative investments by lowering entry barriers and offering curated opportunities across multiple asset classes. Republic also provides fundraising infrastructure for founders, combining regulatory compliance, community building, and capital formation tools in one ecosystem.",,,Hamilton Lane,Payments & Stablecoins,Hold-NoEmail,6,round2_new,
Sats Terminal,,,,,Unknown,Mar 2026,Undisclosed,"DeFi, DEX, Aggregate",,"Sats Terminal is a Bitcoin DeFi aggregation protocol that simplifies access to decentralized financial services on the Bitcoin network. It integrates decentralized exchange (DEX) services, bridging solutions, and yield aggregation into a unified platform, enhancing user experience and liquidity.",,,Gate Ventures,Trading & DeFi,Hold-NoEmail,6,round2_new,
TruFin,,,,,Unknown,Feb 2026,Undisclosed,"DeFi, Lending/Borrowing",,"TruFin Protocol builds institutional-grade Web3 primitives, including liquid staking and structured vault strategies designed to serve as foundational components for digital asset portfolios. The protocol focuses on risk reduction, secure on-chain reward generation, and compliance-driven infrastructure. Access to TruFin vaults requires due diligence and KYC/AML onboarding through approved partners, positioning the platform for regulated and institutional participants.",,,"SC Ventures, FalconX, Road Capital",Trading & DeFi,Hold-NoEmail,6,round2_new,
Ubyx,,,,,Unknown,Feb 2026,Undisclosed,"Payments, Stablecoin",,"Ubyx is a global clearing and settlement platform designed to make stablecoins function like universal digital cash. It enables banks, fintechs, issuers, and merchants to accept, deposit, and redeem stablecoins at face value across multiple currencies and blockchains through existing financial infrastructures. The protocol uses a shared rulebook and pre-funded settlement accounts to ensure par-value redemption, aligns accounting treatment to cash equivalents (IAS7), and facilitates peer-to-pe...",,,AB Xelerate,Payments & Stablecoins,Hold-NoEmail,6,round2_new,
MYX Finance,,,,,Strategic,Feb 2026,Undisclosed,"DEX, Derivatives",myx.finance,"MYX.Finance is a decentralized derivatives exchange (DEX) that transforms the trading landscape with its P2Pool2P (peer-to-pool-to-peer) model and intelligent funding rate mechanism. The platform simplifies liquidity management with a single-pair LP system, empowering traders to focus on strategies. MYX.Finance offers a diverse array of derivatives instruments, including perpetual futures and options, ensuring a comprehensive trading experience.",,,"ConsenSys, Consensys Mesh, Systemic Ventures",Trading & DeFi,Hold-NoEmail,6,round2_new,
Uniswap,,,,,Unknown,Feb 2026,Undisclosed,"DEX, DeFi",,"Uniswap is a decentralized exchange (DEX) protocol that enables permissionless token swaps and liquidity provision across multiple blockchain networks. Built on Ethereum and expanded to Layer 2s like Arbitrum and Base, Uniswap allows users to trade directly from their wallets without intermediaries. Powered by automated market maker (AMM) smart contracts, it provides deep on-chain liquidity and transparent settlement. With support for multiple pool versions (v2, v3, v4), Uniswap serves as fou...",,,BlackRock,Trading & DeFi,Hold-NoEmail,6,round2_new,
Opinion,,,,,Series A,Feb 2026,$20.00M,"Oracle, Data/Analytics",insightsopinion.com,"O.LAB offers a decentralized suite of products, including a prediction market, opinion market, and oracle, designed to provide transparent, objective information for global decision-making. The platform emphasizes privacy, security, and accessibility, allowing users to engage in predictive trading and data-driven decisions. With features like privacy-by-default and world-class risk management, O.LAB aims to empower both novice and professional traders in a decentralized ecosystem.",,,"Hack VC, Jump Crypto, Primitive, Decasonic",Infra & Chains,Hold-NoEmail,6,round2_new,
Derive (ex Lyra),,,,,Unknown,Feb 2026,Undisclosed,"Derivatives, DeFi",,"Derive is a decentralized protocol designed to create programmable on-chain options, perpetuals, and structured financial products. Built on Derive L2, an Ethereum rollup on the OP Stack and governed by a DAO, it features modular architecture for flexible upgrades. The protocol uses subaccounts, assets, and managers to ensure efficient trade execution, risk management, and liquidity optimization. With support for perpetual futures, European options, and wrapped ERC20 assets, Derive empowers u...",,,Variant Fund,Trading & DeFi,Hold-NoEmail,6,round2_new,
Zama,,,,,Public sale,Jan 2026,$44.00M,"Security, AI/ML",,"Zama is an open-source cryptography company, specializes in state-of-the-art Fully Homomorphic Encryption (FHE) solutions for blockchain and AI. Their user-friendly FHE libraries empower developers, from individuals to enterprises, to easily integrate end-to-end encryption without deep cryptography knowledge. Zama's performance focus has led to a 20x speed improvement in their FHE scheme, with plans for a 100x boost, enabling critical use cases in confidential blockchain and AI, and anticipat...",,,,Infra & Chains,Hold-NoEmail,6,round2_new,
BitGo,,,,,IPO,Jan 2026,$212.80M,"Security, Wallet",,"BitGo is a digital asset security company trusted by some of the largest institutions in the world, specializing in safeguarding cryptocurrency for institutional clients. Their comprehensive solutions, including custody services and cybersecurity measures, cater to the needs of institutions like banks, hedge funds, and exchanges.",,,,Infra & Chains,Hold-NoEmail,6,round2_new,
"City Protocol (Cooking City, ex MagicSeven Co., Ltd.)",,,,,Unknown,Jan 2026,Undisclosed,"RWA, Infrastructure",,"City Protocol is a decentralized infrastructure for IP attention and capital markets, bringing real-world intellectual property on-chain. It enables creators and communities to fund, scale, and trade cultural assets as liquid, investable units through programmable financing, RWAs, and AI-driven distribution—keeping value accrual transparent and community-owned.",,,071labs (Zero Seven One Labs),RWA & Tokenization,Hold-NoEmail,6,round2_new,
Saturn Labs (USDat),,,,,Angel,Jan 2026,$800K,"Stablecoin, RWA",,"Saturn Labs is developing a yield-bearing stablecoin backed by MicroStrategy’s STRC—an institutional-grade Bitcoin credit instrument. Designed to deliver 10%+ real yield, Saturn integrates decentralized asset treasuries (DATs), stablecoins, and real-world assets (RWAs) into a transparent, scalable reserve model. The protocol is built for onchain-native, sustainable yield generation, leveraging institutional credibility and crypto-native composability.",,,"YZi Labs (ex Binance Labs), Sora Ventures, DeFiDad, Nomatic, Luca Netz",Payments & Stablecoins,Hold-NoEmail,6,round2_new,
Genius (Shuttle Labs),,,,,Unknown,Jan 2026,Undisclosed,"DEX, Trading",,"Genius, developed by Shuttle Labs, is a non-custodial crypto trading platform focused on decentralization and user control. It addresses issues linked to centralized failures like FTX by ensuring users maintain control of their private keys, removing third-party risks. Genius supports a wide range of cryptocurrencies without requiring KYC, streamlining trading by eliminating bridging and gas fees for an accessible experience.",,,YZi Labs (ex Binance Labs),Trading & DeFi,Hold-NoEmail,6,round2_new,
Ubyx,,,,,Unknown,Jan 2026,Undisclosed,"Payments, Settlement",,"Ubyx is a global clearing and settlement platform designed to make stablecoins function like universal digital cash. It enables banks, fintechs, issuers, and merchants to accept, deposit, and redeem stablecoins at face value across multiple currencies and blockchains through existing financial infrastructures. The protocol uses a shared rulebook and pre-funded settlement accounts to ensure par-value redemption, aligns accounting treatment to cash equivalents (IAS7), and facilitates peer-to-pe...",,,Barclays,Payments & Stablecoins,Hold-NoEmail,6,round2_new,
Octra,,,,,Public sale,Dec 2025,$20.00M,"Infrastructure, Security",,"Octra is a blockchain network focused on Fully Homomorphic Encryption (FHE), offering cryptographic tools for secure mathematical operations in isolated execution environments. The platform supports smart contracts developed in OCaml, AST, ReasonML, and C++, and provides open-source libraries like Hypergraph for broader compatibility. Octra uses an extended version of IrminDB to manage data with validators.",,,,Infra & Chains,Hold-NoEmail,6,round2_new,
Superform Labs,,,,,Public sale,Dec 2025,$3.00M,"DeFi, Lending/Borrowing",,"Superform is a permissionless cross-chain yield marketplace designed for DeFi protocols, allowing them to list their vaults or asset pools. Users can deposit funds into these vaults and earn yield, with Superform simplifying the process by abstracting away swapping and bridging, offering a single interface for yield management.",,,,Trading & DeFi,Hold-NoEmail,6,round2_new,
Reya Network,,,,,Public sale,Dec 2025,$3.00M,"Layer 2, DeFi, Trading",,"Reya Network — the world’s first trading-optimised modular L2. The network design creates the deepest liquidity, best capital efficiency and highest performance for DeFi traders and liquidity providers.",,,,Trading & DeFi,Hold-NoEmail,6,round2_new,
Predict,,,,,Unknown,Dec 2025,Undisclosed,"Social/Community, Trading",,"Predict is an on-chain prediction and social gaming platform built to make forecasting fun, accessible, and community-driven. Users can predict outcomes across sports, crypto, culture, and real-world events while earning rewards for accuracy. The platform introduces gamified mechanics, leaderboards, social competitions, and token-based incentives, enabling players to challenge friends, join communities, and climb ranking tiers.",,,YZi Labs (ex Binance Labs),Trading & DeFi,Hold-NoEmail,6,round2_new,
XMAQUINA,,,,,Unknown,Dec 2025,Undisclosed,"DePIN, RWA",,"XMAQUINA is a DePIN platform for tokenized autonomous robots, allowing people to share in the revenues from smart machines. It enables businesses to tokenize real-world assets, turning intelligent machines into public investment opportunities to scale robotics ventures. This approach enhances liquidity, stakeholder engagement, and market leadership while ensuring transparency through on-chain mechanisms.",,,"Borderless Capital, Waterdrip Capital, vVv dotnet, Clairvoyant Labs",RWA & Tokenization,Hold-NoEmail,6,round2_new,
Harmonix Finance,,,,,Public sale,Dec 2025,$600K,"DeFi, Derivatives",,"Harmonix Finance is a DeFi platform bringing hedge fund strategies on-chain through automated vaults and smart derivatives pools. It offers delta-neutral, options-based, and restaking strategies to maximize yield and minimize risk, making advanced TradFi tools accessible to all.",,,,Trading & DeFi,Hold-NoEmail,6,round2_new,
Revolut,,,,,Unknown,Nov 2025,Undisclosed,"Payments, Finance/Banking, CEX",,"Revolut is a global financial super-app offering digital banking, payments, foreign exchange, crypto trading, cards, and wealth management. Available in 200+ countries, it allows users to send and receive money instantly, hold multi-currency accounts, invest in stocks and crypto, and manage their finances from a single app. With features like budgeting tools, virtual cards, merchant payments, and international transfers at competitive rates, Revolut bridges traditional finance with modern dig...",,,"Coatue, Greenoaks Capital, Dragoneer Investment Group, Fidelity Management and Research Company, Andreessen Horowitz (a16z crypto), Franklin Templeton, NVentures: NVIDIA Venture Capital, T. Rowe Price",Payments & Stablecoins,Hold-NoEmail,6,round2_new,
Rayls (Parfin),,,,,Unknown,Nov 2025,Undisclosed,"DeFi, RWA, Finance/Banking",,"Rayls is a UniFi blockchain ecosystem bridging traditional finance (TradFi) and decentralized finance (DeFi). It supports real-world financial applications, including tokenized financial products, central bank digital currencies (CBDCs), and cross-border payments. Rayls prioritizes privacy, scalability, and compliance, enabling institutions to build next-generation financial products with robust and secure infrastructure. Parfin is a Web3 infrastructure provider offering digital asset custody...",,,Tether,Trading & DeFi,Hold-NoEmail,6,round2_new,
Ledn,,,,,Unknown,Nov 2025,Undisclosed,"Lending/Borrowing, Finance/Banking",,"Ledn is a global digital asset financial services platform offering secure lending, savings, and credit products for Bitcoin and stablecoins. Regulated in multiple jurisdictions, Ledn provides BTC- and USDC-backed loans, interest-earning accounts, institutional trading solutions, and advanced financial products like the Bitcoin Mortgage—allowing users to use Bitcoin as collateral for real estate financing. With a focus on transparency, Ledn publishes regular Proof-of-Reserves attestations and...",,,Tether,Trading & DeFi,Hold-NoEmail,6,round2_new,
Vooi,,,,,Public sale,Nov 2025,$1.30M,"DEX, Trading",,"Vooi is a decentralized trading platform offering seamless cross-chain trading across multiple perpetual decentralized exchanges. It provides a unified, user-friendly interface that mimics a centralized exchange (CEX) experience while maintaining the security and transparency of decentralized finance (DeFi). Vooi enables users to trade on various blockchain networks, automate strategies, and explore over 100 trading pairs—all while benefiting from low fees, rebates, and rewards.",,,,Trading & DeFi,Hold-NoEmail,6,round2_new,
Curvance,,,,,Strategic,Nov 2025,$4.00M,"DeFi, Lending/Borrowing",curvance.com,"Curvance is a decentralized finance (DeFi) platform that facilitates stablecoin deposits, earnings, and borrowing, aiming to address fragmentation across chains and protocols. The protocol supports various Layer 2 solutions and decentralized exchanges, providing users with opportunities to optimize yield and maximize capital efficiency in the DeFi ecosystem. Curvance's adaptive rate model, flexible borrowing options, and commitment to compliance contribute to its role in shaping the future of...",,,"F-Prime Capital, Primal Capital, Auros Global, GSR Markets LTD, Flowdesk, Purple, Q42, V3V Ventures, Echo",Trading & DeFi,Hold-NoEmail,6,round2_new,AMBIGUOUS (multiple orgs named 'Curvance') -> verify domain curvance.com
"Bluefin (ex Firefly, dTrade)",,,,,Unknown,Nov 2025,$4.40M,"DEX, Derivatives",,"Bluefin is an orderbook decentralized exchange (DEX) for perpetual swaps and options powered by Substrate. Supported by Polkadot’s shared security, high-throughput and low-latency transactions, micro-gas fees, and interoperability across networks, Bluefin provides traders with a derivatives DEX that is both performant and secure.",,,SUI Group Holdings (SUIG),Trading & DeFi,Hold-NoEmail,6,round2_new,
Commonware,,,,,Unknown,Nov 2025,$25.00M,"Infrastructure, Layer 1",commonware.net,"Commonware is an open, Rust-based blockchain framework designed to provide specialized, high-performance on-chain applications. It offers modular primitives for consensus, cryptography, peer-to-peer communication, runtime execution, storage, and streaming, enabling developers to tailor blockchain components to specific application needs. By decoupling traditional blockchain layers, Commonware aims to achieve excessive throughput and facilitate seamless interoperability, empowering developers ...",,,Tempo,Infra & Chains,Hold-NoEmail,6,round2_new,
Mellow Protocol,,,,,Unknown,Nov 2025,Undisclosed,"DeFi, Infrastructure",,"Mellow Finance is a modular yield marketplace that enables users and protocols to create and manage custom DeFi vaults. It provides permissionless infrastructure for intent-based yield optimization, liquidity strategies, and automated asset management. Built on Ethereum and L2s, Mellow connects users with professional vault managers, allowing composable integrations with protocols like Lido, Aave, and Yearn. Its system powers restaking, LP management, and structured yield strategies while ens...",,,Cyber Fund,Trading & DeFi,Hold-NoEmail,6,round2_new,
Canaan Creative,,,,,Strategic,Nov 2025,$72.00M,"Infrastructure, Compute",,"Canaan is a leading provider of advanced blockchain and AI solutions, known for pioneering ASIC Bitcoin mining hardware, including the Avalon Miner series. The company offers mining solutions with innovative cooling technologies and blockchain integration, catering to industrial-scale crypto mining and AI applications. Canaan focuses on high-performance computing to power blockchain ecosystems globally.",,,"Brevan Howard Digital, Galaxy Digital, Weiss Asset Management",Infra & Chains,Hold-NoEmail,6,round2_new,
Momentum (MSafe),,,,,Public sale,Nov 2025,$4.50M,"DeFi, DEX",,"Momentum is the central liquidity engine for the Move ecosystem, originally launched as MSafe. Built on Sui and Aptos, it integrates advanced DeFi tools including a decentralized exchange (DEX), multi-sig treasury management, token vesting, and liquidity provisioning. Leveraging ve(3,3) tokenomics, it aligns incentives to optimize capital efficiency and trading accessibility.",,,,Trading & DeFi,Hold-NoEmail,6,round2_new,
MegaLabs (MegaETH),,,,,Public sale,Nov 2025,$50.00M,Layer 1,,"MegaLabs is the developer of MegaETH, a blockchain aiming for 100,000 transactions per second (TPS) with full Ethereum compatibility. MegaETH achieves real-time processing and high transaction throughput using a heterogeneous blockchain architecture and a hyper-optimized EVM execution environment. This architecture allows for specialization of network nodes and minimizes hardware requirements for full nodes, ensuring a fast, secure, and efficient blockchain.",,,,Infra & Chains,Hold-NoEmail,6,round2_new,
Rayls (Parfin),,,,,Public sale,Oct 2025,$1.80M,"DeFi, RWA",,"Rayls is a UniFi blockchain ecosystem bridging traditional finance (TradFi) and decentralized finance (DeFi). It supports real-world financial applications, including tokenized financial products, central bank digital currencies (CBDCs), and cross-border payments. Rayls prioritizes privacy, scalability, and compliance, enabling institutions to build next-generation financial products with robust and secure infrastructure. Parfin is a Web3 infrastructure provider offering digital asset custody...",,,,Trading & DeFi,Hold-NoEmail,6,round2_new,
Sign (EthSign),,,,,Unknown,Oct 2025,$25.50M,"Infrastructure, Identity/Privacy",,"Sign is an on-chain infrastructure for token distribution and credential verification, ensuring transparency and security. Its TokenTable platform has facilitated $4B+ in token airdrops for 40M users and 200+ projects like Starknet and ZetaChain. Sign Protocol connects real-world credentials to blockchain addresses, enabling government and enterprise adoption.",,,"YZi Labs (ex Binance Labs), IDG Capital",Infra & Chains,Hold-NoEmail,6,round2_new,
CoinDCX,,,,,Unknown,Oct 2025,Undisclosed,"CEX, Staking, Lending/Borrowing",,"CoinDCX is India’s largest and most trusted cryptocurrency exchange, providing a secure platform for buying, selling, and earning from digital assets. Regulated and compliant with Indian financial guidelines, CoinDCX offers spot trading, staking, lending, and DeFi access through a simple, user-friendly app.",,,Coinbase,Trading & DeFi,Hold-NoEmail,6,round2_new,
Ripple Labs (XRP),,,,,Unknown,Oct 2025,Undisclosed,"Payments, Finance/Banking",,"Ripple is a blockchain-based payment network designed for fast, low-cost cross-border transactions. Its native cryptocurrency, XRP, facilitates liquidity and settlements on RippleNet, which is used by banks and financial institutions worldwide. Ripple also develops CBDC platforms and enterprise blockchain solutions for tokenization and digital asset management.",,,C1 Fund (CFND),Payments & Stablecoins,Hold-NoEmail,6,round2_new,
BVNK,,,,,Unknown,Oct 2025,Undisclosed,"Payments, Stablecoin",,"BVNK is a fintech company that provides stablecoin payment infrastructure, bridging traditional banking systems with blockchain technology to facilitate faster and more efficient global money movement.",,,Citi Ventures,Payments & Stablecoins,Hold-NoEmail,6,round2_new,
Lighter,,,,,Unknown,Oct 2025,Undisclosed,"DEX, Derivatives, Layer 2",,"Lighter is a zk-rollup perpetuals protocol delivering provable, non-custodial trading with cryptographic fairness guarantees. Built on Arbitrum, it combines the performance of centralized exchanges with the transparency of DeFi. Lighter features verifiable on-chain order matching, liquidation execution, and seamless integration with aggregators like 1inch, ensuring deep liquidity and reliable price discovery.",,,"HAUN Ventures, Founders fund, Dragonfly Capital, Robot Ventures, Andreessen Horowitz (a16z crypto), Lightspeed, Coatue, CRV, Abstract Ventures, SV Angel, 8VC",Trading & DeFi,Hold-NoEmail,6,round2_new,
Novastro,,,,,Public sale,Oct 2025,$2.00M,"Layer 2, RWA, DeFi",,"Novastro is a Layer 2 blockchain platform dedicated to the tokenization, trading, and yield generation of real-world assets (RWAs). Leveraging AI-driven analytics, it integrates MoveVM and EigenLayer AVS to provide Ethereum-level security and scalability, facilitating seamless interoperability between Move and EVM ecosystems. Novastro’s ecosystem centers around RUSD, a stablecoin backed by tangible assets like government bonds, gold, and real estate, ensuring stability and efficiency in trans...",,,,Trading & DeFi,Hold-NoEmail,6,round2_new,
Securitize,,,,,Unknown,Oct 2025,Undisclosed,"RWA, Security",,Securitize is a compliance platform and protocol for issuing and managing digital securities on the blockchain.,,,ARK Invest,RWA & Tokenization,Hold-NoEmail,6,round2_new,
Stablecorp (QCAD),,,,,Strategic,Sep 2025,$3.60M,"Stablecoin, Payments",,"Stablecorp is a Canadian fintech company specializing in digital money infrastructure. Their flagship product, QCAD, is a fully fiat-reserved Canadian dollar stablecoin designed for on-chain foreign exchange, local and global payments, and other capital markets use cases. Stablecorp’s platform also includes tools for digital asset development, management, and compliance, aiming to provide bank-grade blockchain solutions.",,,FTP Ventures,Payments & Stablecoins,Hold-NoEmail,6,round2_new,
Stable,,,,,Unknown,Sep 2025,Undisclosed,"Layer 1, Stablecoin, Payments",,"Stable is a Layer 1 blockchain designed for stablecoin-native applications, with USDT (Tether) as its gas token. It enables zero-fee peer-to-peer USDT transfers and supports smart contracts operating directly in stablecoins. Stable’s USDT0 mechanism facilitates cross-chain USDT transfers without bridges. The architecture provides a gas-less experience, built-in fiat on-ramps, and enterprise-grade throughput—targeting cross-border payments, treasury operations, FX, and institutional use cases.",,,PayPal Ventures,Payments & Stablecoins,Hold-NoEmail,6,round2_new,
Hana Network,,,,,Public sale,Sep 2025,$3.00M,"CEX, Payments",,"Hana Network is a P2P marketplace powered by Hyperliquid, providing mobile exchange including no-kyc on/off ramp, casual trading and farming.",,,,Payments & Stablecoins,Hold-NoEmail,6,round2_new,
Superform Labs,,,,,Public sale,Sep 2025,$1.40M,"DeFi, Bridge/Interoperability",,"Superform is a permissionless cross-chain yield marketplace designed for DeFi protocols, allowing them to list their vaults or asset pools. Users can deposit funds into these vaults and earn yield, with Superform simplifying the process by abstracting away swapping and bridging, offering a single interface for yield management.",,,,Trading & DeFi,Hold-NoEmail,6,round2_new,
Hyperliquid,,,,,Unknown,Sep 2025,Undisclosed,"Layer 1, DEX, Derivatives",,"Hyperliquid is a decentralized financial system built on a high-performance Layer 1 blockchain powered by HyperBFT, capable of 200k transactions per second with ~0.2-second finality. Initially a perpetual and spot DEX, Hyperliquid has evolved into a fully on-chain financial ecosystem featuring the HyperEVM for programmable state and applications. The native token, HYPE, secures the network and serves as a utility for gas and staking.",,,Circle,Trading & DeFi,Hold-NoEmail,6,round2_new,
Almanak,,,,,Public sale,Aug 2025,$2.50M,"AI/ML, DeFi",,"Almanak is a Web3 platform for building, optimizing, and deploying financial strategies with AI-driven Financial Agents. Using agent-based modeling, it enhances profitability and security in DeFi and gaming. The platform supports ideation, testing, and monitoring of strategies through a user-friendly interface and SDK, empowering traders and asset managers to adapt to real-time market conditions.",,,,Trading & DeFi,Hold-NoEmail,6,round2_new,
Superfluid,,,,,Public sale,Aug 2025,$2.00M,"DeFi, Payments",,"Superfluid is an asset streaming and distribution protocol, empowering DAOs and crypto-native businesses by introducing Super Tokens, a novel extension to the ERC-20 standard. It facilitates dynamic, programmable, and gas-efficient token transfers in real-time, supporting features like Money Streaming for continuous token flow and Distributions for scalable one-to-many fund transfers.",,,,Trading & DeFi,Hold-NoEmail,6,round2_new,
Centrifuge,,,,,Unknown,Aug 2025,Undisclosed,"DeFi, RWA",,The untapped multi-trillion dollar market of real-world assets (RWA) is now entering Decentralized Finance (DeFi) through Centrifuge: the first protocol to connect DeFi to the real-world.,,,Republic,Trading & DeFi,Hold-NoEmail,6,round2_new,
Bitway,,,,,Unknown,Aug 2025,Undisclosed,"Layer 1, Payments, RWA",,"Bitway is a Bitcoin-native Layer 1 protocol and infrastructure platform enabling seamless, gasless BTC-based transactions, lending, and real-world asset tokenization. Users interact via familiar Taproot or Native SegWit wallets—no EVM wallets or bridging required. Its features include decentralized, pool-based lending (via BTC collateral), gas-free transfers through built-in sponsorship, programmable smart contract support (EVM/WASM), and compliant access to RWAs such as tokenized Treasuries ...",,,YZi Labs (ex Binance Labs),Payments & Stablecoins,Hold-NoEmail,6,round2_new,
Polymarket,,,,,Unknown,Aug 2025,Undisclosed,"Trading, Derivatives",,"Polymarket is a decentralized information markets platform where users can trade on highly-debated topics and build portfolios based on their forecasts. By allowing users to buy shares in markets, Polymarket provides actionable insights based on traders' views of future events, making it a leading source of unbiased and real-time data. However, it's currently unable to operate in the U.S. due to regulatory restrictions, leaving the field open for other platforms.",,,1789 Capital,Trading & DeFi,Hold-NoEmail,6,round2_new,
Loop Crypto,,,,,Strategic,Aug 2025,$2.00M,"Payments, Stablecoin",loopcrypto.xyz,"Loop is a crypto and stablecoin payment processor tailored for merchants, billing platforms, and e-commerce operations. It simplifies on-chain payments by offering features like crypto subscriptions, recurring billing, wallet charging, and fiat settlements. Loop supports multiple networks—Ethereum, Solana, and various EVM chains—and accommodates recurring payments without locking funds or requiring constant user authorization. It integrates seamlessly with payment tools such as Stripe, Charge...",,,"Fabric Ventures, VanEck, Andreessen Horowitz (a16z crypto), Archetype, Mert",Payments & Stablecoins,Hold-NoEmail,6,round2_new,
Archax,,,,,Unknown,Aug 2025,Undisclosed,"CEX, RWA",,"Archax is a London-based, FCA-regulated digital asset exchange, broker, and custodian that seamlessly bridges traditional finance and blockchain innovation. It supports institutional-grade trading and tokenization of real-world assets—such as tokenized funds, equities, bonds, and money-market instruments—through highly compliant infrastructure. With services spanning custody, stablecoin issuance, treasury solutions, and OTC desks, Archax empowers financial institutions to access both cryptocu...",,,Stellar Development Foundation (SDF),Payments & Stablecoins,Hold-NoEmail,6,round2_new,
Sui (Mysten Labs),,,,,Unknown,Aug 2025,$20.00M,Layer 1,,"Sui is a high-performance, Layer 1 blockchain developed crafted to make digital asset ownership fast, secure, and accessible. It uses the object-centric Move programming language to enable parallel transaction execution, sub-second finality, and horizontal scalability, resulting in ultra-low fees even under heavy demand. Designed with Web3 in mind, Sui supports dynamic on-chain assets—like NFTs that evolve—and user-friendly features such as zkLogin and sponsored transactions. From DeFi and ga...",,,Mill City Ventures,Infra & Chains,Hold-NoEmail,6,round2_new,
Tectonic Foundation,,,,,Unknown,Aug 2025,Undisclosed,"Lending/Borrowing, DeFi",,"Tectonic is a decentralized money market protocol on the Cronos blockchain, enabling users to earn interest on deposits and access over-collateralized crypto loans. It supports dynamic interest rates, isolated lending pools, and smart contract-based risk management. Built for scalability and transparency, Tectonic facilitates passive income generation and capital efficiency within the Cronos DeFi ecosystem. The protocol is governed by the community through the TONIC token, which can be staked...",,,Black Flag,Trading & DeFi,Hold-NoEmail,6,round2_new,
Mara Holdings,,,,,Unknown,Aug 2025,$1.00B,"DePIN, Infrastructure",,"MARA leverages blockchain-based digital asset computation to support the energy transformation by converting stranded or underutilized energy into economic value. It deploys scalable data centers powered by excess energy, contributing to sustainability, and optimizing global energy efficiency. MARA focuses on creating value from renewable and waste energy while securing blockchain networks.",,,,Infra & Chains,Hold-NoEmail,6,round2_new,
Euler,,,,,Unknown,Aug 2025,Undisclosed,"Lending/Borrowing, DeFi",,"Euler Finance is a modular, permissionless lending protocol built on Ethereum, designed to support lending and borrowing of a wide range of crypto assets, including long-tail tokens. Utilizing the Euler Vault Kit (EVK) and Ethereum Vault Connector (EVC), it enables developers to create customizable lending vaults and connect them for complex financial strategies. Euler’s architecture allows for dynamic risk management through asset tiers and supports features like sub-accounts and reactive in...",,,M31 Capital,Trading & DeFi,Hold-NoEmail,6,round2_new,
Satsuma,,,,,Unknown,Jul 2025,$135.00M,"Data/Analytics, Infrastructure",satsuma.xyz,"Satsuma is a blockchain indexing platform with drop-in support for hosted subgraphs that makes it easier to search and analyze data stored on a blockchain, helping developers gain deeper insights into the data such as the total value locked of a DeFi protocol. It features subgraph indexing with high reliability & low block lag, GraphQL API with high availability & low response times, advanced metrics for monitoring indexing and queries and flexible subgraph versioning system.",,,,Infra & Chains,Hold-NoEmail,6,round2_new,
Soluna,,,,,Unknown,Jul 2025,$20.00M,"DePIN, Compute",solunaapp.com,"Soluna is a developer of green data centers that transform surplus renewable energy into global computing resources. By co-locating their modular data centers directly at renewable power plants, Soluna harnesses otherwise wasted energy for compute-intensive applications such as AI, Bitcoin mining, and scientific computing. This approach not only maximizes the utilization of renewable energy but also provides scalable and sustainable infrastructure for high-performance computing needs.",,,Spring Lane Capital,Infra & Chains,Hold-NoEmail,6,round2_new,AMBIGUOUS (multiple orgs named 'Soluna') -> verify domain solunaapp.com
StablR,,,,,Unknown,Jul 2025,Undisclosed,"Stablecoin, Finance/Banking",,"StablR is a financial technology company that offers an institutional-grade stablecoin platform, allowing businesses to create, manage, and redeem euro-denominated stablecoins (EURR). These stablecoins are fully backed by fiat assets, providing a secure and stable alternative to traditional currencies.",,,Kraken,Payments & Stablecoins,Hold-NoEmail,6,round2_new,
Sidekick,,,,,Unknown,Jul 2025,Undisclosed,"Trading, Social/Community",,"Sidekick Protocol is building a one-stop live-stream trading platform, enabling anyone to share real-time market insights and trade digital assets instantly. By combining engagement with immediate transactions, Sidekick empowers millions to connect, trade, and seize emerging opportunities effortlessly.",,,Fenbushi Capital,Trading & DeFi,Hold-NoEmail,6,round2_new,
Velvet Capital,,,,,Unknown,Jul 2025,$3.70M,"DeFi, Infrastructure",velvetcapital.com,"Velvet.Capital is a Cross-Chain Operating System that empowers decentralized finance participants to create diverse DeFi products. This platform enables streamlined tokenized fund launching, advanced trade execution, efficient yield farming, and adaptable custody options across multiple chains.",,,"YZi Labs (ex Binance Labs), Blockchain Founders Fund (BFF), FunFair Ventures, Selini Capital, Mucker Capital, PAKA, LucidBlue Ventures, Mindfulness Capital, SkyVision Capital, Gate Labs, Poolz Ventures, NexGenVenture, Cointelegraph Acceleration, Gains Associates, Rarestone Capital, Echo, DWF Ventures",Trading & DeFi,Hold-NoEmail,6,round2_new,
Perena,,,,,Unknown,Jul 2025,Undisclosed,"DeFi, Stablecoin",,"Perena is a decentralized finance (DeFi) platform that enhances stablecoin usability, liquidity, and rewards within the ecosystem. It offers a suite of tools designed to facilitate the seamless exchange of on-chain assets and maximize yield generation from idle stablecoin liquidity. By consolidating liquidity into a central asset, Perena enables new stablecoins to access existing liquidity pools and underlying assets at a lower cost, thereby reducing entry barriers. The platform also addresse...",,,"SIG DTI (a Susquehanna International Group Company), Native Crypto, Hermeneutic Investments, Echo",Trading & DeFi,Hold-NoEmail,6,round2_new,
"EigenLayer (EigenCloud, Eigen Labs)",,,,,Unknown,Jun 2025,$70.00M,"Infrastructure, Compute",,"EigenCloud is a developer platform by Eigen Labs that brings blockchain-grade verifiability to Web2 and Web3 applications. Built atop EigenLayer’s restaking protocol, it integrates EigenDA (data availability), EigenCompute (off-chain compute), and EigenVerify (dispute resolution) into a unified, modular infrastructure. By leveraging restaked ETH, EigenCloud provides “verifiability-as-a-service,” anchoring trust and payments on-chain while enabling scalable off-chain operations.",,,Andreessen Horowitz (a16z crypto),Infra & Chains,Hold-NoEmail,6,round2_new,
IREN (ex Iris Energy),,,,,Private,Jun 2025,$450.00M,"DePIN, Infrastructure",,"Iris Energy (IREN) is a leading next-generation data center business that powers Bitcoin mining, AI, and other operations using 100% renewable energy. Headquartered in Australia, Iris Energy aims to scale its hash rate capacity to 30 EH/s and data center capacity to 510 MW by 2025, with plans for further expansion and power monetization activities.",,,,Infra & Chains,Hold-NoEmail,6,round2_new,
Stable,,,,,Unknown,Jun 2025,Undisclosed,"Layer 1, Stablecoin",,"Stable is a Layer 1 blockchain designed for stablecoin-native applications, with USDT (Tether) as its gas token. It enables zero-fee peer-to-peer USDT transfers and supports smart contracts operating directly in stablecoins. Stable’s USDT0 mechanism facilitates cross-chain USDT transfers without bridges. The architecture provides a gas-less experience, built-in fiat on-ramps, and enterprise-grade throughput—targeting cross-border payments, treasury operations, FX, and institutional use cases.",,,Gabriel Abed,Payments & Stablecoins,Hold-NoEmail,6,round2_new,
Soon (Solana Optimistic Network),Yang Zhou,CTO,,,Unknown,Jun 2025,$5.00M,Layer 2,soo.network,"SOON utilizes the Solana Virtual Machine (SVM) with parallel transaction execution via Sealevel runtime, enhancing network performance and security. The Decoupled SVM, built on Anza’s SVM API, improves security by decoupling Transaction Processing Unit (TPU) and Proof of History (POH), reducing data availability wastage and removing unnecessary vote transactions. The SOON Stack enables deployment on any Layer 1 blockchain using ZK fraud proofs, significantly shortening dispute resolution time...",http://www.linkedin.com/in/yz89,,"Jump Crypto, Amber Group",Infra & Chains,Hold-NoEmail,6,round2_new,
Football Fun,,,,,Unknown,Jun 2025,Undisclosed,"GameFi, Trading",,"Football.Fun is a Web3 fantasy football platform where player cards are traded like memecoins. Users build squads by opening player packs, compete in tournaments, and trade player shares via a dynamic AMM-based market. The platform includes free-to-play access, invite-only beta, and an airdrop for early participants.",,,6th Man Ventures (6MV),Trading & DeFi,Hold-NoEmail,6,round2_new,
Plasma,,,,,Public sale,Jun 2025,Undisclosed,"Payments, Stablecoin",,"Plasma is a high-throughput, zero-fee payment platform built on Bitcoin. It enables USD₮ transfers with no fees and supports over 1,000 transactions per second, leveraging Bitcoin’s security. Plasma introduces a novel Nakamoto PoS consensus mechanism and a hybrid UTXO/Account architecture, allowing developers to build and execute modular smart contracts. The platform is designed to enhance Bitcoin’s utility for payments and decentralized applications with scalable, low-latency solutions.",,,,Payments & Stablecoins,Hold-NoEmail,6,round2_new,
Reveel (Reva),,,,,Strategic,Jun 2025,Undisclosed,"Payments, Stablecoin, Infrastructure",,"Reveel is a Web3-native payments infrastructure platform that simplifies global stablecoin transactions through its universal Pay(ID) system. Users can receive any stablecoin from any blockchain, with funds automatically settled in their preferred currency and wallet. Reveel’s AI-powered agent, Reva, enables seamless P2P payments across social media, messaging apps, and other platforms, making crypto transactions as easy as sending a message. The platform also offers APIs for developers to in...",,,"Taisu Ventures, AccVentures, XVC (XDC Ventures), Zemu VC, Subvisual, TopTradersbyTV, Nexus Fusion Capital, Connectico Capital",Payments & Stablecoins,Hold-NoEmail,6,round2_new,
Momentum (MSafe),,,,,Strategic,Jun 2025,Undisclosed,"DeFi, DEX",,"Momentum is the central liquidity engine for the Move ecosystem, originally launched as MSafe. Built on Sui and Aptos, it integrates advanced DeFi tools including a decentralized exchange (DEX), multi-sig treasury management, token vesting, and liquidity provisioning. Leveraging ve(3,3) tokenomics, it aligns incentives to optimize capital efficiency and trading accessibility.",,,"OKX Ventures (ex OKEx Blockdream Ventures), Coinbase Ventures, Protagonist, Gate Ventures, MEXC Ventures, KuCoin Ventures, DNA Fund, MonkeVentures, MultiChain Advisors Inc, Lark Davis, Nom",Trading & DeFi,Hold-NoEmail,6,round2_new,
Shiga Digital,,,,,Unknown,Jun 2025,Undisclosed,"Stablecoin, Payments, Finance/Banking",,"Shiga Digital is a blockchain-powered financial platform focused on delivering stablecoin-based banking services across Africa. It offers tools like OTC trading, FX conversion, virtual accounts, and treasury management, enabling businesses and individuals to transact globally using USDT and other stablecoins. Backed by Tether, Shiga aims to provide real-time, non-custodial financial access in regions with underdeveloped banking infrastructure.",,,Tether,Payments & Stablecoins,Hold-NoEmail,6,round2_new,
OrionX,,,,,Unknown,Jun 2025,Undisclosed,"CEX, Wallet",,"OrionX is a Chilean crypto exchange that offers wallet services in Chile and has plans to expand to Peru, Colombia and Mexico and surpass one million users by 2024. OrionX has the lowest commissions on the market in Chile, which are adjusted to the volume users operate in each transaction.",,,Tether,Payments & Stablecoins,Hold-NoEmail,6,round2_new,
Sportix,Shuhan Shen,Founder & CEO,,none,Seed Round,May 2026,$3.2M,AI; Analytics; Data Service; Sports,,"Sportix is an AI-powered sports intelligence platform that provides predictive insights, lineup optimization, and fantasy decision support for fantasy sports users. It analyzes player stats, matchups, and performance data across leagues like the NBA and NFL, and records predictions on-chain to create verifiable Fan Rank credentials.",http://www.linkedin.com/in/shuhan-shen-124232360,,Coinvestor Ventures; Animoca Brands; Becker Ventures; X21 Digital; Alpha Capital,Infra & Chains,Hold-NoEmail,5,round1,
ZENi,TBD,TBD,,none,Seed,Nov 2025,$1.5M,AI; Analytics; Data Service,https://1zeni.com/,"ZENi is an intelligence data layer that empowers AI Agents and the InfoFi Economy by integrating Web2 behavioral signals with on-chain blockchain activity. It processes over a million daily signals from various platforms, transforming them into structured, machine-ready insights for AI agents to understand user intent and execute trustless outreach.",,,Waterdrip Capital; Mindfulness Capital; Rootz Labs; Attention Ventures; DePIN X; Metalabs Ventures,Infra & Chains,Hold-NoEmail,5,round1,
DeAgent AI,Yves-Alexandre Kolter d'Ouradou,Co-Founder,,none,,Aug 2025,TBD,Infrastructure; AI,https://www.deagent.ai/,"DeAgent AI is a decentralized Web3-native network that enables the creation and management of autonomous AI agents. These agents leverage blockchain technology to ensure consistent, reliable, and capable participation within distributed systems.",https://hk.linkedin.com/in/yves-alexandre-kolter-d-ouradou-09619632,,,Infra & Chains,Hold-NoEmail,5,round1,
Foundation Devices,,,,,Unknown,May 2026,$6.40M,"Wallet, Security",foundationdevices.com,Foundation Devices is a developer of Bitcoin-centric tools that include a hardware wallet Passport.,,,"Fulgur Ventures, Arche Capital",Infra & Chains,Hold-NoEmail,5,round2_new,
Pharos,,,,,Public sale,Apr 2026,$10.00M,Layer 1,,"Pharos is a deep-parallel, Layer-1 blockchain network designed for high-speed, scalable, and decentralized applications. It supports EVM compatibility, allowing Ethereum dApp developers to leverage familiar toolchains while benefiting from Pharos’s features like 1-second finality, reduced storage costs, and enhanced security with AsyncBFT consensus. Pharos aims to drive innovation in DeFi, real-world assets (RWAs), decentralized physical infrastructure (DePIN), and cross-chain interoperabilit...",,,,Infra & Chains,Hold-NoEmail,5,round2_new,
Startale Labs,,,,,Series A,Jan 2026,$13.00M,Infrastructure,,"Startale Labs is an advanced Web3 technology company that specializes in developing multi-chain applications and infrastructure, conducting research and development, and providing incubation programs for Web3 startups. They are known for their products such as Astar Network, a popular smart contract platform in Japan, and Swanky Suite, a comprehensive tool for WebAssembly smart contract developers.",,,Sony Innovation Fund,Infra & Chains,Hold-NoEmail,5,round2_new,
Neuramint,,,,,Seed,Jan 2026,$5.00M,"AI/ML, Infrastructure",neuramint.ai,"NeuraMint is a Web3-native AI agent and tokenization platform that enables developers to automate, manage, and monetize complex blockchain operations using autonomous AI agents. Through its intelligent development framework, NeuraMint allows AI models, agents, and data outputs to be deployed on-chain as programmable, tokenized assets. These assets support ownership, revenue sharing, and composability across DeFi and Web3 applications.",,,"Maelstrom, Borderless Capital, Selini Capital, Symbolic Capital (ex Hyperedge Capital), Lattice Fund, Node Capital",Infra & Chains,Hold-NoEmail,5,round2_new,
DAWN (Andrena),,,,,Series B,Dec 2025,$13.00M,"DePIN, Infrastructure",,"Andrena is a decentralized wireless internet provider aiming to revolutionize broadband access through blockchain technology. By leveraging the Solana blockchain, Andrena provides a cost-effective and efficient solution for delivering high-speed internet to underserved and remote areas. The platform employs a decentralized infrastructure where users can contribute bandwidth and earn rewards, ensuring wider internet coverage and reliability.",,,"Polychain Capital, Archetype",Infra & Chains,Hold-NoEmail,5,round2_new,
Immunefi,,,,,Public sale,Nov 2025,$5.00M,Security,,Immunefi is a bug bounty security services platform that focuses on bug bounty and security services for Web3 projects.,,,,Infra & Chains,Hold-NoEmail,5,round2_new,
Nubila Network,,,,,Seed,Oct 2025,$8.00M,"DePIN, Data/Analytics",,"Nubila is a global environmental data network leveraging DePIN (Decentralized Physical Infrastructure Networks) and AI to enhance ESG (Environmental, Social, and Governance) data collection and analysis. The platform enables users to collect and share ESG data through easily installable stations, earning $NUBI tokens as rewards. Nubila’s AI-powered system ensures seamless integration and real-time insights, providing accurate and actionable ESG information for individuals and institutions. Th...",,,"BlockSpaceForce, Quantum Holdings, IoTeX, Assembly Partners, Synharbour AI",Infra & Chains,Hold-NoEmail,5,round2_new,
Openverse,,,,,Series B,Sep 2025,$8.00M,"Layer 1, Bridge/Interoperability",openverse.org,"Openverse Network is a Layer 0 blockchain infrastructure designed to serve as the foundational layer for the “Value Internet.” It facilitates seamless interoperability between diverse blockchain networks and traditional internet systems, aiming to make value transfers—such as tokens, NFTs, and messages—as straightforward as sending an email. With a high throughput of over 300,000 transactions per second and rapid block confirmation times, Openverse supports large-scale applications. Its ecosy...",,,"Bright Capital, Go2Mars Labs, Becker Ventures, GaeaVentures, Innovation Engine",Infra & Chains,Hold-NoEmail,5,round2_new,AMBIGUOUS (multiple orgs named 'Openverse') -> verify domain openverse.org
Kite AI,,,,,Series A,Sep 2025,$18.00M,"Layer 1, AI/ML",kiteai.com,"Kite AI is a purpose-built, EVM-compatible Layer 1 blockchain designed to empower a decentralized AI economy. Utilizing its innovative Proof of Attributed Intelligence (PoAI) consensus mechanism, Kite AI ensures fair attribution and equitable rewards for contributions across data, models, and agents. The platform offers customizable subnets for specialized AI workflows, enabling seamless collaboration among data providers, model developers, and AI agents. Kite AI’s infrastructure addresses ch...",,,"PayPal Ventures, General Catalyst, 8VC, Samsung Next, Vertex Ventures, Hashed, Hashkey Capital, Dispersion Capital, Alumni Ventures (AVG), Avalanche Foundation, GSR Markets LTD, LayerZero, Animoca Brands, Essence Venture Capital, Alchemy Ventures, The SBI US Gateway Fund",Infra & Chains,Hold-NoEmail,5,round2_new,AMBIGUOUS (multiple orgs named 'Kite AI') -> verify domain kiteai.com
RISC Zero (Boundless),,,,,Public sale,Sep 2025,$13.70M,"Infrastructure, Security",,"RISC Zero is a crypto startup that is dedicated to developing a scalable and developer-friendly blockchain infrastructure using zero-knowledge proofs. Boundless is a verifiable compute layer built by RISC Zero, aiming to bring zero-knowledge (ZK) capabilities to every blockchain. Boundless is a universal ZK protocol that introduces verifiable compute across all blockchain ecosystems. It enables developers to offload heavy computation via zero-knowledge proofs, allowing any chain to validate o...",,,,Infra & Chains,Hold-NoEmail,5,round2_new,
DecentralGPT,,,,,Unknown,Aug 2025,$7.00M,"AI/ML, Compute, Infrastructure",decentralgpt.org,"DecentralGPT is a decentralized AI large language model (LLM) inference network that supports various open-source and closed-source models. The platform leverages a distributed network of GPU nodes worldwide, enhancing computational efficiency and reducing operational costs. By processing data locally, DecentralGPT ensures user data security and privacy. Its decentralized architecture democratizes access to AGI resources, allowing global participation in AI development and innovation. Additio...",,,AGICrypto Capital,Infra & Chains,Hold-NoEmail,5,round2_new,
Mesh (ex Front Finance),,,,,Unknown,Aug 2025,$9.50M,"Wallet, Bridge/Interoperability",,"Mesh is a startup developing a service that enables customers to easily transfer and manage digital assets, including cryptocurrencies, across various platforms. It provides a secure and direct wallet-to-wallet transfer solution without storing users' personal information or credentials. Mesh aims to make digital transactions more secure, compliant, and user-friendly by offering interoperability for businesses and users across the digital landscape.",,,"PayPal Ventures, Coinbase Ventures, Uphold, Mirana Ventures, SBI Investment, Overlook Ventures, Kingsway Capital, Moderne Ventures, CE-Ventures (Crescent Enterprises)",Infra & Chains,Hold-NoEmail,5,round2_new,
Bitlayer,,,,,Public sale,Aug 2025,$5.00M,"Layer 2, Infrastructure",,"Bitlayer introduces itself as the first Bitcoin security-equivalent Layer 2 solution, built upon BitVM. This innovative platform envisions shaping the future of the Bitcoin ecosystem with its key pillar solutions, aiming to enhance scalability, efficiency, and security for Bitcoin transactions. Bitlayer seeks to empower developers and users within the Bitcoin community by providing advanced infrastructure for the decentralized web.",,,,Infra & Chains,Hold-NoEmail,5,round2_new,
Perle Labs (ex Kiva AI),,,,,Seed,Aug 2025,$9.00M,"AI/ML, Infrastructure",,"Perle is a Web3-powered AI platform aiming to improve AI training through blockchain-based attribution and cryptoeconomic incentives for high-quality human feedback. Its flagship product, Perle Labs, offers a self-serve platform for the entire AI development lifecycle, from multimodal data collection to model fine-tuning. Leveraging curated datasets, human reviewers, and onchain payments, Perle ensures transparent, high-quality AI training.",,,Framework Ventures,Infra & Chains,Hold-NoEmail,5,round2_new,
BOB (Build on Bitcoin),,,,,Strategic,Aug 2025,$9.50M,Layer 2,,"BOB (Build on Bitcoin) is a groundbreaking Layer 2 solution with full EVM compatibility and native Bitcoin support. It's designed to empower development and innovation on Bitcoin, leveraging the Ethereum Virtual Machine for smart contract execution. This facilitates a seamless bridge between Bitcoin and Ethereum ecosystems, offering rollup functionality secured by Bitcoin's robust security. BOB's ecosystem is tailored for DeFi applications and various Bitcoin use cases, aiming to connect Ethe...",,,"Castle Island Ventures, Cathay Ledger Fund, RockawayX, Asymmetric fund, Hypersphere, IOSG Ventures, Bankless Ventures, Sigil Fund, CMS Holdings, Daedalus, Amber Group, Sats Ventures, Zee Prime Capital, Nathan McCauley",Infra & Chains,Hold-NoEmail,5,round2_new,
GAIB,,,,,Unknown,Aug 2025,$10.00M,"AI/ML, DePIN",gaib.org.tr,"GAIB is building the economic layer for the AI and compute future by financializing and tokenizing enterprise-grade GPUs. GAIB transforms GPUs into a new commodity asset class, enabling investors to own a share of the AI revolution. Backed by real AI-generated cash flows, GAIB addresses the rising demand for high-performance computing by reimagining the financing, trading, and utilization of GPUs, creating a decentralized and vibrant economy for compute resources.",,,Amber Group,Infra & Chains,Hold-NoEmail,5,round2_new,
Pipe Network (Permissionless Labs),,,,,Public sale,Jul 2025,$7.50M,"DePIN, Infrastructure",,"Pipe Network is an incentivized internet infrastructure project that aims to revolutionize content delivery networks (CDN) by using blockchain technology. It allows users to contribute their computing power to expand CDN nodes and improve content delivery. By leveraging crypto incentives, Pipe plans to enhance the speed and efficiency of data transfer, reducing latency caused by geographical distances. The project is built on the Solana blockchain and is expected to launch its testnet during ...",,,,Infra & Chains,Hold-NoEmail,5,round2_new,
Gradient Network,,,,,Seed,Jun 2025,$10.00M,"DePIN, AI/ML",gradientnetworks.in,"Gradient Network is a Solana-based, peer-powered decentralized AI runtime and edge-compute layer. It enables anyone to host, share, and monetize local compute resources via a browser extension (Sentry Node), paving the way for global, low-latency AI inference, content delivery, and serverless workloads.",,,"Pantera Capital, Multicoin Capital, HongShan (ex Sequoia China)",Infra & Chains,Hold-NoEmail,5,round2_new,
U2U Network,Trung Nguyen,Founder,,,Series A,Jun 2025,Undisclosed,Layer 1,u2u.xyz,"U2U Network is a DAG (Direct Acyclic Graph) based and EVM-compatible blockchain focused on revolutionizing real-world applications with infinite scalability and decentralization on demands. U2U Network facilitates complex, high-performance decentralized applications with unmatched security and efficiency, as well as is committed to delivering the one-stop solution for enterprise-level needs.",http://www.linkedin.com/in/trung-trang-nguyen-226a1b273,,SSI Digital (SSID),Infra & Chains,Hold-NoEmail,5,round2_new,AMBIGUOUS (multiple orgs named 'U2U Network') -> verify domain u2u.xyz
TAC,,,,,Strategic,Jun 2025,$5.00M,"Layer 1, Bridge/Interoperability",tacsecurity.com,TAC is a purpose-built blockchain for EVM dApps to access TON and Telegram Ecosystem’s 1B+ user base. TAC makes it seamless for Ethereum dApps to be deployed on TON. EVM functionality and liquidity brought to the TON ecosystem enable builders to focus on consumer use cases.,,,Hack VC,Infra & Chains,Hold-NoEmail,5,round2_new,
ForgeX,,Founder,,,M&A,Mar 2026,TBD,Infrastructure; AI,https://forgex.tools/,"ForgeX is a Web3 development toolkit designed to simplify the creation, deployment, and management of blockchain applications. It provides developers with APIs, automation tools, and infrastructure to streamline smart contract interactions and on-chain data access, primarily focusing on the Solana ecosystem.",http://www.linkedin.com/in/henriquepe,,,Infra & Chains,Hold-NoEmail,4,round1,
DeepBook AI,,,,,Seed,Dec 2025,$2.0M,Infrastructure; AI; Data Service,https://deepbookai.io/,"DeepBookAI is a next-generation crypto browser for Web3 exploration. It offers AI-powered discovery, native DeFi, and on-chain browsing, allowing users to navigate dApps, protocols, and crypto content securely and efficiently.",,,,Infra & Chains,Hold-NoEmail,4,round1,
CodexField,,,,,,Nov 2025,TBD,Data Service; BNB Chain Ecosystem; Infrastructure,https://codexfield.com/,"CodexField is a decentralized platform that provides Git-compatible storage, management, and monetization for code and content, built on BNB Greenfield. It aims to empower developers by ensuring verifiable code ownership and enabling the seamless flow of AI resources within a Web3 ecosystem.",,,,Infra & Chains,Hold-NoEmail,4,round1,
Health (PulseApp),,,,,Seed,Oct 2025,$2.5M,DePIN; AI; Data Service,https://www.pulseapp.tech/,"HEALTH is an AI-driven health technology company developed by Roy Labs, pioneering the ""Health-to-Earn"" economy through AI and blockchain integration. Its flagship product, PulseApp, transforms biometric data into user-owned digital assets secured on-chain, rewarding users for their wellness data and enabling personalized health analytics.",,,Gemhead Capital; Castrum Capital,Infra & Chains,Hold-NoEmail,4,round1,
Octra,,,,,Public sale,Apr 2026,$2.80M,"Layer 1, Security",,"Octra is a blockchain network focused on Fully Homomorphic Encryption (FHE), offering cryptographic tools for secure mathematical operations in isolated execution environments. The platform supports smart contracts developed in OCaml, AST, ReasonML, and C++, and provides open-source libraries like Hypergraph for broader compatibility. Octra uses an extended version of IrminDB to manage data with validators.",,,,Infra & Chains,Hold-NoEmail,4,round2_new,
Fluent Labs,,,,,Public sale,Apr 2026,$1.00M,"Layer 2, Infrastructure",,"Fluent is an Ethereum Layer 2 network and development framework that unifies multiple virtual machines (VMs), including the Ethereum Virtual Machine (EVM), Solana Virtual Machine (SVM), and WebAssembly (Wasm), into a single execution environment. This “blended execution” enables seamless interoperability and atomic composability between smart contracts written in different languages, such as Solidity, Vyper, and Rust, allowing developers to build more expressive and versatile decentralized ap...",,,,Infra & Chains,Hold-NoEmail,4,round2_new,
Avalanche (Ava Labs),,,,,Unknown,Mar 2026,Undisclosed,Layer 1,,Avalanche is an open-source platform for launching decentralized applications and enterprise blockchain deployments in one ecosystem.,,,Animoca Brands,Infra & Chains,Hold-NoEmail,4,round2_new,
Immunefi,,,,,Unknown,Mar 2026,Undisclosed,Security,,Immunefi is a bug bounty security services platform that focuses on bug bounty and security services for Web3 projects.,,,Anchorage Digital,Infra & Chains,Hold-NoEmail,4,round2_new,
idOS,,,,,Public sale,Mar 2026,$2.00M,"Identity/Privacy, Infrastructure",,"idOS is a decentralized, chain-agnostic identity layer for Web3, enabling users to manage their data with self-sovereignty. The platform comprises a dStorage network of nodes that host user-encrypted data and an access management protocol allowing users to grant or revoke access to third parties. idOS supports multiple identity frameworks, ensuring interoperability and compliance. By facilitating a user-owned internet, idOS enhances privacy, security, and control over personal data in the dec...",,,,Infra & Chains,Hold-NoEmail,4,round2_new,
LayerZero (Zero),,,,,Unknown,Feb 2026,Undisclosed,"Bridge/Interoperability, Infrastructure",,LayerZero is messaging protocol that allows for interoperability and facilitates seamless cross-chain messaging across countless blockchains. It provides the underlying infrastructure needed for decentralized applications (dApps) to live across multiple blockchains. LayerZero is launching its own Layer 1 blockchain called Zero,,,Tether,Infra & Chains,Hold-NoEmail,4,round2_new,
OpenMind,,,,,Public sale,Feb 2026,$2.00M,"AI/ML, Infrastructure",,"OpenMind is building OM1, an open-source, decentralized operating system for intelligent machines. Its FABRIC protocol enables AI-powered robots to verify identity, share context, and coordinate autonomously—functioning like a peer-to-peer GPS, VPN, and handshake layer. Designed to be hardware-agnostic, OM1 supports trust, privacy, and real-time collaboration across diverse robotic systems. By linking “thinking machines” through open and decentralized infrastructure, OpenMind aims to become t...",,,,Infra & Chains,Hold-NoEmail,4,round2_new,
Huddle01,,,,,Unknown,Feb 2026,Undisclosed,"Social/Community, Infrastructure",,"Huddle01 is a web3 video meeting platform that leverages blockchain technology to provide a fast, cost-effective, and secure communication solution for Web3 Builders, NFT communities & DAOs. Huddle01 is launching its own Video Meeting dApp, Communication Infrastructure, and is building the 1st dRTC (decentralized real-time communication) Network that will eliminate the dependency on centralized servers for real-time video communication.",,,Tandem,Infra & Chains,Hold-NoEmail,4,round2_new,
Humanity Protocol,,,,,Unknown,Jan 2026,Undisclosed,"Layer 2, Identity/Privacy",,"Humanity Protocol is a human-centric zkEVM Layer-2 blockchain pioneering the world's first sybil-resistant network of blockchains, aiming to onboard the first billion humans to Web3. Its mission is to develop Proof of Humanity, offering developers distinctive human authentication mechanisms and empowering users with full control over their data and identity, serving as the human layer for the next generation of the internet.",,,Hex Trust,Infra & Chains,Hold-NoEmail,4,round2_new,
Immunefi,,,,,Public sale,Jan 2026,$2.50M,Security,,Immunefi is a bug bounty security services platform that focuses on bug bounty and security services for Web3 projects.,,,,Infra & Chains,Hold-NoEmail,4,round2_new,
Fogo,,,,,Unknown,Jan 2026,Undisclosed,Layer 1,,"Fogo is a high-performance Layer 1 blockchain designed to deliver real-time experiences at scale. By utilizing the Firedancer client in its purest form, Fogo aims to push the boundaries of performance, finance, and physics. The platform focuses on innovative architectural and consensus design choices to minimize latency and increase bandwidth, enabling institutional-grade finance on-chain by combining traditional financial performance with decentralized infrastructure. Fogo’s development time...",,,"GSR Markets LTD, Selini Capital",Infra & Chains,Hold-NoEmail,4,round2_new,
Naoris Protocol,,,,,Unknown,Jan 2026,Undisclosed,"Security, Infrastructure",,"Naoris Protocol is a decentralized cybersecurity mesh that transforms every connected device into a validator node, enhancing network security as it scales. Utilizing post-quantum cryptography, a custom Decentralized Proof of Security (dPoSec) consensus mechanism, and decentralized SWARM AI, it provides real-time threat detection and continuous verification across digital infrastructures. This approach ensures robust protection for both Web2 and Web3 systems, fostering a trustless environment...",,,Mova,Infra & Chains,Hold-NoEmail,4,round2_new,
Rainbow,,,,,Public sale,Dec 2025,$3.00M,"Wallet, Bridge/Interoperability",,"Rainbow is a non‑custodial Ethereum wallet that makes managing crypto, NFTs, and DeFi simple and secure. Users can send, swap, bridge tokens, view Layer‑2 assets, and watch collections across supported networks—all while maintaining control of their own private keys. It supports ENS profiles, hardware wallet integration, custom RPCs, and built‑in protections like Flashbots to mitigate front‑running. Designed for both beginners and power users, Rainbow combines a clean user interface, cross‑ch...",,,,Infra & Chains,Hold-NoEmail,4,round2_new,
Alchemy,,,,,Unknown,Nov 2025,Undisclosed,"Infrastructure, Data/Analytics",,"Alchemy is a leading Web3 developer platform that provides the infrastructure, APIs, and tools needed to build scalable blockchain applications. Often compared to “AWS for blockchain,” Alchemy offers reliable node services, enhanced APIs, webhooks, indexing, account abstraction tooling, and analytics across major chains like Ethereum, Polygon, Arbitrum, Optimism, Solana, and more. Its platform powers millions of users and supports top projects in DeFi, NFTs, wallets, and enterprise Web3 appli...",,,C1 Fund (CFND),Infra & Chains,Hold-NoEmail,4,round2_new,
ZenGo,,,,,Unknown,Nov 2025,Undisclosed,"Wallet, Security",,"ZenGo is a self-custodial crypto wallet using MPC technology for enhanced security, eliminating seed phrase risks. It supports 380+ assets, offers 3D FaceLock and 3FA recovery, and enables secure trading, buying, and storing of crypto.",,,MoonPay,Infra & Chains,Hold-NoEmail,4,round2_new,
BOB (Build on Bitcoin),,,,,Public sale,Nov 2025,$4.20M,"Layer 2, Infrastructure",,"BOB (Build on Bitcoin) is a groundbreaking Layer 2 solution with full EVM compatibility and native Bitcoin support. It's designed to empower development and innovation on Bitcoin, leveraging the Ethereum Virtual Machine for smart contract execution. This facilitates a seamless bridge between Bitcoin and Ethereum ecosystems, offering rollup functionality secured by Bitcoin's robust security. BOB's ecosystem is tailored for DeFi applications and various Bitcoin use cases, aiming to connect Ethe...",,,,Infra & Chains,Hold-NoEmail,4,round2_new,
zkPass,,,,,Public sale,Nov 2025,$2.00M,"Identity/Privacy, Security",,"zkPass is a composable, privacy-preserving decentralized identity verification solution for Web3, utilizing multi-party computation (MPC) and zero-knowledge proof (ZKP) technologies to securely validate and verify private data without the need for data disclosure or upload. It enables users to selectively and privately validate various types of data while maintaining trust and privacy in applications such as decentralized identity passes, DeFi lending protocols, healthcare data marketplaces, ...",,,,Infra & Chains,Hold-NoEmail,4,round2_new,
Semantic Layer,,,,,Series A,Nov 2025,$2.00M,"Infrastructure, Layer 2",,"Semantic Layer enhances incentive alignment and scaling for decentralized applications (dApps) on Ethereum by making meta-transactions programmable. It enables customized MEV (Maximal Extractable Value) distribution and native scaling solutions, allowing developers to optimize interactions within their protocols.",,,Greenfield Capital,Infra & Chains,Hold-NoEmail,4,round2_new,
Kite AI,,,,,Series A,Nov 2025,Undisclosed,"Layer 1, AI/ML",kiteai.com,"Kite AI is a purpose-built, EVM-compatible Layer 1 blockchain designed to empower a decentralized AI economy. Utilizing its innovative Proof of Attributed Intelligence (PoAI) consensus mechanism, Kite AI ensures fair attribution and equitable rewards for contributions across data, models, and agents. The platform offers customizable subnets for specialized AI workflows, enabling seamless collaboration among data providers, model developers, and AI agents. Kite AI’s infrastructure addresses ch...",,,Coinbase Ventures,Infra & Chains,Hold-NoEmail,4,round2_new,AMBIGUOUS (multiple orgs named 'Kite AI') -> verify domain kiteai.com
APRO,,,,,Unknown,Oct 2025,Undisclosed,"Oracle, Data/Analytics",,"APRO offers a powerful Oracle solution designed to connect decentralized applications with real-world data. It provides reliable and secure access to off-chain data, supporting a wide range of use cases, including finance, gaming, and supply chain management. The platform is built for scalability and ensures accurate data delivery to smart contracts.",,,"YZi Labs (ex Binance Labs), Gate Ventures, WAGMI Ventures, TPC Ventures",Infra & Chains,Hold-NoEmail,4,round2_new,
Octra,,,,,Public sale,Oct 2025,$2.00M,"Infrastructure, Security",,"Octra is a blockchain network focused on Fully Homomorphic Encryption (FHE), offering cryptographic tools for secure mathematical operations in isolated execution environments. The platform supports smart contracts developed in OCaml, AST, ReasonML, and C++, and provides open-source libraries like Hypergraph for broader compatibility. Octra uses an extended version of IrminDB to manage data with validators.",,,,Infra & Chains,Hold-NoEmail,4,round2_new,
375ai,,,,,Public sale,Oct 2025,$2.00M,"AI/ML, DePIN",,"375ai is pioneering the world’s first decentralized edge data intelligence network. The platform leverages advanced AI and blockchain technology to enable real-time data collection, processing, and analysis at the edge. 375ai offers products like the 375edge node and 375go mobile app, which facilitate efficient, secure, and private data gathering. Users can participate in the network by deploying nodes, using the app, or staking tokens, all while earning rewards. 375ai aims to democratize dat...",,,,Infra & Chains,Hold-NoEmail,4,round2_new,
Figment,,,,,Unknown,Oct 2025,Undisclosed,Infrastructure,,"Figment is one of the world’s leading blockchain infrastructure providers, offering institutional-grade staking, data, and governance services across 100+ proof-of-stake networks, including Ethereum, Solana, Cosmos, and Avalanche. The platform enables institutions, custodians, and token holders to earn staking rewards securely while maintaining compliance and slashing protection. Figment also provides APIs, data indexing, and governance tooling to support Web3 developers and ecosystem growth",,,C1 Fund (CFND),Infra & Chains,Hold-NoEmail,4,round2_new,
Tea Protocol,,,,,Public sale,Oct 2025,$3.00M,"Infrastructure, DAO",,"tea is a decentralized protocol that rewards open-source software (OSS) developers for their contributions, enhancing the sustainability and security of the software supply chain. By leveraging a novel consensus mechanism called Proof of Contribution, tea quantifies the impact of OSS projects and allocates rewards accordingly. Developers can register their projects, earn rewards based on their project’s influence, and accept donations from the community.",,,,Infra & Chains,Hold-NoEmail,4,round2_new,
Elliptic,,,,,Unknown,Sep 2025,Undisclosed,"Security, Data/Analytics",,,,,HSBC,Infra & Chains,Hold-NoEmail,4,round2_new,
Crossmint,,,,,Unknown,Sep 2025,Undisclosed,"Infrastructure, Wallet, NFT",,"Crossmint is an enterprise-grade blockchain platform offering a comprehensive suite of APIs and tools to facilitate seamless integration of on-chain functionalities. It provides wallet infrastructure, tokenization services, verifiable credentials, and payment solutions, enabling businesses and developers to build and manage blockchain applications efficiently. Crossmint supports various use cases, including NFT marketplaces, digital art tokenization, gaming, and loyalty programs, making block...",,,Circle Ventures,Infra & Chains,Hold-NoEmail,4,round2_new,
PlayAI,,,,,Public sale,Sep 2025,$2.00M,"Infrastructure, AI/ML",,"PlayAI Network is a modular blockchain infrastructure designed to supercharge developers with high-quality data and tools for deploying AI agents and models. Positioned as the orchestration layer between AI and crypto, it enables gaming and decentralized automation applications by securely aggregating and validating user-contributed data on-chain. By combining secure data sharing, decentralized validation, and workflow automation, PlayAI is building the foundation for an open AI-agent economy...",,,,Infra & Chains,Hold-NoEmail,4,round2_new,
IoTeX,,,,,Unknown,Aug 2025,Undisclosed,"DePIN, Infrastructure",,"IoTeX is a pioneering platform dedicated to integrating the physical and digital worlds through a modular DePIN (Decentralized Private-IoT Network) structure. It aims to empower the Internet of Trusted Things, enhancing scalability, privacy, and interoperability across IoT devices and applications. This platform enables users to connect real-world data and devices with blockchain, fostering the development of secure and intelligent IoT applications and ecosystems.",,,Animoca Brands,Infra & Chains,Hold-NoEmail,4,round2_new,
EdgeX Labs,,,,,Unknown,Aug 2025,Undisclosed,"DePIN, Compute, AI/ML",,"EdgeX is a decentralized edge computing network combining low-power hardware with Web3 and tokenomics to support AI applications and agents. It enables global participants to contribute computing resources and earn $EX tokens, aiming to become the foundational infrastructure for AI and Web3 services.",,,KuCoin Ventures,Infra & Chains,Hold-NoEmail,4,round2_new,
Multiple Network,,,,,Strategic,Aug 2025,Undisclosed,"Infrastructure, Data/Analytics",multiple.cc,"Multiple Network is a decentralized networking platform designed to enhance data sharing and connectivity across digital ecosystems. Leveraging blockchain technology, it ensures secure, transparent, and efficient interactions without relying on centralized intermediaries. Multiple Network emphasizes interoperability, enabling seamless communication between different blockchain networks. This allows users to access and share data across platforms, enhancing flexibility and reducing costs. The ...",,,"Gate Labs, 071labs (Zero Seven One Labs), IBC Group",Infra & Chains,Hold-NoEmail,4,round2_new,
Espresso Systems,,,,,Public sale,Aug 2025,$4.00M,"Layer 2, Infrastructure",,"Espresso is a global confirmation layer that provides L2 chains with fast, reliable transaction confirmations backed by BFT consensus.",,,,Infra & Chains,Hold-NoEmail,4,round2_new,
TheoriqAI (ChainML),,,,,Public sale,Aug 2025,$3.00M,"AI/ML, Infrastructure",,"ChainML is a scalable, tamperproof protocol for decentralized machine learning and related complex data-driven computation for Web3. The web3 AI platform has also unveiled Theoriq, its agentic base layer.",,,,Infra & Chains,Hold-NoEmail,4,round2_new,
Mawari Network,,,,,Unknown,Aug 2025,Undisclosed,"Metaverse, Infrastructure",,"Mawari Network is metaverse content delivery system and Web3 project that breaks the delivery bottleneck for Metaverse content to mobile devices. It is a distributed, revenue-sharing, content delivery and rendering network powered by existing, underutilized computing and network resources. It is blockchain-enabled to programmatically scale and manage service quality.",,,071labs (Zero Seven One Labs),Infra & Chains,Hold-NoEmail,4,round2_new,
Nubit,,,,,Unknown,Jul 2025,Undisclosed,"Layer 2, Infrastructure",,"Founded by UCSB professor Yu Feng, Nubit is building the Trustless World Computer for Bitcoin, enabling open scaling and programmability of Bitcoin through Bitcoin-native technology (BitVM, OP_CAT, DA, etc). Nubit lets developers build any native application, onboarding the world to Bitcoin. Backed by Polychain.",,,071labs (Zero Seven One Labs),Infra & Chains,Hold-NoEmail,4,round2_new,
MemeCore,,,,,Unknown,Jul 2025,Undisclosed,Layer 1,,"MemeCore is a Layer 1 (L1) blockchain designed to empower memecoin communities and creators. Utilizing a Proof of Meme (PoM) consensus mechanism, it offers an EVM-compatible, multi-chain cross-staking platform that enhances security and engagement within the meme ecosystem.",,,Klein Labs,Infra & Chains,Hold-NoEmail,4,round2_new,
AINX,,,,,Seed,Jun 2025,$2.00M,"Compute, AI/ML, DePIN",praxislens.com,"AINX is a decentralized AI compute network powered by the Helioq Protocol, integrating edge computing, federated learning, and tokenized incentives. Its flagship product, Helioq NodeX, is a plug-and-play device enabling users to contribute compute power, train models, and deploy AI agents. AINX supports applications across DeFi, NFTs, DAOs, and Web3 gaming.",,,"Alpha Gamma (α, γ)",Infra & Chains,Hold-NoEmail,4,round2_new,
OneKey,,,,,Unknown,Jun 2025,Undisclosed,"Wallet, Bridge/Interoperability",,"OneKey is a decentralized multichain cryptocurrency hardware wallet. Currently, OneKey product line is rich, including OneKey Swap, Onekey desktop , Onekey browser extension and Onekey app.",,,YZi Labs (ex Binance Labs),Infra & Chains,Hold-NoEmail,4,round2_new,
LayerEdge,,,,,Public sale,Jun 2025,$1.00M,"Layer 2, Infrastructure",,"LayerEdge enhances Bitcoin's capabilities by leveraging Optimistic Rollups and a Hybrid Modular Data Availability (DA) layer to improve transaction efficiency and functionality. Integrating the Ethereum Virtual Machine (EVM) environment, LayerEdge offers a powerful framework for developers to create and manage decentralized applications, revolutionizing Bitcoin's programmability and scalability.",,,,Infra & Chains,Hold-NoEmail,4,round2_new,
MeleeMon (Rockbar Games),Jasper,CTO,,none,,Dec 2025,TBD,Gaming; DApp; P2E; Social Network,https://www.meleemon.com/,"MeleeMon is a mobile, skill-based monster battle game that integrates crypto elements. It offers competitive gameplay with social interaction, potentially featuring in-game staking or stablecoin wagering, drawing inspiration from Pokémon-style combat with a blockchain twist.",,,,Consumer/Gaming/Social,Hold-NoEmail,3,round1,
Kyuzo’s Friends,,,,,,Nov 2025,$11.0M,Gaming; AI; NFT; P2E; Social Network; Sui Ecosystem,https://kyuzosfriends.com/,"Kyuzo’s Friends is an AI-driven Web3 social game that leverages the DNAxCAT IP to combine interactive gameplay, blockchain ownership, and social mechanics. It aims to onboard and grow users by utilizing LINE’s extensive user ecosystem.",,,,AI x Crypto,Hold-NoEmail,3,round1,
OpenGradient,,,,,Unknown,Apr 2026,$9.50M,"AI/ML, Compute",,"OpenGradient is a decentralized platform for hosting, executing, and deploying AI models. It offers NeuroML, a Solidity framework for integrating AI inference with smart contracts, and a Python SDK for accessing its model repository and decentralized AI infrastructure. Its Model Hub serves as a repository for both open and closed-source models, enabling secure AI model inference across the network.",,,"Andreessen Horowitz (a16z crypto), Coinbase Ventures, SV Angel, Foresight Ventures, Pragma Ventures, Symbolic Capital (ex Hyperedge Capital), Canonical Crypto, Black Dragon Capital (BDC), NEAR Protocol, Celestia Foundation, Thanefield Capital, SALT fund, Balaji Srinivasan, Sandeep Nailwal, Illia Polosukhin",AI x Crypto,Hold-NoEmail,3,round2_new,
Gaia,,,,,Series A,Jul 2025,$10.00M,"AI/ML, Compute",,"GaiaNet is a decentralized computing infrastructure enabling individuals and businesses to create, deploy, scale, and monetize AI agents that reflect their unique styles and expertise. Each GaiaNet node offers a web-based chatbot UI and an OpenAI-compatible API, allowing seamless integration with existing AI applications. GaiaNet domains load balance across nodes, ensuring stable and customized AI services tailored to specific domains and user needs.",,,"ByteTrade Lab, SIG DTI (a Susquehanna International Group Company), Mantle Network, Mirana Ventures, EVM Capital, MoonPay, BitGo, Paper Ventures, Outlier Ventures, Amber Group, Selini Capital, G20 Group, Republic, Presto Ventures, ConsenSys, Taisu Ventures, NGC Ventures, Cogitent Ventures, Stake Capital, Scott Moore, Mario Nawfal, Ajit Tripathi",AI x Crypto,Hold-NoEmail,3,round2_new,
DAOKraft,,,,,Private,May 2026,$3.4M,Analytics; Web3,https://daokraft.ai,"DAOKraft provides a governance intelligence layer for Decentralized Autonomous Organizations (DAOs). This platform assists contributors in making more informed decisions prior to voting, thereby enhancing the quality of governance within DAOs.",,,,AI x Crypto,Hold-NoEmail,2,round1,
Lazbubu,,,,,,Jan 2026,TBD,AI; BNB Chain Ecosystem,https://lazbubu.ai/,"Lazbubu is an on-chain AI companion agent that evolves through continuous user interaction. It records conversations, decisions, and behavioral signals on the BNB Chain, ensuring transparency, verifiability, and user-owned data.",,,,AI x Crypto,Hold-NoEmail,2,round1,
Tatakai,TBD,TBD,,none,Angel,Nov 2025,$7.0M,Gaming; Metaverse; NFT; P2E,https://www.tatakai.io/,"Tatakai is a Web3 gaming and NFT platform offering immersive, anime-inspired multiplayer experiences powered by blockchain technology. Players can collect, battle, and trade digital characters and assets as NFTs while earning rewards through play-to-earn mechanics.",,,,Consumer/Gaming/Social,Hold-NoEmail,2,round1,
Bluesky,,,,,Series B,Mar 2026,$100.00M,"Social/Community, Identity/Privacy",,"Bluesky is a decentralized social media platform focused on building a new federated social web. It leverages the AT Protocol, aiming to provide users with control over their data and the ability to switch between networks while maintaining their social identity. Bluesky emphasizes a user-owned ecosystem, enhancing privacy and content moderation.",,,"Bain Capital Crypto, Alumni Ventures (AVG), Anthos Capital, Bloomberg Beta, Knight Foundation, True Ventures",Consumer/Gaming/Social,Hold-NoEmail,2,round2_new,
Upexi,,,,,Unknown,Jan 2026,$36.00M,Other,,"Upexi is a diversified consumer brand owner and eCommerce operator focused on acquiring and scaling Amazon-based businesses. Specializing in health, wellness, pet care, and nutraceuticals, it integrates consumer data and proprietary ad tech to reduce customer acquisition costs. Upexi has entered the cryptocurrency space by building a Solana-based treasury and expanding into Bitcoin mining through subsidiaries like ChainbitMiner and Quantum Hash, aiming to generate passive income and asset gro...",,,Hivemind,Other,Hold-NoEmail,2,round2_new,
METYA,,,,,Strategic,Dec 2025,$50.00M,"Social/Community, AI/ML",,"Metya is an AI-driven Web3 dating platform that integrates social interaction with token economies, enabling users to connect globally while earning economic benefits through their engagement. With over 8.5 million active users from more than 100 countries, Metya offers features such as real-time communication, content creation, and data sharing, all supported by a decentralized social infrastructure. The platform utilizes NFTs as digital assets representing expressions of goodwill and camara...",,,"Century United Holdings Group, Castrum Capital, Alpha Capital, M2M Capital, Vertex Capital",Consumer/Gaming/Social,Hold-NoEmail,2,round2_new,
Daylight Energy,,,,,Unknown,Oct 2025,$75.00M,Other,,"Daylight is a comprehensive platform designed to modernize home energy systems by offering a marketplace of curated local contractors and craftsmen. The platform provides various energy products, including solar panels, heat pumps, battery storage, and weatherization services. Daylight simplifies the process of upgrading to clean energy through a guided app-based home energy inspection, personalized energy upgrade plans, and full-service installation by certified local professionals. The plat...",,,"Framework Ventures, Turtle Hill Capital, Andreessen Horowitz (a16z crypto), M13, Escape Velocity, Lerer Hippeau, Room40 Ventures, Crucible Capital, Coinbase Ventures, Not Boring Capital",Other,Hold-NoEmail,2,round2_new,
Story Protocol (PIP Labs),,,,,Unknown,Aug 2025,$82.00M,"Media/Entertainment, NFT",,"Story Protocol is a web3 technology that aims to transform storytelling by providing infrastructure for creators to build narrative universes and imaginary worlds using open source principles. It enables the creation, governance, and licensing of intellectual property on the blockchain, allowing for the development of an ecosystem of modular story components that can be remixed and combined in new and innovative ways.",,,Heritage Distilling,Consumer/Gaming/Social,Hold-NoEmail,2,round2_new,
XMTP (Ephemera),,,,,Series B,Jul 2025,$21.00M,"Identity/Privacy, Social/Community",,"XMTP (Extensible Message Transport Protocol) is the leading decentralized, end-to-end encrypted messaging network for Web3. Built on the IETF-standard MLS protocol, it enables secure, portable messaging across wallets and apps with full user control and spam protection. Supporting over 2 million identities and 60+ apps, XMTP powers DMs, group chats, and notifications across protocols like ENS, Lens, and Farcaster. Ephemera is one of the flagship apps built on XMTP—focused on privacy-first mes...",,,"Union Square Ventures (USV), Andreessen Horowitz (a16z crypto), Lightspeed Faction, Coinbase Ventures, Offline Ventures, Sound Ventures, Distributed Global",Consumer/Gaming/Social,Hold-NoEmail,2,round2_new,
Yupp,,,,,Seed,Jun 2025,$33.00M,"AI/ML, Data/Analytics",,"Yupp is a consumer AI model discovery and evaluation platform that lets users explore and compare the latest AI models for free. It crowdsources model evaluation: users submit prompts, compare multiple AI-generated responses side-by-side, and select the best ones. This generates digitally signed preference data used for AI post-training and evaluation.",,,"Andreessen Horowitz (a16z crypto), Coinbase Ventures, Kunal Shah, Gokul Rajaram",Other,Hold-NoEmail,2,round2_new,
Fair and Free (FAIR3),Community-led Project,Community Lead,,none,,Aug 2025,TBD,Meme; BNB Chain Ecosystem,https://www.fair3.community/,"Fair and Free (FAIR3) is a community-governed, decentralized movement on-chain focused on empowering users through technology. It operates within the BNB Chain ecosystem, aiming to foster fairness and prevent oppression.",,,,Consumer/Gaming/Social,Hold-NoEmail,1,round1,
Oh,,,,,Series A,Apr 2026,$7.50M,"AI/ML, Social/Community",,"Oh is a Web3 AI project dedicated to developing uncensored generative AI models and applications. Their ecosystem includes OhChat, a platform for immersive interactions with AI characters known as superModels, and the $OH token, which facilitates governance and utility within the platform. Oh aims to decentralize AI governance and provide creators with monetization opportunities through interoperable AI characters.",,,"Maven 11 Capital, L1D (L1 Digital), Auros Global, Hashed, Maelstrom, Cadenza, Cyber Fund, Kosmos Ventures, Tangent Ventures",Consumer/Gaming/Social,Hold-NoEmail,1,round2_new,
Relay Protocol (Reservoir),,,,,Series B,Feb 2026,$17.00M,"NFT, Data/Analytics",,"Reservoir is an open-source developer platform that provides powerful tools and APIs for building next-generation NFT products. It aggregates and normalizes the entire NFT market into a single unified platform, enabling developers to access comprehensive NFT data, create, store, and fill NFT orders, and integrate trading functionalities into their applications. Reservoir supports multi-chain compatibility and aggregated liquidity from major NFT marketplaces, facilitating seamless NFT trading ...",,,"Archetype, Union Square Ventures (USV)",Consumer/Gaming/Social,Hold-NoEmail,1,round2_new,
Xangle,,,,,Unknown,Jan 2026,$6.90M,Data/Analytics,,blockchain-based digital asset data platform,,,Hanwha,Other,Hold-NoEmail,1,round2_new,
Akedo,,,,,Seed,Jan 2026,$5.00M,"GameFi, AI/ML",,"AKEDO is an AI-native content creation engine and launchpad powered by coordinated multi-agent systems. It enables creators, studios, and communities to rapidly build games, generate AIGC content, and launch tokenized collections with one-click workflows. By leveraging multi-agent “vibe-coding,” AKEDO delivers up to 100× efficiency gains over traditional LLM-based creation, unlocking scalable monetization across games, content, and tokens. The platform forms the foundation of a creator-driven...",,,"Karatage, Sfermion, Collab+Currency, MARBLEX Corp, Seed Club, The Open Platform (TOP), TON Ventures, Gagra Ventures, Kenetic, Metalabs Ventures",Other,Hold-NoEmail,1,round2_new,
WizzWoods,,,,,Series A,Nov 2025,$10.00M,"GameFi, Social/Community",,"WizzWoods is a pixel farming game that seamlessly integrates with Telegram and Twitter, offering players complex farming, upgrading, and map customization mechanisms. By leveraging blockchain technology, it provides an immersive SocialFi experience, allowing users to earn $WIZZ tokens through strategic farm management and cross-chain trading.",,,"Animoca Brands, Infinity Ventures Crypto (IVC)",Consumer/Gaming/Social,Hold-NoEmail,1,round2_new,
Bluwhale,,,,,Series A,Oct 2025,$10.00M,"AI/ML, Social/Community",,"Bluwhale is a decentralized AI personalization protocol for blockchains, revolutionizing digital communication by empowering wallet holders with control over their digital profiles and the ability to monetize their information. Through AI and contextual data, Bluwhale creates detailed wallet personas, allowing companies to target potential audiences more precisely, enhance user engagement, and bring transparency to the industry while rewarding users for their participation.",,,"UOB Venture Management, PAID Network, Sublime Ventures",Consumer/Gaming/Social,Hold-NoEmail,1,round2_new,
Open Campus,,,,,Strategic,Oct 2025,$5.00M,"DAO, Social/Community",,"The Open Campus Protocol is a decentralized platform that leverages blockchain technology to create a fairer and more inclusive education system. It empowers educators and learners by decentralizing the creation and distribution of educational content, and utilizes the $EDU token to incentivize high-quality content creation and collaboration. The platform also enables digital property rights through Publisher NFTs, which allow creators to maintain ownership of their intellectual property and ...",,,"Animoca Brands, YZi Labs (ex Binance Labs), HongShan (ex Sequoia China), Caladan, Shima Capital, Polygon, Kingsway Capital, GameFi Ventures",Consumer/Gaming/Social,Hold-NoEmail,1,round2_new,
METYA,,,,,Unknown,Oct 2025,$6.00M,"AI/ML, Social/Community",,"Metya is an AI-driven Web3 dating platform that integrates social interaction with token economies, enabling users to connect globally while earning economic benefits through their engagement. With over 8.5 million active users from more than 100 countries, Metya offers features such as real-time communication, content creation, and data sharing, all supported by a decentralized social infrastructure. The platform utilizes NFTs as digital assets representing expressions of goodwill and camara...",,,"Echo3, Greenwood Global Capital",Consumer/Gaming/Social,Hold-NoEmail,1,round2_new,
Crunch Lab,,,,,Unknown,Oct 2025,$5.00M,"AI/ML, Data/Analytics",,"CrunchDAO is a platform where data scientists and machine learning experts can monetize their models by participating in various quantitative research challenges. It leverages collective intelligence to solve complex problems in finance and other fields. Members retain ownership of their models while earning revenue based on their contributions to solving these challenges. CrunchDAO offers a seamless integration environment, enabling participants to focus on science while the platform handles...",,,"Galaxy Digital, Road Capital, VanEck, Multicoin Capital, GSR Markets LTD, Fabric Ventures, Halo Capital, Salt Capital",Other,Hold-NoEmail,1,round2_new,
AmbrusStudio (E4C: Final Salvation),,,,,Unknown,Oct 2025,$15.00M,GameFi,,E4C: Final Salvation is set to become the first mobile MOBA game in the Web3 game field to incorporate eSports into its gameplay. Created by Ambrus Studio.,,,Bolts Capital,Other,Hold-NoEmail,1,round2_new,
KGeN (ex Kratos),,,,,Unknown,Oct 2025,$13.50M,"GameFi, Identity/Privacy",,"KGeN (Kratos Gaming Network) is a Web3-powered gamer reputation platform leveraging Zero-Knowledge Machine Learning (zkML) to create verifiable, data-rich player profiles. Built on Ethereum, KGeN empowers gamers to own and flex their gaming data, fostering engagement and loyalty. It integrates e-commerce and engagement tools for publishers to optimize CAC and LTV metrics, and offers features like gamified user acquisition, community building, and exclusive rewards. KGeN aims to unify global g...",,,"Jump Crypto, Accel, Prosus Ventures",Other,Hold-NoEmail,1,round2_new,
Akio,,,,,Seed,Sep 2025,$5.00M,"NFT, GameFi",,"Akio is a collection of 3,338 unique NFT characters set in a rich narrative universe defined by memory, identity, and choice. Each NFT plays an integral role in an evolving RPG experience, where character traits shape the storyline and uncover hidden mysteries. More than just a profile picture collection, Akio introduces an emotionally driven world of exploration and immersive design—blending storytelling and gameplay into a dynamic and engaging digital journey.",,,"Pantera Capital, AMD, Hasbro, Nvidia, NetEase, SBI Holdings, SIG DTI (a Susquehanna International Group Company), LD Capital, MZ Web3 Fund, B Dash Ventures",Consumer/Gaming/Social,Hold-NoEmail,1,round2_new,
Irys,,,,,Series A,Aug 2025,$10.00M,"Storage, Data/Analytics",,"Irys is a datachain that enables data to be stored, shared, and monetized across applications at a fraction of the cost of Web2 and Web3 alternatives. It offers infinite data capacity, instant retrieval, and a composable foundation for onchain services to discover, generate and exchange value through data.",,,"CoinFund, Hypersphere, Tykhe Ventures, Varrock, Echo, Breed VC, WAGMI Ventures",Other,Hold-NoEmail,1,round2_new,
Neon Machine (Shrapnel),,,,,Unknown,Aug 2025,$19.50M,"GameFi, NFT",,"Neon Machine is a game studio based in Seattle known for developing the upcoming first-person shooter game, Shrapnel. Shrapnel is a sci-fi extraction shooter featuring in-game content, such as weapon parts, weapons, and cosmetics, offered as NFTs on its private crypto network built on Avalanche, providing both solo and team-based gameplay. It places a significant focus on user-generated content, enabling players to create their own game items using Shrapnel's technology, which can then be min...",,,"Gala Games, Griffin Gaming Partners, Polychain Capital",Consumer/Gaming/Social,Hold-NoEmail,1,round2_new,
Aria (Inutan X),,,,,Unknown,Aug 2025,$5.00M,GameFi,,"Aria is a scalable RPG game developed by Inutan Studios and governed by the $ARIA token. In Aria, players can explore an open world environment, engaging in epic quests and battles.",,,"Folius Ventures, The Spartan Group, Beam, Animoca Brands, Galaxy Interactive",Other,Hold-NoEmail,1,round2_new,
Delabs Games,,,,,Series A,Jul 2025,$5.20M,GameFi,,"Delabs Games is a blockchain game developer behind PC games Rumble Racing Star (Mario Kart for NFT degen), space survival game Space Frontier, and cartoonish post-apocalyptic survival game Meta Bolts, built on the Polygon network, with strong backing from 4:33 Creative Lab, a well-established South Korean game developer.",,,"Hashed, The Spartan Group, Yield Guild Games (YGG), Infinity Ventures Crypto (IVC), Everyrealm, Taisu Ventures, P2 Ventures (Polygon Ventures), Jets Capital, Arche Fund (Coin98 Ventures), Merit Circle",Other,Hold-NoEmail,1,round2_new,
The Wildcard Alliance,,,,,Unknown,Jun 2025,$6.00M,GameFi,,"Wildcard is a Web3-enabled PvP arena game that fuses real-time strategy, MOBA-style combat, and collectible card mechanics. Players select champions, build decks of summonable creatures, and engage in fast-paced 2v2 battles within dynamic arenas like the Frostburn Asteroid. Developed by Playful Studios, Wildcard integrates blockchain features such as the Wildpass NFT, which grants holders exclusive access to playtests, events, and future in-game ownership opportunities. The game utilizes Ethe...",,,"Paradigm, Arbitrum Gaming Ventures",Other,Hold-NoEmail,1,round2_new,
PublicAI,,,,,Series A,Jun 2025,$8.00M,"AI/ML, Data/Analytics",,"PublicAI is a Web3 AI Data Infrastructure and a decentralized marketplace for AI data annotations. It leverages blockchain technology to create a trustless and cross-border labor market, enabling global collaboration on tasks such as data annotation, and aims to address ethical concerns in AI training, data contamination, and domain expertise through its innovative decentralized platform.",,,"Saudi Telecom Group (STC), Blockchain Builders Fund (BBF), Tykhe Block Ventures, Near Foundation, Taisu Ventures, MH Ventures, Yield Guild Games (YGG), Kinetic Kollective (ex CSP DAO), IBC Group, Whitewater Labs, UXLink, Stanford Blockchain Accelerator (SBA), G20 Group",Other,Hold-NoEmail,1,round2_new,
Sahara Labs,,,,,Public sale,Jun 2025,$8.50M,"AI/ML, Data/Analytics",,"Sahara is a decentralized AI network offering Sahara Knowledge Agent (KA) and Sahara Data. It enables the creation of customized, autonomous AI agents, compensating contributors directly and utilizing blockchain to track data and rewards in a privacy-preserving manner. Sahara's suite aims to revolutionize the AI industry, providing individuals and businesses with monetization opportunities and high-value data services for secure AI model training.",,,,Other,Hold-NoEmail,1,round2_new,
TYB (Try Your Best),,,,,Series A,Jun 2025,$11.00M,"Social/Community, NFT",,"TYB is a Web3-native community rewards platform built on Avalanche. It empowers consumer brands—across beauty, fitness, food, and lifestyle—to create branded NFTs and coin rewards that fans earn through engaging actions like UGC, social sharing, and product feedback. Fans collect tokens and digital collectibles, redeeming them for discounts, exclusive access, and perks. Integrated with Shopify, TYB enables token-gated loyalty programs without requiring wallets or crypto experience.",,,"Offline Ventures, Strobe Ventures (ex BlockTower Capital), Coinbase Ventures, Castle Island Ventures, Unusual Ventures",Consumer/Gaming/Social,Hold-NoEmail,1,round2_new,
TopStrike,,,,,Public sale,Dec 2025,TBD,Gaming; MegaETH Ecosystem; NFT; P2E; Sports,https://www.topstrike.io/,"TopStrike is a Web3 gaming and esports platform where players can compete in skill-based games and tournaments. It allows users to earn crypto rewards and NFTs, providing transparent matchmaking and true ownership of in-game assets.",,,,Consumer/Gaming/Social,Hold-NoEmail,0,round1,
BitDealer,,,,,Public sale,Nov 2025,$1.0M,Launchpad; Gaming; Meme; Solana Ecosystem,https://bitdealer.net/,"BitDealer is a gaming-asset meme token launchpad that aims to revolutionize the creation, launch, and scaling of meme tokens by linking them to real gaming assets. The platform offers no-code tools for token creation, liquidity provisioning, and automated trading integration, empowering creators, gamers, and communities.",,,,Consumer/Gaming/Social,Hold-NoEmail,0,round1,
DIGI_MineD,,,,,Series A,Oct 2025,TBD,Gaming; BNB Chain Ecosystem; P2E,https://www.digimined.xyz/,"DIGI_MineD is a GameFi mining simulator on the Binance Smart Chain where players collect digital gems and earn $DIGI tokens. It offers an interactive experience with a 5x5 mining grid and upgradeable tools, blending casual gameplay with a real token economy.",,,,Consumer/Gaming/Social,Hold-NoEmail,0,round1,
Blockworks,,,,,Series A,May 2026,Undisclosed,"Media/Entertainment, Data/Analytics",,"Blockworks is a prominent financial media brand that offers essential news, analysis, and insights on digital assets to investors. Through their editorial content, newsletters, podcasts, and events like the Digital Asset Summit (DAS), they provide valuable information and analysis to help investors make informed decisions in the cryptocurrency space. They also offer a subscription service for in-depth crypto research.",,,"ParaFi Capital, Reciprocal Ventures, Coinbase Ventures, Advancit Capital, MoonPay, Firestreak Ventures, Modular Capital, Moonrock Capital, Flowdesk, Escape Velocity, Auros Global, Equilibrium co, Everest Ventures Group (EVG), Sfermion, Milk Road, The Rollup, 6ixth Event Fund",Other,Hold-NoEmail,0,round2_new,
Cambria,,,,,Public sale,Mar 2026,$3.00M,"GameFi, NFT",,"Cambria is a blockchain development company that has created Duel Arena, a high-stakes 1v1 dueling game where players can challenge each other to death matches in a public arena. In this Runescape-inspired game, players can wager Arena Tokens or Base ETH on their duels, with the winner taking all.",,,,Consumer/Gaming/Social,Hold-NoEmail,0,round2_new,
Sentient,,,,,Unknown,Jan 2026,Undisclosed,AI/ML,,"Sentient is an AI research organization fostering an Open AGI Economy for AI builders and creators. It develops platforms and protocols enabling open-source AI developers to monetize their innovations, collaborate on powerful AI projects, and become significant stakeholders in a decentralized AI ecosystem. Sentient addresses the limitations of closed-source AI by promoting open, monetizable, and community-aligned AI models through blockchain protocols and incentive mechanisms.",,,Franklin Templeton,Other,Hold-NoEmail,0,round2_new,
Football Fun,,,,,Public sale,Dec 2025,$3.00M,"GameFi, NFT",,"Football.Fun is a Web3 fantasy football platform where player cards are traded like memecoins. Users build squads by opening player packs, compete in tournaments, and trade player shares via a dynamic AMM-based market. The platform includes free-to-play access, invite-only beta, and an airdrop for early participants.",,,,Consumer/Gaming/Social,Hold-NoEmail,0,round2_new,
Abrakadabra Games,,,,,Unknown,Nov 2025,$500K,Other,,,,,,Other,Hold-NoEmail,0,round2_new,
Coop Records,,,,,Seed,Sep 2025,$4.50M,"NFT, Media/Entertainment, DAO",,"Coop Records is an on‑chain music label that lets fans, collectors, and artists share in the growth of the label through songcoins and staking. Artists release tracks as digital collectibles, and holders govern what gets released, stake song tokens to earn rewards, and participate in decisions. The label mints music via open editions, offers subscriber airdrops, and distributes real‑time payments so artists get direct, transparent income. With 150+ artists and hundreds of releases already, Co...",,,"1kx, Nascent, 1confirmation, Coinbase Ventures, Base Ecosystem Fund",Consumer/Gaming/Social,Hold-NoEmail,0,round2_new,
Anichess,,,,,Public sale,Sep 2025,Undisclosed,GameFi,,"Anichess is a community-driven, free-to-play chess game developed in partnership between Animoca Brands and Chess.com-owned Play Magnus Group. It combines the core rules of a classic chess game with a so-called “spell mechanic” that includes a range of offensive, defensive and counter tactics.",,,,Other,Hold-NoEmail,0,round2_new,
Beezie,,,,,Strategic,Sep 2025,Undisclosed,"Social/Community, NFT",,"Beezie is a social marketplace for collectors and resellers, focused on high‑value graded collectibles such as trading cards, sealed hobby boxes, sneakers, and video games. Users can pull items via “Claw” machines with transparent odds, buy/sell in a marketplace, or redeem physical items. All items are stored and authenticated in Brink’s‑secure vaults. Users can pay by credit card or crypto wallet, track their collections online, and swap items instantly if they wish. Beezie emphasizes trust,...",,,"Moonrock Capital, Echo, Devmons, DCF God",Consumer/Gaming/Social,Hold-NoEmail,0,round2_new,
Intuition,,,,,Public sale,Sep 2025,$2.10M,"Social/Community, Data/Analytics",,"Intuition is a decentralized platform that aims to enhance the quality and accessibility of social knowledge by providing infrastructure, tools, and applications for creating an open and flexible knowledge graph. Users can create attestations about any subject, which are stored in a navigable and queryable manner, and can be leveraged by other applications. Intuition's protocol and middleware enable seamless integration of attestations and the knowledge graph into third-party applications.",,,,Consumer/Gaming/Social,Hold-NoEmail,0,round2_new,
Aspecta,,,,,Unknown,Sep 2025,Undisclosed,"AI/ML, Identity/Privacy",,"Aspecta is an AI-powered profile builder for developers that uses large language models to review code quality. It builds an AI-generated identity, Aspecta ID, for pioneering builders and beyond to demonstrate, connect, and explore. By linking accounts across Web2 and Web3 spaces such as GitHub, Twitter, and wallet address, Aspecta ID holders can demonstrate insights regarding 8000+ skills aspects and hundreds of experience spotlights.",,,OKX Ventures (ex OKEx Blockdream Ventures),Other,Hold-NoEmail,0,round2_new,
MetaEra,,,,,Series A,Aug 2025,Undisclosed,"Data/Analytics, Media/Entertainment",,"MetaEra is a Hong Kong-based one-stop resource aggregator for Web3, focusing on blockchain and metaverse exploration. The company pursues professional, thorough, and reliable information and data to support the Web3 community.",,,"Fenbushi Capital, Hashkey Capital, Amber Group, LTP (LiquidityTech Protocol), Conflux Network, Solowin, FOMO Ventures, Klickl labs, TDTC, PLVR",Other,Hold-NoEmail,0,round2_new,
PublicAI,,,,,Public sale,Aug 2025,$2.00M,"AI/ML, Data/Analytics",,"PublicAI is a Web3 AI Data Infrastructure and a decentralized marketplace for AI data annotations. It leverages blockchain technology to create a trustless and cross-border labor market, enabling global collaboration on tasks such as data annotation, and aims to address ethical concerns in AI training, data contamination, and domain expertise through its innovative decentralized platform.",,,,Other,Hold-NoEmail,0,round2_new,
HackQuest,,,,,Series A,Aug 2025,$4.10M,"Social/Community, Other",,"HackQuest is a Web3 education platform that collaborates with over 10 leading public chains, including Mantle Network, Solana, and Arbitrum, for official developer education and ecosystem construction. The platform aims to expand its curriculum and engage in course partnerships with institutions like Nanyang Technological University to support a broader range of Web3 builders in launching their projects.",,,"Animoca Brands, Open Campus, STEPN, Gate Ventures, Hash Global, Hashkey Capital, ByteTrade Lab, Outlier Ventures, KIP Protocol, OnePiece Labs, Jambo, Scott Moore, Paul Taylor, YY Lai",Consumer/Gaming/Social,Hold-NoEmail,0,round2_new,
Cool Cats,,,,,Unknown,Aug 2025,Undisclosed,"NFT, GameFi, Metaverse",,"Cool Cats is a global storytelling brand that connects people through NFTs, games, and a creative community. Their flagship project the Cool Cats NFT collection features a collection of 10,000 unique hand-drawn cat avatars, fostering self-expression and connection in an inclusive environment. It's gamified and tokenized economy is driven by MILK tokens.",,,Animoca Brands,Consumer/Gaming/Social,Hold-NoEmail,0,round2_new,
Billy Bets,,,,,Unknown,Aug 2025,$1.00M,"AI/ML, GameFi",,"Billy Bets is an autonomous AI-driven sports betting agent built by Virtuals. Powered by Sportstensor intelligence and real-time sports data, Billy analyzes basketball, football, and baseball markets, autonomously places on-chain bets, and learns continuously from betting behavior. By holding $BILLY tokens, users gain exposure to its betting performance through a buy‑back and burn mechanism.",,,"Coinbase Ventures, Virtuals Ventures, Contango Digital Assets, 0xJeff, Farokh, Tom Shaughnessy, Keyboard Monkey",Other,Hold-NoEmail,0,round2_new,
PlaysOut,,,,,Strategic,Jul 2025,Undisclosed,"GameFi, Metaverse",,"PlaysOut is a multi-engine compatible mini-game platform that integrates mini-games into super apps, enhancing user engagement and monetization. Collaborating with platforms like Tencent Cloud and TON Play, PlaysOut offers a suite of tools for seamless integration, enabling features such as Web3 wallet login, payment systems, and NFT support.",,,OKX Ventures (ex OKEx Blockdream Ventures),Other,Hold-NoEmail,0,round2_new,
Aspecta,,,,,Unknown,Jul 2025,Undisclosed,"Identity/Privacy, AI/ML",,"Aspecta is an AI-powered profile builder for developers that uses large language models to review code quality. It builds an AI-generated identity, Aspecta ID, for pioneering builders and beyond to demonstrate, connect, and explore. By linking accounts across Web2 and Web3 spaces such as GitHub, Twitter, and wallet address, Aspecta ID holders can demonstrate insights regarding 8000+ skills aspects and hundreds of experience spotlights.",,,YZi Labs (ex Binance Labs),Other,Hold-NoEmail,0,round2_new,
MEET48,,,,,Unknown,Jun 2025,Undisclosed,"AI/ML, Social/Community",,"MEET48 is the entertainment-focused AI-Agent and fan economy ecosystem, enabling users to create and manage AI-driven virtual idols. With tools like AIShowBOX and MEME platform MarsProtocol, MEET48 blends AIGC-powered music, dance, gaming, and social interaction into a unified Web3 experience on BNB Chain.",,,YZi Labs (ex Binance Labs),Consumer/Gaming/Social,Hold-NoEmail,0,round2_new,
Trusta AI (TrustScan),,,,,Strategic,Jun 2025,Undisclosed,"Identity/Privacy, AI/ML",,"Trusta.AI is a permissionless, AI-powered on-chain identity and reputation protocol built for both humans and AI agents. It provides modular attestations (Proof of Humanity, Proof of AI Agent), reputation scoring (Sybil and MEDIA scores), credit profiling, and multi-agent identity verification. Trusta.AI enables secure, decentralized trust infrastructure fueled by AI and blockchain ecosystem partnerships.",,,"ConsenSys, Starknet, GSR Markets LTD, UFLY Labs",Other,Hold-NoEmail,0,round2_new,
Uptopia,,,,,Pre-seed,Jun 2025,$4.00M,"GameFi, Other",,"Uptopia is a launch and discovery platform for on-chain games, built on Base. It helps games boost liquidity and visibility through game coins and leverages social graphs to enhance discovery. The platform also supports token airdrops and rewards, offering tools for user growth and engagement. Uptopia bridges gaming and social incentives to amplify attention and participation across the Web3 gaming ecosystem.",,,"Pantera Capital, The Spartan Group, Coinbase Ventures, Kyber Ventures, Istari Ventures, Arche Fund (Coin98 Ventures), Zentry, Vessel Capital",Other,Hold-NoEmail,0,round2_new,
Intuition,,,,,Public sale,Jun 2025,$900K,"Social/Community, Data/Analytics",,"Intuition is a decentralized platform that aims to enhance the quality and accessibility of social knowledge by providing infrastructure, tools, and applications for creating an open and flexible knowledge graph. Users can create attestations about any subject, which are stored in a navigable and queryable manner, and can be leveraged by other applications. Intuition's protocol and middleware enable seamless integration of attestations and the knowledge graph into third-party applications.",,,,Consumer/Gaming/Social,Hold-NoEmail,0,round2_new,
Orange Cap Games (Vibes),,,,,Seed,Jun 2025,$3.50M,"NFT, GameFi",,"Vibes is a hybrid digital and physical trading card game developed by Orange Cap Games, centered around the Pudgy Penguins IP. It combines both physical collectibles and digital gameplay, offering a unique experience for trading card enthusiasts. Players can collect, trade, and engage with their cards across both mediums, creating an immersive and interactive gaming environment that blends traditional and modern elements.",,,"1kx, Yuga Labs, Bing Ventures, Infinity Ventures Crypto (IVC)",Consumer/Gaming/Social,Hold-NoEmail,0,round2_new,
World of Dypians,,,,,Unknown,Jun 2025,Undisclosed,"Metaverse, NFT, GameFi",,"World of Dypians is a metaverse platform built on blockchain technology, offering an immersive virtual experience where users can explore, interact, and earn rewards. The platform integrates elements of DeFi and NFTs, allowing players to own assets, trade, and participate in governance. It provides various play-to-earn opportunities and supports community-driven ecosystems.",,,Castrum Capital,Consumer/Gaming/Social,Hold-NoEmail,0,round2_new,
Towns Protocol,,,,,Public sale,Jun 2025,$3.30M,"Social/Community, Identity/Privacy",,"Towns is a decentralized communication protocol and application designed to empower communities to build, own, and govern their digital town squares. Leveraging Ethereum-based smart contracts, it offers end-to-end encrypted messaging, decentralized storage via distributed stream nodes, and programmable spaces that allow for customizable access, monetization, and governance. Communities can sell exclusive access to group chats, retain full ownership of their data, and establish immutable, on-c...",,,,Consumer/Gaming/Social,Hold-NoEmail,0,round2_new,
Launcher Capital,,,,,Seed,Jun 2025,$4.00M,"GameFi, AI/ML",,"Launcher Capital is a Web3 gaming studio and launchpad focused on creating the next generation of AI agents through gamification and blockchain. By combining multi-agent AI systems with interactive game environments, it enables creators to build, evolve, and monetize decentralized AI-driven games. The platform supports a decentralized creator economy, fostering ownership and innovation in AI-powered virtual worlds.",,,a16z Crypto Startup Accelerator (CSX),Other,Hold-NoEmail,0,round2_new,
Shards Protocol (Aura),,,,,Unknown,Jun 2025,$2.00M,"Identity/Privacy, Data/Analytics",,"Aura by Shards Protocol is a decentralized reputation layer that transforms users’ on-chain activities—such as staking, trading, and participating in communities—into verifiable reputation scores and rewards. By converting transaction history into visible credibility, Aura aims to recognize and incentivize meaningful contributions within the Web3 ecosystem.",,,"Animoca Brands, Kyber Ventures, Yield Guild Games (YGG), Eden Holdings (ED3N Ventures), FireX Capital, Zaiken Ventures, BasedVC Fund, Gabby Dizon",Other,Hold-NoEmail,0,round2_new,
