Company Name,CEO/CTO Name,Title,Personal LinkedIn,Personal Email,Round Type,Round Date,Amount Raised,Categories,Investors,Website,Company Summary,FP Block Outreach Angle,Best Email,Best Email Trust,Apollo Email,Apollo Email Status,Email Result,Apollo LinkedIn,LinkedIn Result,Apollo Twitter,Apollo Title,Match Confidence,Org Mismatch Flag,Source URL,Amount Raised (USD),_seg,_cscore,_enrich_target
Trace Finance,Bernardo Brites,CEO and Co-Founder,,,Series A,Jun 2026,$32.00M,"Payments, Finance/Banking","CoinFund, Coinbase Ventures, HAUN Ventures, Jump Capital, Paxos, Chainlink labs, HOF Capital, Anatoly Yakovenko",tracefinance.com,"Trace Finance is a cross-border payments and banking infrastructure platform that enables businesses to move money globally through fiat and stablecoin rails. The platform provides FX services, crypto on/off ramps, local payment integrations such as PIX, corporate accounts, and API-based financial infrastructure for enterprises operating across Brazil and Latin America. Trace Finance focuses on instant settlement, regulatory compliance, and efficient international treasury operations, helping...",,bb@tracefinance.com,verified,bb@tracefinance.com,verified,new,http://www.linkedin.com/in/bebrites,,https://twitter.com/bebrites,CEO and Co-Founder,,,https://crypto-fundraising.info/projects/trace-finance,32000000,Payments & Stablecoins,3,1
Sovra,Tom Spengler,Chief Executive Officer,,,Pre-seed,Jun 2026,$2.00M,"Wallet, Payments, Stablecoin",Pharsalus Capital,sovra.com,"Sovra is a self-custodial fintech platform that provides users with a global digital dollar account powered by USDC. The platform enables users to hold, send, spend, and earn on digital dollars while maintaining full control of their funds without relying on traditional banks or custodians. Designed for underserved and underbanked populations, particularly across MENA, Sovra combines stablecoin-based savings, global payments, yield opportunities, and payment card functionality into a single m...",,,,,,,http://www.linkedin.com/in/tomspengler,,,Chief Executive Officer,,,https://crypto-fundraising.info/projects/sovra,2000000,Payments & Stablecoins,3,1
Range,Jeff Willner,CEO & Founder,,,Series A,Jun 2026,$8.30M,"Security, Infrastructure","TX Ventures, Maven 11 Capital, SixThirty Ventures, Stellar Development Foundation (SDF), Onigiri Capital",rangegroup.com,"Range is a security and risk platform tailored for blockchains and rollups, offering enterprise-grade infrastructure to address security concerns across various blockchain ecosystems and bridges. With a focus on real-time monitoring and alerting, Range ensures heightened security for personal wallets, smart contracts, and the broader multi-chain/rollup landscape.",,jeff.willner@navigatr.com,verified,jeff.willner@navigatr.com,verified,new,http://www.linkedin.com/in/jeff-willner,,,CEO & Founder,,,https://crypto-fundraising.info/projects/range,8300000,Infra & Chains,2,1
Renaiss Protocol,,,,,Unknown,Jun 2026,$1.50M,"RWA, NFT, Trading","YZi Labs (ex Binance Labs), Gate Ventures, Hash Global, Xin Family, Redline Labs",,"Renaiss is a blockchain-based collectible finance network that transforms physical collectibles into verifiable, liquid, and tradable digital assets. Starting with trading cards and collectibles, the platform combines real-world asset (RWA) tokenization, marketplace trading, vault-backed custody, and on-chain liquidity infrastructure. Through digital ownership, cryptographic proof of custody, and blockchain verification, Renaiss enables collectors to trade, value, and potentially leverage col...",,,,,,,,,,,,,https://crypto-fundraising.info/projects/renaiss-protocol,1500000,Trading & DeFi,3,1
Re,,,,,Unknown,Jun 2026,Undisclosed,"RWA, DeFi",Coinbase Ventures,,Re is a blockchain-powered reinsurance protocol. It is the RWA Platform specializing in offering tokenized reinsurance,,,,,,,,,,,,,https://crypto-fundraising.info/projects/re,,Trading & DeFi,3,0
EarnOS (Ero),,,,,Unknown,Jun 2026,$18.50M,"Social/Community, Payments","1kx, Circle Ventures, Coinbase Ventures, Social Graph Ventures",,"EarnOS is a project on the Verona (ex XION) blockchain, adopting a user experience (UX)-first approach to showcase practical Web3 applications. It enables users to engage with brands, verify their interactions, and earn real rewards, thereby bridging the gap between consumers and businesses in the digital economy.",,,,,,,,,,,,,https://crypto-fundraising.info/projects/earnos,18500000,Payments & Stablecoins,3,1
Karta,Vijaypal Singh,Co-Founder,,,Series A,Jun 2026,$15.00M,"Finance/Banking, Payments","Galaxy Digital, Illuminate Financial, Canary, Clocktower Ventures",getkarta.ai,"Karta is a fintech platform that leverages stablecoin infrastructure and AI to provide premium financial services for high-net-worth individuals and international clients. Its flagship product is a U.S.-issued credit card offering limits of up to $200,000 based on eligible assets held at U.S. financial institutions, without requiring a Social Security number. By integrating traditional banking, brokerage relationships, and blockchain-powered payment rails, Karta enables global users to access...",,vijay@getkarta.ai,verified,vijay@getkarta.ai,verified,new,http://www.linkedin.com/in/vijaypal-singh-761a4815,,,Co-Founder,,,https://crypto-fundraising.info/projects/karta,15000000,Payments & Stablecoins,3,1
El Dorado,Dayanna Gonzalez,Founder and Director,,,Series A,Jun 2026,$9.00M,"Wallet, Payments, Stablecoin","Paradigm, Coinbase Ventures, Verda Ventures",eldorado.com.uy,"El Dorado is a peer-to-peer cryptocurrency wallet enabling cross-border payments and income generation through stablecoin exchanges. It operates in Colombia, Venezuela, Argentina, Peru, Brazil, and Panama, facilitating stablecoin transactions.",,,,,,,http://www.linkedin.com/in/dayanna-gonzalez-2197747a,,,Founder and Director,,,https://crypto-fundraising.info/projects/el-dorado,9000000,Payments & Stablecoins,3,1
BitFi,,,,,Public sale,Jun 2026,$500K,"DeFi, Lending/Borrowing",,,"BitFi is a CeDeFi platform that combines secure staking mechanisms with innovative synthetic assets to create a dynamic ecosystem. Utilizing advanced on-chain technology and comprehensive off-chain quantitative strategies, BitFi optimizes returns on staked assets across multiple blockchains. The platform offers products like the BitFi Synthetic Dollar and Internet Bonds, providing users with enhanced earning and trading opportunities. BitFi’s roadmap includes crypto staking, re-staking, CeFi ...",,,,,,,,,,,,,https://crypto-fundraising.info/projects/bitfi,500000,Trading & DeFi,3,0
Morpho,Merlin Egalite,Co-founder,,,Unknown,Jun 2026,$175.00M,"DeFi, Lending/Borrowing","Paradigm, Andreessen Horowitz (a16z crypto), Ribbit Capital, Apollo Global Management (Apollo Funds), VanEck, Circle Ventures, Ledger, Cathay Innovation, Variant Fund, Wintermute Ventures, Prelude (ex Cherry Crypto), IOSG Ventures, Hashkey Capital, Mirana Ventures, SBI Holdings (SBI Group), Bpifrance, NJJ Capital",morpho.org,Morpho is a DeFi lending protocol built on top of existing protocols that moves loans from liquidity pools into a peer-to-peer mechanism to offer higher yields for investors.,,merlin@morpho.xyz,verified,merlin@morpho.xyz,verified,new,http://www.linkedin.com/in/merlin-egalite,,,Co-founder,,,https://crypto-fundraising.info/projects/morpho,175000000,Trading & DeFi,3,1
Ethena Labs,,,,,Unknown,Jun 2026,Undisclosed,"Stablecoin, DeFi",Janus Henderson Investors,,"Ethena is a startup developing the first-ever ‘internet bond’ and a new Ethereum-based stablecoin USDe that achieves stability by hedging price exposure through shorting Ethereum using perpetual swaps, while their savings bond offers individuals worldwide a dollar-denominated savings instrument with the benefits of decentralized finance.",,,,,,,,,,,,,https://crypto-fundraising.info/projects/ethena,,Trading & DeFi,3,0
TSFC,,,,,Unknown,Jun 2026,Undisclosed,"Infrastructure, Finance/Banking",Zerra Ventures,,"TSFC is a decentralized infrastructure service provider for global financial markets, focusing on enhancing transparency and efficiency in cross-border trade finance. It offers secure, scalable solutions to streamline financial transactions, leveraging technology to improve liquidity and trading processes.",,,,,,,,,,,,,https://crypto-fundraising.info/projects/tsfc,,Payments & Stablecoins,3,0
SignalPlus,Christy Y,Chief Executive Officer,,,Series B,Jun 2026,$50.00M,"Derivatives, Trading","Hashkey Capital, BlockBooster, AppWorks",signalplus.com,"SignalPlus is an enterprise technology company aiming to democratize options trading for digital and crypto assets. The platform offers a comprehensive suite of tools, including advanced risk management features, smart automated orders, and multi-exchange connectivity, catering to both novice and professional traders. SignalPlus integrates with major exchanges and provides real-time market data, facilitating informed decision-making in the cryptocurrency markets.",,chris.yu@signalplus.com,verified,chris.yu@signalplus.com,verified,new,http://www.linkedin.com/in/christy-yuen,,,Chief Executive Officer,,AMBIGUOUS (multiple orgs named 'SignalPlus') -> verify domain signalplus.com,https://crypto-fundraising.info/projects/signalplus,50000000,Trading & DeFi,3,1
Dunamu,Dongmin Kim,Chief Technology Officer,,,Unknown,May 2026,$204.00M,CEX,Samsung Securities,dunamu.com,"Dunamu is a South Korea–based fintech and blockchain company best known for operating Upbit, one of the world’s largest cryptocurrency exchanges by volume. Founded in 2012, Dunamu develops digital asset infrastructure, blockchain solutions, securities trading services, and financial data platforms. Its ecosystem includes Upbit, the Upbit NFT marketplace, and blockchain services like Luniverse (via its subsidiary Lambda256). As a major force in Korea’s digital finance landscape, Dunamu support...",,,,,,,http://www.linkedin.com/in/dongminkim,,https://twitter.com/vanyclub,Chief Technology Officer,,,https://crypto-fundraising.info/projects/dunamu,204000000,Payments & Stablecoins,3,1
Foundation Devices,,,,,Unknown,May 2026,$6.40M,"Wallet, Security","Fulgur Ventures, Arche Capital",foundationdevices.com,Foundation Devices is a developer of Bitcoin-centric tools that include a hardware wallet Passport.,,,,,,,,,,,,,https://crypto-fundraising.info/projects/foundation-devices,6400000,Infra & Chains,2,1
Jia,Zach Marks,Co-Founder & CEO,,,Unknown,May 2026,$3.00M,"Lending/Borrowing, RWA","Coinbase Ventures, Stellar Development Foundation (SDF), A100x Ventures, The Chernin Group (TCG Crypto), Hashed Emergent",jia.xyz,"Jia is a decentralized lending protocol and fintech startup that connects capital to real yield opportunities from small businesses in emerging markets. By offering loans to micro and small businesses, Jia aims to bridge the access-to-finance gap and provide fair access to short-term loans. Through its platform, Jia incentivizes pro-ecosystem behavior, partners with high-quality data providers, and uses rewards tokens to deliver consistent yields to investors while supporting the growth of bu...",,zach@jia.xyz,verified,zach@jia.xyz,verified,new,http://www.linkedin.com/in/zachmarks,,,Co-Founder & CEO,,,https://crypto-fundraising.info/projects/jia,3000000,Trading & DeFi,3,1
Catena Labs,,,,,Series A,May 2026,$30.00M,"AI/ML, Finance/Banking","Acrew Capital, Andreessen Horowitz (a16z crypto), Breyer Capital, General Catalyst, QED Investors, Oak HC/FT, IDG Capital, Coinbase Ventures",,"Catena Labs is pioneering the development of the first AI-native financial institution, tailored to meet the unique needs of AI agents and their human collaborators. Recognizing the limitations of traditional financial systems in accommodating autonomous AI activities, Catena Labs is constructing a regulated infrastructure that enables AI agents to securely identify themselves and conduct financial transactions. Their offerings include the open-source Agent Commerce Kit (ACK), which provides ...",,,,,,,,,,,,,https://crypto-fundraising.info/projects/catena-labs,30000000,Payments & Stablecoins,3,1
Variational,Edward Yu,Founder,,,Series A,May 2026,$50.00M,"DEX, Derivatives","Dragonfly Capital, Bain Capital Crypto, Coinbase Ventures",variational.io,"Variational is a peer-to-peer trading protocol designed for perpetual and generalized derivatives. Its flagship app, Omni, enables users to trade leveraged perpetual contracts on thousands of pairs, including memecoins, pre-launch tokens, and prediction markets. Omni aggregates liquidity from CEXs, DEXs, DeFi, and OTC sources, providing deep liquidity and fair trading conditions for retail users. Variational’s decentralized protocol also supports developers with API access for building custom...",,edward@variational.io,verified,edward@variational.io,verified,new,http://www.linkedin.com/in/edward-yu-443b6632,,,Founder,,,https://crypto-fundraising.info/projects/variational,50000000,Trading & DeFi,3,1
SignalPlus,Christy Y,Chief Executive Officer,,,Unknown,May 2026,$40.00M,"Trading, Derivatives",HashKey Group,signalplus.com,"SignalPlus is an enterprise technology company aiming to democratize options trading for digital and crypto assets. The platform offers a comprehensive suite of tools, including advanced risk management features, smart automated orders, and multi-exchange connectivity, catering to both novice and professional traders. SignalPlus integrates with major exchanges and provides real-time market data, facilitating informed decision-making in the cryptocurrency markets.",,chris.yu@signalplus.com,verified,chris.yu@signalplus.com,verified,new,http://www.linkedin.com/in/christy-yuen,,,Chief Executive Officer,,AMBIGUOUS (multiple orgs named 'SignalPlus') -> verify domain signalplus.com,https://crypto-fundraising.info/projects/signalplus,40000000,Trading & DeFi,3,1
Turnkey,Bryce Ferguson,CEO,,,Unknown,May 2026,$12.50M,"Wallet, Security","Circle Ventures, Archetype, Bain Capital Crypto, Lightspeed Faction, Galaxy Digital, Sequoia Capital, Variant Fund",turnkey.com,"Turnkey is a platform that provides simple APIs to securely manage private keys. It allows users to generate hundreds of wallets and sign thousands of transactions across any chain, all with flexible, programmable permissions to ensure you only sign what you want.",,bryce@turnkey.com,verified,bryce@turnkey.com,verified,new,http://www.linkedin.com/in/bryceeferguson,,,CEO,,,https://crypto-fundraising.info/projects/turnkey,12500000,Infra & Chains,2,1
Fasset,Mohammad Hossain,Co-Founder and CEO,,,Series B,May 2026,$51.00M,"Stablecoin, Payments","SBI Holdings (SBI Group), Investcorp, Arz Portfoy",fasset.com,"Fasset is a fast-growing onchain neobank and stablecoin-powered Islamic digital banking platform designed for emerging markets. It offers USD accounts, global payments, crypto spending cards, digital asset trading, staking, and access to tokenized real-world assets. Built fully on blockchain infrastructure, Fasset delivers interest-free financial services that bridge traditional banking and digital assets for individuals and businesses worldwide.",,mrh@fasset.com,verified,mrh@fasset.com,verified,new,http://www.linkedin.com/in/raafihossain,,,Co-Founder and CEO,,AMBIGUOUS (multiple orgs named 'Fasset') -> verify domain fasset.com,https://crypto-fundraising.info/projects/fasset,51000000,Payments & Stablecoins,3,1
Gemini,Tyler Winklevoss,Co-Founder & CEO,,,Unknown,May 2026,$100.00M,"CEX, Wallet",Winklevoss Capital,gemini.com,"Gemini is a U.S.-based cryptocurrency exchange and custodian bank founded by Cameron and Tyler Winklevoss in 2014. It offers a secure platform for buying, selling, trading, and storing over 70 cryptocurrencies and supports both retail and institutional clients. The platform emphasizes regulatory compliance and robust security, including offline cold storage, insurance coverage, and trust licensing. Gemini also provides services such as custody solutions, a payments app, staking, and its own s...",,tyler@gemini.com,verified,tyler@gemini.com,verified,new,http://www.linkedin.com/in/tylerwinklevoss,,,Co-Founder & CEO,,,https://crypto-fundraising.info/projects/gemini,100000000,Payments & Stablecoins,3,1
Elliptic,Simone Maini,Chief Executive Officer,,,Series D,May 2026,$120.00M,"Security, Data/Analytics","One Peak, Nasdaq Ventures, Deutsche Bank, British Business Bank",elliptic.co,"Elliptic is a blockchain analytics and crypto compliance platform that helps financial institutions, exchanges, regulators, and Web3 companies detect and prevent illicit activity across blockchain networks. Founded in 2013, the company provides AML monitoring, wallet screening, transaction tracing, forensic investigations, and risk intelligence tools powered by large-scale blockchain data analytics and AI. Elliptic supports dozens of blockchains and enables organizations to manage crypto comp...",,simone.m@elliptic.co,verified,simone.m@elliptic.co,verified,new,http://www.linkedin.com/in/simone-maini,,,Chief Executive Officer,,AMBIGUOUS (multiple orgs named 'Elliptic') -> verify domain elliptic.co,https://crypto-fundraising.info/projects/elliptic,120000000,Infra & Chains,2,1
OpenTrade,David Sutter,"Chief Executive Officer, Co-Founder",,,Strategic,May 2026,$17.00M,"DeFi, Lending/Borrowing","Mercury Fund, Notion Capital, Andreessen Horowitz (a16z crypto), AlbionVC, CMCC Global",opentrade.io,"OpenTrade is a decentralized finance (DeFi) protocol platform offering institutional-grade lending and yield products tailored for fintechs and institutional investors in both Web2 and Web3 ecosystems. It combines technology infrastructure with legal and operational frameworks to support compliant and scalable financial services, including liquidity pools for assets like U.S. Treasury bills and investment-grade commercial paper. OpenTrade's platform, running on Ethereum and Polygon blockchain...",,dave@open-trade.io,verified,dave@open-trade.io,verified,new,http://www.linkedin.com/in/sutterdavid,,,"Chief Executive Officer, Co-Founder",,AMBIGUOUS (multiple orgs named 'OpenTrade') -> verify domain opentrade.io,https://crypto-fundraising.info/projects/opentrade,17000000,Trading & DeFi,3,1
Centrifuge,,,,,Unknown,May 2026,Undisclosed,"RWA, DeFi",Coinbase,,The untapped multi-trillion dollar market of real-world assets (RWA) is now entering Decentralized Finance (DeFi) through Centrifuge: the first protocol to connect DeFi to the real-world.,,,,,,,,,,,,,https://crypto-fundraising.info/projects/centrifuge,,Trading & DeFi,3,0
Exponent,Catherine Corrigan,Chief Executive Officer,,,Seed,May 2026,$5.00M,"DeFi, Lending/Borrowing","Multicoin Capital, Solana Ventures, RockawayX, L1D (L1 Digital), Prelude (ex Cherry Crypto), Theia",exponent.com,Exponent Finance is a Solana-based DeFi platform offering fixed-rate lending and borrowing solutions. It enables users to lock in predictable yields or access stable funding by leveraging a transparent and risk-managed DeFi infrastructure.,,ccorrigan@exponent.com,verified,ccorrigan@exponent.com,verified,new,http://www.linkedin.com/in/catherine-corrigan-266520a9,,,Chief Executive Officer,,AMBIGUOUS (multiple orgs named 'Exponent') -> verify domain exponent.com,https://crypto-fundraising.info/projects/exponent,5000000,Trading & DeFi,3,1
"Nuva Labs (ex ProvLabs, Provenance Blockchain)",,,,,Seed,May 2026,$5.20M,"RWA, Infrastructure",Morgan Creek Capital,,"Nuva Labs delivers blockchain infrastructure enabling institutions and fintechs to tokenize, manage, and scale real-world assets. Built on Provenance Blockchain, it offers enterprise-grade APIs and SaaS solutions through its Connect platform, supporting asset issuance, vault management, compliance, treasury optimization, and real-time data access. The platform ensures transparency and efficiency in deploying and distributing digital assets across blockchain networks.",,,,,,,,,,,,,https://crypto-fundraising.info/projects/provlabs-ex-provenance-blockchain,5200000,RWA & Tokenization,3,1
Printr,,,,,Public sale,May 2026,$2.00M,DEX,,,"Printr is a cross-chain memecoin launchpad allowing users to launch and trade tokens across 69+ chains with a single click. It consolidates liquidity and simplifies token creation for degens. The platform features a playful approach, inviting users to join a waitlist for early access and community airdrops.",,,,,,,,,,,,,https://crypto-fundraising.info/projects/printr,2000000,Trading & DeFi,3,0
Fun,,,,,Series A,May 2026,$72.00M,"Payments, Finance/Banking","Multicoin Capital, SignalFire, Infinity Ventures Crypto (IVC), Pharsalus Capital, Justin Mateen",fundacao.bradesco,"Global payments infrastructure connecting fiat and crypto rails for internet-native capital markets. White-label orchestration layer powering deposits, withdrawals, settlement for high-scale platforms. Processes $18B+ annual transaction volume; 99.999% success rate; millions of users across 100+ countries. Flagship clients: Polymarket (sole deposit provider), Aave, Lighter. Products: Deposit (fiat/crypto onramps), Withdraw (offramps), Orchestration (cross-system value movement), Checkout (dig...",,,,,,,,,,,,,https://crypto-fundraising.info/projects/fun-2,72000000,Payments & Stablecoins,3,1
Fence,Juan Montero,Founder | CEO,,,Unknown,May 2026,$20.00M,"Finance/Banking, Infrastructure","Galaxy Digital, ParaFi Capital, Crane Venture Partners",fence.finance,"Fence Finance is a SaaS platform streamlining debt facility operations for businesses and lenders by automating tasks like reporting and payments across various industries. It enhances efficiency, transparency, and regulatory compliance, allowing businesses to focus on core activities while reducing overhead. Fence Finance's innovative solution provides real-time debt information for investors, improving decision-making and saving companies up to 80% in operational costs.",,juan@fence.finance,verified,juan@fence.finance,verified,new,http://www.linkedin.com/in/juanmonteromunoz,,,Founder | CEO,,,https://crypto-fundraising.info/projects/fence,20000000,Payments & Stablecoins,3,1
Squads,Sean Ganser,Co-Founder,,,Strategic,May 2026,$18.00M,"Wallet, Security","Solana Ventures, Coinbase Ventures, HAUN Ventures, L1D (L1 Digital)",squads.xyz,"Squads is a Solana-based multisig protocol that helps crypto firms secure and manage their digital assets on-chain. It offers a smart contract wallet system fully on-chain, ensuring transparency and immutability, and simplifies asset management for teams building on Solana and SVM, allowing them to secure and manage treasuries, programs, validators, and tokens collaboratively.",,sean@sqds.io,verified,sean@sqds.io,verified,new,http://www.linkedin.com/in/sean-ganser,,,Co-Founder,,AMBIGUOUS (multiple orgs named 'Squads') -> verify domain squads.xyz,https://crypto-fundraising.info/projects/squads,18000000,Infra & Chains,2,1
Blockworks,,,,,Series A,May 2026,Undisclosed,"Media/Entertainment, Data/Analytics","ParaFi Capital, Reciprocal Ventures, Coinbase Ventures, Advancit Capital, MoonPay, Firestreak Ventures, Modular Capital, Moonrock Capital, Flowdesk, Escape Velocity, Auros Global, Equilibrium co, Everest Ventures Group (EVG), Sfermion, Milk Road, The Rollup, 6ixth Event Fund",,"Blockworks is a prominent financial media brand that offers essential news, analysis, and insights on digital assets to investors. Through their editorial content, newsletters, podcasts, and events like the Digital Asset Summit (DAS), they provide valuable information and analysis to help investors make informed decisions in the cryptocurrency space. They also offer a subscription service for in-depth crypto research.",,,,,,,,,,,,,https://crypto-fundraising.info/projects/blockworks,,Other,0,0
Four Pillars,Namwoong Kim,Co-Founder / CEO,,,Series A,May 2026,Undisclosed,"Infrastructure, Other","Pantera Capital, Further Ventures",4pillars.io,"Four Pillars is a research-based blockchain startup specializing in assisting businesses with the effective implementation of blockchain technology. Leveraging collaboration experience and technical understanding, Four Pillars offers customized solutions, providing timely insights into blockchain technology, legal aspects, and market analysis to streamline the entry of companies into the blockchain market.",,steve@4pillars.io,verified,steve@4pillars.io,verified,new,http://www.linkedin.com/in/namwoong-kim-00533321b,,,Co-Founder / CEO,,AMBIGUOUS (multiple orgs named 'Four Pillars') -> verify domain 4pillars.io,https://crypto-fundraising.info/projects/four-pillars,,Infra & Chains,2,1
Pharos,,,,,Public sale,Apr 2026,$10.00M,Layer 1,,,"Pharos is a deep-parallel, Layer-1 blockchain network designed for high-speed, scalable, and decentralized applications. It supports EVM compatibility, allowing Ethereum dApp developers to leverage familiar toolchains while benefiting from Pharos’s features like 1-second finality, reduced storage costs, and enhanced security with AsyncBFT consensus. Pharos aims to drive innovation in DeFi, real-world assets (RWAs), decentralized physical infrastructure (DePIN), and cross-chain interoperabilit...",,,,,,,,,,,,,https://crypto-fundraising.info/projects/pharos,10000000,Infra & Chains,2,0
Cluster Protocol,Yatharth Jain,Co-Founder,,,Unknown,Apr 2026,$5.00M,"AI/ML, DePIN","dao5 (daofive), Paper Ventures, JPEG Trading, Mapleblock Capital, Fairum Ventures, Maven Capital, Prim3 Capital",clusterprotocol.io,"Cluster Protocol is a proof-of-compute protocol and open-source community for decentralized AI models. It enables secure model training using private datasets through encryption and federated learning techniques, ensuring data localization and protection. With features like decentralized datasets, collaborative model training, and opportunities to earn passive income by contributing resources, Cluster Protocol aims to democratize GPU access, facilitate decentralized data sharing, lower comput...",,yatharth@clusterprotocol.io,verified,yatharth@clusterprotocol.io,verified,new,http://www.linkedin.com/in/depindaddy,,,Co-Founder,,,https://crypto-fundraising.info/projects/cluster-protocol,5000000,Infra & Chains,2,1
BetHog (FanDuel),,,,,Series A,Apr 2026,$10.00M,"GameFi, Payments","Will Ventures, RockawayX, Phoenix Capital Ventures (PCV), 6th Man Ventures (6MV), Bullpen Capital, Advancit Capital",,"FanDuel is a leading online sports betting and daily fantasy sports platform. BetHog is a new cryptocurrency casino and sportsbook launched by the founders of FanDuel, featuring unique games and a player-focused experience. Built on the Solana blockchain, BetHog supports PvP casino games, including exclusive “BetHog Originals,” which provide innovative takes on crash and mines games. A first-of-its-kind PvP feature enables users to play alongside popular streamers. BetHog accepts SOL for its ...",,,,,,,,,,,,,https://crypto-fundraising.info/projects/fanduel,10000000,Payments & Stablecoins,3,1
Hata,David Low,Co-Founder & CEO,,,Series A,Apr 2026,$8.00M,"CEX, Payments",ByBit,hata.io,"Hata is a global cryptocurrency exchange that allows users to buy, sell, and trade crypto assets with fiat currencies. It offers a user-friendly platform for managing digital assets and supports a variety of cryptocurrencies, providing secure transactions and liquidity for both novice and experienced traders.",,david@hata.io,verified,david@hata.io,verified,new,http://www.linkedin.com/in/hata-david,,,Co-Founder & CEO,,AMBIGUOUS (multiple orgs named 'Hata') -> verify domain hata.io,https://crypto-fundraising.info/projects/hata,8000000,Payments & Stablecoins,3,1
Octra,,,,,Public sale,Apr 2026,$2.80M,"Layer 1, Security",,,"Octra is a blockchain network focused on Fully Homomorphic Encryption (FHE), offering cryptographic tools for secure mathematical operations in isolated execution environments. The platform supports smart contracts developed in OCaml, AST, ReasonML, and C++, and provides open-source libraries like Hypergraph for broader compatibility. Octra uses an extended version of IrminDB to manage data with validators.",,,,,,,,,,,,,https://crypto-fundraising.info/projects/octra,2800000,Infra & Chains,2,0
Slash,Victor Codriansky,"Co-Founder, CEO",,,Series C,Apr 2026,$100.00M,"Finance/Banking, Payments","Ribbit Capital, Khosla Ventures, Goodwater Capital",slash.com,"Slash is a verticalized neo-banking platform built for online businesses, offering tailored financial tools like checking accounts, virtual and physical cards with cashback, ACH/wire transfers, and integrations with major accounting software. It enables multiple users, real-time account segmentation, and seamless crypto-fiat management—catering to sectors like performance marketing, e-commerce, and crypto-native firms. Unlike broad fintech competitors, Slash focuses on niche use cases, delive...",,victor@joinslash.com,verified,victor@joinslash.com,verified,new,http://www.linkedin.com/in/victor-d-cardenas,,,"Co-Founder, CEO",,AMBIGUOUS (multiple orgs named 'Slash') -> verify domain slash.com,https://crypto-fundraising.info/projects/slash,100000000,Payments & Stablecoins,3,1
OpenGradient,,,,,Unknown,Apr 2026,$9.50M,"AI/ML, Compute","Andreessen Horowitz (a16z crypto), Coinbase Ventures, SV Angel, Foresight Ventures, Pragma Ventures, Symbolic Capital (ex Hyperedge Capital), Canonical Crypto, Black Dragon Capital (BDC), NEAR Protocol, Celestia Foundation, Thanefield Capital, SALT fund, Balaji Srinivasan, Sandeep Nailwal, Illia Polosukhin",,"OpenGradient is a decentralized platform for hosting, executing, and deploying AI models. It offers NeuroML, a Solidity framework for integrating AI inference with smart contracts, and a Python SDK for accessing its model repository and decentralized AI infrastructure. Its Model Hub serves as a repository for both open and closed-source models, enabling secure AI model inference across the network.",,,,,,,,,,,,,https://crypto-fundraising.info/projects/opengradient,9500000,AI x Crypto,1,0
Fluent Labs,,,,,Public sale,Apr 2026,$1.00M,"Layer 2, Infrastructure",,,"Fluent is an Ethereum Layer 2 network and development framework that unifies multiple virtual machines (VMs), including the Ethereum Virtual Machine (EVM), Solana Virtual Machine (SVM), and WebAssembly (Wasm), into a single execution environment. This “blended execution” enables seamless interoperability and atomic composability between smart contracts written in different languages, such as Solidity, Vyper, and Rust, allowing developers to build more expressive and versatile decentralized ap...",,,,,,,,,,,,,https://crypto-fundraising.info/projects/fluent-labs,1000000,Infra & Chains,2,0
Oh,,,,,Series A,Apr 2026,$7.50M,"AI/ML, Social/Community","Maven 11 Capital, L1D (L1 Digital), Auros Global, Hashed, Maelstrom, Cadenza, Cyber Fund, Kosmos Ventures, Tangent Ventures",,"Oh is a Web3 AI project dedicated to developing uncensored generative AI models and applications. Their ecosystem includes OhChat, a platform for immersive interactions with AI characters known as superModels, and the $OH token, which facilitates governance and utility within the platform. Oh aims to decentralize AI governance and provide creators with monetization opportunities through interoperable AI characters.",,,,,,,,,,,,,https://crypto-fundraising.info/projects/oh,7500000,Consumer/Gaming/Social,0,0
Transak,Sami Start,Co-Founder & CEO,,,Strategic,Apr 2026,Undisclosed,"Payments, Infrastructure",Gobi Partners,transak.com,"Transak is a Web3 payments infrastructure provider that offers seamless fiat-to-crypto on-ramp and crypto-to-fiat off-ramp services. Designed for developers, it integrates easily into wallets, dApps, and platforms using SDKs or APIs, and supports multiple payment methods—cards, bank transfers, Apple Pay, Google Pay—in over 155 countries with KYC included. Transak also offers advanced tools like Transak One for one-step fiat-to-smart-contract flows, and Transak Stream for streamlined off-rampi...",,sami@transak.com,verified,sami@transak.com,verified,new,http://www.linkedin.com/in/samistart,,,Co-Founder & CEO,,,https://crypto-fundraising.info/projects/transak,,Payments & Stablecoins,3,1
GoSats,Roshni Aslam,Co-Founder,,,Series A,Apr 2026,$5.00M,Payments,"Konvoy Ventures, Y Combinator, Taisu Ventures",gosats.io,"GoSats is a Bitcoin rewards platform that allows users to earn sats (small units of Bitcoin) when shopping with partner brands. By integrating with everyday spending, GoSats bridges traditional commerce and crypto adoption, offering cashback in Bitcoin instead of fiat rewards. The platform includes features like gift cards, brand partnerships, and gamified earning mechanisms to incentivize user engagement and long-term crypto accumulation.",,roshni.aslam@gosats.io,verified,roshni.aslam@gosats.io,verified,new,http://www.linkedin.com/in/roshni-aslam-b46a88130,,,Co-Founder,,,https://crypto-fundraising.info/projects/gosats,5000000,Payments & Stablecoins,3,1
INXY Payments,Serge Kuznetsov,Co-Founder,,,Unknown,Apr 2026,$4.00M,"Payments, Finance/Banking",Flashpoint Venture Capital,inxy.io,"INXY Payments is an EU-licensed fintech platform offering multicurrency processing solutions for online businesses. It provides services such as a funds gateway, mass payouts, and seamless fund exchanges, enabling businesses to accept one-time and recurring transfers, automate payrolls, and convert assets within a single platform. The platform emphasizes flexible integration through APIs, cost-effective transactions, and compliance with leading audit protocols. INXY Payments also offers accou...",,s.kuznetsov@inxy.io,verified,s.kuznetsov@inxy.io,verified,new,http://www.linkedin.com/in/madeitwithserge,,,Co-Founder,,,https://crypto-fundraising.info/projects/inxy-payments,4000000,Payments & Stablecoins,3,1
Kulipa,Axel Cateland,CEO Founder,,,Seed,Apr 2026,$6.20M,"Payments, Wallet","Flourish Ventures, 1kx, White Star Capital, Fabric Ventures",kulipa.xyz,"Kulipa is a platform that enables non-custodial wallets to issue branded crypto payment cards. These cards, compatible with Apple Pay® and Google Pay™, provide users with a seamless payment experience by converting crypto to fiat in the background. Kulipa handles all compliance, security, and integration needs, offering a comprehensive solution for wallets to expand their functionalities. The platform allows users to manage card settings, set spending limits, and issue cards on the fly, bridg...",,axel@kulipa.xyz,verified,axel@kulipa.xyz,verified,new,http://www.linkedin.com/in/cateland,,,CEO Founder,,AMBIGUOUS (multiple orgs named 'Kulipa') -> verify domain kulipa.xyz,https://crypto-fundraising.info/projects/kulipa,6200000,Payments & Stablecoins,3,1
Keyrock,Kevin Patoul,CEO & Co-Founder,,,Series C,Apr 2026,Undisclosed,"Trading, Infrastructure","SC Ventures, Ripple",keyrock.com,Keyrock is a digital asset market maker that offers a buy-and-sell price for an asset to platforms such as exchanges. The firm also provides its market-making proposition as a service to clients for a set monthly fee. This means providing liquidity to markets that are yet to reach trading volumes sufficient to drive revenue for the market maker.,,kevin@keyrock.eu,verified,kevin@keyrock.eu,verified,new,http://www.linkedin.com/in/kevin-de-patoul,,,CEO & Co-Founder,,,https://crypto-fundraising.info/projects/keyrock,,Trading & DeFi,3,1
Hamilton,,,,,Unknown,Apr 2026,Undisclosed,"RWA, Stablecoin, Layer 1",AXIAN Investment,,"Hamilton is a platform that brings real-world assets (RWAs) onto the Bitcoin network, leveraging its security and decentralization. It offers products like HUSD, a Bitcoin-native stablecoin backed by U.S. Treasury Bills, and HUST, tokenized U.S. Treasuries, providing users with secure and liquid investment options. Hamilton aims to unlock global access to capital markets through tokenized assets secured by Bitcoin.",,,,,,,,,,,,,https://crypto-fundraising.info/projects/hamilton,,Payments & Stablecoins,3,0
Uniblock,David Liu,CTO and Co-founder,,,Unknown,Apr 2026,$5.20M,"Infrastructure, Data/Analytics","SBI Holdings, Alchemy Ventures, MoonPay, NGC Ventures, Blockchain Founders Fund (BFF), Hustle Fund, Stellar Development Foundation (SDF), Auros Global, Contribution Capital, CoinSwitch, Wave Digital Assets, Lucid Drakes, V3V Ventures, AAF Management",uniblock.dev,"Uniblock is a unified Web3 API, simplifies blockchain interaction for developers by offering a single interface to access diverse blockchain data and services. With features like token and NFT data retrieval, transaction tracking, and smart contract deployment, Uniblock streamlines Web3 application development by abstracting away complexities. Developers can efficiently and effectively build Web3 applications using Uniblock's user-friendly interface and comprehensive toolset.",,david.liu@uniblock.dev,verified,david.liu@uniblock.dev,verified,new,http://www.linkedin.com/in/davidliu134,,,CTO and Co-founder,,AMBIGUOUS (multiple orgs named 'Uniblock') -> verify domain uniblock.dev,https://crypto-fundraising.info/projects/uniblock,5200000,Infra & Chains,2,1
Midas,Lifeng Zhu,Chief Executive Officer,,,Series A,Apr 2026,$50.00M,"RWA, Finance/Banking","RRE Ventures, Creandum, Framework Ventures, HV Capital, Cathay Ledger Fund, North Island Ventures (NIV), Coinbase Ventures, Franklin Templeton, GSR Markets LTD",midas.app,Midas is an asset tokenization platform bringing exposure to institutional-grade assets on-chain.,,,,,,,http://www.linkedin.com/in/leezhumedtech,,,Chief Executive Officer,,AMBIGUOUS (multiple orgs named 'Midas') -> verify domain midas.app,https://crypto-fundraising.info/projects/midas,50000000,Payments & Stablecoins,3,1
P2P me,,,,,Public sale,Apr 2026,$6.00M,"Payments, Identity/Privacy",,,"P2P me is a decentralized, non-custodial platform that enables users to swap fiat and USDC using QR codes. Powered by zero-knowledge KYC (ZK-KYC), it ensures secure, fraud-resistant, and private transactions, empowering real-world crypto payments without intermediaries.",,,,,,,,,,,,,https://crypto-fundraising.info/projects/p2p-me,6000000,Payments & Stablecoins,3,0
Polymarket,Shayne Coplan,Founder & CEO,,,Unknown,Mar 2026,$600.00M,"Trading, Data/Analytics",Intercontinental Exchange (ICE),polymarket.com,"Polymarket is a decentralized information markets platform where users can trade on highly-debated topics and build portfolios based on their forecasts. By allowing users to buy shares in markets, Polymarket provides actionable insights based on traders' views of future events, making it a leading source of unbiased and real-time data. However, it's currently unable to operate in the U.S. due to regulatory restrictions, leaving the field open for other platforms.",,shaynecoplan@polymarket.com,verified,shaynecoplan@polymarket.com,verified,new,http://www.linkedin.com/in/shaynecoplan,,,Founder & CEO,,,https://crypto-fundraising.info/projects/polymarket,600000000,Trading & DeFi,3,1
Megapot,Patrick Lung,Founder,,,Pre-seed,Mar 2026,$5.00M,"GameFi, DeFi","Dragonfly Capital, Coinbase Ventures, Bankless Ventures, Josh Hannah, Nigel Eccles",megapot.io,"Megapot is a decentralized lottery platform built on the Base blockchain, offering daily mega jackpots where liquidity providers earn yield by participating as the house. The platform aims to become the world’s largest raffle by providing users with favorable odds to win substantial jackpots and enabling developers to build on an immutable, open prize pool. Unlike traditional lotteries that deduct fees from the prize pool, Megapot operates without taking fees, leveraging blockchain technology...",,patrick@megapot.io,verified,patrick@megapot.io,verified,new,http://www.linkedin.com/in/plungg,,https://twitter.com/patrick_lung,Founder,,AMBIGUOUS (multiple orgs named 'Megapot') -> verify domain megapot.io,https://crypto-fundraising.info/projects/megapot,5000000,Trading & DeFi,3,1
XFX,Michael Chiu,CEO,,,Series A,Mar 2026,$17.00M,"Payments, Bridge/Interoperability","Castle Island Ventures, Coinbase Ventures, HAUN Ventures",xfxforce.com,"XFX is an institutional-grade cross‑border settlement platform that enables real-time, transparent movement of fiat and stablecoins. Designed for enterprises, it provides direct access to deep liquidity pools, instant settlement across global corridors, and enterprise-grade auditing and reporting tools. Built with SOC2 and ISO 27001 compliance, it supports web dashboards, APIs, and OTC services—eliminating hidden fees and trapped capital—while ensuring speed, security, and regulatory-grade tr...",,,,,,,http://www.linkedin.com/in/michael-chiu-b896b217,,,CEO,,AMBIGUOUS (multiple orgs named 'XFX') -> verify domain xfxforce.com,https://crypto-fundraising.info/projects/xfx,17000000,Payments & Stablecoins,3,1
Startale Labs,,,,,Series A,Mar 2026,$50.00M,"Infrastructure, Other",SBI Holdings,,"Startale Labs is an advanced Web3 technology company that specializes in developing multi-chain applications and infrastructure, conducting research and development, and providing incubation programs for Web3 startups. They are known for their products such as Astar Network, a popular smart contract platform in Japan, and Swanky Suite, a comprehensive tool for WebAssembly smart contract developers.",,,,,,,,,,,,,https://crypto-fundraising.info/projects/startale-labs,50000000,Infra & Chains,2,1
Ledger,Pascal Gauthier,Chairman & CEO,,,Unknown,Mar 2026,$50.00M,"Wallet, Security",,ledger.com,"Ledger wallets are hardware cryptocurrency wallets made by Ledger, a company headquartered in Paris, France. Ledger's hardware wallets are multicurrency wallets that are used to store private keys for cryptocurrencies offline.",,pascal@ledger.fr,verified,pascal@ledger.fr,verified,new,http://www.linkedin.com/in/pascalgauthier1,,,Chairman & CEO,,AMBIGUOUS (multiple orgs named 'Ledger') -> verify domain ledger.com,https://crypto-fundraising.info/projects/ledger,50000000,Infra & Chains,2,1
Avalanche (Ava Labs),,,,,Unknown,Mar 2026,Undisclosed,Layer 1,Animoca Brands,,Avalanche is an open-source platform for launching decentralized applications and enterprise blockchain deployments in one ecosystem.,,,,,,,,,,,,,https://crypto-fundraising.info/projects/avalanche,,Infra & Chains,2,0
Bluesky,,,,,Series B,Mar 2026,$100.00M,"Social/Community, Identity/Privacy","Bain Capital Crypto, Alumni Ventures (AVG), Anthos Capital, Bloomberg Beta, Knight Foundation, True Ventures",,"Bluesky is a decentralized social media platform focused on building a new federated social web. It leverages the AT Protocol, aiming to provide users with control over their data and the ability to switch between networks while maintaining their social identity. Bluesky emphasizes a user-owned ecosystem, enhancing privacy and content moderation.",,,,,,,,,,,,,https://crypto-fundraising.info/projects/bluesky,100000000,Consumer/Gaming/Social,0,0
Derivio,,,,,Unknown,Mar 2026,$6.00M,"AI/ML, Trading, Data/Analytics","YZi Labs (ex Binance Labs), CMT Digital, Everstake Capital, Big Brain Holdings, Signum Capital, UOB Venture Management, Proximity Labs",derivio.xyz,"Derivio is an AI-native crypto trading terminal that combines market intelligence, research context, decision support, and trade execution in one interface. Its website positions it as a single terminal for smarter, earlier trading, and public reports describe it as a full-stack platform built for “agentic trading” workflows. The project appears focused on helping traders replace fragmented dashboards with a more automated, AI-driven experience.",,,,,,,,,,,,,https://crypto-fundraising.info/projects/derivio,6000000,Trading & DeFi,3,1
Republic,,,,,Unknown,Mar 2026,Undisclosed,"Finance/Banking, Other",Hamilton Lane,,"Republic is a global investment platform that enables individuals to invest in startups, crypto projects, real estate, and gaming ventures. It democratizes access to early-stage and alternative investments by lowering entry barriers and offering curated opportunities across multiple asset classes. Republic also provides fundraising infrastructure for founders, combining regulatory compliance, community building, and capital formation tools in one ecosystem.",,,,,,,,,,,,,https://crypto-fundraising.info/projects/republic-note,,Payments & Stablecoins,3,0
Kast,Raagulan Pathy,Founder & CEO,,,Series A,Mar 2026,$80.00M,"Stablecoin, Payments, Wallet","QED Investors, Left Lane Capital, Peak XV Partners (ex as Sequoia India & South East Asia), HongShan (ex Sequoia China), DST Global",kast.xyz,"KAST is a stablecoin-powered financial platform offering virtual and physical cryptocurrency cards for global spending. Designed for on-chain savings, earnings, and transactions, KAST supports stablecoins like USDT, USDC, and USDe. Its cards are compatible with Apple Pay and Google Pay, enabling seamless purchases at over 100 million merchants worldwide. Users benefit from real-time spending tracking, budgeting tools, and rewards programs. With advanced encryption and multi-factor authenticat...",,r@kastcard.com,verified,r@kastcard.com,verified,new,http://www.linkedin.com/in/raagulanpathy,,,Founder & CEO,,AMBIGUOUS (multiple orgs named 'Kast') -> verify domain kast.xyz,https://crypto-fundraising.info/projects/kast,80000000,Payments & Stablecoins,3,1
Ark Labs,Andrew Camilleri,Chief Technology Officer,,,Seed,Mar 2026,$5.20M,"Layer 2, Payments","Tether, Ego Death Capital, Anchorage Digital, Epoch Ventures, Sats Ventures, Contribution Capital, Draper Associates, Fulgur Ventures, Axiom",arklabs.xyz,"Ark Labs is developing a scalable Layer 2 protocol for Bitcoin, called Ark, aimed at enabling fast, low-cost, and private transactions. The platform simplifies Bitcoin payments by taking transactions off-chain, reducing fees, and allowing users to receive payments even when offline.",,andrew@arklabs.to,verified,andrew@arklabs.to,verified,new,http://www.linkedin.com/in/camilleriandrew,,,Chief Technology Officer,,AMBIGUOUS (multiple orgs named 'Ark Labs') -> verify domain arklabs.xyz,https://crypto-fundraising.info/projects/ark-labs,5200000,Payments & Stablecoins,3,1
Cryptio,Lukasz Kujawa,CTO,,,Series B,Mar 2026,$45.00M,"Data/Analytics, Finance/Banking","Blackfin Capital Partners, Sentinel Global, 1kx, BlueYard Capital, Cathay Ledger Fund",cryptio.co,Cryptio is an institutional-grade crypto accounting platform.,,lukasz@cryptio.co,verified,lukasz@cryptio.co,verified,new,http://www.linkedin.com/in/lukasz-kujawa,,https://twitter.com/lukaszkujawa,CTO,,,https://crypto-fundraising.info/projects/cryptio,45000000,Payments & Stablecoins,3,1
Immunefi,,,,,Unknown,Mar 2026,Undisclosed,Security,Anchorage Digital,,Immunefi is a bug bounty security services platform that focuses on bug bounty and security services for Web3 projects.,,,,,,,,,,,,,https://crypto-fundraising.info/projects/immunefi,,Infra & Chains,2,0
Akave,Angelo Schalley,Co-Founder and CTO,,,Seed,Mar 2026,$6.70M,"Storage, Infrastructure, Data/Analytics","Protocol Labs, No Limit Holdings (NLH), Blockchange Ventures, Lightshift, Blockchain Builders Fund (BBF), Big Brain Holdings, Avalanche Foundation, Filecoin",akave.com,"Akave is a decentralized Layer 2 data management platform focused on bringing data lakes on-chain with modular storage solutions. Utilizing Filecoin for storage and enhanced by S3-compatible interfaces, Akave provides verifiable, cost-effective, and scalable data solutions. It supports AI workloads, data encryption, and edge computing for efficient AI operations, aiming to deliver high data durability and control across Web3. Akave offers storage policy customization through its Oasis protoco...",,angelo@akave.ai,verified,angelo@akave.ai,verified,new,http://www.linkedin.com/in/angeloschalley,,,Co-Founder and CTO,,,https://crypto-fundraising.info/projects/akave,6700000,Infra & Chains,2,1
idOS,,,,,Public sale,Mar 2026,$2.00M,"Identity/Privacy, Infrastructure",,,"idOS is a decentralized, chain-agnostic identity layer for Web3, enabling users to manage their data with self-sovereignty. The platform comprises a dStorage network of nodes that host user-encrypted data and an access management protocol allowing users to grant or revoke access to third parties. idOS supports multiple identity frameworks, ensuring interoperability and compliance. By facilitating a user-owned internet, idOS enhances privacy, security, and control over personal data in the dec...",,,,,,,,,,,,,https://crypto-fundraising.info/projects/idos,2000000,Infra & Chains,2,0
Interstate,Lain Hancock,Chief Executive Officer,,,Unknown,Mar 2026,$1.50M,"Infrastructure, Layer 1","Marshland Capital, Taisu Ventures, Bloccelerate, Alpen Labs, GD1, MH Ventures, Alchemy Ventures, Legends Group, Waikit Lau, Sergey Gorbunov",interstatebatteries.com,"Interstate is a crypto research and development firm focused on enhancing Ethereum’s user experience by reducing transaction confirmation times. Their preconfirmation network enables users to receive transaction confirmations in approximately 100 milliseconds, significantly faster than the standard 12-second block time on Ethereum. By implementing proposer commitment protocols, Interstate aims to achieve near-instant transaction confirmations, improving the overall efficiency and usability of...",,lain.hancock@ibsa.com,verified,lain.hancock@ibsa.com,verified,new,http://www.linkedin.com/in/lain-hancock-a05147,,,Chief Executive Officer,,,https://crypto-fundraising.info/projects/interstate,1500000,Infra & Chains,2,1
Cambria,,,,,Public sale,Mar 2026,$3.00M,"GameFi, NFT",,,"Cambria is a blockchain development company that has created Duel Arena, a high-stakes 1v1 dueling game where players can challenge each other to death matches in a public arena. In this Runescape-inspired game, players can wager Arena Tokens or Base ETH on their duels, with the winner taking all.",,,,,,,,,,,,,https://crypto-fundraising.info/projects/cambria,3000000,Consumer/Gaming/Social,0,0
Crossover Markets,Brandon Mulvihill,Co-Founder & CEO,,,Series B,Mar 2026,$31.00M,"Trading, Derivatives, Infrastructure","Tradeweb, DRW Venture Capital, Illuminate Financial, Ripple, Virtu Financial, Wintermute Ventures, XTX Markets",crossovermarkets.com,"Crossover Markets is a digital asset trading technology firm specializing in institutional liquidity for spot and derivative cryptocurrency markets. Its execution-only cryptocurrency ECN, CROSSx, separates trade execution from custody and brokerage, allowing institutions to choose their own credit counterparties. Crossover Markets does not hold client funds, handle assets, or carry counterparty risk.",,brandon@crossovermarkets.com,verified,brandon@crossovermarkets.com,verified,new,http://www.linkedin.com/in/brandonmulvihill,,,Co-Founder & CEO,,,https://crypto-fundraising.info/projects/crossover-markets,31000000,Trading & DeFi,3,1
Sats Terminal,,,,,Unknown,Mar 2026,Undisclosed,"DeFi, DEX, Aggregate",Gate Ventures,,"Sats Terminal is a Bitcoin DeFi aggregation protocol that simplifies access to decentralized financial services on the Bitcoin network. It integrates decentralized exchange (DEX) services, bridging solutions, and yield aggregation into a unified platform, enhancing user experience and liquidity.",,,,,,,,,,,,,https://crypto-fundraising.info/projects/sats-terminal,,Trading & DeFi,3,0
TruFin,,,,,Unknown,Feb 2026,Undisclosed,"DeFi, Lending/Borrowing","SC Ventures, FalconX, Road Capital",,"TruFin Protocol builds institutional-grade Web3 primitives, including liquid staking and structured vault strategies designed to serve as foundational components for digital asset portfolios. The protocol focuses on risk reduction, secure on-chain reward generation, and compliance-driven infrastructure. Access to TruFin vaults requires due diligence and KYC/AML onboarding through approved partners, positioning the platform for regulated and institutional participants.",,,,,,,,,,,,,https://crypto-fundraising.info/projects/trufin,,Trading & DeFi,3,0
Kresus,Cesar Vial,Co-founder & CEO,,,Unknown,Feb 2026,$13.00M,"Wallet, Finance/Banking",Hanwha Investment & Securities,kresus.eu,"Kresus is a Web3 mobile application that serves as a comprehensive toolkit for managing digital assets. Users can mint, manage, and store their assets safely and easily, regardless of their level of expertise in the world of cryptocurrencies and NFTs.",,cesar@kresus.eu,verified,cesar@kresus.eu,verified,new,http://www.linkedin.com/in/cesarvial,,,Co-founder & CEO,,,https://crypto-fundraising.info/projects/kresus,13000000,Payments & Stablecoins,3,1
Ubyx,,,,,Unknown,Feb 2026,Undisclosed,"Payments, Stablecoin",AB Xelerate,,"Ubyx is a global clearing and settlement platform designed to make stablecoins function like universal digital cash. It enables banks, fintechs, issuers, and merchants to accept, deposit, and redeem stablecoins at face value across multiple currencies and blockchains through existing financial infrastructures. The protocol uses a shared rulebook and pre-funded settlement accounts to ensure par-value redemption, aligns accounting treatment to cash equivalents (IAS7), and facilitates peer-to-pe...",,,,,,,,,,,,,https://crypto-fundraising.info/projects/ubyx,,Payments & Stablecoins,3,0
MYX Finance,,,,,Strategic,Feb 2026,Undisclosed,"DEX, Derivatives","ConsenSys, Consensys Mesh, Systemic Ventures",myx.finance,"MYX.Finance is a decentralized derivatives exchange (DEX) that transforms the trading landscape with its P2Pool2P (peer-to-pool-to-peer) model and intelligent funding rate mechanism. The platform simplifies liquidity management with a single-pair LP system, empowering traders to focus on strategies. MYX.Finance offers a diverse array of derivatives instruments, including perpetual futures and options, ensuring a comprehensive trading experience.",,,,,,,,,,,,,https://crypto-fundraising.info/projects/myx-finance,,Trading & DeFi,3,1
Cap Labs,,,,,Public sale,Feb 2026,$15.00M,"DeFi, Stablecoin",,,"CAP Labs is a DeFi protocol offering a stablecoin mechanism designed to generate high, sustainable yields. Focused on optimizing capital efficiency, CAP Labs aims to provide decentralized yield options unattainable through traditional finance. The platform combines advanced DeFi strategies to maximize stablecoin profitability and accessibility.",,,,,,,,,,,,,https://crypto-fundraising.info/projects/cap-labs,15000000,Trading & DeFi,3,0
Uniswap,,,,,Unknown,Feb 2026,Undisclosed,"DEX, DeFi",BlackRock,,"Uniswap is a decentralized exchange (DEX) protocol that enables permissionless token swaps and liquidity provision across multiple blockchain networks. Built on Ethereum and expanded to Layer 2s like Arbitrum and Base, Uniswap allows users to trade directly from their wallets without intermediaries. Powered by automated market maker (AMM) smart contracts, it provides deep on-chain liquidity and transparent settlement. With support for multiple pool versions (v2, v3, v4), Uniswap serves as fou...",,,,,,,,,,,,,https://crypto-fundraising.info/projects/uniswap,,Trading & DeFi,3,0
LayerZero (Zero),,,,,Unknown,Feb 2026,Undisclosed,"Bridge/Interoperability, Infrastructure",Tether,,LayerZero is messaging protocol that allows for interoperability and facilitates seamless cross-chain messaging across countless blockchains. It provides the underlying infrastructure needed for decentralized applications (dApps) to live across multiple blockchains. LayerZero is launching its own Layer 1 blockchain called Zero,,,,,,,,,,,,,https://crypto-fundraising.info/projects/layerzero,,Infra & Chains,2,0
OpenMind,,,,,Public sale,Feb 2026,$2.00M,"AI/ML, Infrastructure",,,"OpenMind is building OM1, an open-source, decentralized operating system for intelligent machines. Its FABRIC protocol enables AI-powered robots to verify identity, share context, and coordinate autonomously—functioning like a peer-to-peer GPS, VPN, and handshake layer. Designed to be hardware-agnostic, OM1 supports trust, privacy, and real-time collaboration across diverse robotic systems. By linking “thinking machines” through open and decentralized infrastructure, OpenMind aims to become t...",,,,,,,,,,,,,https://crypto-fundraising.info/projects/openmind,2000000,Infra & Chains,2,0
Zoth,Pritam Dutta,Founder & CEO,,,Strategic,Feb 2026,Undisclosed,"DeFi, Lending/Borrowing, RWA","Taisu Ventures, JLabs Digital, Luca Netz",zoth.io,"Zoth offers a financial ecosystem that bridges the gap between lenders and borrowers by providing access to capital through decentralized finance (DeFi). It focuses on bringing real-world assets on-chain, offering high yield opportunities from emerging markets. The platform supports various financial instruments such as invoice factoring, asset leasing, and tokenized bonds, enhancing liquidity and reducing risk through robust risk mitigation strategies and insurance.",,pritam.dutta@zoth.io,verified,pritam.dutta@zoth.io,verified,new,http://www.linkedin.com/in/pritamdutta,,,Founder & CEO,,,https://crypto-fundraising.info/projects/zoth,,Trading & DeFi,3,1
Anchorage Digital,Nathan McCauley,Co-Founder and CEO,,,Strategic,Feb 2026,$100.00M,"Infrastructure, Finance/Banking",Tether,anchorage.com,Anchorage Digital is a global regulated crypto platform that provides institutions with integrated digital asset financial services and infrastructure solutions.,,nathan.mccauley@anchorlabs.com,verified,nathan.mccauley@anchorlabs.com,verified,new,http://www.linkedin.com/in/nathanmccauley,,https://twitter.com/nathanmccauley,Co-Founder and CEO,,,https://crypto-fundraising.info/projects/anchorage-digital,100000000,Payments & Stablecoins,3,1
Relay Protocol (Reservoir),,,,,Series B,Feb 2026,$17.00M,"NFT, Data/Analytics","Archetype, Union Square Ventures (USV)",,"Reservoir is an open-source developer platform that provides powerful tools and APIs for building next-generation NFT products. It aggregates and normalizes the entire NFT market into a single unified platform, enabling developers to access comprehensive NFT data, create, store, and fill NFT orders, and integrate trading functionalities into their applications. Reservoir supports multi-chain compatibility and aggregated liquidity from major NFT marketplaces, facilitating seamless NFT trading ...",,,,,,,,,,,,,https://crypto-fundraising.info/projects/reservoir,17000000,Consumer/Gaming/Social,0,0
Opinion,,,,,Series A,Feb 2026,$20.00M,"Oracle, Data/Analytics","Hack VC, Jump Crypto, Primitive, Decasonic",insightsopinion.com,"O.LAB offers a decentralized suite of products, including a prediction market, opinion market, and oracle, designed to provide transparent, objective information for global decision-making. The platform emphasizes privacy, security, and accessibility, allowing users to engage in predictive trading and data-driven decisions. With features like privacy-by-default and world-class risk management, O.LAB aims to empower both novice and professional traders in a decentralized ecosystem.",,,,,,,,,,,,,https://crypto-fundraising.info/projects/opinion-labs,20000000,Infra & Chains,2,1
TRM Labs,Esteban Castano,Co-founder & CEO,,,Series C,Feb 2026,$70.00M,"Security, Data/Analytics","Blockchain Capital, CMT Digital, Goldman Sachs, Bessemer Venture Partners, DRW Venture Capital, Y Combinator, Thoma Bravo, Alumni Ventures (AVG), Citi Ventures, Brevan Howard Digital, Galaxy Digital",trmlabs.com,"TRM Labs is a blockchain intelligence company that helps financial institutions, crypto businesses and government agencies detect and investigate crypto-related financial crime and fraud.",,ecastano@trmlabs.com,verified,ecastano@trmlabs.com,verified,new,http://www.linkedin.com/in/ecastano,,,Co-founder & CEO,,,https://crypto-fundraising.info/projects/trm-labs,70000000,Infra & Chains,2,1
Plutus,Danial Daychopan,CEO & Founder,,,Unknown,Feb 2026,$2.30M,"Payments, Wallet",,plutus.it,"Plutus is a crypto-powered payments and rewards platform that lets users spend fiat while earning rewards in digital assets. Built around a non-custodial wallet and Visa debit card, Plutus enables users to earn PLU tokens through everyday purchases, access on-chain rewards, and stake tokens for enhanced benefits. Operating primarily in Europe, Plutus bridges traditional payments and Web3 by combining DeFi-style incentives with familiar card-based spending, giving users ownership and utility o...",,danial@plutus.it,verified,danial@plutus.it,verified,new,http://www.linkedin.com/in/ddhopn,,,CEO & Founder,,AMBIGUOUS (multiple orgs named 'Plutus') -> verify domain plutus.it,https://crypto-fundraising.info/projects/plutus,2300000,Payments & Stablecoins,3,1
Jupiter,Jitendra Gupta,Founder & CEO,,,Strategic,Feb 2026,$35.00M,"DEX, Trading",ParaFi Capital,jupiter.money,"Jupiter is a decentralized exchange (DEX) aggregator built on the Solana blockchain, focusing on providing traders with optimal prices and minimal slippage by aggregating liquidity. Originally designed as a swap engine, Jupiter has expanded its offerings to include various products like Dollar-Cost Averaging (DCA), limit orders, perpetual trading, and a launchpad to cater to different user needs.",,,,,,,http://www.linkedin.com/in/guptajiten,,,Founder & CEO,,,https://crypto-fundraising.info/projects/jupiter,35000000,Trading & DeFi,3,1
Derive (ex Lyra),,,,,Unknown,Feb 2026,Undisclosed,"Derivatives, DeFi",Variant Fund,,"Derive is a decentralized protocol designed to create programmable on-chain options, perpetuals, and structured financial products. Built on Derive L2, an Ethereum rollup on the OP Stack and governed by a DAO, it features modular architecture for flexible upgrades. The protocol uses subaccounts, assets, and managers to ensure efficient trade execution, risk management, and liquidity optimization. With support for perpetual futures, European options, and wrapped ERC20 assets, Derive empowers u...",,,,,,,,,,,,,https://crypto-fundraising.info/projects/derive-ex-lyra,,Trading & DeFi,3,0
Huddle01,,,,,Unknown,Feb 2026,Undisclosed,"Social/Community, Infrastructure",Tandem,,"Huddle01 is a web3 video meeting platform that leverages blockchain technology to provide a fast, cost-effective, and secure communication solution for Web3 Builders, NFT communities & DAOs. Huddle01 is launching its own Video Meeting dApp, Communication Infrastructure, and is building the 1st dRTC (decentralized real-time communication) Network that will eliminate the dependency on centralized servers for real-time video communication.",,,,,,,,,,,,,https://crypto-fundraising.info/projects/huddle01,,Infra & Chains,2,0
Mesh (ex Front Finance),,,,,Series C,Jan 2026,$75.00M,"Bridge/Interoperability, Payments","Dragonfly Capital, Paradigm, Moderne Ventures, Coinbase Ventures, SBI Investment, Liberty City Ventures",,"Global crypto payments network connecting hundreds of exchanges, wallets, and financial services platforms for seamless digital asset transactions. Founded in 2020, Mesh unifies fragmented crypto infrastructure through proprietary SmartFunding technology enabling ""any-to-any"" payments—consumers pay with any asset (Bitcoin, Solana, etc.) while merchants receive instant settlement in their preferred stablecoin or fiat currency. The platform provides interoperability across multiple blockchains ...",,,,,,,,,,,,,https://crypto-fundraising.info/projects/mesh,75000000,Payments & Stablecoins,3,1
Doppler (Whetstone Research),,,,,Seed,Jan 2026,$9.00M,"DeFi, DEX, Infrastructure","Pantera Capital, Variant Fund, Figment Capital, Coinbase Ventures",,"Whetstone Research is a company focused on developing new protocols to advance on-chain markets. Their initial product, Doppler, is a liquidity bootstrapping protocol built on the Uniswap ecosystem, designed to enhance price discovery and liquidity efficiency. Additionally, they have developed Pure Markets, a DeFi front-end application that operates on top of Doppler.",,,,,,,,,,,,,https://crypto-fundraising.info/projects/whetstone-research,9000000,Trading & DeFi,3,1
Talos,Ethan Feldman,Co-Founder & CTO,,,Series B,Jan 2026,$45.00M,"Trading, Infrastructure","Robinhood, Sony Innovation Fund, IMC, QCP Capital, Karatage, Andreessen Horowitz (a16z crypto), BNY, Fidelity Management and Research Company",talos.com,"Institutional-grade digital asset trading infrastructure platform supporting full trade lifecycle from price discovery to settlement. Provides end-to-end technology connecting institutions to 60+ exchanges, OTC desks, custodians, and market makers through single interface. Features advanced algorithmic execution, smart order routing, portfolio management, risk management, treasury and settlement, white-label solutions, and DeFi integration. Acquired Coin Metrics (data), Cloudwall Capital (por...",,ethan@talos.com,verified,ethan@talos.com,verified,new,http://www.linkedin.com/in/ethanfeldman,,,Co-Founder & CTO,,AMBIGUOUS (multiple orgs named 'Talos') -> verify domain talos.com,https://crypto-fundraising.info/projects/talos,45000000,Trading & DeFi,3,1
Xangle,,,,,Unknown,Jan 2026,$6.90M,Data/Analytics,Hanwha,,blockchain-based digital asset data platform,,,,,,,,,,,,,https://crypto-fundraising.info/projects/xangle,6900000,Other,0,0
Startale Labs,,,,,Series A,Jan 2026,$13.00M,Infrastructure,Sony Innovation Fund,,"Startale Labs is an advanced Web3 technology company that specializes in developing multi-chain applications and infrastructure, conducting research and development, and providing incubation programs for Web3 startups. They are known for their products such as Astar Network, a popular smart contract platform in Japan, and Swanky Suite, a comprehensive tool for WebAssembly smart contract developers.",,,,,,,,,,,,,https://crypto-fundraising.info/projects/startale-labs,13000000,Infra & Chains,2,1
Humanity Protocol,,,,,Unknown,Jan 2026,Undisclosed,"Layer 2, Identity/Privacy",Hex Trust,,"Humanity Protocol is a human-centric zkEVM Layer-2 blockchain pioneering the world's first sybil-resistant network of blockchains, aiming to onboard the first billion humans to Web3. Its mission is to develop Proof of Humanity, offering developers distinctive human authentication mechanisms and empowering users with full control over their data and identity, serving as the human layer for the next generation of the internet.",,,,,,,,,,,,,https://crypto-fundraising.info/projects/humanity-protocol,,Infra & Chains,2,0
Zama,,,,,Public sale,Jan 2026,$44.00M,"Security, AI/ML",,,"Zama is an open-source cryptography company, specializes in state-of-the-art Fully Homomorphic Encryption (FHE) solutions for blockchain and AI. Their user-friendly FHE libraries empower developers, from individuals to enterprises, to easily integrate end-to-end encryption without deep cryptography knowledge. Zama's performance focus has led to a 20x speed improvement in their FHE scheme, with plans for a 100x boost, enabling critical use cases in confidential blockchain and AI, and anticipat...",,,,,,,,,,,,,https://crypto-fundraising.info/projects/zama,44000000,Infra & Chains,2,0
Sentient,,,,,Unknown,Jan 2026,Undisclosed,AI/ML,Franklin Templeton,,"Sentient is an AI research organization fostering an Open AGI Economy for AI builders and creators. It develops platforms and protocols enabling open-source AI developers to monetize their innovations, collaborate on powerful AI projects, and become significant stakeholders in a decentralized AI ecosystem. Sentient addresses the limitations of closed-source AI by promoting open, monetizable, and community-aligned AI models through blockchain protocols and incentive mechanisms.",,,,,,,,,,,,,https://crypto-fundraising.info/projects/sentient,,Other,0,0
BitGo,,,,,IPO,Jan 2026,$212.80M,"Security, Wallet",,,"BitGo is a digital asset security company trusted by some of the largest institutions in the world, specializing in safeguarding cryptocurrency for institutional clients. Their comprehensive solutions, including custody services and cybersecurity measures, cater to the needs of institutions like banks, hedge funds, and exchanges.",,,,,,,,,,,,,https://crypto-fundraising.info/projects/bitgo,212800000,Infra & Chains,2,0
Cork Protocol,Robert Schmitt,Founder,,,Seed,Jan 2026,$5.50M,"DeFi, Derivatives","Road Capital, a16z Crypto Startup Accelerator (CSX), IDEO CoLab Ventures, WAGMI Ventures, BitGo Ventures, Hyperithm, Depo Ventures, Cooley LLP, FunFair Ventures, Stake Capital, Gate Labs, PEER Venture Partners, G20 Group, 432 Ventures",cork.tech,"Cork Protocol introduces a new DeFi primitive called Depeg Swap, which allows participants to trade the risk associated with pegged assets, similar to a Credit Default Swap in traditional finance. It provides a mechanism for managing liquidity and credit risk in on-chain credit markets, helping to stabilize DeFi and reduce volatility. Cork aims to create foundational risk management infrastructure, enabling more capital flow and mitigating risks in on-chain credit markets.",,rob@cork.tech,verified,rob@cork.tech,verified,new,http://www.linkedin.com/in/robert-schmitt-425822126,,,Founder,,,https://crypto-fundraising.info/projects/cork-protocol,5500000,Trading & DeFi,3,1
Akedo,,,,,Seed,Jan 2026,$5.00M,"GameFi, AI/ML","Karatage, Sfermion, Collab+Currency, MARBLEX Corp, Seed Club, The Open Platform (TOP), TON Ventures, Gagra Ventures, Kenetic, Metalabs Ventures",,"AKEDO is an AI-native content creation engine and launchpad powered by coordinated multi-agent systems. It enables creators, studios, and communities to rapidly build games, generate AIGC content, and launch tokenized collections with one-click workflows. By leveraging multi-agent “vibe-coding,” AKEDO delivers up to 100× efficiency gains over traditional LLM-based creation, unlocking scalable monetization across games, content, and tokens. The platform forms the foundation of a creator-driven...",,,,,,,,,,,,,https://crypto-fundraising.info/projects/akedo,5000000,Other,0,0
River (ex Satoshi Protocol),,,,,Strategic,Jan 2026,$12.00M,"Stablecoin, Bridge/Interoperability","Tron Foundation, Justin Sun, Maelstrom, The Spartan Group",,"River is building a chain-abstraction stablecoin system that unifies assets, liquidity, and yield across multiple blockchains. Powered by its omni-chain CDP-based stablecoin, satUSD, users can collateralize assets on one chain and mint on another—unlocking native earning, leveraging, and scaling capabilities. River also offers full-reserve Bitcoin services, including custody, instant transfers, and zero-fee recurring purchases. With a focus on transparency, security, and cross-chain operabili...",,,,,,,,,,,,,https://crypto-fundraising.info/projects/satoshi-protocol,12000000,Payments & Stablecoins,3,1
Superstate,Anton Tsenov,Co-Founder & CEO,,,Series B,Jan 2026,$82.50M,"RWA, Finance/Banking","Bain Capital Crypto, Distributed Global, HAUN Ventures, Brevan Howard Digital, Galaxy Digital, Sentinel Global, Bullish, Hypersphere, Flowdesk",superstate.com,"Superstate is an asset management firm that utilizes blockchain technology to modernize investing through tokenized financial products. The company's approach aims to make investment products more efficient, transparent, and accessible, offering investors a seamless and secure experience. Superstate has submitted an Ethereum-based open mutual fund, the Superstate Short‑Term Government Bond Fund, to the U.S. Securities and Exchange Commission.",,,,,,,http://www.linkedin.com/in/antontsenov,,,Co-Founder & CEO,,AMBIGUOUS (multiple orgs named 'Superstate') -> verify domain superstate.com,https://crypto-fundraising.info/projects/superstate,82500000,Payments & Stablecoins,3,1
Immunefi,,,,,Public sale,Jan 2026,$2.50M,Security,,,Immunefi is a bug bounty security services platform that focuses on bug bounty and security services for Web3 projects.,,,,,,,,,,,,,https://crypto-fundraising.info/projects/immunefi,2500000,Infra & Chains,2,0
Fogo,,,,,Unknown,Jan 2026,Undisclosed,Layer 1,"GSR Markets LTD, Selini Capital",,"Fogo is a high-performance Layer 1 blockchain designed to deliver real-time experiences at scale. By utilizing the Firedancer client in its purest form, Fogo aims to push the boundaries of performance, finance, and physics. The platform focuses on innovative architectural and consensus design choices to minimize latency and increase bandwidth, enabling institutional-grade finance on-chain by combining traditional financial performance with decentralized infrastructure. Fogo’s development time...",,,,,,,,,,,,,https://crypto-fundraising.info/projects/fogo,,Infra & Chains,2,0
Finst,Julien Vallet,CEO & Co-founder,,,Series A,Jan 2026,$9.40M,CEX,Endeit Capital,finst.com,"Finst is a Netherlands-based cryptocurrency exchange platform built by the former core team of DEGIRO and registered as a Crypto Service Provider with the Dutch Central Bank. It aims to create a level-playing field for all crypto investors by offering a unique combination of safety, transparency and the lowest fees.",,jvallet@finst.com,verified,jvallet@finst.com,verified,new,http://www.linkedin.com/in/valletjulien,,,CEO & Co-founder,,,https://crypto-fundraising.info/projects/finst,9400000,Payments & Stablecoins,3,1
CheckSig,Paolo Mazzocchi,Co-founder and Operating Officer,,,Series A,Jan 2026,$4.10M,"Finance/Banking, Security",,checksig.com,"CheckSig is an institutional-grade digital asset custody and trading platform based in Italy. It provides secure storage, execution, and management of cryptocurrencies for financial institutions, family offices, and high-net-worth individuals. Built with advanced cryptography, multisignature security, and insurance coverage, CheckSig ensures compliance with European regulations while offering personalized support for Bitcoin and digital asset investments.",,paolo@checksig.com,verified,paolo@checksig.com,verified,new,http://www.linkedin.com/in/paolomazzocchi,,,Co-founder and Operating Officer,,,https://crypto-fundraising.info/projects/checksig,4099999,Payments & Stablecoins,3,1
Neuramint,,,,,Seed,Jan 2026,$5.00M,"AI/ML, Infrastructure","Maelstrom, Borderless Capital, Selini Capital, Symbolic Capital (ex Hyperedge Capital), Lattice Fund, Node Capital",neuramint.ai,"NeuraMint is a Web3-native AI agent and tokenization platform that enables developers to automate, manage, and monetize complex blockchain operations using autonomous AI agents. Through its intelligent development framework, NeuraMint allows AI models, agents, and data outputs to be deployed on-chain as programmable, tokenized assets. These assets support ownership, revenue sharing, and composability across DeFi and Web3 applications.",,,,,,,,,,,,,https://crypto-fundraising.info/projects/neuramint,5000000,Infra & Chains,2,1
"City Protocol (Cooking City, ex MagicSeven Co., Ltd.)",,,,,Unknown,Jan 2026,Undisclosed,"RWA, Infrastructure",071labs (Zero Seven One Labs),,"City Protocol is a decentralized infrastructure for IP attention and capital markets, bringing real-world intellectual property on-chain. It enables creators and communities to fund, scale, and trade cultural assets as liquid, investable units through programmable financing, RWAs, and AI-driven distribution—keeping value accrual transparent and community-owned.",,,,,,,,,,,,,https://crypto-fundraising.info/projects/cooking-city-magicseven-co-ltd,,RWA & Tokenization,3,0
Saturn Labs (USDat),,,,,Angel,Jan 2026,$800K,"Stablecoin, RWA","YZi Labs (ex Binance Labs), Sora Ventures, DeFiDad, Nomatic, Luca Netz",,"Saturn Labs is developing a yield-bearing stablecoin backed by MicroStrategy’s STRC—an institutional-grade Bitcoin credit instrument. Designed to deliver 10%+ real yield, Saturn integrates decentralized asset treasuries (DATs), stablecoins, and real-world assets (RWAs) into a transparent, scalable reserve model. The protocol is built for onchain-native, sustainable yield generation, leveraging institutional credibility and crypto-native composability.",,,,,,,,,,,,,https://crypto-fundraising.info/projects/saturn-labs-usdat,800000,Payments & Stablecoins,3,1
Alpaca,Yoshi Yokokawa,Co Founder & CEO,,,Series D,Jan 2026,$150.00M,"Trading, Finance/Banking","Drive Capital, Citadel Securities, Opera Tech Ventures, MUFG Innovation Partners, Flat Capital, DRW Venture Capital, Kraken, Altered Capital, X&KSK Fund, Bank Muscat, Endeavor Catalyst, Portage Ventures, Horizons Ventures, Social Leverage, Unbound, Diagram Ventures, Derayah Financial",alpaca.markets,"Alpaca is an API platform offering commission-free trading for stocks, options, and cryptocurrencies. It provides a suite of APIs—including Trading API, Broker API, and Market Data API—designed for fintech startups, algorithmic traders, and financial institutions to build and scale trading applications. Alpaca supports over 20 cryptocurrencies across 56 trading pairs, available 24/7, with secure custody solutions and real-time market data. Its infrastructure emphasizes low-latency order proce...",,yoshi@alpaca.markets,verified,yoshi@alpaca.markets,verified,new,http://www.linkedin.com/in/yoshiyokokawa,,,Co Founder & CEO,,AMBIGUOUS (multiple orgs named 'Alpaca') -> verify domain alpaca.markets,https://crypto-fundraising.info/projects/alpaca,150000000,Trading & DeFi,3,1
Genius (Shuttle Labs),,,,,Unknown,Jan 2026,Undisclosed,"DEX, Trading",YZi Labs (ex Binance Labs),,"Genius, developed by Shuttle Labs, is a non-custodial crypto trading platform focused on decentralization and user control. It addresses issues linked to centralized failures like FTX by ensuring users maintain control of their private keys, removing third-party risks. Genius supports a wide range of cryptocurrencies without requiring KYC, streamlining trading by eliminating bridging and gas fees for an accessible experience.",,,,,,,,,,,,,https://crypto-fundraising.info/projects/shuttle-labs-genius,,Trading & DeFi,3,0
XMAQUINA,Mauricio Zolliker,Founding Member,,,Unknown,Jan 2026,$10.00M,"DePIN, RWA","Borderless Capital, Moonrock Capital, MH Ventures, Generative Ventures, Fundamental Labs, Waterdrip Capital, vVv dotnet, Clairvoyant Labs, Signal Ventures, Wise3 Ventures, Mulana Capital, EoT Ventures, CoinIX Capital, Advanced Blockchain AG",xmaquina.io,"XMAQUINA is a DePIN platform for tokenized autonomous robots, allowing people to share in the revenues from smart machines. It enables businesses to tokenize real-world assets, turning intelligent machines into public investment opportunities to scale robotics ventures. This approach enhances liquidity, stakeholder engagement, and market leadership while ensuring transparency through on-chain mechanisms.",,mauricio@xmaquina.io,verified,mauricio@xmaquina.io,verified,new,http://www.linkedin.com/in/mauricio-z-08a331ab,,,Founding Member,,,https://crypto-fundraising.info/projects/xmaquina,10000000,RWA & Tokenization,3,1
Upexi,,,,,Unknown,Jan 2026,$36.00M,Other,Hivemind,,"Upexi is a diversified consumer brand owner and eCommerce operator focused on acquiring and scaling Amazon-based businesses. Specializing in health, wellness, pet care, and nutraceuticals, it integrates consumer data and proprietary ad tech to reduce customer acquisition costs. Upexi has entered the cryptocurrency space by building a Solana-based treasury and expanding into Bitcoin mining through subsidiaries like ChainbitMiner and Quantum Hash, aiming to generate passive income and asset gro...",,,,,,,,,,,,,https://crypto-fundraising.info/projects/upexi,36000000,Other,0,0
Naoris Protocol,,,,,Unknown,Jan 2026,Undisclosed,"Security, Infrastructure",Mova,,"Naoris Protocol is a decentralized cybersecurity mesh that transforms every connected device into a validator node, enhancing network security as it scales. Utilizing post-quantum cryptography, a custom Decentralized Proof of Security (dPoSec) consensus mechanism, and decentralized SWARM AI, it provides real-time threat detection and continuous verification across digital infrastructures. This approach ensures robust protection for both Web2 and Web3 systems, fostering a trustless environment...",,,,,,,,,,,,,https://crypto-fundraising.info/projects/naoris-protocol,,Infra & Chains,2,0
Rain,Joseph Dallago,Co-founder and CEO,,,Series C,Jan 2026,$250.00M,"Payments, DAO","ICONIQ Capital, Sapphire Ventures, Dragonfly Capital, Bessemer Venture Partners, Galaxy Digital, FirstMark, Lightspeed, Norwest Venture Partners, Endeavor Catalyst",rain.com,"Rain is a blockchain-based card issuing and stablecoin interoperability platform designed for Web3 teams, DAOs, and protocols. As Web3’s corporate business card, Rain enables seamless digital asset payments and expense management by allowing platforms to issue customizable, globally accepted payment cards. It streamlines financial operations and empowers next-gen decentralized organizations with modern fintech tools.",,joseph@rain.com,verified,joseph@rain.com,verified,new,http://www.linkedin.com/in/dallago,,,Co-founder and CEO,,AMBIGUOUS (multiple orgs named 'Rain') -> verify domain rain.com,https://crypto-fundraising.info/projects/raincards,250000000,Payments & Stablecoins,3,1
Ubyx,,,,,Unknown,Jan 2026,Undisclosed,"Payments, Settlement",Barclays,,"Ubyx is a global clearing and settlement platform designed to make stablecoins function like universal digital cash. It enables banks, fintechs, issuers, and merchants to accept, deposit, and redeem stablecoins at face value across multiple currencies and blockchains through existing financial infrastructures. The protocol uses a shared rulebook and pre-funded settlement accounts to ensure par-value redemption, aligns accounting treatment to cash equivalents (IAS7), and facilitates peer-to-pe...",,,,,,,,,,,,,https://crypto-fundraising.info/projects/ubyx,,Payments & Stablecoins,3,0
Babylon,Ali Ghassan,Chief Executive Officer,,,Unknown,Jan 2026,$15.00M,"Infrastructure, DeFi",Andreessen Horowitz (a16z crypto),babylonradio.com,"Babylon is a Bitcoin staking infrastructure project pioneering a Bitcoin staking protocol to enhance the security of Proof of Stake (PoS) networks and decentralized applications (DApps). This innovative protocol enables Bitcoin holders to stake their assets, earning rewards and reinforcing the security of PoS chains and DApps.",,,,,,,http://www.linkedin.com/in/ali-ghassan-3a0426152,,,Chief Executive Officer,,AMBIGUOUS (multiple orgs named 'Babylon') -> verify domain babylonradio.com,https://crypto-fundraising.info/projects/babylon,15000000,Trading & DeFi,3,1
HashKey Group,Anna Liu,HashKey Tokenisation CEO,,,Unknown,Dec 2025,$250.00M,"CEX, Infrastructure",,hashkey.com,"HashKey Group operates the Hong Kong-based crypto exchange. Its core businesses also include HashKey Capital, a global asset manager investing exclusively in blockchain technology and digital assets; HashKey Cloud, a world-leading blockchain node validation service provider; HashKey Tokenisation, tokenisation services provider; and HashKey NFT, Web3 PFP incubation and community operation service provider, among others.",,annaliu@hashkey.com,verified,annaliu@hashkey.com,verified,new,http://www.linkedin.com/in/anna-liu-aa793830,,,HashKey Tokenisation CEO,,,https://crypto-fundraising.info/projects/hashkey-group,250000000,Payments & Stablecoins,3,1
Octra,,,,,Public sale,Dec 2025,$20.00M,"Infrastructure, Security",,,"Octra is a blockchain network focused on Fully Homomorphic Encryption (FHE), offering cryptographic tools for secure mathematical operations in isolated execution environments. The platform supports smart contracts developed in OCaml, AST, ReasonML, and C++, and provides open-source libraries like Hypergraph for broader compatibility. Octra uses an extended version of IrminDB to manage data with validators.",,,,,,,,,,,,,https://crypto-fundraising.info/projects/octra,20000000,Infra & Chains,2,0
Architect,Alex Cho,Chief Executive Officer,,,Series A,Dec 2025,$35.00M,"Infrastructure, Trading","Miami International Holdings (MIAX), Tioga Capital Partners, Galaxy Digital, ARK Invest, VanEck, Coinbase Ventures, Strobe Ventures (ex BlockTower Capital), CMT Digital, Third Kind Venture Capital (3kvc), Auros Global",,"Architect is a financial technology firm specializing in high-throughput, low-latency infrastructure for both traditional and tokenized assets. With expertise across diverse assets, decades of industry experience, and a focus on future-proof solutions, Architect empowers exchanges, trading firms, hedge funds, and professional investors to navigate the evolving landscape of digital asset markets.",,alex.cho@architect-us.com,extrapolated,alex.cho@architect-us.com,extrapolated,new,http://www.linkedin.com/in/alex-cho-b981b21a5,,,Chief Executive Officer,,,https://crypto-fundraising.info/projects/architect,35000000,Trading & DeFi,3,1
RedotPay,Michael Gao,Co-Founder & CEO,,,Series B,Dec 2025,$107.00M,"Payments, Stablecoin","Goodwater Capital, Pantera Capital, Blockchain Capital, Circle Ventures, HongShan (ex Sequoia China)",redotpay.com,"RedotPay is a Hong Kong-based stablecoin payment fintech enabling global crypto-to-fiat transactions through cards, wallets, and payout infrastructure. Founded in 2023 by Michael Gao and Jonathan Chan, the platform serves over six million users across 100+ markets, processing $10 billion in annualized payment volume while generating $150 million in annual revenue profitably. RedotPay bridges traditional finance and digital assets through stablecoin-based cards for global spending, payout rail...",,michael@redotpay.com,verified,michael@redotpay.com,verified,new,http://www.linkedin.com/in/michael-gao-652160191,,,Co-Founder & CEO,,AMBIGUOUS (multiple orgs named 'RedotPay') -> verify domain redotpay.com,https://crypto-fundraising.info/projects/redotpay,107000000,Payments & Stablecoins,3,1
Space,Sean Duffy,Chief Executive Officer,,,Seed,Dec 2025,$3.00M,"Derivatives, Trading","Morningstar Ventures, Arctic Digital, Echo, CURATED, Impossible Finance",nasa.gov,"Space is a leveraged prediction market platform built on Solana, designed to reward users for accurate insights while enabling efficient capital flow through competitive forecasting. By combining high-performance Solana infrastructure with leverage-enabled prediction markets, Space allows participants to take positions on future events with amplified exposure. The platform aligns incentives through transparent on-chain mechanics, deep liquidity, and gamified competition, creating a dynamic en...",,sean.p.duffy@nasa.gov,verified,sean.p.duffy@nasa.gov,verified,new,http://www.linkedin.com/in/duffysd,,,Chief Executive Officer,,,https://crypto-fundraising.info/projects/space-2,3000000,Trading & DeFi,3,1
Football Fun,,,,,Public sale,Dec 2025,$3.00M,"GameFi, NFT",,,"Football.Fun is a Web3 fantasy football platform where player cards are traded like memecoins. Users build squads by opening player packs, compete in tournaments, and trade player shares via a dynamic AMM-based market. The platform includes free-to-play access, invite-only beta, and an airdrop for early participants.",,,,,,,,,,,,,https://crypto-fundraising.info/projects/football-fun,3000000,Consumer/Gaming/Social,0,0
Fuse (Project Zero),,,,,Series B,Dec 2025,$70.00M,"DePIN, RWA","Lowercarbon Capital, Balderton Capital",,"Fuse is a decentralized renewable energy network offering distributed energy resource (DER) installation, power trading, and power retail services. Through its subsidiary, Fuse Energy, it operates as a vertically integrated electricity retailer. Fuse is also pioneering Project Zero, a decentralized physical infrastructure network focused on renewable energy. The goal is to empower communities and individuals to generate, trade, and manage energy in a sustainable and decentralized way, promoti...",,,,,,,,,,,,,https://crypto-fundraising.info/projects/fuse,70000000,RWA & Tokenization,3,1
Rainbow,,,,,Public sale,Dec 2025,$3.00M,"Wallet, Bridge/Interoperability",,,"Rainbow is a non‑custodial Ethereum wallet that makes managing crypto, NFTs, and DeFi simple and secure. Users can send, swap, bridge tokens, view Layer‑2 assets, and watch collections across supported networks—all while maintaining control of their own private keys. It supports ENS profiles, hardware wallet integration, custom RPCs, and built‑in protections like Flashbots to mitigate front‑running. Designed for both beginners and power users, Rainbow combines a clean user interface, cross‑ch...",,,,,,,,,,,,,https://crypto-fundraising.info/projects/rainbow,3000000,Infra & Chains,2,0
DAWN (Andrena),,,,,Series B,Dec 2025,$13.00M,"DePIN, Infrastructure","Polychain Capital, Archetype",,"Andrena is a decentralized wireless internet provider aiming to revolutionize broadband access through blockchain technology. By leveraging the Solana blockchain, Andrena provides a cost-effective and efficient solution for delivering high-speed internet to underserved and remote areas. The platform employs a decentralized infrastructure where users can contribute bandwidth and earn rewards, ensuring wider internet coverage and reliability.",,,,,,,,,,,,,https://crypto-fundraising.info/projects/andrena,13000000,Infra & Chains,2,1
METYA,,,,,Strategic,Dec 2025,$50.00M,"Social/Community, AI/ML","Century United Holdings Group, Castrum Capital, Alpha Capital, M2M Capital, Vertex Capital",,"Metya is an AI-driven Web3 dating platform that integrates social interaction with token economies, enabling users to connect globally while earning economic benefits through their engagement. With over 8.5 million active users from more than 100 countries, Metya offers features such as real-time communication, content creation, and data sharing, all supported by a decentralized social infrastructure. The platform utilizes NFTs as digital assets representing expressions of goodwill and camara...",,,,,,,,,,,,,https://crypto-fundraising.info/projects/metya,50000000,Consumer/Gaming/Social,0,0
YO Protocol (YO Labs),,,,,Series A,Dec 2025,$10.00M,"DeFi, AI/ML","Foundation Capital, Coinbase Ventures, Scribble Ventures, Launchpad VC",,"YO Protocol is a cross-chain yield optimization platform that automates crypto yield generation by intelligently rebalancing capital across multiple DeFi protocols and blockchains. The protocol calculates risk-adjusted yields, analyzes thousands of risk vectors including protocol age, audit history, and default probability. YO employs a unique multi-chain architecture using isolated ""embassy"" vaults on each blockchain to minimize bridge risks. Its vaults (yoETH, yoUSD, yoBTC, yoEUR, yoGOLD) d...",,,,,,,,,,,,,https://crypto-fundraising.info/projects/yield-protocol,10000000,Trading & DeFi,3,1
LI.FI,Berkant Rodeski,"Co-founder, CTO & Product Manager",,,Series A,Dec 2025,$29.00M,"Bridge/Interoperability, DEX","Multicoin Capital, CoinFund",li.fi,"LI.FI is a cross‑chain liquidity aggregation protocol that connects developers and users to bridges, DEXs, and decentralized liquidity sources through a single API, SDK, or widget. It enables optimized any‑to‑any swaps and asset transfers across 30+ blockchains by smartly routing trades and bridges to find the best price, lowest cost, and most secure path. LI.FI abstracts away the complexity of individual bridges and DEXs, letting applications offer seamless cross‑chain swaps and transfers wi...",,,,,,,http://www.linkedin.com/in/berkant-rodeski-7a5416379,,,"Co-founder, CTO & Product Manager",,AMBIGUOUS (multiple orgs named 'LI.FI') -> verify domain li.fi,https://crypto-fundraising.info/projects/li-fi,29000000,Trading & DeFi,3,1
Superform Labs,,,,,Public sale,Dec 2025,$3.00M,"DeFi, Lending/Borrowing",,,"Superform is a permissionless cross-chain yield marketplace designed for DeFi protocols, allowing them to list their vaults or asset pools. Users can deposit funds into these vaults and earn yield, with Superform simplifying the process by abstracting away swapping and bridging, offering a single interface for yield management.",,,,,,,,,,,,,https://crypto-fundraising.info/projects/superform-labs,3000000,Trading & DeFi,3,0
Portal,,,,,Unknown,Dec 2025,$25.00M,"DEX, Bridge/Interoperability, Layer 2",JTSA Global,portalvagas.com,"Portal is a Bitcoin-based decentralized exchange (DEX) and wallet, offering Layer 2 atomic swaps for cryptocurrencies across blockchains. With a focus on trust minimization and security, Portal eliminates the need for wrapped tokens or intermediaries for staking, providing users with a fully non-custodial experience for cross-chain transactions.",,,,,,,,,,,,,https://crypto-fundraising.info/projects/portal,25000000,Trading & DeFi,3,1
Ostium Labs,,,,,Series A,Dec 2025,$20.00M,"Derivatives, RWA, Trading","General Catalyst, Jump Trading, Coinbase Ventures, Wintermute Ventures, GSR Markets LTD",,"Ostium Labs is a company behind Ostium, a decentralized perpetuals exchange for real-world assets, such as commodities and forex, enabling transparent and efficient trading directly on the blockchain. It offers sub-second price feed updates and aims to make commodity and forex trading more accessible and transparent. Ostium, a decentralized exchange founded by two Harvard graduates. Ostium lets users bet on real-world assets like stocks, metals, oil, and some cryptocurrencies. Traders can tak...",,,,,,,,,,,,,https://crypto-fundraising.info/projects/ostium-labs,20000000,Trading & DeFi,3,1
Fin (ex TipLink),,,,,Unknown,Dec 2025,$17.00M,"Payments, Stablecoin","Pantera Capital, Sequoia Capital, Samsung Next, Mert, Zach Abrams",,"Fin is a stablecoin-based, enterprise-grade payment platform enabling instant large-value transfers across businesses and financial institutions. Formerly known as TipLink, Fin provides infrastructure for high-volume money movement, allowing users to send millions of dollars seamlessly to other Fin accounts, bank accounts, or crypto addresses. By combining stablecoin rails with compliant payment workflows, Fin targets corporate and institutional use cases that require fast, low-cost, cross-bo...",,,,,,,,,,,,,https://crypto-fundraising.info/projects/tiplink,17000000,Payments & Stablecoins,3,1
Reya Network,,,,,Public sale,Dec 2025,$3.00M,"Layer 2, DeFi, Trading",,,"Reya Network — the world’s first trading-optimised modular L2. The network design creates the deepest liquidity, best capital efficiency and highest performance for DeFi traders and liquidity providers.",,,,,,,,,,,,,https://crypto-fundraising.info/projects/reya-network,3000000,Trading & DeFi,3,0
Predict,,,,,Unknown,Dec 2025,Undisclosed,"Social/Community, Trading",YZi Labs (ex Binance Labs),,"Predict is an on-chain prediction and social gaming platform built to make forecasting fun, accessible, and community-driven. Users can predict outcomes across sports, crypto, culture, and real-world events while earning rewards for accuracy. The platform introduces gamified mechanics, leaderboards, social competitions, and token-based incentives, enabling players to challenge friends, join communities, and climb ranking tiers.",,,,,,,,,,,,,https://crypto-fundraising.info/projects/predict,,Trading & DeFi,3,0
XMAQUINA,,,,,Unknown,Dec 2025,Undisclosed,"DePIN, RWA","Borderless Capital, Waterdrip Capital, vVv dotnet, Clairvoyant Labs",,"XMAQUINA is a DePIN platform for tokenized autonomous robots, allowing people to share in the revenues from smart machines. It enables businesses to tokenize real-world assets, turning intelligent machines into public investment opportunities to scale robotics ventures. This approach enhances liquidity, stakeholder engagement, and market leadership while ensuring transparency through on-chain mechanisms.",,,,,,,,,,,,,https://crypto-fundraising.info/projects/xmaquina,,RWA & Tokenization,3,0
Harmonix Finance,,,,,Public sale,Dec 2025,$600K,"DeFi, Derivatives",,,"Harmonix Finance is a DeFi platform bringing hedge fund strategies on-chain through automated vaults and smart derivatives pools. It offers delta-neutral, options-based, and restaking strategies to maximize yield and minimize risk, making advanced TradFi tools accessible to all.",,,,,,,,,,,,,https://crypto-fundraising.info/projects/harmonix-finance,600000,Trading & DeFi,3,0
OpenEden,Jeremy Ng,CEO,,,Strategic,Dec 2025,Undisclosed,"RWA, Finance/Banking","Ripple, Lightspeed Faction, Gate Ventures, FalconX, Anchorage Digital, Flowdesk, Kaia Foundation, P2 Ventures (Polygon Ventures), Selini Capital, Sigma Capital",openeden.com,"OpenEden offers on-chain access to tokenized US Treasury securities, providing a low-risk, highly liquid solution for Web3 CFOs, DAO treasury managers, and institutional investors. As the largest issuer of tokenized US Treasuries in Asia and Europe, OpenEden’s $TBILL tokens are fully backed by a BVI-registered fund. The platform integrates real-world assets into DeFi, aiming to make these assets accessible and drive economic inclusivity.",,jeremy.ng@openeden.com,verified,jeremy.ng@openeden.com,verified,new,http://www.linkedin.com/in/jeremy-ng-openeden,,,CEO,,,https://crypto-fundraising.info/projects/openeden,,Payments & Stablecoins,3,1
Ranger,,,,,Public sale,Dec 2025,$6.00M,"Derivatives, Trading, Aggregator",,,"Ranger Finance is the first Solana-based perpetuals aggregator, offering deep aggregated liquidity, smart order routing, and comprehensive data insights for traders. It unifies fragmented markets, providing a seamless trading experience across perpetual futures, spot, and spot margin trading within the Solana ecosystem.",,,,,,,,,,,,,https://crypto-fundraising.info/projects/ranger,6000000,Trading & DeFi,3,0
SpaceComputer,Daniel Bar,CEO and Co-Founder,,,Seed,Nov 2025,$10.00M,"Compute, Security, Infrastructure","Maven 11 Capital, Lattice Fund, Superscrypt, Ethereal Ventures, Arbitrum Foundation, Starship Ventures, Nascent, Hash3, Blockchain Builders Fund (BBF), Amber Group, CMS Holdings, Bitscale Capital, Hashkey Capital, Offchain Labs, Bodhi Ventures, Chorus One, ImToken Ventures, Moonrock Capital, Wise3 Ventures, Encode Club, Marc Weinstein, Jason Yanowitz, Not3Lau Capital, Will Price, Ameen Soleimani, Batuhan Dasgin",spacecomputer.io,"SpaceComputer is a tamper-proof, orbital computing infrastructure that integrates advanced cryptographic technologies—including zero-knowledge proofs (ZK), multi-party computation (MPC), and fully homomorphic encryption (FHE)—to establish a decentralized “Orbital Root of Trust.” By deploying secure computing nodes in space, the platform aims to transcend terrestrial limitations, offering enhanced security and resilience for blockchain applications. SpaceComputer’s architecture supports high-p...",,daniel@spacecomputer.io,verified,daniel@spacecomputer.io,verified,new,http://www.linkedin.com/in/dtbar,,,CEO and Co-Founder,,,https://crypto-fundraising.info/projects/spacecomputer,10000000,Infra & Chains,2,1
Abrakadabra Games,,,,,Unknown,Nov 2025,$500K,Other,,,,,,,,,,,,,,,,https://crypto-fundraising.info/projects/abrakadabra-games,500000,Other,0,0
Alchemy,,,,,Unknown,Nov 2025,Undisclosed,"Infrastructure, Data/Analytics",C1 Fund (CFND),,"Alchemy is a leading Web3 developer platform that provides the infrastructure, APIs, and tools needed to build scalable blockchain applications. Often compared to “AWS for blockchain,” Alchemy offers reliable node services, enhanced APIs, webhooks, indexing, account abstraction tooling, and analytics across major chains like Ethereum, Polygon, Arbitrum, Optimism, Solana, and more. Its platform powers millions of users and supports top projects in DeFi, NFTs, wallets, and enterprise Web3 appli...",,,,,,,,,,,,,https://crypto-fundraising.info/projects/alchemy,,Infra & Chains,2,0
Figure,Brian Howell,Founder/CEO,,,Unknown,Nov 2025,$25.00M,"Finance/Banking, RWA, Payments",Ondo Finance,figure.ai,"Figure is a blockchain technology startup that offers loan origination, equity management, and payments services using the Provenance Blockchain. It is considered a unicorn company globally and aims to transform the financial services industry by bringing speed, efficiency, and savings to both consumers and institutions.",,,,,,,http://www.linkedin.com/in/brian-howell-a97498113,,,Founder/CEO,,AMBIGUOUS (multiple orgs named 'Figure') -> verify domain figure.ai,https://crypto-fundraising.info/projects/figure,25000000,Payments & Stablecoins,3,1
Revolut,,,,,Unknown,Nov 2025,Undisclosed,"Payments, Finance/Banking, CEX","Coatue, Greenoaks Capital, Dragoneer Investment Group, Fidelity Management and Research Company, Andreessen Horowitz (a16z crypto), Franklin Templeton, NVentures: NVIDIA Venture Capital, T. Rowe Price",,"Revolut is a global financial super-app offering digital banking, payments, foreign exchange, crypto trading, cards, and wealth management. Available in 200+ countries, it allows users to send and receive money instantly, hold multi-currency accounts, invest in stocks and crypto, and manage their finances from a single app. With features like budgeting tools, virtual cards, merchant payments, and international transfers at competitive rates, Revolut bridges traditional finance with modern dig...",,,,,,,,,,,,,https://crypto-fundraising.info/projects/revolut,,Payments & Stablecoins,3,0
HelloTrade,Kevin Tang,Co-Founder,,,Seed,Nov 2025,$4.60M,"Trading, Derivatives","Dragonfly Capital, Mirana Ventures",hello.trade,"HelloTrade is a blockchain-powered trading platform that unlocks frictionless, global access to leveraged exposure across equities, ETFs, commodities, and crypto. Built on MegaETH for high-speed, low-latency execution, it offers the usability of a modern brokerage with the openness of DeFi—no wallet setup, no gas fees, and no technical barriers. HelloTrade aims to democratize global market access by removing geographic and capital constraints, enabling users worldwide to trade traditional and...",,kevin@hello.trade,verified,kevin@hello.trade,verified,new,http://www.linkedin.com/in/kevintang216,,,Co-Founder,,,https://crypto-fundraising.info/projects/hellotrade,4600000,Trading & DeFi,3,1
RateX,Sean Hu,Founder,,,Strategic,Nov 2025,$7.00M,"DeFi, Derivatives, Trading","Animoca Ventures, Echo, GSR Markets LTD, Crypto com Capital, Gate io, BGX, Summer Capital",ratexapp.com,"RateX is the world’s first leveraged synthetic yield exchange, offering a platform for users to trade leveraged synthetic assets with enhanced yield opportunities. It combines the benefits of synthetic asset trading with leveraged positions, allowing users to maximize their returns while managing risk. RateX provides a decentralized and transparent environment, utilizing blockchain technology to ensure security and efficiency. The platform is designed to cater to both novice and experienced t...",,sean@rate-x.io,verified,sean@rate-x.io,verified,new,http://www.linkedin.com/in/sean-h-07942636,,,Founder,,AMBIGUOUS (multiple orgs named 'RateX') -> verify domain ratexapp.com,https://crypto-fundraising.info/projects/ratex,7000000,Trading & DeFi,3,1
Rayls (Parfin),,,,,Unknown,Nov 2025,Undisclosed,"DeFi, RWA, Finance/Banking",Tether,,"Rayls is a UniFi blockchain ecosystem bridging traditional finance (TradFi) and decentralized finance (DeFi). It supports real-world financial applications, including tokenized financial products, central bank digital currencies (CBDCs), and cross-border payments. Rayls prioritizes privacy, scalability, and compliance, enabling institutions to build next-generation financial products with robust and secure infrastructure. Parfin is a Web3 infrastructure provider offering digital asset custody...",,,,,,,,,,,,,https://crypto-fundraising.info/projects/parfin,,Trading & DeFi,3,0
Numerai,Richard Craib,Founder and CEO,,,Series C,Nov 2025,$30.00M,"AI/ML, Finance/Banking","Union Square Ventures (USV), Shine Capital",numer.ai,"Numerai is a decentralized hedge fund and data-science tournament platform where thousands of data scientists collaborate to build machine learning models for global equities. Participants submit predictions trained on encrypted datasets, and stake the NMR token on their models to signal confidence. Numerai aggregates the best models into a meta-model that powers its institutional investment strategy. Through its expanding ecosystem—including Numerai Tournament, Signals, and Erasure—Numerai a...",,richard@numer.ai,verified,richard@numer.ai,verified,new,http://www.linkedin.com/in/richardcraib,,,Founder and CEO,,,https://crypto-fundraising.info/projects/numerai,30000000,Payments & Stablecoins,3,1
Mu Digital,Patrick Hizon,Co-Founder and CEO,,,Unknown,Nov 2025,$1.50M,"RWA, DeFi, Finance/Banking","UOB Venture Management, Signum Capital, CMS Holdings, Cointelegraph Acceleration, Echo, Purple",mudigital.net,"Mu Digital is an RWA platform on Monad that enables Asian companies to secure USD financing through crypto while providing global stablecoin holders access to tokenized yield products. It bridges Asian enterprises with global crypto liquidity, offering real yields backed by real-world businesses.",,patrick.hizon@mudigital.net,verified,patrick.hizon@mudigital.net,verified,new,http://www.linkedin.com/in/patrick-hizon,,,Co-Founder and CEO,,AMBIGUOUS (multiple orgs named 'Mu Digital') -> verify domain mudigital.net,https://crypto-fundraising.info/projects/mu-digital,1500000,Trading & DeFi,3,1
ZenGo,,,,,Unknown,Nov 2025,Undisclosed,"Wallet, Security",MoonPay,,"ZenGo is a self-custodial crypto wallet using MPC technology for enhanced security, eliminating seed phrase risks. It supports 380+ assets, offers 3D FaceLock and 3FA recovery, and enables secure trading, buying, and storing of crypto.",,,,,,,,,,,,,https://crypto-fundraising.info/projects/zengo,,Infra & Chains,2,0
Deblock,Mario Alebicto,"Co-Founder, CTO",,,Series A,Nov 2025,$35.00M,"Wallet, Payments","Speedinvest, CommerzVentures, Latitude VC, Shapers, Headline Asia, Chalfen Ventures, Triton Capital",deblock.com,"Deblock is a crypto wallet and current account solution, offering users the ability to deposit, withdraw, spend, and exchange euros and cryptocurrencies seamlessly. With features like IBANs, virtual/physical cards, and non-custodial wallet functionality, Deblock provides a secure, self-custody platform for managing digital and fiat assets. It operates under DASP and EMI licenses, ensuring compliance and safety for users globally.",,mario@deblock.com,verified,mario@deblock.com,verified,new,http://www.linkedin.com/in/marioeguiluzalebicto,,,"Co-Founder, CTO",,AMBIGUOUS (multiple orgs named 'Deblock') -> verify domain deblock.com,https://crypto-fundraising.info/projects/deblock,35000000,Payments & Stablecoins,3,1
Doppel,Kevin Tian,Co-Founder and CEO,,,Series C,Nov 2025,$70.00M,"Security, AI/ML","Bessemer Venture Partners, Andreessen Horowitz (a16z crypto), South Park Commons, Script Capital, 9Yards Capital, Sozo Ventures, Strategic Cyber Ventures (SCV), NTT Docomo Ventures, Aurum Partners",doppel.com,"Doppel is an AI-powered digital risk protection platform designed to defend organizations against social engineering threats such as phishing, impersonation, and deepfake fraud. Its flagship product, Doppel Vision, integrates generative AI with expert human analysis to detect and dismantle malicious digital infrastructures across various channels, including email, social media, web domains, and mobile applications.",,kevin@doppel.com,verified,kevin@doppel.com,verified,new,http://www.linkedin.com/in/ktian00,,,Co-Founder and CEO,,AMBIGUOUS (multiple orgs named 'Doppel') -> verify domain doppel.com,https://crypto-fundraising.info/projects/doppel,70000000,Infra & Chains,2,1
Immunefi,,,,,Public sale,Nov 2025,$5.00M,Security,,,Immunefi is a bug bounty security services platform that focuses on bug bounty and security services for Web3 projects.,,,,,,,,,,,,,https://crypto-fundraising.info/projects/immunefi,5000000,Infra & Chains,2,0
Ledn,,,,,Unknown,Nov 2025,Undisclosed,"Lending/Borrowing, Finance/Banking",Tether,,"Ledn is a global digital asset financial services platform offering secure lending, savings, and credit products for Bitcoin and stablecoins. Regulated in multiple jurisdictions, Ledn provides BTC- and USDC-backed loans, interest-earning accounts, institutional trading solutions, and advanced financial products like the Bitcoin Mortgage—allowing users to use Bitcoin as collateral for real estate financing. With a focus on transparency, Ledn publishes regular Proof-of-Reserves attestations and...",,,,,,,,,,,,,https://crypto-fundraising.info/projects/ledn,,Trading & DeFi,3,0
BOB (Build on Bitcoin),,,,,Public sale,Nov 2025,$4.20M,"Layer 2, Infrastructure",,,"BOB (Build on Bitcoin) is a groundbreaking Layer 2 solution with full EVM compatibility and native Bitcoin support. It's designed to empower development and innovation on Bitcoin, leveraging the Ethereum Virtual Machine for smart contract execution. This facilitates a seamless bridge between Bitcoin and Ethereum ecosystems, offering rollup functionality secured by Bitcoin's robust security. BOB's ecosystem is tailored for DeFi applications and various Bitcoin use cases, aiming to connect Ethe...",,,,,,,,,,,,,https://crypto-fundraising.info/projects/bob-build-on-bitcoin,4200000,Infra & Chains,2,0
WizzWoods,,,,,Series A,Nov 2025,$10.00M,"GameFi, Social/Community","Animoca Brands, Infinity Ventures Crypto (IVC)",,"WizzWoods is a pixel farming game that seamlessly integrates with Telegram and Twitter, offering players complex farming, upgrading, and map customization mechanisms. By leveraging blockchain technology, it provides an immersive SocialFi experience, allowing users to earn $WIZZ tokens through strategic farm management and cross-chain trading.",,,,,,,,,,,,,https://crypto-fundraising.info/projects/wizzwoods,10000000,Consumer/Gaming/Social,0,0
Obex,Ivan Grasso,Chief Executive Officer,,,Unknown,Nov 2025,$37.00M,"RWA, Stablecoin, DeFi","Framework Ventures, LayerZero, Sky",obexrecruitment.com,"Obex is a next-generation crypto incubator launched by Sky (formerly MakerDAO) to bring real-world-asset-backed stablecoin strategies onchain with institutional-grade risk controls. Designed to avoid failures seen in synthetic or under-collateralized stablecoins, Obex supports teams building stablecoins backed by high-quality collateral such as compute credits, energy assets, and fintech loans. Through a 12-week accelerator program, Obex provides early-stage founders with capital, technical s...",,igrasso@obexrecruitment.com,extrapolated,igrasso@obexrecruitment.com,extrapolated,new,http://www.linkedin.com/in/ivan-grasso-arriola,,,Chief Executive Officer,,,https://crypto-fundraising.info/projects/obex,37000000,Trading & DeFi,3,1
Kraken,Trevor Rutar,Chief Executive Officer and Managing Director at Kraken Financial,,,Unknown,Nov 2025,$200.00M,"CEX, Trading",Citadel Securities,kraken.com,"Kraken is ocryptocurrency exchange, founded in 2011. It offers a secure platform for spot and futures trading, supporting Bitcoin, Ethereum, and over 40 other digital assets. With a focus on accessibility, Kraken empowers users to invest in their financial independence. In 2020, Kraken became the first U.S. exchange to receive a license to establish a crypto bank, further expanding its services and capabilities within the digital finance space.",,trevor.rutar@kraken.com,verified,trevor.rutar@kraken.com,verified,new,http://www.linkedin.com/in/trevor-rutar-mba-37566493,,,Chief Executive Officer and Managing Director at Kraken Financial,,AMBIGUOUS (multiple orgs named 'Kraken') -> verify domain kraken.com,https://crypto-fundraising.info/projects/kraken,200000000,Trading & DeFi,3,1
Solomon Labs,,,,,Public sale,Nov 2025,$8.00M,"Stablecoin, DeFi",,,"Solomon is a stablecoin protocol on Solana that issues USDv, a composable, non-rebasing dollar designed to maintain a $1 peg through arbitrage. Users can stake USDv to mint sUSDv, a yield-bearing version that accrues value over time via an increasing exchange rate. Built for deep DeFi integration, Solomon enables stable, capital-efficient on-chain dollars that can be used across lending, trading, payments, and liquidity systems.",,,,,,,,,,,,,https://crypto-fundraising.info/projects/solomon-labs,8000000,Trading & DeFi,3,0
Vooi,,,,,Public sale,Nov 2025,$1.30M,"DEX, Trading",,,"Vooi is a decentralized trading platform offering seamless cross-chain trading across multiple perpetual decentralized exchanges. It provides a unified, user-friendly interface that mimics a centralized exchange (CEX) experience while maintaining the security and transparency of decentralized finance (DeFi). Vooi enables users to trade on various blockchain networks, automate strategies, and explore over 100 trading pairs—all while benefiting from low fees, rebates, and rewards.",,,,,,,,,,,,,https://crypto-fundraising.info/projects/vooi,1300000,Trading & DeFi,3,0
Lighter,,,,,Unknown,Nov 2025,$68.00M,"Derivatives, Trading, DeFi","Founders fund, Ribbit Capital, HAUN Ventures, Robinhood",lighter.xyz,"Lighter is a zk-rollup perpetuals protocol delivering provable, non-custodial trading with cryptographic fairness guarantees. Built on Arbitrum, it combines the performance of centralized exchanges with the transparency of DeFi. Lighter features verifiable on-chain order matching, liquidation execution, and seamless integration with aggregators like 1inch, ensuring deep liquidity and reliable price discovery.",,,,,,,,,,,,AMBIGUOUS (multiple orgs named 'Lighter') -> verify domain lighter.xyz,https://crypto-fundraising.info/projects/lighter,68000000,Trading & DeFi,3,1
Takadao,Morrad Irsane,CEO | Co-founder at Takadao,,,Seed,Nov 2025,$1.50M,"Finance/Banking, Social/Community","Istari Ventures, Adaverse, Hasan VC, Syla Invest, Wahed Ventures, IceBlue Fund",takadao.io,"Takadao is a Web3 platform focused on creating a more inclusive and equitable financial system using blockchain technology. It offers products and services like Takasure (halal insurance), Takatalks (a finance and Web3 podcast), and Takalabs (a platform for community memberships and governance through NFTs), with a particular emphasis on serving the Muslim population globally with shariah-compliant financial services.",,morrad@takadao.io,verified,morrad@takadao.io,verified,new,http://www.linkedin.com/in/morrad-irsane-7a488a80,,,CEO | Co-founder at Takadao,,,https://crypto-fundraising.info/projects/takadao,1500000,Payments & Stablecoins,3,1
Acurast,Pascal Brun,Co-Founder & Committee Member,,,Unknown,Nov 2025,$11.00M,"Infrastructure, Compute","CoinList, Scytale Digital, Peaq, Web3 foundation (W3F), MN Capital, Tezos Foundation, Sigma Capital, Gavin Wood",acurast.com,"Acurast is the first decentralized verifiable compute network powered by smartphones, enabling scalable, secure, and confidential application execution without relying on data centers. By transforming mobile devices into compute nodes through Trusted Execution Environments (TEEs) and Hardware Security Modules (HSMs), Acurast delivers a privacy-focused, energy-efficient alternative to traditional cloud platforms. With over 65,000 compute units on its incentivized testnet, Acurast supports AI w...",,pascal@acurast.com,verified,pascal@acurast.com,verified,new,http://www.linkedin.com/in/pascal-brun,,,Co-Founder & Committee Member,,,https://crypto-fundraising.info/projects/acurast,11000000,Infra & Chains,2,1
Seismic,Doug Winter,CEO,,,Unknown,Nov 2025,$10.00M,"Infrastructure, Security","Andreessen Horowitz (a16z crypto), Polychain Capital, Amber Group, TrueBridge Capital, dao5 (daofive), LayerZero",seismic.com,"Seismic is an encrypted blockchain platform that integrates secure hardware to provide encrypted global state, memory access, and data flow. This architecture enables developers to build decentralized applications with enhanced privacy and security, supporting use cases such as exchanges, lending platforms, auctions, stablecoins, and launchpads. By restructuring the blockchain stack around secure enclaves, Seismic offers a foundation for next-generation applications requiring confidentiality ...",,dwinter@seismic.com,verified,dwinter@seismic.com,verified,new,http://www.linkedin.com/in/doug-winter,,,CEO,,AMBIGUOUS (multiple orgs named 'Seismic') -> verify domain seismic.com,https://crypto-fundraising.info/projects/seismic,10000000,Infra & Chains,2,1
Curvance,,,,,Strategic,Nov 2025,$4.00M,"DeFi, Lending/Borrowing","F-Prime Capital, Primal Capital, Auros Global, GSR Markets LTD, Flowdesk, Purple, Q42, V3V Ventures, Echo",curvance.com,"Curvance is a decentralized finance (DeFi) platform that facilitates stablecoin deposits, earnings, and borrowing, aiming to address fragmentation across chains and protocols. The protocol supports various Layer 2 solutions and decentralized exchanges, providing users with opportunities to optimize yield and maximize capital efficiency in the DeFi ecosystem. Curvance's adaptive rate model, flexible borrowing options, and commitment to compliance contribute to its role in shaping the future of...",,,,,,,,,,,,AMBIGUOUS (multiple orgs named 'Curvance') -> verify domain curvance.com,https://crypto-fundraising.info/projects/curvance,4000000,Trading & DeFi,3,1
"Bluefin (ex Firefly, dTrade)",,,,,Unknown,Nov 2025,$4.40M,"DEX, Derivatives",SUI Group Holdings (SUIG),,"Bluefin is an orderbook decentralized exchange (DEX) for perpetual swaps and options powered by Substrate. Supported by Polkadot’s shared security, high-throughput and low-latency transactions, micro-gas fees, and interoperability across networks, Bluefin provides traders with a derivatives DEX that is both performant and secure.",,,,,,,,,,,,,https://crypto-fundraising.info/projects/bluefin,4400000,Trading & DeFi,3,1
Ripple Labs (XRP),,,,,Strategic,Nov 2025,$500.00M,"Payments, Finance/Banking","Fortress Investment Group, Citadel Securities, Pantera Capital, Galaxy Digital, Brevan Howard Digital, Marshall Wace",,"Ripple is a blockchain-based payment network designed for fast, low-cost cross-border transactions. Its native cryptocurrency, XRP, facilitates liquidity and settlements on RippleNet, which is used by banks and financial institutions worldwide. Ripple also develops CBDC platforms and enterprise blockchain solutions for tokenization and digital asset management.",,,,,,,,,,,,,https://crypto-fundraising.info/projects/ripple-labs,500000000,Payments & Stablecoins,3,1
Donut,Jeffrey Manian,Cofounder & Engineer,,,Seed,Nov 2025,$15.00M,"AI/ML, Trading","BITKRAFT Ventures, Makers Fund, Sky9 Capital, Altos Ventures, Hack VC, HongShan (ex Sequoia China), MPCi (ex Matrix Partners China), AXIA8 Ventures, 10K Ventures",donut.com,"Donut is the world’s first Agentic Crypto Browser built on Solana, designed for the age of AI agents and on-chain financial actions. Unlike traditional browsers, Donut acts as an intelligent terminal that understands real-time token data, wallet risks, and market signals—allowing users to transact, trade, and earn directly within the browser. Donut combines DEXs, wallets, and networks into a seamless interface powered by agentic models and extensions.",,jeff@donut.ai,verified,jeff@donut.ai,verified,new,http://www.linkedin.com/in/jeffreymanian,,,Cofounder & Engineer,,AMBIGUOUS (multiple orgs named 'Donut') -> verify domain donut.com,https://crypto-fundraising.info/projects/donut-2,15000000,Trading & DeFi,3,1
Commonware,,,,,Unknown,Nov 2025,$25.00M,"Infrastructure, Layer 1",Tempo,commonware.net,"Commonware is an open, Rust-based blockchain framework designed to provide specialized, high-performance on-chain applications. It offers modular primitives for consensus, cryptography, peer-to-peer communication, runtime execution, storage, and streaming, enabling developers to tailor blockchain components to specific application needs. By decoupling traditional blockchain layers, Commonware aims to achieve excessive throughput and facilitate seamless interoperability, empowering developers ...",,,,,,,,,,,,,https://crypto-fundraising.info/projects/commonware,25000000,Infra & Chains,2,1
zkPass,,,,,Public sale,Nov 2025,$2.00M,"Identity/Privacy, Security",,,"zkPass is a composable, privacy-preserving decentralized identity verification solution for Web3, utilizing multi-party computation (MPC) and zero-knowledge proof (ZKP) technologies to securely validate and verify private data without the need for data disclosure or upload. It enables users to selectively and privately validate various types of data while maintaining trust and privacy in applications such as decentralized identity passes, DeFi lending protocols, healthcare data marketplaces, ...",,,,,,,,,,,,,https://crypto-fundraising.info/projects/zkpass,2000000,Infra & Chains,2,0
Fomo,Magnus Meisal,Group CEO,,,Series A,Nov 2025,$17.00M,"DEX, Trading",Benchmark,fomo.no,"Fomo is an onchain trading platform built by a team of experienced operators and engineers from dYdX, Uniswap, OpenSea, Square, and Two Sigma. FOMO aims to provide a seamless trading experience with cutting-edge features ahead of its public launch.",,magnus@fomo.no,verified,magnus@fomo.no,verified,new,http://www.linkedin.com/in/meisal,,,Group CEO,,AMBIGUOUS (multiple orgs named 'Fomo') -> verify domain fomo.no,https://crypto-fundraising.info/projects/fomo,17000000,Trading & DeFi,3,1
3F Labs,Umesh Bharadwaj,Chief Executive Officer,,,Angel,Nov 2025,$750K,"DeFi, RWA","Curved Ventures, Steakhouse Financial, Daedalus, Jason Yanowitz, DeFiDad, ivangbi, Lyuben Belov",3fat.in,"3F is DeFi’s Global Yield Network, connecting top-tier alternative assets with decentralized finance to deliver leveraged yield, transparency, and borderless access—all on-chain. Built by DeFi pioneers, 3F enables users and institutions to participate in global yield markets backed by real-world and digital assets. The platform provides composable financial primitives for sustainable on-chain yield generation through advanced liquidity and asset management tools.",,umeshp@connetin.in,verified,umeshp@connetin.in,verified,new,http://www.linkedin.com/in/umesh-bharadwaj-361aa128,,,Chief Executive Officer,,low-match org='3F Advanced Techno Labs Pvt Ltd',https://crypto-fundraising.info/projects/3f-labs,750000,Trading & DeFi,3,1
Mellow Protocol,,,,,Unknown,Nov 2025,Undisclosed,"DeFi, Infrastructure",Cyber Fund,,"Mellow Finance is a modular yield marketplace that enables users and protocols to create and manage custom DeFi vaults. It provides permissionless infrastructure for intent-based yield optimization, liquidity strategies, and automated asset management. Built on Ethereum and L2s, Mellow connects users with professional vault managers, allowing composable integrations with protocols like Lido, Aave, and Yearn. Its system powers restaking, LP management, and structured yield strategies while ens...",,,,,,,,,,,,,https://crypto-fundraising.info/projects/mellow-protocol,,Trading & DeFi,3,0
Canaan Creative,,,,,Strategic,Nov 2025,$72.00M,"Infrastructure, Compute","Brevan Howard Digital, Galaxy Digital, Weiss Asset Management",,"Canaan is a leading provider of advanced blockchain and AI solutions, known for pioneering ASIC Bitcoin mining hardware, including the Avalon Miner series. The company offers mining solutions with innovative cooling technologies and blockchain integration, catering to industrial-scale crypto mining and AI applications. Canaan focuses on high-performance computing to power blockchain ecosystems globally.",,,,,,,,,,,,,https://crypto-fundraising.info/projects/canaan-creative,72000000,Infra & Chains,2,1
Lava,Adrian Allin,CEO,,,Unknown,Nov 2025,$200.00M,"Payments, Finance/Banking","Anthony Pompliano, Eric Jackson",l-a-v-a.com,"Lava is a financial platform that enables users to save in Bitcoin while spending in dollars. It offers a Bitcoin-backed debit card, allowing users to make everyday purchases seamlessly. By integrating Bitcoin savings with traditional spending, Lava provides a bridge between cryptocurrency holdings and conventional financial3-5 Word Desription: Bitcoin-backed debit card.",,,,,,,http://www.linkedin.com/in/adrian-allin-29bbab89,,,CEO,,AMBIGUOUS (multiple orgs named 'Lava') -> verify domain l-a-v-a.com,https://crypto-fundraising.info/projects/lava,200000000,Payments & Stablecoins,3,1
Momentum (MSafe),,,,,Public sale,Nov 2025,$4.50M,"DeFi, DEX",,,"Momentum is the central liquidity engine for the Move ecosystem, originally launched as MSafe. Built on Sui and Aptos, it integrates advanced DeFi tools including a decentralized exchange (DEX), multi-sig treasury management, token vesting, and liquidity provisioning. Leveraging ve(3,3) tokenomics, it aligns incentives to optimize capital efficiency and trading accessibility.",,,,,,,,,,,,,https://crypto-fundraising.info/projects/msafe,4500000,Trading & DeFi,3,0
Semantic Layer,,,,,Series A,Nov 2025,$2.00M,"Infrastructure, Layer 2",Greenfield Capital,,"Semantic Layer enhances incentive alignment and scaling for decentralized applications (dApps) on Ethereum by making meta-transactions programmable. It enables customized MEV (Maximal Extractable Value) distribution and native scaling solutions, allowing developers to optimize interactions within their protocols.",,,,,,,,,,,,,https://crypto-fundraising.info/projects/semantic-layer,2000000,Infra & Chains,2,1
MegaLabs (MegaETH),,,,,Public sale,Nov 2025,$50.00M,Layer 1,,,"MegaLabs is the developer of MegaETH, a blockchain aiming for 100,000 transactions per second (TPS) with full Ethereum compatibility. MegaETH achieves real-time processing and high transaction throughput using a heterogeneous blockchain architecture and a hyper-optimized EVM execution environment. This architecture allows for specialization of network nodes and minimizes hardware requirements for full nodes, ensuring a fast, secure, and efficient blockchain.",,,,,,,,,,,,,https://crypto-fundraising.info/projects/megalabs-megaeth,50000000,Infra & Chains,2,0
Accountable,Nicolas Quarre,Co-Founder & CEO,,,Unknown,Nov 2025,$7.50M,"Finance/Banking, Security","Pantera Capital, OKX Ventures (ex OKEx Blockdream Ventures), Onigiri Capital, kpk (ex karpatkey), Auros Global",accountable.eu,"Accountable Capital is building a new standard for financial verification using blockchain technology. The platform provides transparent, verifiable attestations of capital and assets, enabling organizations and investors to prove solvency, liquidity, and compliance in real time. By merging cryptographic proofs with auditable financial data, Accountable Capital enhances trust and accountability across Web3 and traditional financial ecosystems.",,nicolas@accountable.eu,verified,nicolas@accountable.eu,verified,new,http://www.linkedin.com/in/nicolasquarre,,,Co-Founder & CEO,,AMBIGUOUS (multiple orgs named 'Accountable') -> verify domain accountable.eu,https://crypto-fundraising.info/projects/accountable,7500000,Payments & Stablecoins,3,1
ZAR,Brandon Timinsky,Founder,,,Unknown,Nov 2025,$12.90M,"Wallet, Payments","Andreessen Horowitz (a16z crypto), Dragonfly Capital, VanEck, Coinbase Ventures, Endeavor Catalyst",zar.app,"ZAR is a digital wallet that enables users to convert cash into digital dollars, offering a bridge between cash-based economies and Web3. Through the ZAR app, users can find local merchants, exchange cash for digital currency, and use digital dollars for global transactions with virtual and physical debit cards. ZAR ensures secure and fast transfers, helping protect funds from local currency fluctuations while offering a simple, user-friendly interface.",,b@zar.app,verified,b@zar.app,verified,new,http://www.linkedin.com/in/tmnsky,,,Founder,,,https://crypto-fundraising.info/projects/zar,12900000,Payments & Stablecoins,3,1
Kite AI,,,,,Series A,Nov 2025,Undisclosed,"Layer 1, AI/ML",Coinbase Ventures,kiteai.com,"Kite AI is a purpose-built, EVM-compatible Layer 1 blockchain designed to empower a decentralized AI economy. Utilizing its innovative Proof of Attributed Intelligence (PoAI) consensus mechanism, Kite AI ensures fair attribution and equitable rewards for contributions across data, models, and agents. The platform offers customizable subnets for specialized AI workflows, enabling seamless collaboration among data providers, model developers, and AI agents. Kite AI’s infrastructure addresses ch...",,,,,,,,,,,,AMBIGUOUS (multiple orgs named 'Kite AI') -> verify domain kiteai.com,https://crypto-fundraising.info/projects/kite-ai,,Infra & Chains,2,1
Printr,Marlon Woolforde,Chief Executive Officer,,,Seed,Oct 2025,$2.00M,"DEX, Trading","Mantle Network, Mirana Ventures, L1D (L1 Digital), Sfermion, Flowdesk, Comfy Capital, Altcoin Sherpa, Georgios Vlachos, Sergey Gorbunov, Jordi Alexander, Cryptopathic, Andy Chorlian, Nom",printronix.com,"Printr is a cross-chain memecoin launchpad allowing users to launch and trade tokens across 69+ chains with a single click. It consolidates liquidity and simplifies token creation for degens. The platform features a playful approach, inviting users to join a waitlist for early access and community airdrops.",,mwoolforde@printronix.com,verified,mwoolforde@printronix.com,verified,new,http://www.linkedin.com/in/marlonwoolforde,,,Chief Executive Officer,,,https://crypto-fundraising.info/projects/printr,2000000,Trading & DeFi,3,1
Nubila Network,,,,,Seed,Oct 2025,$8.00M,"DePIN, Data/Analytics","BlockSpaceForce, Quantum Holdings, IoTeX, Assembly Partners, Synharbour AI",,"Nubila is a global environmental data network leveraging DePIN (Decentralized Physical Infrastructure Networks) and AI to enhance ESG (Environmental, Social, and Governance) data collection and analysis. The platform enables users to collect and share ESG data through easily installable stations, earning $NUBI tokens as rewards. Nubila’s AI-powered system ensures seamless integration and real-time insights, providing accurate and actionable ESG information for individuals and institutions. Th...",,,,,,,,,,,,,https://crypto-fundraising.info/projects/nubila-network,8000000,Infra & Chains,2,1
Limitless,Francis Harwood,Founder & Recruiter - Scaling End-to-end Digital Teams 🌎,,,Seed,Oct 2025,$9.00M,"Trading, Derivatives","1confirmation, Collider Ventures, Digital Currency Group (DCG), Node Capital, Arrington Capital, Coinbase Ventures, F-Prime Capital",limitlessrec.co.uk,"Limitless Exchange is a prediction market platform that makes trading crypto and stocks as simple as possible. Built on Base, Limitless offers short-term fast price markets that settle instantly with no liquidation risk or hidden fees.",,francis@limitlessrec.co.uk,verified,francis@limitlessrec.co.uk,verified,new,http://www.linkedin.com/in/francis-harwood-342930173,,,Founder & Recruiter - Scaling End-to-end Digital Teams 🌎,,AMBIGUOUS (multiple orgs named 'Limitless') -> verify domain limitlessrec.co.uk,https://crypto-fundraising.info/projects/limitless,9000000,Trading & DeFi,3,1
Pave Bank,Simon Vans-Colina,Co-Founder and Chief Technology Officer,,,Series A,Oct 2025,$39.00M,"Finance/Banking, RWA","Accel, Tether, Wintermute Ventures, Quona Capital",pavebank.com,"Pave Bank is a programmable bank providing a secure and regulated platform for businesses to transact in stablecoins, CBDCs, and tokenized RWAs. It enables businesses to design custom banking workflows and automation, combining the best of traditional finance and digital assets in a secure and transparent manner.",,simon@pavebank.com,verified,simon@pavebank.com,verified,new,http://www.linkedin.com/in/simonvc,,,Co-Founder and Chief Technology Officer,,,https://crypto-fundraising.info/projects/pave-bank,39000000,Payments & Stablecoins,3,1
Bluwhale,,,,,Series A,Oct 2025,$10.00M,"AI/ML, Social/Community","UOB Venture Management, PAID Network, Sublime Ventures",,"Bluwhale is a decentralized AI personalization protocol for blockchains, revolutionizing digital communication by empowering wallet holders with control over their digital profiles and the ability to monetize their information. Through AI and contextual data, Bluwhale creates detailed wallet personas, allowing companies to target potential audiences more precisely, enhance user engagement, and bring transparency to the industry while rewarding users for their participation.",,,,,,,,,,,,,https://crypto-fundraising.info/projects/bluwhale,10000000,Consumer/Gaming/Social,0,0
Rayls (Parfin),,,,,Public sale,Oct 2025,$1.80M,"DeFi, RWA",,,"Rayls is a UniFi blockchain ecosystem bridging traditional finance (TradFi) and decentralized finance (DeFi). It supports real-world financial applications, including tokenized financial products, central bank digital currencies (CBDCs), and cross-border payments. Rayls prioritizes privacy, scalability, and compliance, enabling institutions to build next-generation financial products with robust and secure infrastructure. Parfin is a Web3 infrastructure provider offering digital asset custody...",,,,,,,,,,,,,https://crypto-fundraising.info/projects/parfin,1800000,Trading & DeFi,3,0
Sign (EthSign),,,,,Unknown,Oct 2025,$25.50M,"Infrastructure, Identity/Privacy","YZi Labs (ex Binance Labs), IDG Capital",,"Sign is an on-chain infrastructure for token distribution and credential verification, ensuring transparency and security. Its TokenTable platform has facilitated $4B+ in token airdrops for 40M users and 200+ projects like Starknet and ZetaChain. Sign Protocol connects real-world credentials to blockchain addresses, enabling government and enterprise adoption.",,,,,,,,,,,,,https://crypto-fundraising.info/projects/sign,25500000,Infra & Chains,2,1
Lit Protocol,Chris Cassano,Co-Founder and CTO,,,Unknown,Oct 2025,$2.50M,"Infrastructure, Security","RRE Ventures, Collab+Currency, Sfermion, Protocol Labs, Village Global",litprotocol.com,"Lit Protocol is a decentralized key management and compute network that leverages advanced cryptography, confidential hardware, and peer-to-peer networking to securely manage keys and execute private, immutable programs. It enables developers to build applications with features like universal wallet onboarding, programmable encryption, and cross-network composability, facilitating seamless interactions across Web2 and Web3 platforms.",,chris@litprotocol.com,verified,chris@litprotocol.com,verified,new,http://www.linkedin.com/in/ccassano,,,Co-Founder and CTO,,,https://crypto-fundraising.info/projects/lit-protocol,2500000,Infra & Chains,2,1
APRO,,,,,Unknown,Oct 2025,Undisclosed,"Oracle, Data/Analytics","YZi Labs (ex Binance Labs), Gate Ventures, WAGMI Ventures, TPC Ventures",,"APRO offers a powerful Oracle solution designed to connect decentralized applications with real-world data. It provides reliable and secure access to off-chain data, supporting a wide range of use cases, including finance, gaming, and supply chain management. The platform is built for scalability and ensures accurate data delivery to smart contracts.",,,,,,,,,,,,,https://crypto-fundraising.info/projects/apro,,Infra & Chains,2,0
Open Campus,,,,,Strategic,Oct 2025,$5.00M,"DAO, Social/Community","Animoca Brands, YZi Labs (ex Binance Labs), HongShan (ex Sequoia China), Caladan, Shima Capital, Polygon, Kingsway Capital, GameFi Ventures",,"The Open Campus Protocol is a decentralized platform that leverages blockchain technology to create a fairer and more inclusive education system. It empowers educators and learners by decentralizing the creation and distribution of educational content, and utilizes the $EDU token to incentivize high-quality content creation and collaboration. The platform also enables digital property rights through Publisher NFTs, which allow creators to maintain ownership of their intellectual property and ...",,,,,,,,,,,,,https://crypto-fundraising.info/projects/open-campus,5000000,Consumer/Gaming/Social,0,0
Turtle,Josh Zak,"Managing Director, Co-Founder",,,Strategic,Oct 2025,$5.50M,"DeFi, Data/Analytics","Bitscale Capital, Theia, Fasanara Capital, Varys Capital, FalconX, Trident Digital, SNZ Holding, GSR Markets LTD, Anchorage Digital, Relayer Capital, CoinIX Capital, Amber Group, Flowdesk, Wise3 Ventures, JPEG Trading, Gami Capital, Reflexive Capital",turtle.design,"Turtle Club is a Web3 distribution protocol that monetizes users’ on-chain activities—such as liquidity provision, swaps, staking, and referrals—by tracking wallet interactions and distributing rewards through partner protocols. Operating without smart contracts, Turtle Club ensures a trustless, fee-free, and self-custodial experience, enhancing yields across the DeFi ecosystem.",,josh@turtle.design,verified,josh@turtle.design,verified,new,http://www.linkedin.com/in/joshzak,,,"Managing Director, Co-Founder",,AMBIGUOUS (multiple orgs named 'Turtle') -> verify domain turtle.design,https://crypto-fundraising.info/projects/turtle,5500000,Trading & DeFi,3,1
METYA,,,,,Unknown,Oct 2025,$6.00M,"AI/ML, Social/Community","Echo3, Greenwood Global Capital",,"Metya is an AI-driven Web3 dating platform that integrates social interaction with token economies, enabling users to connect globally while earning economic benefits through their engagement. With over 8.5 million active users from more than 100 countries, Metya offers features such as real-time communication, content creation, and data sharing, all supported by a decentralized social infrastructure. The platform utilizes NFTs as digital assets representing expressions of goodwill and camara...",,,,,,,,,,,,,https://crypto-fundraising.info/projects/metya,6000000,Consumer/Gaming/Social,0,0
Ryder,Robert Sanchez,Chief Executive Officer,,,Seed,Oct 2025,$3.20M,"Wallet, Security","Tim Draper, Borderless Capital, Semantic Ventures, Smape Capital, Very Early Ventures, Reverie, Anatoly Yakovenko, Joe McCann",ryder.com,"Ryder is a Web3 company that offers crypto management solutions, including a secure wallet. Ryder's flagship product, the Ryder One hardware wallet, uses a unique TapSafe recovery feature based on the Shamir Secret Sharing (SSS) algorithm, ensuring enhanced security by distributing private keys among a group rather than relying on a single user.",,rsanchez@ryder.com,verified,rsanchez@ryder.com,verified,new,http://www.linkedin.com/in/robert-sanchez-30b8b610,,,Chief Executive Officer,,,https://crypto-fundraising.info/projects/ryder,3200000,Infra & Chains,2,1
Orochi Network,Mary Tran,Chief Executive Officer,,,Unknown,Oct 2025,$8.00M,"Oracle, Infrastructure","Ethereum Foundation, MEXC Ventures, Plutus VC, Bolts Capital, Anti Capital, Presto Labs",orochi.network,"Orochi Network is a pioneering verifiable data infrastructure designed to address scalability, privacy, and data integrity challenges in blockchain ecosystems. Utilizing advanced cryptographic techniques such as Zero-Knowledge Proofs (ZKPs) and Multi-Party Computation (MPC), Orochi ensures high-performance, secure, and cost-effective solutions for Web3 applications. Its suite of products includes zkDatabase, zkMemory, Orocle, Orand, and OroSign, all aimed at enhancing data availability and ve...",,mary@orochi.network,verified,mary@orochi.network,verified,new,http://www.linkedin.com/in/mary-tran-156a6810a,,,Chief Executive Officer,,,https://crypto-fundraising.info/projects/orochi-network,8000000,Infra & Chains,2,1
Daylight Energy,,,,,Unknown,Oct 2025,$75.00M,Other,"Framework Ventures, Turtle Hill Capital, Andreessen Horowitz (a16z crypto), M13, Escape Velocity, Lerer Hippeau, Room40 Ventures, Crucible Capital, Coinbase Ventures, Not Boring Capital",,"Daylight is a comprehensive platform designed to modernize home energy systems by offering a marketplace of curated local contractors and craftsmen. The platform provides various energy products, including solar panels, heat pumps, battery storage, and weatherization services. Daylight simplifies the process of upgrading to clean energy through a guided app-based home energy inspection, personalized energy upgrade plans, and full-service installation by certified local professionals. The plat...",,,,,,,,,,,,,https://crypto-fundraising.info/projects/daylight-energy,75000000,Other,0,0
Octra,,,,,Public sale,Oct 2025,$2.00M,"Infrastructure, Security",,,"Octra is a blockchain network focused on Fully Homomorphic Encryption (FHE), offering cryptographic tools for secure mathematical operations in isolated execution environments. The platform supports smart contracts developed in OCaml, AST, ReasonML, and C++, and provides open-source libraries like Hypergraph for broader compatibility. Octra uses an extended version of IrminDB to manage data with validators.",,,,,,,,,,,,,https://crypto-fundraising.info/projects/octra,2000000,Infra & Chains,2,0
CoinDCX,,,,,Unknown,Oct 2025,Undisclosed,"CEX, Staking, Lending/Borrowing",Coinbase,,"CoinDCX is India’s largest and most trusted cryptocurrency exchange, providing a secure platform for buying, selling, and earning from digital assets. Regulated and compliant with Indian financial guidelines, CoinDCX offers spot trading, staking, lending, and DeFi access through a simple, user-friendly app.",,,,,,,,,,,,,https://crypto-fundraising.info/projects/coindcx,,Trading & DeFi,3,0
375ai,,,,,Public sale,Oct 2025,$2.00M,"AI/ML, DePIN",,,"375ai is pioneering the world’s first decentralized edge data intelligence network. The platform leverages advanced AI and blockchain technology to enable real-time data collection, processing, and analysis at the edge. 375ai offers products like the 375edge node and 375go mobile app, which facilitate efficient, secure, and private data gathering. Users can participate in the network by deploying nodes, using the app, or staking tokens, all while earning rewards. 375ai aims to democratize dat...",,,,,,,,,,,,,https://crypto-fundraising.info/projects/375ai,2000000,Infra & Chains,2,0
Telcoin,Paul Neuner,Co-Founder and CEO,,,Series A,Oct 2025,$25.00M,"Payments, Finance/Banking",,telco.in,"Telcoin is a blockchain-based financial platform connecting telecommunications and digital banking to deliver fast, low-cost global payments. Built on the Telcoin Network, it enables users to send, store, trade, and swap over 100 digital assets and stablecoins through its mobile wallet. By partnering with telecom operators and mobile money platforms, Telcoin provides remittances and decentralized financial services to millions of users worldwide. Its native token, $TEL, powers transactions, g...",,paul@telco.in,verified,paul@telco.in,verified,new,http://www.linkedin.com/in/pauljneuner,,,Co-Founder and CEO,,,https://crypto-fundraising.info/projects/telcoin,25000000,Payments & Stablecoins,3,1
Polymarket,Shayne Coplan,Founder & CEO,,,Unknown,Oct 2025,$2.00B,"Derivatives, Trading",Intercontinental Exchange (ICE),polymarket.com,"Polymarket is a decentralized information markets platform where users can trade on highly-debated topics and build portfolios based on their forecasts. By allowing users to buy shares in markets, Polymarket provides actionable insights based on traders' views of future events, making it a leading source of unbiased and real-time data. However, it's currently unable to operate in the U.S. due to regulatory restrictions, leaving the field open for other platforms.",,shaynecoplan@polymarket.com,verified,shaynecoplan@polymarket.com,verified,new,http://www.linkedin.com/in/shaynecoplan,,,Founder & CEO,,,https://crypto-fundraising.info/projects/polymarket,2000000000,Trading & DeFi,3,1
TransCrypts,Zain Zaidi,Founder & Chief Executive Officer,,,Seed,Oct 2025,$15.00M,"Identity/Privacy, Infrastructure","Pantera Capital, Lightspeed Faction, Motley Fool Ventures, California Innovation Fund, TechStars, Alumni Ventures (AVG), Protocol Labs, Apertu Capital, Informed Ventures, Asymmetry Ventures (Asymm Ventures), Alpha Edison, Mark Cuban",transcrypts.com,"TransCrypts is a blockchain-based digital records and credential verification platform that allows institutions, employers, and individuals to issue, store, and verify official documents on-chain. Built for use cases in HR, education, and healthcare, TransCrypts ensures data authenticity through tamper-proof cryptographic proofs. The platform integrates with existing enterprise software, enabling seamless verification of employment records, academic transcripts, and professional certification...",,zain@transcrypts.com,verified,zain@transcrypts.com,verified,new,http://www.linkedin.com/in/zainzaidi99,,,Founder & Chief Executive Officer,,,https://crypto-fundraising.info/projects/transcrypts,15000000,Infra & Chains,2,1
Ripple Labs (XRP),,,,,Unknown,Oct 2025,Undisclosed,"Payments, Finance/Banking",C1 Fund (CFND),,"Ripple is a blockchain-based payment network designed for fast, low-cost cross-border transactions. Its native cryptocurrency, XRP, facilitates liquidity and settlements on RippleNet, which is used by banks and financial institutions worldwide. Ripple also develops CBDC platforms and enterprise blockchain solutions for tokenization and digital asset management.",,,,,,,,,,,,,https://crypto-fundraising.info/projects/ripple-labs,,Payments & Stablecoins,3,0
BVNK,,,,,Unknown,Oct 2025,Undisclosed,"Payments, Stablecoin",Citi Ventures,,"BVNK is a fintech company that provides stablecoin payment infrastructure, bridging traditional banking systems with blockchain technology to facilitate faster and more efficient global money movement.",,,,,,,,,,,,,https://crypto-fundraising.info/projects/bvnk,,Payments & Stablecoins,3,0
Coinflow,Daniel Lev,CEO | Co-Founder,,,Series A,Oct 2025,$25.00M,"Payments, Infrastructure","Pantera Capital, Coinbase Ventures, Reciprocal Ventures, Jump Capital",coinflow.cash,"Coinflow is a payment infrastructure provider that enables web3 companies to accept traditional payment methods and payout their customers in USD directly to their bank accounts. It helps non-crypto native customers onboard more easily with familiar payment flows while Coinflow manages the back-end infrastructure, primarily serving games, NFT projects, wallets, and other web3 products.",,dan@coinflowlabs.app,verified,dan@coinflowlabs.app,verified,new,http://www.linkedin.com/in/daniel-m-lev,,,CEO | Co-Founder,,AMBIGUOUS (multiple orgs named 'Coinflow') -> verify domain coinflow.cash,https://crypto-fundraising.info/projects/coinflow,25000000,Payments & Stablecoins,3,1
Meanwhile,Alastair Marchant,CEO & Founder,,,Unknown,Oct 2025,$82.00M,"Finance/Banking, RWA","HAUN Ventures, Bain Capital Crypto, Pantera Capital, Stillmark, Apollo Global Management, Framework Ventures, Fulgur Ventures",meanwhile.agency,"Meanwhile is a life insurance company that offers policies denominated in Bitcoin (BTC). It provides a tax-advantaged way for policyholders to leverage their Bitcoin wealth and pass it on to the next generation. With guaranteed growth, liquidity options, and a focus on generational wealth transfer, Meanwhile aims to provide innovative solutions in the insurance industry using digital currencies.",,al@meanwhile.agency,verified,al@meanwhile.agency,verified,new,http://www.linkedin.com/in/alastair-marchant-15522940,,,CEO & Founder,,AMBIGUOUS (multiple orgs named 'Meanwhile') -> verify domain meanwhile.agency,https://crypto-fundraising.info/projects/meanwhile,82000000,Payments & Stablecoins,3,1
Grass,Jon Wilson,Chief Executive Officer,,,Unknown,Oct 2025,$10.00M,"DePIN, Data/Analytics, AI/ML","Polychain Capital, Tribe Capital",grassvalley.com,"Grass is the Data Layer for AI, built as a Sovereign Data Rollup. It connects over 2 million users contributing their underutilized internet resources via Grass nodes to help AI developers access data. The Sovereign Data Rollup consists of nodes, routers, validators, and a ZK processor, transforming unstructured web data into structured datasets. This decentralized approach prevents the concentration of AI power, allowing ordinary people to benefit from AI’s growth.",,jon.wilson@grassvalley.com,verified,jon.wilson@grassvalley.com,verified,new,http://www.linkedin.com/in/jon-wilson-8708527,,,Chief Executive Officer,,,https://crypto-fundraising.info/projects/grass,10000000,Infra & Chains,2,1
Crunch Lab,,,,,Unknown,Oct 2025,$5.00M,"AI/ML, Data/Analytics","Galaxy Digital, Road Capital, VanEck, Multicoin Capital, GSR Markets LTD, Fabric Ventures, Halo Capital, Salt Capital",,"CrunchDAO is a platform where data scientists and machine learning experts can monetize their models by participating in various quantitative research challenges. It leverages collective intelligence to solve complex problems in finance and other fields. Members retain ownership of their models while earning revenue based on their contributions to solving these challenges. CrunchDAO offers a seamless integration environment, enabling participants to focus on science while the platform handles...",,,,,,,,,,,,,https://crypto-fundraising.info/projects/crunch-lab,5000000,Other,0,0
Figment,,,,,Unknown,Oct 2025,Undisclosed,Infrastructure,C1 Fund (CFND),,"Figment is one of the world’s leading blockchain infrastructure providers, offering institutional-grade staking, data, and governance services across 100+ proof-of-stake networks, including Ethereum, Solana, Cosmos, and Avalanche. The platform enables institutions, custodians, and token holders to earn staking rewards securely while maintaining compliance and slashing protection. Figment also provides APIs, data indexing, and governance tooling to support Web3 developers and ecosystem growth",,,,,,,,,,,,,https://crypto-fundraising.info/projects/figment,,Infra & Chains,2,0
Agio Ratings,Ana Sousa,CEO,,,Unknown,Oct 2025,$6.00M,"Data/Analytics, Security","AlbionVC, Portage Ventures, MS&AD Ventures",agioratings.io,"Agio Ratings is a risk assessment platform specializing in digital assets, offering intelligent pricing risk analysis for firms with exposure to the digital asset market. Utilizing over 1,000 variables from on-chain and off-chain sources, Agio's models predict defaults in a manner comparable to leading traditional finance models, providing continuous risk assessment, monitoring, and insights to help firms protect capital, underwrite credit, and ensure long-term success in the evolving digital...",,adesousa@agioratings.io,verified,adesousa@agioratings.io,verified,new,http://www.linkedin.com/in/anadesousa,,https://twitter.com/aptsousa,CEO,,,https://crypto-fundraising.info/projects/agio-ratings,6000000,Infra & Chains,2,1
Lighter,,,,,Unknown,Oct 2025,Undisclosed,"DEX, Derivatives, Layer 2","HAUN Ventures, Founders fund, Dragonfly Capital, Robot Ventures, Andreessen Horowitz (a16z crypto), Lightspeed, Coatue, CRV, Abstract Ventures, SV Angel, 8VC",,"Lighter is a zk-rollup perpetuals protocol delivering provable, non-custodial trading with cryptographic fairness guarantees. Built on Arbitrum, it combines the performance of centralized exchanges with the transparency of DeFi. Lighter features verifiable on-chain order matching, liquidation execution, and seamless integration with aggregators like 1inch, ensuring deep liquidity and reliable price discovery.",,,,,,,,,,,,,https://crypto-fundraising.info/projects/lighter,,Trading & DeFi,3,0
Novastro,,,,,Public sale,Oct 2025,$2.00M,"Layer 2, RWA, DeFi",,,"Novastro is a Layer 2 blockchain platform dedicated to the tokenization, trading, and yield generation of real-world assets (RWAs). Leveraging AI-driven analytics, it integrates MoveVM and EigenLayer AVS to provide Ethereum-level security and scalability, facilitating seamless interoperability between Move and EVM ecosystems. Novastro’s ecosystem centers around RUSD, a stablecoin backed by tangible assets like government bonds, gold, and real estate, ensuring stability and efficiency in trans...",,,,,,,,,,,,,https://crypto-fundraising.info/projects/novastro,2000000,Trading & DeFi,3,0
Tea Protocol,,,,,Public sale,Oct 2025,$3.00M,"Infrastructure, DAO",,,"tea is a decentralized protocol that rewards open-source software (OSS) developers for their contributions, enhancing the sustainability and security of the software supply chain. By leveraging a novel consensus mechanism called Proof of Contribution, tea quantifies the impact of OSS projects and allocates rewards accordingly. Developers can register their projects, earn rewards based on their project’s influence, and accept donations from the community.",,,,,,,,,,,,,https://crypto-fundraising.info/projects/tea-protocol,3000000,Infra & Chains,2,0
Securitize,,,,,Unknown,Oct 2025,Undisclosed,"RWA, Security",ARK Invest,,Securitize is a compliance platform and protocol for issuing and managing digital securities on the blockchain.,,,,,,,,,,,,,https://crypto-fundraising.info/projects/securitize,,RWA & Tokenization,3,0
Yield Basis,,,,,Public sale,Oct 2025,$5.00M,"DeFi, DEX",,,"Yield Basis, developed by Curve Finance founder Michael Egorov, is an AMM-based DeFi protocol designed to eliminate impermanent loss for liquidity providers. It uses 2× leverage via crvUSD to optimize liquidity positions, potentially increasing yields for BTC and ETH holders while maintaining sustainability. Liquidity positions are tokenized into yield-bearing assets like ybBTC and ybETH, enabling staking for additional rewards.",,,,,,,,,,,,,https://crypto-fundraising.info/projects/yield-basis,5000000,Trading & DeFi,3,0
Lava,Adrian Allin,CEO,,,Unknown,Oct 2025,$17.50M,"Payments, Finance/Banking","Peter Jurdjevic, Bijan Tehrani, Zach White, Saurabh Gupta, Terry Angelos, Aaron Suplizo",l-a-v-a.com,"Lava is a financial platform that enables users to save in Bitcoin while spending in dollars. It offers a Bitcoin-backed debit card, allowing users to make everyday purchases seamlessly. By integrating Bitcoin savings with traditional spending, Lava provides a bridge between cryptocurrency holdings and conventional financial3-5 Word Desription: Bitcoin-backed debit card.",,,,,,,http://www.linkedin.com/in/adrian-allin-29bbab89,,,CEO,,AMBIGUOUS (multiple orgs named 'Lava') -> verify domain l-a-v-a.com,https://crypto-fundraising.info/projects/lava,17500000,Payments & Stablecoins,3,1
Ethena Labs,Guy Young,Founder,,,Unknown,Oct 2025,$14.00M,"Stablecoin, DeFi, Finance/Banking",MEXC Ventures,ethena.fi,"Ethena is a startup developing the first-ever ‘internet bond’ and a new Ethereum-based stablecoin USDe that achieves stability by hedging price exposure through shorting Ethereum using perpetual swaps, while their savings bond offers individuals worldwide a dollar-denominated savings instrument with the benefits of decentralized finance.",,,,,,,http://www.linkedin.com/in/guy-young-a11914279,,,Founder,,AMBIGUOUS (multiple orgs named 'Ethena Labs') -> verify domain ethena.fi,https://crypto-fundraising.info/projects/ethena,14000000,Trading & DeFi,3,1
AmbrusStudio (E4C: Final Salvation),,,,,Unknown,Oct 2025,$15.00M,GameFi,Bolts Capital,,E4C: Final Salvation is set to become the first mobile MOBA game in the Web3 game field to incorporate eSports into its gameplay. Created by Ambrus Studio.,,,,,,,,,,,,,https://crypto-fundraising.info/projects/e4c-final-salvation,15000000,Other,0,0
xMoney,,,,,Unknown,Oct 2025,$21.50M,"Payments, Finance/Banking","Sui Foundation, MultiversX",x-money.co,"xMoney is a licensed global payment infrastructure enabling merchants and users to transact seamlessly across fiat, crypto, and card rails. Built for compliance under EU MiCA regulations, xMoney offers tools for payment processing, invoicing, subscriptions, and card issuance. Its ecosystem is powered by $XMN, a utility and governance token replacing UTK, with benefits including staking yields, fee reductions, loyalty rewards, and governance rights. With its regulated framework and multi-asset...",,,,,,,,,,,,,https://crypto-fundraising.info/projects/xmoney,21500000,Payments & Stablecoins,3,1
KGeN (ex Kratos),,,,,Unknown,Oct 2025,$13.50M,"GameFi, Identity/Privacy","Jump Crypto, Accel, Prosus Ventures",,"KGeN (Kratos Gaming Network) is a Web3-powered gamer reputation platform leveraging Zero-Knowledge Machine Learning (zkML) to create verifiable, data-rich player profiles. Built on Ethereum, KGeN empowers gamers to own and flex their gaming data, fostering engagement and loyalty. It integrates e-commerce and engagement tools for publishers to optimize CAC and LTV metrics, and offers features like gamified user acquisition, community building, and exclusive rewards. KGeN aims to unify global g...",,,,,,,,,,,,,https://crypto-fundraising.info/projects/kgen,13500000,Other,0,0
Talus Labs,Michael Hanono,"Founder, CEO",,,Strategic,Oct 2025,$10.00M,"AI/ML, Infrastructure","Sui Foundation, Walrus Protocol",talus.network,"Talus Network is an blockchain platform aims to revolutionize consumer AI applications through decentralization, addressing the limitations of centralized AI systems. By incorporating Move's smart contract security, performance, and object-oriented programming, Talus provides a robust ecosystem for various AI smart agent applications, including DeFi, intents, gaming, governance, and Initial Model Offering (IMO). The MoveVM technology enhances security, speed, and developer experience, enablin...",,mike@taluslabs.xyz,verified,mike@taluslabs.xyz,verified,new,http://www.linkedin.com/in/michael-hanono,,,"Founder, CEO",,,https://crypto-fundraising.info/projects/talus-labs,10000000,Infra & Chains,2,1
Kraken,Trevor Rutar,Chief Executive Officer and Managing Director at Kraken Financial,,,Unknown,Sep 2025,$500.00M,"CEX, Trading",,kraken.com,"Kraken is ocryptocurrency exchange, founded in 2011. It offers a secure platform for spot and futures trading, supporting Bitcoin, Ethereum, and over 40 other digital assets. With a focus on accessibility, Kraken empowers users to invest in their financial independence. In 2020, Kraken became the first U.S. exchange to receive a license to establish a crypto bank, further expanding its services and capabilities within the digital finance space.",,trevor.rutar@kraken.com,verified,trevor.rutar@kraken.com,verified,new,http://www.linkedin.com/in/trevor-rutar-mba-37566493,,,Chief Executive Officer and Managing Director at Kraken Financial,,AMBIGUOUS (multiple orgs named 'Kraken') -> verify domain kraken.com,https://crypto-fundraising.info/projects/kraken,500000000,Trading & DeFi,3,1
BULK,Adam Rossiter,"Founder, Owner & Chief Executive Officer",,,Seed,Sep 2025,$8.00M,"DEX, Derivatives","Robot Ventures, 6th Man Ventures (6MV), Chapter One, Wintermute Ventures, Mirana Ventures, Big Brain Holdings, Anatoly Yakovenko",bulk.com,"BULK is a high‑performance perpetuals DEX built on Solana that offers lightning-fast settlement—approximately every 400 milliseconds—and ultra‑low latency trading. It uses a custom execution architecture (“bulk‑agave”) built into Solana’s runtime, enabling order processing to bypass typical transaction queues and achieve near-instant execution.",,adam@bulk.com,verified,adam@bulk.com,verified,new,http://www.linkedin.com/in/adam-rossiter,,,"Founder, Owner & Chief Executive Officer",,,https://crypto-fundraising.info/projects/bulk,8000000,Trading & DeFi,3,1
Akio,,,,,Seed,Sep 2025,$5.00M,"NFT, GameFi","Pantera Capital, AMD, Hasbro, Nvidia, NetEase, SBI Holdings, SIG DTI (a Susquehanna International Group Company), LD Capital, MZ Web3 Fund, B Dash Ventures",,"Akio is a collection of 3,338 unique NFT characters set in a rich narrative universe defined by memory, identity, and choice. Each NFT plays an integral role in an evolving RPG experience, where character traits shape the storyline and uncover hidden mysteries. More than just a profile picture collection, Akio introduces an emotionally driven world of exploration and immersive design—blending storytelling and gameplay into a dynamic and engaging digital journey.",,,,,,,,,,,,,https://crypto-fundraising.info/projects/akio,5000000,Consumer/Gaming/Social,0,0
Coop Records,,,,,Seed,Sep 2025,$4.50M,"NFT, Media/Entertainment, DAO","1kx, Nascent, 1confirmation, Coinbase Ventures, Base Ecosystem Fund",,"Coop Records is an on‑chain music label that lets fans, collectors, and artists share in the growth of the label through songcoins and staking. Artists release tracks as digital collectibles, and holders govern what gets released, stake song tokens to earn rewards, and participate in decisions. The label mints music via open editions, offers subscriber airdrops, and distributes real‑time payments so artists get direct, transparent income. With 150+ artists and hundreds of releases already, Co...",,,,,,,,,,,,,https://crypto-fundraising.info/projects/coop-records,4500000,Consumer/Gaming/Social,0,0
Shield,Justin Lie,Founder & CEO,,,Seed,Sep 2025,$5.00M,"Payments, Stablecoin","Giant Ventures, a16z Crypto Startup Accelerator (CSX), Factor Capital",shield.com,"Shield offers compliant stablecoin and digital asset payment infrastructure for businesses. It provides business accounts that accept USDT and other crypto payments, lets users send and receive wires in fiat, and offers payment buttons and links for easy checkout integration. Shield aims to eliminate trade friction for exporters, international buyers, and wholesalers by enabling swift transactions, robust identity verification (KYC/KYB), fraud prevention, and same‑day wires—all under regulate...",,justin.lie@shield.com,verified,justin.lie@shield.com,verified,new,http://www.linkedin.com/in/liejustin,,,Founder & CEO,,AMBIGUOUS (multiple orgs named 'Shield') -> verify domain shield.com,https://crypto-fundraising.info/projects/shield,5000000,Payments & Stablecoins,3,1
RedotPay,Michael Gao,Co-Founder & CEO,,,Strategic,Sep 2025,$47.00M,"Payments, Wallet","Coinbase Ventures, Galaxy Digital, Vertex Ventures",redotpay.com,RedotPay is a blockchain technology company focused on digital currency wallets and payment solutions. Its vision is to lead a global paradigm shift in payment methods by accelerating the acceptance of cryptocurrencies in everyday transactions and payments.,,michael@redotpay.com,verified,michael@redotpay.com,verified,new,http://www.linkedin.com/in/michael-gao-652160191,,,Co-Founder & CEO,,AMBIGUOUS (multiple orgs named 'RedotPay') -> verify domain redotpay.com,https://crypto-fundraising.info/projects/redotpay,47000000,Payments & Stablecoins,3,1
Bastion,Nicholas Scarzella,Founder & CEO,,,Strategic,Sep 2025,$14.60M,"Wallet, Payments, Infrastructure","Coinbase Ventures, Sony Innovation Fund, Samsung Next, Andreessen Horowitz (a16z crypto), Hashed",bastionagency.com,"Bastion is a platform that combines Web2 and Web3 technologies to enhance business possibilities in payment, entertainment, connectivity, and shopping. It offers custodial blockchain wallet APIs that streamline digital asset management, optimize transactions for efficiency, and provide comprehensive insights into user behavior. Bastion aims to bridge traditional enterprise with the power of Web3 while addressing regulatory challenges in the crypto industry.",,,,,,,http://www.linkedin.com/in/nicholas-scarzella,,,Founder & CEO,,AMBIGUOUS (multiple orgs named 'Bastion') -> verify domain bastionagency.com,https://crypto-fundraising.info/projects/bastion,14600000,Payments & Stablecoins,3,1
Elliptic,,,,,Unknown,Sep 2025,Undisclosed,"Security, Data/Analytics",HSBC,,,,,,,,,,,,,,,https://crypto-fundraising.info/projects/elliptic,,Infra & Chains,2,0
Stablecorp (QCAD),,,,,Strategic,Sep 2025,$3.60M,"Stablecoin, Payments",FTP Ventures,,"Stablecorp is a Canadian fintech company specializing in digital money infrastructure. Their flagship product, QCAD, is a fully fiat-reserved Canadian dollar stablecoin designed for on-chain foreign exchange, local and global payments, and other capital markets use cases. Stablecorp’s platform also includes tools for digital asset development, management, and compliance, aiming to provide bank-grade blockchain solutions.",,,,,,,,,,,,,https://crypto-fundraising.info/projects/stablecorp-qcad,3600000,Payments & Stablecoins,3,1
Crossmint,,,,,Unknown,Sep 2025,Undisclosed,"Infrastructure, Wallet, NFT",Circle Ventures,,"Crossmint is an enterprise-grade blockchain platform offering a comprehensive suite of APIs and tools to facilitate seamless integration of on-chain functionalities. It provides wallet infrastructure, tokenization services, verifiable credentials, and payment solutions, enabling businesses and developers to build and manage blockchain applications efficiently. Crossmint supports various use cases, including NFT marketplaces, digital art tokenization, gaming, and loyalty programs, making block...",,,,,,,,,,,,,https://crypto-fundraising.info/projects/crossmint,,Infra & Chains,2,0
Fnality International,,,,,Series C,Sep 2025,$136.00M,"Payments, Infrastructure, Finance/Banking","WisdomTree, Bank of America, Citi, KBC Group, Temasek, Tradeweb, Banco Santander, Barclays, BNP Paribas, DTCC, Euroclear, Goldman Sachs, ING Ventures, Nasdaq Ventures, State Street, UBS",fnality.org,"Fnality is a global consortium of banks developing a regulated payment system for tokenized assets, aiming to overcome the limitations of traditional payment systems in handling digital asset transactions. The platform, originally conceived as the Utility Settlement Coin (USC) Project, focuses on providing efficiency, scalability, and security for cross-border settlements, ultimately reducing counterparty risk. As a key player in enabling the growth and adoption of tokenized assets, Fnality a...",,,,,,,,,,,,,https://crypto-fundraising.info/projects/fnality-international,136000000,Payments & Stablecoins,3,1
Zerohash,Edward Woodford,CEO & Founder,,,Series D,Sep 2025,$104.00M,"Infrastructure, Payments, Wallet","Interactive Brokers, Morgan Stanley, SoFi, Apollo Global Management, Jump Crypto, Liberty City Ventures, Nyca Partners, tastytrade, IMC",zerohash.com,"ZeroHash is a full‑stack crypto‑service infrastructure provider that enables companies to embed and connect fiat, stablecoins, and cryptocurrencies via APIs and SDKs. It offers regulated, end‑to‑end services like custody, tokenization, payments, routing, and on‑/off‑ramps—all while managing compliance, licensing, and scalability. Their platform handles large transaction volume, supports dozens of blockchains and assets, and powers crypto services for front‑end platforms like fintechs, brokera...",,edward@zerohash.com,verified,edward@zerohash.com,verified,new,http://www.linkedin.com/in/edwardwoodford,,,CEO & Founder,,AMBIGUOUS (multiple orgs named 'Zerohash') -> verify domain zerohash.com,https://crypto-fundraising.info/projects/zerohash,104000000,Payments & Stablecoins,3,1
Cloudburst,Zack Steven,CEO,,,Series A,Sep 2025,$7.00M,"Security, Data/Analytics","Borderless Capital, Strategic Cyber Ventures (SCV), CoinFund, Coinbase Ventures, Bloccelerate, InQTel",cloudburststudio.com,"Cloudburst is a cybersecurity company specializing in threat intelligence and data API products that help identify and combat market manipulation and fraud in the cryptocurrency space. Their solutions provide real-time monitoring, powerful tools, and structured social metadata to track and detect fraudulent activities, specifically focusing on price manipulation and pump and dump schemes within the crypto market.",,zack.steven@cloudburststudio.com,verified,zack.steven@cloudburststudio.com,verified,new,http://www.linkedin.com/in/zacksteven,,,CEO,,,https://crypto-fundraising.info/projects/cloudburst,7000000,Infra & Chains,2,1
Stable,,,,,Unknown,Sep 2025,Undisclosed,"Layer 1, Stablecoin, Payments",PayPal Ventures,,"Stable is a Layer 1 blockchain designed for stablecoin-native applications, with USDT (Tether) as its gas token. It enables zero-fee peer-to-peer USDT transfers and supports smart contracts operating directly in stablecoins. Stable’s USDT0 mechanism facilitates cross-chain USDT transfers without bridges. The architecture provides a gas-less experience, built-in fiat on-ramps, and enterprise-grade throughput—targeting cross-border payments, treasury operations, FX, and institutional use cases.",,,,,,,,,,,,,https://crypto-fundraising.info/projects/stable,,Payments & Stablecoins,3,0
Hana Network,,,,,Public sale,Sep 2025,$3.00M,"CEX, Payments",,,"Hana Network is a P2P marketplace powered by Hyperliquid, providing mobile exchange including no-kyc on/off ramp, casual trading and farming.",,,,,,,,,,,,,https://crypto-fundraising.info/projects/hana-network,3000000,Payments & Stablecoins,3,0
Titan,Itamar Ophel,CEO,,,Seed,Sep 2025,$7.00M,"DEX, Trading","Galaxy Digital, Frictionless Capital, Mirana Ventures, Ergonia, Auros Global, SIG DTI (a Susquehanna International Group Company), Anatoly Yakovenko, Beluga Labs",titandxp.com,"Titan is a next-generation DEX aggregator built on the Solana blockchain, designed to optimize liquidity and improve the trading experience. Titan aggregates decentralized exchanges to offer the best prices for traders with a focus on security and performance.",,itamar@formtitan.com,verified,itamar@formtitan.com,verified,new,http://www.linkedin.com/in/itamar-ophel-195b8274,,,CEO,,AMBIGUOUS (multiple orgs named 'Titan') -> verify domain titandxp.com,https://crypto-fundraising.info/projects/titan,7000000,Trading & DeFi,3,1
BIO Protocol,,,,,Seed,Sep 2025,$6.90M,"DeFi, DAO","Maelstrom, Mechanism Capital, Animoca Brands, Zee Prime Capital, Panga Capital, Mirana Ventures, Foresight Ventures, Big Brain Holdings, Presto Labs, ArkStream Capital, Paramita, Sigil Fund, Beaker Dao, Kosmos Ventures, Public Works, Moonrock Capital, Bodhi Ventures, Polymorphic Capital",bio-protocol.org,"BIO is a decentralized science (DeSci) protocol designed to advance biotech research through community-owned DAOs, tokenized scientific IP, and open funding channels. It provides a financial layer to support early-stage science by enabling the creation and governance of biotech DAOs, where stakeholders can fund, develop, and trade IP assets. BIO’s mission is to accelerate scientific innovation with blockchain technology, making it accessible and collaborative.",,,,,,,,,,,,AMBIGUOUS (multiple orgs named 'BIO Protocol') -> verify domain bio-protocol.org,https://crypto-fundraising.info/projects/bio-protocol,6900000,Trading & DeFi,3,1
Senpi,Jason Goldberg,Founder and CEO,,,Seed,Sep 2025,$4.00M,"AI/ML, Trading, Wallet","Lemniscap, Coinbase Ventures",senpi.ai,"Senpi is an on-chain AI assistant and wallet that transforms crypto trading into a personalized, autonomous experience. Built by Airstack and optimized for the Base blockchain, Senpi acts as the “OnchainGPT for trading”—an AI mentor, advisor, and companion. It delivers actionable alpha through memory, automation, and modular Skills (Eliza/MCP plugins), enabling tailored strategies. Beyond automated trading, Senpi offers copy trading, customizable PnL strategies, sentiment analysis, and risk m...",,jason@senpi.ai,verified,jason@senpi.ai,verified,new,http://www.linkedin.com/in/jasonsethgoldberg,,,Founder and CEO,,AMBIGUOUS (multiple orgs named 'Senpi') -> verify domain senpi.ai,https://crypto-fundraising.info/projects/senpi,4000000,Trading & DeFi,3,1
Epoch Protocol,Akshit Ostwal,Co-Founder,,,Pre-seed,Sep 2025,$1.20M,"Bridge/Interoperability, Infrastructure","L2 Iterative Ventures (L2IV), Alphemy Capital, G20 Group, LongHash Ventures, Safe (ex Gnosis Safe), Anurag Arjun, Harsh Rajat",epochprotocol.xyz,"Epoch Protocol is building a universal coordination and intent-solving layer for Web3. Instead of manually handling bridges, gas, or chain-specific steps, users and apps express high-level intents—desired outcomes—which are then executed optimally by a decentralized solver network. Its architecture includes Sub-Intent Orchestrators, Intent Solvers, Observers (“Hyperions”), and transaction bundlers, all governed by a plugin and registry system.",,akshit@epochprotocol.xyz,verified,akshit@epochprotocol.xyz,verified,new,http://www.linkedin.com/in/akshitostwal,,,Co-Founder,,,https://crypto-fundraising.info/projects/epoch-protocol,1200000,Infra & Chains,2,1
Openverse,,,,,Series B,Sep 2025,$8.00M,"Layer 1, Bridge/Interoperability","Bright Capital, Go2Mars Labs, Becker Ventures, GaeaVentures, Innovation Engine",openverse.org,"Openverse Network is a Layer 0 blockchain infrastructure designed to serve as the foundational layer for the “Value Internet.” It facilitates seamless interoperability between diverse blockchain networks and traditional internet systems, aiming to make value transfers—such as tokens, NFTs, and messages—as straightforward as sending an email. With a high throughput of over 300,000 transactions per second and rapid block confirmation times, Openverse supports large-scale applications. Its ecosy...",,,,,,,,,,,,AMBIGUOUS (multiple orgs named 'Openverse') -> verify domain openverse.org,https://crypto-fundraising.info/projects/openverse,8000000,Infra & Chains,2,1
Anichess,,,,,Public sale,Sep 2025,Undisclosed,GameFi,,,"Anichess is a community-driven, free-to-play chess game developed in partnership between Animoca Brands and Chess.com-owned Play Magnus Group. It combines the core rules of a classic chess game with a so-called “spell mechanic” that includes a range of offensive, defensive and counter tactics.",,,,,,,,,,,,,https://crypto-fundraising.info/projects/anichess,,Other,0,0
GRVT,Hong Yea,"Co-Founder, CEO",,,Series A,Sep 2025,$19.00M,"CEX, DEX, Derivatives","ZKsync, Further Ventures, EigenCloud, 500 Global (ex 500 Startups)",grvt.io,"GRVT (Gravity) is a hybrid exchange platform designed for institutional investors, offering both the user experience of centralized exchanges (CEX) and the security of decentralized exchanges (DEX). It prioritizes lower latency, scalability, and user privacy while implementing strict regulatory compliance (KYC & AML).",,hong@grvt.io,verified,hong@grvt.io,verified,new,http://www.linkedin.com/in/hong-gyu-yea-b5264728,,,"Co-Founder, CEO",,,https://crypto-fundraising.info/projects/grvt,19000000,Trading & DeFi,3,1
Superform Labs,,,,,Public sale,Sep 2025,$1.40M,"DeFi, Bridge/Interoperability",,,"Superform is a permissionless cross-chain yield marketplace designed for DeFi protocols, allowing them to list their vaults or asset pools. Users can deposit funds into these vaults and earn yield, with Superform simplifying the process by abstracting away swapping and bridging, offering a single interface for yield management.",,,,,,,,,,,,,https://crypto-fundraising.info/projects/superform-labs,1400000,Trading & DeFi,3,0
Mavryk Network,,,,,Strategic,Sep 2025,$10.00M,"Layer 1, RWA, DeFi",Multibank Group,mavryk.org,"Mavryk Network is a Layer 1 blockchain designed to bridge real-world assets (RWAs) with decentralized finance (DeFi), creating a secure and accessible digital economy. By simplifying RWA tokenization and DeFi integration, Mavryk enables users to trade tokenized assets such as real estate, bonds, and commodities on a seamless secondary market.",,,,,,,,,,,,,https://crypto-fundraising.info/projects/mavryk-network,10000000,Trading & DeFi,3,1
Hyperliquid,,,,,Unknown,Sep 2025,Undisclosed,"Layer 1, DEX, Derivatives",Circle,,"Hyperliquid is a decentralized financial system built on a high-performance Layer 1 blockchain powered by HyperBFT, capable of 200k transactions per second with ~0.2-second finality. Initially a perpetual and spot DEX, Hyperliquid has evolved into a fully on-chain financial ecosystem featuring the HyperEVM for programmable state and applications. The native token, HYPE, secures the network and serves as a utility for gas and staking.",,,,,,,,,,,,,https://crypto-fundraising.info/projects/hyperliquid,,Trading & DeFi,3,0
Beezie,,,,,Strategic,Sep 2025,Undisclosed,"Social/Community, NFT","Moonrock Capital, Echo, Devmons, DCF God",,"Beezie is a social marketplace for collectors and resellers, focused on high‑value graded collectibles such as trading cards, sealed hobby boxes, sneakers, and video games. Users can pull items via “Claw” machines with transparent odds, buy/sell in a marketplace, or redeem physical items. All items are stored and authenticated in Brink’s‑secure vaults. Users can pay by credit card or crypto wallet, track their collections online, and swap items instantly if they wish. Beezie emphasizes trust,...",,,,,,,,,,,,,https://crypto-fundraising.info/projects/beezie,,Consumer/Gaming/Social,0,0
Kredete,Hakeem Oriola,Chief Technology Officer,,,Series A,Sep 2025,$22.00M,"Payments, Finance/Banking","Cathay Innovation, Financial Inclusion Vehicle (FIVE), Partech, Polymorphic Capital",kredete.io,"Kredete is a financial software platform designed to empower African immigrants by helping them build credit and send money back home with minimal fees. By integrating remittances with credit-building tools, Kredete enables users to support their families while establishing a strong financial foundation in their new countries. The platform aims to expand its services across Africa, providing tailored financial products that address the unique needs of the African immigrant community.",,horiola@kredete.com,verified,horiola@kredete.com,verified,new,http://www.linkedin.com/in/hakeemoriola,,https://twitter.com/oriolaakeem,Chief Technology Officer,,,https://crypto-fundraising.info/projects/kredete,22000000,Payments & Stablecoins,3,1
Figure,,,,,IPO,Sep 2025,$787.50M,"RWA, Lending/Borrowing, Payments",,,"Figure is a blockchain technology startup that offers loan origination, equity management, and payments services using the Provenance Blockchain. It is considered a unicorn company globally and aims to transform the financial services industry by bringing speed, efficiency, and savings to both consumers and institutions.",,,,,,,,,,,,,https://crypto-fundraising.info/projects/figure,787500000,Trading & DeFi,3,0
Intuition,,,,,Public sale,Sep 2025,$2.10M,"Social/Community, Data/Analytics",,,"Intuition is a decentralized platform that aims to enhance the quality and accessibility of social knowledge by providing infrastructure, tools, and applications for creating an open and flexible knowledge graph. Users can create attestations about any subject, which are stored in a navigable and queryable manner, and can be leveraged by other applications. Intuition's protocol and middleware enable seamless integration of attestations and the knowledge graph into third-party applications.",,,,,,,,,,,,,https://crypto-fundraising.info/projects/intuition,2100000,Consumer/Gaming/Social,0,0
Gemini,,,,,IPO,Sep 2025,$425.00M,"CEX, Wallet",,,"Gemini is a U.S.-based cryptocurrency exchange and custodian bank founded by Cameron and Tyler Winklevoss in 2014. It offers a secure platform for buying, selling, trading, and storing over 70 cryptocurrencies and supports both retail and institutional clients. The platform emphasizes regulatory compliance and robust security, including offline cold storage, insurance coverage, and trust licensing. Gemini also provides services such as custody solutions, a payments app, staking, and its own s...",,,,,,,,,,,,,https://crypto-fundraising.info/projects/gemini,425000000,Payments & Stablecoins,3,0
PlayAI,,,,,Public sale,Sep 2025,$2.00M,"Infrastructure, AI/ML",,,"PlayAI Network is a modular blockchain infrastructure designed to supercharge developers with high-quality data and tools for deploying AI agents and models. Positioned as the orchestration layer between AI and crypto, it enables gaming and decentralized automation applications by securely aggregating and validating user-contributed data on-chain. By combining secure data sharing, decentralized validation, and workflow automation, PlayAI is building the foundation for an open AI-agent economy...",,,,,,,,,,,,,https://crypto-fundraising.info/projects/playai,2000000,Infra & Chains,2,0
Plural,Khaled Helioui,Co-Founder,,,Seed,Sep 2025,$7.10M,"RWA, Finance/Banking","Paradigm, Volt Capital, Maven 11 Capital, Neoclassic Capital",pluralplatform.com,"Plural connects solar and wind developers with investors via blockchain, enabling investments in renewable energy projects for as little as $10. Utilizing blockchain-enabled smart contracts, Plural provides constant yield and liquidity, making renewable energy investments accessible to everyone.",,khaled@pluralplatform.com,verified,khaled@pluralplatform.com,verified,new,http://www.linkedin.com/in/khaledhelioui,,,Co-Founder,,,https://crypto-fundraising.info/projects/plural,7100000,Payments & Stablecoins,3,1
Aspecta,,,,,Unknown,Sep 2025,Undisclosed,"AI/ML, Identity/Privacy",OKX Ventures (ex OKEx Blockdream Ventures),,"Aspecta is an AI-powered profile builder for developers that uses large language models to review code quality. It builds an AI-generated identity, Aspecta ID, for pioneering builders and beyond to demonstrate, connect, and explore. By linking accounts across Web2 and Web3 spaces such as GitHub, Twitter, and wallet address, Aspecta ID holders can demonstrate insights regarding 8000+ skills aspects and hundreds of experience spotlights.",,,,,,,,,,,,,https://crypto-fundraising.info/projects/aspecta,,Other,0,0
Etherealize,Zach Obront,Co-Founder,,,Unknown,Sep 2025,$40.00M,"Finance/Banking, Infrastructure","Electric Capital, Paradigm, Vitalik Buterin, Ethereum Foundation",etherealize.com,"Etherealize is an institutional business development and product firm dedicated to integrating traditional finance with the Ethereum ecosystem. Etherealize provides research, content, and innovative products to educate and onboard institutions into the Ethereum economy. Their mission is to upgrade the financial system by promoting Ethereum as the most secure and open blockchain for global finance.",,zach@etherealize.com,verified,zach@etherealize.com,verified,new,http://www.linkedin.com/in/zobront,,https://twitter.com/zachobront,Co-Founder,,,https://crypto-fundraising.info/projects/etherealize,40000000,Payments & Stablecoins,3,1
Utila,Bentzi Rabi,Co-Founder & CEO,,,Series A,Sep 2025,$22.00M,"Wallet, Security","Red Dot Capital Partners, Nyca Partners, Wing Venture Capital, Digital Currency Group (DCG), Cerca Partners, FunFair Ventures, SilverCircle",utila.io,"Utila is an institutional crypto platform providing a secure, multi-chain non-custodial wallet for organizations to manage their digital assets. With a focus on user-friendly design and powered by multi-party computation (MPC) key management, Utila aims to address the complexities of existing institutional crypto wallets, offering accessibility, usability, and enhanced security for enterprises and crypto-native firms alike.",,bentzi@utila.io,verified,bentzi@utila.io,verified,new,http://www.linkedin.com/in/bentzi-rabi,,,Co-Founder & CEO,,,https://crypto-fundraising.info/projects/utila,22000000,Infra & Chains,2,1
Kite AI,,,,,Series A,Sep 2025,$18.00M,"Layer 1, AI/ML","PayPal Ventures, General Catalyst, 8VC, Samsung Next, Vertex Ventures, Hashed, Hashkey Capital, Dispersion Capital, Alumni Ventures (AVG), Avalanche Foundation, GSR Markets LTD, LayerZero, Animoca Brands, Essence Venture Capital, Alchemy Ventures, The SBI US Gateway Fund",kiteai.com,"Kite AI is a purpose-built, EVM-compatible Layer 1 blockchain designed to empower a decentralized AI economy. Utilizing its innovative Proof of Attributed Intelligence (PoAI) consensus mechanism, Kite AI ensures fair attribution and equitable rewards for contributions across data, models, and agents. The platform offers customizable subnets for specialized AI workflows, enabling seamless collaboration among data providers, model developers, and AI agents. Kite AI’s infrastructure addresses ch...",,,,,,,,,,,,AMBIGUOUS (multiple orgs named 'Kite AI') -> verify domain kiteai.com,https://crypto-fundraising.info/projects/kite-ai,18000000,Infra & Chains,2,1
RISC Zero (Boundless),,,,,Public sale,Sep 2025,$13.70M,"Infrastructure, Security",,,"RISC Zero is a crypto startup that is dedicated to developing a scalable and developer-friendly blockchain infrastructure using zero-knowledge proofs. Boundless is a verifiable compute layer built by RISC Zero, aiming to bring zero-knowledge (ZK) capabilities to every blockchain. Boundless is a universal ZK protocol that introduces verifiable compute across all blockchain ecosystems. It enables developers to offload heavy computation via zero-knowledge proofs, allowing any chain to validate o...",,,,,,,,,,,,,https://crypto-fundraising.info/projects/risc-zero,13700000,Infra & Chains,2,0
Tangany,Martin Kreitmair,Co-Founder | CEO,,,Series A,Sep 2025,$11.60M,"Security, Finance/Banking","Baader Bank, Elevator Ventures, Heliad AG, High-Tech Grunderfonds, Nauta Capital",tangany.com,"Tangany is a BaFin-regulated Swiss fintech headquartered in Munich, offering a secure, API-first digital asset custody platform designed for institutional clients like banks, brokers, fintechs, and corporations. Tangany’s infrastructure employs white-label Wallet-as-a-Service (WaaS), advanced security via HSMs and MPC technology, and compliance-ready features including KYC, crypto accounting, staking solutions, and full support for tokenized assets, NFTs, and smart contract custody.",,martin.kreitmair@tangany.com,verified,martin.kreitmair@tangany.com,verified,new,http://www.linkedin.com/in/martin-kreitmair,,,Co-Founder | CEO,,,https://crypto-fundraising.info/projects/tangany,11600000,Payments & Stablecoins,3,1
Rain,Joseph Dallago,Co-founder and CEO,,,Series B,Aug 2025,$58.00M,"Payments, DAO","Sapphire Ventures, Dragonfly Capital, Galaxy Digital, Samsung Next, Lightspeed, Norwest Venture Partners, Endeavor Catalyst",rain.com,"Rain is a blockchain-based card issuing and stablecoin interoperability platform designed for Web3 teams, DAOs, and protocols. As Web3’s corporate business card, Rain enables seamless digital asset payments and expense management by allowing platforms to issue customizable, globally accepted payment cards. It streamlines financial operations and empowers next-gen decentralized organizations with modern fintech tools.",,joseph@rain.com,verified,joseph@rain.com,verified,new,http://www.linkedin.com/in/dallago,,,Co-founder and CEO,,AMBIGUOUS (multiple orgs named 'Rain') -> verify domain rain.com,https://crypto-fundraising.info/projects/raincards,58000000,Payments & Stablecoins,3,1
Almanak,,,,,Public sale,Aug 2025,$2.50M,"AI/ML, DeFi",,,"Almanak is a Web3 platform for building, optimizing, and deploying financial strategies with AI-driven Financial Agents. Using agent-based modeling, it enhances profitability and security in DeFi and gaming. The platform supports ideation, testing, and monitoring of strategies through a user-friendly interface and SDK, empowering traders and asset managers to adapt to real-time market conditions.",,,,,,,,,,,,,https://crypto-fundraising.info/projects/almanak,2500000,Trading & DeFi,3,0
M^0,,,,,Series B,Aug 2025,$40.00M,"Stablecoin, DeFi","Polychain Capital, Ribbit Capital, Endeavor Catalyst, Pantera Capital, Bain Capital Crypto",m0.ventures,"M^0 is a decentralized money middleware protocol designed for the digital age. It allows multiple institutional actors to issue a fungible cryptodollar, leveraging best-in-class collateral such as short-term US treasuries. The protocol ensures security and transparency through independent, daily, on-chain validation of reserves. M^0 aims to democratize access to money issuance infrastructure, enabling institutions to mint cryptodollars while adhering to jurisdictional requirements and enhanci...",,,,,,,,,,,,AMBIGUOUS (multiple orgs named 'M^0') -> verify domain m0.ventures,https://crypto-fundraising.info/projects/m0,40000000,Trading & DeFi,3,1
aPriori,Irina Pirog,CEO,,,Strategic,Aug 2025,$20.00M,"DeFi, Finance/Banking","Hashkey Capital, Pantera Capital, Primitive, IMC, Gate Labs, Ambush Capital, Big Brain Collective, Echo",apriori.co,"Apriori is dedicated to revolutionizing decentralized finance (DeFi) by offering innovative financial products and services. The platform provides users with optimized yield strategies, secure asset management, and seamless integration with various blockchain networks. Apriori aims to democratize access to sophisticated financial tools, enabling users to maximize their returns while minimizing risk. By leveraging cutting-edge technology and a user-centric approach, Apriori is set to redefine ...",,,,,,,http://www.linkedin.com/in/irina-pirog-45910982,,,CEO,,AMBIGUOUS (multiple orgs named 'aPriori') -> verify domain apriori.co,https://crypto-fundraising.info/projects/apriori,20000000,Trading & DeFi,3,1
Superfluid,,,,,Public sale,Aug 2025,$2.00M,"DeFi, Payments",,,"Superfluid is an asset streaming and distribution protocol, empowering DAOs and crypto-native businesses by introducing Super Tokens, a novel extension to the ERC-20 standard. It facilitates dynamic, programmable, and gas-efficient token transfers in real-time, supporting features like Money Streaming for continuous token flow and Distributions for scalable one-to-many fund transfers.",,,,,,,,,,,,,https://crypto-fundraising.info/projects/superfluid,2000000,Trading & DeFi,3,0
IoTeX,,,,,Unknown,Aug 2025,Undisclosed,"DePIN, Infrastructure",Animoca Brands,,"IoTeX is a pioneering platform dedicated to integrating the physical and digital worlds through a modular DePIN (Decentralized Private-IoT Network) structure. It aims to empower the Internet of Trusted Things, enhancing scalability, privacy, and interoperability across IoT devices and applications. This platform enables users to connect real-world data and devices with blockchain, fostering the development of secure and intelligent IoT applications and ecosystems.",,,,,,,,,,,,,https://crypto-fundraising.info/projects/iotex,,Infra & Chains,2,0
Hemi Labs,Matthew Roszak,"Chairman of Bloq, Co-Founder of Hemi",,,Unknown,Aug 2025,$15.00M,"Layer 2, Bridge/Interoperability","Republic, YZi Labs (ex Binance Labs), HyperChain Capital, Breyer Capital, Selini Capital, Big Brain Holdings, Crypto com Capital, DNA Fund, Protein Capital, Quantstamp, Web3com Ventures",hemi.xyz,"Hemi Network is a modular Layer-2 protocol enhancing scaling, security, and interoperability across Bitcoin and Ethereum. Powered by the Hemi Virtual Machine (hVM) and Hemi Bitcoin Kit (hBK), it enables cross-chain dApps with seamless Bitcoin-Ethereum integration. With innovative features like PoP consensus and trustless cross-chain portability, Hemi allows developers to unlock new potential in decentralized applications, leveraging the combined strengths of Bitcoin and Ethereum networks.",,matt@hemi.xyz,verified,matt@hemi.xyz,verified,new,http://www.linkedin.com/in/matthewroszak,,,"Chairman of Bloq, Co-Founder of Hemi",,,https://crypto-fundraising.info/projects/hemi-labs,15000000,Infra & Chains,2,1
EdgeX Labs,,,,,Unknown,Aug 2025,Undisclosed,"DePIN, Compute, AI/ML",KuCoin Ventures,,"EdgeX is a decentralized edge computing network combining low-power hardware with Web3 and tokenomics to support AI applications and agents. It enables global participants to contribute computing resources and earn $EX tokens, aiming to become the foundational infrastructure for AI and Web3 services.",,,,,,,,,,,,,https://crypto-fundraising.info/projects/edgex-labs,,Infra & Chains,2,0
Centrifuge,,,,,Unknown,Aug 2025,Undisclosed,"DeFi, RWA",Republic,,The untapped multi-trillion dollar market of real-world assets (RWA) is now entering Decentralized Finance (DeFi) through Centrifuge: the first protocol to connect DeFi to the real-world.,,,,,,,,,,,,,https://crypto-fundraising.info/projects/centrifuge,,Trading & DeFi,3,0
Bitway,,,,,Unknown,Aug 2025,Undisclosed,"Layer 1, Payments, RWA",YZi Labs (ex Binance Labs),,"Bitway is a Bitcoin-native Layer 1 protocol and infrastructure platform enabling seamless, gasless BTC-based transactions, lending, and real-world asset tokenization. Users interact via familiar Taproot or Native SegWit wallets—no EVM wallets or bridging required. Its features include decentralized, pool-based lending (via BTC collateral), gas-free transfers through built-in sponsorship, programmable smart contract support (EVM/WASM), and compliant access to RWAs such as tokenized Treasuries ...",,,,,,,,,,,,,https://crypto-fundraising.info/projects/bitway,,Payments & Stablecoins,3,0
Polymarket,,,,,Unknown,Aug 2025,Undisclosed,"Trading, Derivatives",1789 Capital,,"Polymarket is a decentralized information markets platform where users can trade on highly-debated topics and build portfolios based on their forecasts. By allowing users to buy shares in markets, Polymarket provides actionable insights based on traders' views of future events, making it a leading source of unbiased and real-time data. However, it's currently unable to operate in the U.S. due to regulatory restrictions, leaving the field open for other platforms.",,,,,,,,,,,,,https://crypto-fundraising.info/projects/polymarket,,Trading & DeFi,3,0
MetaEra,,,,,Series A,Aug 2025,Undisclosed,"Data/Analytics, Media/Entertainment","Fenbushi Capital, Hashkey Capital, Amber Group, LTP (LiquidityTech Protocol), Conflux Network, Solowin, FOMO Ventures, Klickl labs, TDTC, PLVR",,"MetaEra is a Hong Kong-based one-stop resource aggregator for Web3, focusing on blockchain and metaverse exploration. The company pursues professional, thorough, and reliable information and data to support the Web3 community.",,,,,,,,,,,,,https://crypto-fundraising.info/projects/metaera,,Other,0,0
DigiFT,Henry Zhang,Founder & CEO,,,Strategic,Aug 2025,$11.00M,"DEX, RWA, Finance/Banking","SBI Holdings, Mirana Ventures, Offchain Labs, Polygon, Yunqi Partners",digift.io,"DigiFT is the first regulated DeFi exchange dedicated to on-chain real-world assets (RWAs) and operates as a Recognised Market Operator under Singapore regulation. It offers a full end-to-end infrastructure for tokenization, issuance, custody, and trading of RWAs—including equities, bonds, money market funds, and tokenized U.S. Treasuries—leveraging licensed custodians for secure settlement.",,henry.zhang@digift.com.sg,verified,henry.zhang@digift.com.sg,verified,new,http://www.linkedin.com/in/henry-zhang-957219217,,,Founder & CEO,,,https://crypto-fundraising.info/projects/digift,11000000,Trading & DeFi,3,1
Legion,Baraa Nairat,IT Manager | Co-Founder & CTO,,,Seed,Aug 2025,$5.00M,"Finance/Banking, DAO","VanEck, Brevan Howard Digital, Kraken, Coinbase Ventures, Crypto com Capital, Bitscale Capital, Systemic Ventures, Cyber Fund, Blockchain Builders Fund (BBF), GSR Markets LTD",legion-inc.com,"Legion provides a platform for retail investors to participate in on-chain fundraises with enhanced regulatory compliance and investor accountability. Projects using Legion can customize investment terms and create strong, organic communities through tailored allocation and investor whitelisting. Each investor is assigned a Legion Score, which adjusts based on their long-term value contributions, reducing short-term, exploitative behavior and minimizing bot or Sybil activity. This reputation ...",,,,,,,http://www.linkedin.com/in/baraa-nairat,,,IT Manager | Co-Founder & CTO,,AMBIGUOUS (multiple orgs named 'Legion') -> verify domain legion-inc.com,https://crypto-fundraising.info/projects/legion,5000000,Payments & Stablecoins,3,1
Irys,,,,,Series A,Aug 2025,$10.00M,"Storage, Data/Analytics","CoinFund, Hypersphere, Tykhe Ventures, Varrock, Echo, Breed VC, WAGMI Ventures",,"Irys is a datachain that enables data to be stored, shared, and monetized across applications at a fraction of the cost of Web2 and Web3 alternatives. It offers infinite data capacity, instant retrieval, and a composable foundation for onchain services to discover, generate and exchange value through data.",,,,,,,,,,,,,https://crypto-fundraising.info/projects/irys,10000000,Other,0,0
Loop Crypto,,,,,Strategic,Aug 2025,$2.00M,"Payments, Stablecoin","Fabric Ventures, VanEck, Andreessen Horowitz (a16z crypto), Archetype, Mert",loopcrypto.xyz,"Loop is a crypto and stablecoin payment processor tailored for merchants, billing platforms, and e-commerce operations. It simplifies on-chain payments by offering features like crypto subscriptions, recurring billing, wallet charging, and fiat settlements. Loop supports multiple networks—Ethereum, Solana, and various EVM chains—and accommodates recurring payments without locking funds or requiring constant user authorization. It integrates seamlessly with payment tools such as Stripe, Charge...",,,,,,,,,,,,,https://crypto-fundraising.info/projects/loop-crypto,2000000,Payments & Stablecoins,3,1
DecentralGPT,,,,,Unknown,Aug 2025,$7.00M,"AI/ML, Compute, Infrastructure",AGICrypto Capital,decentralgpt.org,"DecentralGPT is a decentralized AI large language model (LLM) inference network that supports various open-source and closed-source models. The platform leverages a distributed network of GPU nodes worldwide, enhancing computational efficiency and reducing operational costs. By processing data locally, DecentralGPT ensures user data security and privacy. Its decentralized architecture democratizes access to AGI resources, allowing global participation in AI development and innovation. Additio...",,,,,,,,,,,,,https://crypto-fundraising.info/projects/decentralgpt,7000000,Infra & Chains,2,1
Archax,,,,,Unknown,Aug 2025,Undisclosed,"CEX, RWA",Stellar Development Foundation (SDF),,"Archax is a London-based, FCA-regulated digital asset exchange, broker, and custodian that seamlessly bridges traditional finance and blockchain innovation. It supports institutional-grade trading and tokenization of real-world assets—such as tokenized funds, equities, bonds, and money-market instruments—through highly compliant infrastructure. With services spanning custody, stablecoin issuance, treasury solutions, and OTC desks, Archax empowers financial institutions to access both cryptocu...",,,,,,,,,,,,,https://crypto-fundraising.info/projects/archax,,Payments & Stablecoins,3,0
Block Earner,Charlie Karaboga,CEO & Co-Founder,,,Series A,Aug 2025,$8.00M,"Finance/Banking, Lending/Borrowing","Titan Fund, King River Capital",blockearner.com.au,"Block Earner is an Australian Web3-enabled fintech platform that enables users to buy, sell, and manage over 350 cryptocurrencies using AUD, with integrated crypto-backed loans and DeFi access. Built for accessibility, users can borrow Australian dollars—up to A$5 million—by securing loans with Bitcoin, Ethereum, or stablecoins, preserving crypto exposure while providing liquidity. The platform also offers seamless entry to DeFi protocols like Aave, and provides tools for self-managed super f...",,charlie@blockearner.com.au,verified,charlie@blockearner.com.au,verified,new,http://www.linkedin.com/in/charlie-karaboga,,,CEO & Co-Founder,,,https://crypto-fundraising.info/projects/block-erner,8000000,Trading & DeFi,3,1
Mesh (ex Front Finance),,,,,Unknown,Aug 2025,$9.50M,"Wallet, Bridge/Interoperability","PayPal Ventures, Coinbase Ventures, Uphold, Mirana Ventures, SBI Investment, Overlook Ventures, Kingsway Capital, Moderne Ventures, CE-Ventures (Crescent Enterprises)",,"Mesh is a startup developing a service that enables customers to easily transfer and manage digital assets, including cryptocurrencies, across various platforms. It provides a secure and direct wallet-to-wallet transfer solution without storing users' personal information or credentials. Mesh aims to make digital transactions more secure, compliant, and user-friendly by offering interoperability for businesses and users across the digital landscape.",,,,,,,,,,,,,https://crypto-fundraising.info/projects/mesh,9500000,Infra & Chains,2,1
Bitlayer,,,,,Public sale,Aug 2025,$5.00M,"Layer 2, Infrastructure",,,"Bitlayer introduces itself as the first Bitcoin security-equivalent Layer 2 solution, built upon BitVM. This innovative platform envisions shaping the future of the Bitcoin ecosystem with its key pillar solutions, aiming to enhance scalability, efficiency, and security for Bitcoin transactions. Bitlayer seeks to empower developers and users within the Bitcoin community by providing advanced infrastructure for the decentralized web.",,,,,,,,,,,,,https://crypto-fundraising.info/projects/bitlayer,5000000,Infra & Chains,2,0
Neon Machine (Shrapnel),,,,,Unknown,Aug 2025,$19.50M,"GameFi, NFT","Gala Games, Griffin Gaming Partners, Polychain Capital",,"Neon Machine is a game studio based in Seattle known for developing the upcoming first-person shooter game, Shrapnel. Shrapnel is a sci-fi extraction shooter featuring in-game content, such as weapon parts, weapons, and cosmetics, offered as NFTs on its private crypto network built on Avalanche, providing both solo and team-based gameplay. It places a significant focus on user-generated content, enabling players to create their own game items using Shrapnel's technology, which can then be min...",,,,,,,,,,,,,https://crypto-fundraising.info/projects/neon-machine,19500000,Consumer/Gaming/Social,0,0
Transak,Sami Start,Co-Founder & CEO,,,Strategic,Aug 2025,$16.00M,"Payments, Infrastructure","IDG Capital, Tether, Primal Capital, 1kx, Protein Capital, Fuel Ventures",transak.com,"Transak is a Web3 payments infrastructure provider that offers seamless fiat-to-crypto on-ramp and crypto-to-fiat off-ramp services. Designed for developers, it integrates easily into wallets, dApps, and platforms using SDKs or APIs, and supports multiple payment methods—cards, bank transfers, Apple Pay, Google Pay—in over 155 countries with KYC included. Transak also offers advanced tools like Transak One for one-step fiat-to-smart-contract flows, and Transak Stream for streamlined off-rampi...",,sami@transak.com,verified,sami@transak.com,verified,new,http://www.linkedin.com/in/samistart,,,Co-Founder & CEO,,,https://crypto-fundraising.info/projects/transak,16000000,Payments & Stablecoins,3,1
PublicAI,,,,,Public sale,Aug 2025,$2.00M,"AI/ML, Data/Analytics",,,"PublicAI is a Web3 AI Data Infrastructure and a decentralized marketplace for AI data annotations. It leverages blockchain technology to create a trustless and cross-border labor market, enabling global collaboration on tasks such as data annotation, and aims to address ethical concerns in AI training, data contamination, and domain expertise through its innovative decentralized platform.",,,,,,,,,,,,,https://crypto-fundraising.info/projects/publicai,2000000,Other,0,0
HackQuest,,,,,Series A,Aug 2025,$4.10M,"Social/Community, Other","Animoca Brands, Open Campus, STEPN, Gate Ventures, Hash Global, Hashkey Capital, ByteTrade Lab, Outlier Ventures, KIP Protocol, OnePiece Labs, Jambo, Scott Moore, Paul Taylor, YY Lai",,"HackQuest is a Web3 education platform that collaborates with over 10 leading public chains, including Mantle Network, Solana, and Arbitrum, for official developer education and ecosystem construction. The platform aims to expand its curriculum and engage in course partnerships with institutions like Nanyang Technological University to support a broader range of Web3 builders in launching their projects.",,,,,,,,,,,,,https://crypto-fundraising.info/projects/hackquest,4099999,Consumer/Gaming/Social,0,0
Story Protocol (PIP Labs),,,,,Unknown,Aug 2025,$82.00M,"Media/Entertainment, NFT",Heritage Distilling,,"Story Protocol is a web3 technology that aims to transform storytelling by providing infrastructure for creators to build narrative universes and imaginary worlds using open source principles. It enables the creation, governance, and licensing of intellectual property on the blockchain, allowing for the development of an ecosystem of modular story components that can be remixed and combined in new and innovative ways.",,,,,,,,,,,,,https://crypto-fundraising.info/projects/story-protocol,82000000,Consumer/Gaming/Social,0,0
Sui (Mysten Labs),,,,,Unknown,Aug 2025,$20.00M,Layer 1,Mill City Ventures,,"Sui is a high-performance, Layer 1 blockchain developed crafted to make digital asset ownership fast, secure, and accessible. It uses the object-centric Move programming language to enable parallel transaction execution, sub-second finality, and horizontal scalability, resulting in ultra-low fees even under heavy demand. Designed with Web3 in mind, Sui supports dynamic on-chain assets—like NFTs that evolve—and user-friendly features such as zkLogin and sponsored transactions. From DeFi and ga...",,,,,,,,,,,,,https://crypto-fundraising.info/projects/sui,20000000,Infra & Chains,2,1
Verb Technology (TON Strategy Co.),,,,,Unknown,Aug 2025,$558.00M,"Finance/Banking, AI/ML","Kingsway Capital, Blockchain com (Blockchain Ventures), Animoca Brands, VY Capital, The Open Platform (TOP)",,"Verb Technology (Nasdaq: VERB) is a previously AI-powered video SaaS firm transforming into TON Strategy Co., the first publicly listed treasury company dedicated to Toncoin (TON) — the native token of The Open Network. Leveraging Telegram’s integration with TON, the company aims to generate sustainable staking yields and capital appreciation, while continuing its legacy digital commerce operations.",,,,,,,,,,,,,https://crypto-fundraising.info/projects/verb-technology-ton-strategy-co,558000000,Payments & Stablecoins,3,1
Perle Labs (ex Kiva AI),,,,,Seed,Aug 2025,$9.00M,"AI/ML, Infrastructure",Framework Ventures,,"Perle is a Web3-powered AI platform aiming to improve AI training through blockchain-based attribution and cryptoeconomic incentives for high-quality human feedback. Its flagship product, Perle Labs, offers a self-serve platform for the entire AI development lifecycle, from multimodal data collection to model fine-tuning. Leveraging curated datasets, human reviewers, and onchain payments, Perle ensures transparent, high-quality AI training.",,,,,,,,,,,,,https://crypto-fundraising.info/projects/kiva-ai,9000000,Infra & Chains,2,1
Cool Cats,,,,,Unknown,Aug 2025,Undisclosed,"NFT, GameFi, Metaverse",Animoca Brands,,"Cool Cats is a global storytelling brand that connects people through NFTs, games, and a creative community. Their flagship project the Cool Cats NFT collection features a collection of 10,000 unique hand-drawn cat avatars, fostering self-expression and connection in an inclusive environment. It's gamified and tokenized economy is driven by MILK tokens.",,,,,,,,,,,,,https://crypto-fundraising.info/projects/cool-cats,,Consumer/Gaming/Social,0,0
BOB (Build on Bitcoin),,,,,Strategic,Aug 2025,$9.50M,Layer 2,"Castle Island Ventures, Cathay Ledger Fund, RockawayX, Asymmetric fund, Hypersphere, IOSG Ventures, Bankless Ventures, Sigil Fund, CMS Holdings, Daedalus, Amber Group, Sats Ventures, Zee Prime Capital, Nathan McCauley",,"BOB (Build on Bitcoin) is a groundbreaking Layer 2 solution with full EVM compatibility and native Bitcoin support. It's designed to empower development and innovation on Bitcoin, leveraging the Ethereum Virtual Machine for smart contract execution. This facilitates a seamless bridge between Bitcoin and Ethereum ecosystems, offering rollup functionality secured by Bitcoin's robust security. BOB's ecosystem is tailored for DeFi applications and various Bitcoin use cases, aiming to connect Ethe...",,,,,,,,,,,,,https://crypto-fundraising.info/projects/bob-build-on-bitcoin,9500000,Infra & Chains,2,1
Bit2Me,Leif H,CEO,,,Unknown,Aug 2025,$34.90M,"CEX, Payments",Tether,bit2me.com,"Bit2Me is a Spanish cryptocurrency exchange that enables users to purchase digital currencies through bank transfers. The B2M Token, part of Bit2Me's ecosystem, provides payment solutions that bridge the gap between cryptocurrencies and traditional money systems.",,leif@bit2me.com,verified,leif@bit2me.com,verified,new,http://www.linkedin.com/in/leifferreira,,,CEO,,,https://crypto-fundraising.info/projects/bit2me,34900000,Payments & Stablecoins,3,1
Multiple Network,,,,,Strategic,Aug 2025,Undisclosed,"Infrastructure, Data/Analytics","Gate Labs, 071labs (Zero Seven One Labs), IBC Group",multiple.cc,"Multiple Network is a decentralized networking platform designed to enhance data sharing and connectivity across digital ecosystems. Leveraging blockchain technology, it ensures secure, transparent, and efficient interactions without relying on centralized intermediaries. Multiple Network emphasizes interoperability, enabling seamless communication between different blockchain networks. This allows users to access and share data across platforms, enhancing flexibility and reducing costs. The ...",,,,,,,,,,,,,https://crypto-fundraising.info/projects/multiple-network,,Infra & Chains,2,1
Espresso Systems,,,,,Public sale,Aug 2025,$4.00M,"Layer 2, Infrastructure",,,"Espresso is a global confirmation layer that provides L2 chains with fast, reliable transaction confirmations backed by BFT consensus.",,,,,,,,,,,,,https://crypto-fundraising.info/projects/espresso-systems,4000000,Infra & Chains,2,0
MANTRA,Maria Novaes,Founder & CEO,,,Unknown,Aug 2025,$20.00M,"Layer 1, Finance/Banking",Inveniam,mantragroup.com,"MANTRA is a Middle East-focused project securing licensures from Dubai's crypto regulator VARA, targeting the crypto-native community. It aims to fill a gap in the Cosmos ecosystem by creating a chain of regulated digital assets for users valuing regulatory compliance. Built on Cosmos SDK and Tendermint consensus, MANTRA offers a permissionless blockchain for developing Web3 applications in a regulated and compliant environment.",,,,,,,http://www.linkedin.com/in/maria-joao-novaes-a4676aa6,,,Founder & CEO,,AMBIGUOUS (multiple orgs named 'MANTRA') -> verify domain mantragroup.com,https://crypto-fundraising.info/projects/mantra,20000000,Payments & Stablecoins,3,1
TheoriqAI (ChainML),,,,,Public sale,Aug 2025,$3.00M,"AI/ML, Infrastructure",,,"ChainML is a scalable, tamperproof protocol for decentralized machine learning and related complex data-driven computation for Web3. The web3 AI platform has also unveiled Theoriq, its agentic base layer.",,,,,,,,,,,,,https://crypto-fundraising.info/projects/chainml,3000000,Infra & Chains,2,0
OpenMind,Boyuan Chen,CTO,,,Unknown,Aug 2025,$20.00M,"AI/ML, Infrastructure","Pantera Capital, Ribbit Capital, HongShan (ex Sequoia China), Coinbase Ventures, Digital Currency Group (DCG), Lightspeed Faction, Anagram, BlackDragon VC, Ambush Capital, Pi Network, Topology, Primitive, Pebblebed, Amber Group",openmind.org,"OpenMind is building OM1, an open-source, decentralized operating system for intelligent machines. Its FABRIC protocol enables AI-powered robots to verify identity, share context, and coordinate autonomously—functioning like a peer-to-peer GPS, VPN, and handshake layer. Designed to be hardware-agnostic, OM1 supports trust, privacy, and real-time collaboration across diverse robotic systems. By linking “thinking machines” through open and decentralized infrastructure, OpenMind aims to become t...",,boyuan@openmind.org,verified,boyuan@openmind.org,verified,new,http://www.linkedin.com/in/boyuan-chen-6140a0144,,,CTO,,AMBIGUOUS (multiple orgs named 'OpenMind') -> verify domain openmind.org,https://crypto-fundraising.info/projects/openmind,20000000,Infra & Chains,2,1
Tectonic Foundation,,,,,Unknown,Aug 2025,Undisclosed,"Lending/Borrowing, DeFi",Black Flag,,"Tectonic is a decentralized money market protocol on the Cronos blockchain, enabling users to earn interest on deposits and access over-collateralized crypto loans. It supports dynamic interest rates, isolated lending pools, and smart contract-based risk management. Built for scalability and transparency, Tectonic facilitates passive income generation and capital efficiency within the Cronos DeFi ecosystem. The protocol is governed by the community through the TONIC token, which can be staked...",,,,,,,,,,,,,https://crypto-fundraising.info/projects/tectonic-foundation,,Trading & DeFi,3,0
Mara Holdings,,,,,Unknown,Aug 2025,$1.00B,"DePIN, Infrastructure",,,"MARA leverages blockchain-based digital asset computation to support the energy transformation by converting stranded or underutilized energy into economic value. It deploys scalable data centers powered by excess energy, contributing to sustainability, and optimizing global energy efficiency. MARA focuses on creating value from renewable and waste energy while securing blockchain networks.",,,,,,,,,,,,,https://crypto-fundraising.info/projects/mara-holdings,1000000000,Infra & Chains,2,1
Stable,,,,,Seed,Aug 2025,$28.00M,"Layer 1, Stablecoin","Bitfinex, Hack VC, USDT0, Franklin Templeton, Castle Island Ventures, eGirl Capital, ByBit, Mirana Ventures, SIG DTI (a Susquehanna International Group Company), Nascent, Blue Pool Capital, BTSE, KuCoin Ventures, Paolo Ardoino, Nathan McCauley, Gabriel Abed",stable.co.uk,"Stable is a Layer 1 blockchain designed for stablecoin-native applications, with USDT (Tether) as its gas token. It enables zero-fee peer-to-peer USDT transfers and supports smart contracts operating directly in stablecoins. Stable’s USDT0 mechanism facilitates cross-chain USDT transfers without bridges. The architecture provides a gas-less experience, built-in fiat on-ramps, and enterprise-grade throughput—targeting cross-border payments, treasury operations, FX, and institutional use cases.",,,,,,,,,,,,AMBIGUOUS (multiple orgs named 'Stable') -> verify domain stable.co.uk,https://crypto-fundraising.info/projects/stable,28000000,Payments & Stablecoins,3,1
Taceo,Daniel Kales,"Co-Founder, CTO",,,Seed,Aug 2025,$5.50M,"Security, Infrastructure","Archetype, a16z Crypto Startup Accelerator (CSX), Cyber Fund, A Capital, Polymorphic Capital, Daedalus, WAGMI Ventures",taceo.io,"TACEO is a cryptography-focused infrastructure provider enabling collaborative, privacy-preserving computation using coSNARKs—a hybrid of zero-knowledge proofs and multiparty computation (MPC). Through tools like coCircom and coNoir, developers can run encrypted computations on shared data without exposing inputs. Its live proof delegation network, TACEO:Proof, allows off-chain Groth16 proof generation across a decentralized MPC subnet.",,kales@taceo.io,verified,kales@taceo.io,verified,new,http://www.linkedin.com/in/daniel-kales-388a1b243,,,"Co-Founder, CTO",,AMBIGUOUS (multiple orgs named 'Taceo') -> verify domain taceo.io,https://crypto-fundraising.info/projects/taceo,5500000,Infra & Chains,2,1
Due,Robert Sargsian,"Co-Founder, CEO",,,Seed,Aug 2025,$4.00M,"Payments, Bridge/Interoperability","Speedinvest, Semantic Ventures, Fabric Ventures, Strobe Ventures (ex BlockTower Capital), Polymorphic Capital",opendue.com,"Due is an international payment platform that leverages blockchain protocols to facilitate secure and cost-effective cross-border transactions through non-custodial accounts. By building on Ethereum and utilizing scaling solutions, Due aims to provide uninterrupted access to global liquidity while ensuring faster settlement times and lower transaction costs.",,rob@due.money,verified,rob@due.money,verified,new,http://www.linkedin.com/in/robsargsian,,,"Co-Founder, CEO",,AMBIGUOUS (multiple orgs named 'Due') -> verify domain opendue.com,https://crypto-fundraising.info/projects/due,4000000,Payments & Stablecoins,3,1
Circle (HyperCircleApp),,,,,Seed,Aug 2025,$12.00M,"AI/ML, DeFi",,,"Circle is a Hyperliquid-based earning application that lets users generate yield by participating in HyperCycle’s decentralized AI compute network. Built atop HyperCycle’s Layer-0++ infrastructure, Circle leverages HyPC tokens and HyperShares to activate and operate compute nodes for revenue from AI agent coordination. The app provides a simplified interface to engage in HyperCycle’s ecosystem, enabling users to earn from AI tasks while benefiting from high-speed, ledgerless interoperability ...",,,,,,,,,,,,,https://crypto-fundraising.info/projects/circle-hypercircleapp,12000000,Trading & DeFi,3,1
Midl,Matt Walton,Co-Founder / CTO,,,Seed,Aug 2025,$2.40M,"Layer 2, DeFi","Draper Associates, Draper Dragon",gomidl.com,"Midl is a Bitcoin-native execution layer that brings full smart contract functionality and DeFi tooling directly to the Bitcoin network—no bridges, no sidechains. It allows Bitcoin users to interact with DApps, swap, stake, launch tokens, and more within their native wallets. Midl transforms BTC into a utility asset and unlocks scalable on-chain applications while preserving Bitcoin’s security and liquidity. Its native token (MIDL) supports staking, liquidity bootstrapping, governance, and yi...",,matt@gomidl.com,verified,matt@gomidl.com,verified,new,http://www.linkedin.com/in/matt-walton-1527b0157,,,Co-Founder / CTO,,,https://crypto-fundraising.info/projects/midl,2400000,Trading & DeFi,3,1
Mawari Network,,,,,Unknown,Aug 2025,Undisclosed,"Metaverse, Infrastructure",071labs (Zero Seven One Labs),,"Mawari Network is metaverse content delivery system and Web3 project that breaks the delivery bottleneck for Metaverse content to mobile devices. It is a distributed, revenue-sharing, content delivery and rendering network powered by existing, underutilized computing and network resources. It is blockchain-enabled to programmatically scale and manage service quality.",,,,,,,,,,,,,https://crypto-fundraising.info/projects/mawari,,Infra & Chains,2,0
Mill City Ventures III,,,,,Unknown,Aug 2025,$450.00M,"Finance/Banking, Lending/Borrowing","Karatage, Sui Foundation, Big Brain Holdings, Galaxy Digital, Pantera Capital, Electric Capital, GSR Markets LTD, Selini Capital, Protagonist, ParaFi Capital, Borderless Capital, dao5 (daofive), Arrington Capital, Comma3 Ventures, FalconX, Paper Ventures, Maven 11 Capital",,"Mill City Ventures III, Ltd. (NASDAQ: MCVT) is a publicly traded specialty finance firm offering short-term, collateral-backed loans to private businesses, public microcaps, and high-net-worth individuals. Recently, it launched the first foundation-backed SUI Treasury strategy, acquiring over 76 million SUI tokens via institutional channels and a direct agreement with the Sui Foundation. This makes Mill City the only public vehicle offering daily liquidity and regulated access to the Sui ecos...",,,,,,,,,,,,,https://crypto-fundraising.info/projects/mill-city-ventures-iii,450000000,Trading & DeFi,3,1
Aria (Inutan X),,,,,Unknown,Aug 2025,$5.00M,GameFi,"Folius Ventures, The Spartan Group, Beam, Animoca Brands, Galaxy Interactive",,"Aria is a scalable RPG game developed by Inutan Studios and governed by the $ARIA token. In Aria, players can explore an open world environment, engaging in epic quests and battles.",,,,,,,,,,,,,https://crypto-fundraising.info/projects/aria-inutan-x,5000000,Other,0,0
Finloop,Miguel Espina Alvarez,CEO,,,Series A,Aug 2025,$10.00M,"AI/ML, Finance/Banking",Solana Foundation,finloop.com.mx,"Finloop Finance Technology Holding Limited, incubated by Fosun Wealth, is a Hong Kong–based AI-powered institutional wealth management platform. Operating under its proprietary Web5 strategy, Finloop delivers end-to-end solutions—including cash management, public/private funds, structured products, bonds, insurance, and tokenized assets (VA and RWA). With AI-driven modules like FinOne (AI investment advisor, product manager, and assistant), the platform helps financial institutions in Hong Ko...",,miguel.espina@finloop.com.mx,verified,miguel.espina@finloop.com.mx,verified,new,http://www.linkedin.com/in/miguel-agustin-espina-alvarez-5748bb17a,,,CEO,,,https://crypto-fundraising.info/projects/finloop,10000000,Payments & Stablecoins,3,1
STON fi,,,,,Series A,Aug 2025,$9.50M,DEX,"Ribbit Capital, CoinFund",,"STON fi is a decentralized exchange (DEX) powered by the TON Blockchain, offering users virtually zero fees, low slippage, and a user-friendly interface. It operates as an automated market maker (AMM), enabling users to swap assets without relying on a central party and allowing anyone to provide liquidity to liquidity pools in exchange for fees. STON fi aims to make cryptocurrency trading accessible to a wide audience, prioritizing community engagement and support.",,,,,,,,,,,,,https://crypto-fundraising.info/projects/ston-fi,9500000,Trading & DeFi,3,1
RD Technologies,MK Zhong,CTO,,,Series A,Aug 2025,$40.00M,"Stablecoin, Payments","Zhongan International, Hivemind, HongShan (ex Sequoia China), Matrixport Ventures, Immutable Capital",rd.group,"RD Technologies is a fintech company aiming to revolutionize payments and commerce with enhanced trust, stability, and efficiency. The company is behind HKDR, a stablecoin backed by the Hong Kong Dollar, which aims to push the capabilities of digital currencies and expand the Web3 economy across Hong Kong and Asia. Additionally, RD Technologies offers RD Wallet, a licensed Stored Value Facility that allows businesses, both local and international, to open mobile accounts and make quick, secur...",,,,,,,http://www.linkedin.com/in/mk-zhong-255049271,,,CTO,,AMBIGUOUS (multiple orgs named 'RD Technologies') -> verify domain rd.group,https://crypto-fundraising.info/projects/rd-technologies,40000000,Payments & Stablecoins,3,1
D2X,Anthony Dubost,Founder & Managing Director,,,Strategic,Aug 2025,$5.00M,"Derivatives, Trading","Circle Ventures, CMT Digital, Point72 Ventures, Tioga Capital Partners, GSR Markets LTD, Fortino Capital",oned2x.com,"D2X is an EU-regulated derivatives exchange specializing in crypto options and futures, serving institutional investors with a focus on regulatory compliance and operational excellence. It operates under MiCA, the EU’s regulatory framework for digital assets, offering a high-performance trading environment and robust risk management to address the challenges faced by institutional players in the digital asset space.",,adubost@oned2x.com,verified,adubost@oned2x.com,verified,new,http://www.linkedin.com/in/anthony-dubost-d2x,,,Founder & Managing Director,,AMBIGUOUS (multiple orgs named 'D2X') -> verify domain oned2x.com,https://crypto-fundraising.info/projects/d2x,5000000,Trading & DeFi,3,1
GAIB,,,,,Unknown,Aug 2025,$10.00M,"AI/ML, DePIN",Amber Group,gaib.org.tr,"GAIB is building the economic layer for the AI and compute future by financializing and tokenizing enterprise-grade GPUs. GAIB transforms GPUs into a new commodity asset class, enabling investors to own a share of the AI revolution. Backed by real AI-generated cash flows, GAIB addresses the rising demand for high-performance computing by reimagining the financing, trading, and utilization of GPUs, creating a decentralized and vibrant economy for compute resources.",,,,,,,,,,,,,https://crypto-fundraising.info/projects/gaib,10000000,Infra & Chains,2,1
Euler,,,,,Unknown,Aug 2025,Undisclosed,"Lending/Borrowing, DeFi",M31 Capital,,"Euler Finance is a modular, permissionless lending protocol built on Ethereum, designed to support lending and borrowing of a wide range of crypto assets, including long-tail tokens. Utilizing the Euler Vault Kit (EVK) and Ethereum Vault Connector (EVC), it enables developers to create customizable lending vaults and connect them for complex financial strategies. Euler’s architecture allows for dynamic risk management through asset tiers and supports features like sub-accounts and reactive in...",,,,,,,,,,,,,https://crypto-fundraising.info/projects/euler,,Trading & DeFi,3,0
Billy Bets,,,,,Unknown,Aug 2025,$1.00M,"AI/ML, GameFi","Coinbase Ventures, Virtuals Ventures, Contango Digital Assets, 0xJeff, Farokh, Tom Shaughnessy, Keyboard Monkey",,"Billy Bets is an autonomous AI-driven sports betting agent built by Virtuals. Powered by Sportstensor intelligence and real-time sports data, Billy analyzes basketball, football, and baseball markets, autonomously places on-chain bets, and learns continuously from betting behavior. By holding $BILLY tokens, users gain exposure to its betting performance through a buy‑back and burn mechanism.",,,,,,,,,,,,,https://crypto-fundraising.info/projects/billy-bets,1000000,Other,0,0
Zodia Custody,Ryan Hodges,"Managing Director, CEO of Zodia Custody Australia",,,Unknown,Aug 2025,$18.30M,"Security, Wallet","Pharsalus Capital, Circle Ventures, The Operating Group, XVC (XDC Ventures), Token Bay Capital, Human Capital",zodia-custody.com,"Zodia Custody is a digital asset custodian offering secure and compliant custody services tailored for institutional investors. Established as a joint venture between Standard Chartered and Northern Trust, Zodia Custody combines traditional banking expertise with innovative digital asset solutions. The firm operates under regulatory approvals from authorities such as the UK’s Financial Conduct Authority and the Central Bank of Ireland, ensuring adherence to stringent compliance standards. Zod...",,ryan.hodges@zodia.io,verified,ryan.hodges@zodia.io,verified,new,http://www.linkedin.com/in/ryanhodgesprofile,,,"Managing Director, CEO of Zodia Custody Australia",,,https://crypto-fundraising.info/projects/zodia-custody,18300000,Infra & Chains,2,1
Pear Protocol,Yadheedhya,Founding Engineer,,,Strategic,Aug 2025,$4.10M,"Derivatives, Trading","Castle Island Ventures, Compound, Florin Digital, Sigil Fund",pear.garden,"Pear Protocol is a decentralized pair trading platform enabling one‑click leveraged trading of token pairs with high capital efficiency. Designed for narrative-driven and market-neutral traders, it integrates with Hyperliquid and supports up to 60x leverage using stablecoin collateral. Features include ratio-based stop-loss/take-profit logic, limit and TWAP orders, and deep liquidity. Governed via a DAO, Pear also runs staking (stPEAR), token burns, and partner rewards programs.",,yadheedhya@pearprotocol.io,verified,yadheedhya@pearprotocol.io,verified,new,http://www.linkedin.com/in/yadheedhya,,,Founding Engineer,,,https://crypto-fundraising.info/projects/pear-protocol,4099999,Trading & DeFi,3,1
H100 Group,,,,,Unknown,Aug 2025,$11.40M,"AI/ML, Finance/Banking",,,H100 Group AB is a Swedish health technology company specializing in AI-powered automation and digital solutions for health and longevity service providers. H100 became Sweden’s first publicly listed company to adopt Bitcoin as a treasury reserve asset.,,,,,,,,,,,,,https://crypto-fundraising.info/projects/h100-group,11400000,Payments & Stablecoins,3,1
Satsuma,,,,,Unknown,Jul 2025,$135.00M,"Data/Analytics, Infrastructure",,satsuma.xyz,"Satsuma is a blockchain indexing platform with drop-in support for hosted subgraphs that makes it easier to search and analyze data stored on a blockchain, helping developers gain deeper insights into the data such as the total value locked of a DeFi protocol. It features subgraph indexing with high reliability & low block lag, GraphQL API with high availability & low response times, advanced metrics for monitoring indexing and queries and flexible subgraph versioning system.",,,,,,,,,,,,,https://crypto-fundraising.info/projects/satsuma,135000000,Infra & Chains,2,1
Questflow,Bob Xu,CEO & Co-Founder,,,Seed,Jul 2025,$6.50M,"AI/ML, Infrastructure","Cyber Fund, Delphi Labs, Systemic Ventures, Eden Block, White Star Capital, Web3com Ventures, Hashkey Capital, Animoca Brands, WAGMI Ventures, ElizaOS Ecosystem Fund, Tezos, CatcherVC",questflow.ai,"Questflow is a decentralized autonomous AI agent network that empowers users to automate workflows and enhance productivity using advanced artificial intelligence. The platform enables the creation, management, and deployment of AI agents that can execute complex tasks across various applications and services. By integrating AI with decentralized technologies, Questflow provides a scalable, secure, and efficient solution for automating business processes, reducing manual effort, and increasin...",,bob@questflow.ai,verified,bob@questflow.ai,verified,new,http://www.linkedin.com/in/boyue-bob-xu,,,CEO & Co-Founder,,,https://crypto-fundraising.info/projects/questflow,6500000,Infra & Chains,2,1
Lightyear,Bonna Newman,Chief Executive Officer,,,Series B,Jul 2025,$23.00M,Finance/Banking,"NordicNinja, Lightspeed, Metaplanet, Skaala",lightyear.one,"Lightyear is a commission-free investment platform enabling easy access to global stocks, ETFs, and high-yield savings for European users. Regulated in the UK and EU, it simplifies finance through transparent, low-cost tools and multi-currency accounts. Lightyear aiming to merge traditional finance with future decentralized technologies for broader financial inclusion.",,bonna.newman@lightyear.one,verified,bonna.newman@lightyear.one,verified,new,http://www.linkedin.com/in/bonna-newman,,,Chief Executive Officer,,AMBIGUOUS (multiple orgs named 'Lightyear') -> verify domain lightyear.one,https://crypto-fundraising.info/projects/lightyear,23000000,Payments & Stablecoins,3,1
Courtyard,,,,,Series A,Jul 2025,$30.00M,"NFT, Trading","Forerunner Ventures, NEA, Y Combinator, Burst Capital, Prelude, ParaFi Capital, Operator Partners",marriott.com,"Courtyard.io is a marketplace for tokenized physical collectibles, allowing users to own, trade, and redeem graded trading cards as NFTs on Polygon. Each collectible is securely vaulted and represented by an on-chain asset that can be traded instantly or burned for physical delivery. With curated mystery drops, transparent provenance, and guaranteed buyback options, Courtyard blends real-world value with Web3 liquidity.",,,,,,,,,,,,,https://crypto-fundraising.info/projects/courtyard,30000000,Trading & DeFi,3,1
Gaia,,,,,Series A,Jul 2025,$10.00M,"AI/ML, Compute","ByteTrade Lab, SIG DTI (a Susquehanna International Group Company), Mantle Network, Mirana Ventures, EVM Capital, MoonPay, BitGo, Paper Ventures, Outlier Ventures, Amber Group, Selini Capital, G20 Group, Republic, Presto Ventures, ConsenSys, Taisu Ventures, NGC Ventures, Cogitent Ventures, Stake Capital, Scott Moore, Mario Nawfal, Ajit Tripathi",,"GaiaNet is a decentralized computing infrastructure enabling individuals and businesses to create, deploy, scale, and monetize AI agents that reflect their unique styles and expertise. Each GaiaNet node offers a web-based chatbot UI and an OpenAI-compatible API, allowing seamless integration with existing AI applications. GaiaNet domains load balance across nodes, ensuring stable and customized AI services tailored to specific domains and user needs.",,,,,,,,,,,,,https://crypto-fundraising.info/projects/gaianet,10000000,AI x Crypto,1,0
Soluna,,,,,Unknown,Jul 2025,$20.00M,"DePIN, Compute",Spring Lane Capital,solunaapp.com,"Soluna is a developer of green data centers that transform surplus renewable energy into global computing resources. By co-locating their modular data centers directly at renewable power plants, Soluna harnesses otherwise wasted energy for compute-intensive applications such as AI, Bitcoin mining, and scientific computing. This approach not only maximizes the utilization of renewable energy but also provides scalable and sustainable infrastructure for high-performance computing needs.",,,,,,,,,,,,AMBIGUOUS (multiple orgs named 'Soluna') -> verify domain solunaapp.com,https://crypto-fundraising.info/projects/soluna,20000000,Infra & Chains,2,1
Nubit,,,,,Unknown,Jul 2025,Undisclosed,"Layer 2, Infrastructure",071labs (Zero Seven One Labs),,"Founded by UCSB professor Yu Feng, Nubit is building the Trustless World Computer for Bitcoin, enabling open scaling and programmability of Bitcoin through Bitcoin-native technology (BitVM, OP_CAT, DA, etc). Nubit lets developers build any native application, onboarding the world to Bitcoin. Backed by Polychain.",,,,,,,,,,,,,https://crypto-fundraising.info/projects/nubit,,Infra & Chains,2,0
Delabs Games,,,,,Series A,Jul 2025,$5.20M,GameFi,"Hashed, The Spartan Group, Yield Guild Games (YGG), Infinity Ventures Crypto (IVC), Everyrealm, Taisu Ventures, P2 Ventures (Polygon Ventures), Jets Capital, Arche Fund (Coin98 Ventures), Merit Circle",,"Delabs Games is a blockchain game developer behind PC games Rumble Racing Star (Mario Kart for NFT degen), space survival game Space Frontier, and cartoonish post-apocalyptic survival game Meta Bolts, built on the Polygon network, with strong backing from 4:33 Creative Lab, a well-established South Korean game developer.",,,,,,,,,,,,,https://crypto-fundraising.info/projects/delabs-games,5200000,Other,0,0
StablR,,,,,Unknown,Jul 2025,Undisclosed,"Stablecoin, Finance/Banking",Kraken,,"StablR is a financial technology company that offers an institutional-grade stablecoin platform, allowing businesses to create, manage, and redeem euro-denominated stablecoins (EURR). These stablecoins are fully backed by fiat assets, providing a secure and stable alternative to traditional currencies.",,,,,,,,,,,,,https://crypto-fundraising.info/projects/stablr,,Payments & Stablecoins,3,0
Plasma,,,,,Public sale,Jul 2025,$50.00M,"Payments, Layer 2",,,"Plasma is a high-throughput, zero-fee payment platform built on Bitcoin. It enables USD₮ transfers with no fees and supports over 1,000 transactions per second, leveraging Bitcoin’s security. Plasma introduces a novel Nakamoto PoS consensus mechanism and a hybrid UTXO/Account architecture, allowing developers to build and execute modular smart contracts. The platform is designed to enhance Bitcoin’s utility for payments and decentralized applications with scalable, low-latency solutions.",,,,,,,,,,,,,https://crypto-fundraising.info/projects/plasma,50000000,Payments & Stablecoins,3,0
Kun,Dimitri Koutsoubakis,Chief Executive Officer,,,Series A,Jul 2025,Undisclosed,"Payments, Finance/Banking","BAI Capital, GSR Ventures, Eternium Global",kunsports.com,"KUN is a global digital payment service provider offering compliant, efficient, and secure solutions for cross-border trade, overseas businesses, Web3 enterprises, and high-net-worth individuals. Leveraging payment licenses and crypto regulatory frameworks in regions like Hong Kong, Singapore, the Middle East, and the EU, KUN addresses challenges in cross-border payments by bridging stablecoins and fiat systems.",,dr.dimitri@kunsports.com,verified,dr.dimitri@kunsports.com,verified,new,http://www.linkedin.com/in/dr-dimitri-koutsoubakis-5295942b,,,Chief Executive Officer,,,https://crypto-fundraising.info/projects/kun,,Payments & Stablecoins,3,1
XMTP (Ephemera),,,,,Series B,Jul 2025,$21.00M,"Identity/Privacy, Social/Community","Union Square Ventures (USV), Andreessen Horowitz (a16z crypto), Lightspeed Faction, Coinbase Ventures, Offline Ventures, Sound Ventures, Distributed Global",,"XMTP (Extensible Message Transport Protocol) is the leading decentralized, end-to-end encrypted messaging network for Web3. Built on the IETF-standard MLS protocol, it enables secure, portable messaging across wallets and apps with full user control and spam protection. Supporting over 2 million identities and 60+ apps, XMTP powers DMs, group chats, and notifications across protocols like ENS, Lens, and Farcaster. Ephemera is one of the flagship apps built on XMTP—focused on privacy-first mes...",,,,,,,,,,,,,https://crypto-fundraising.info/projects/xmtp,21000000,Consumer/Gaming/Social,0,0
Fluent Labs,Tareq Ahmed,Senior Software Engineer,,,Unknown,Jul 2025,$2.20M,"Layer 2, Infrastructure","Echo, Native Crypto, Q42, WAGMI Ventures, TPC Ventures",fluentlabs.xyz,"Fluent is an Ethereum Layer 2 network and development framework that unifies multiple virtual machines (VMs), including the Ethereum Virtual Machine (EVM), Solana Virtual Machine (SVM), and WebAssembly (Wasm), into a single execution environment. This “blended execution” enables seamless interoperability and atomic composability between smart contracts written in different languages, such as Solidity, Vyper, and Rust, allowing developers to build more expressive and versatile decentralized ap...",,tareq@fluenthealthcare.co,verified,tareq@fluenthealthcare.co,verified,new,http://www.linkedin.com/in/tareqahmed,,https://twitter.com/tahmed42,Senior Software Engineer,,,https://crypto-fundraising.info/projects/fluent-labs,2200000,Infra & Chains,2,1
Sidekick,,,,,Unknown,Jul 2025,Undisclosed,"Trading, Social/Community",Fenbushi Capital,,"Sidekick Protocol is building a one-stop live-stream trading platform, enabling anyone to share real-time market insights and trade digital assets instantly. By combining engagement with immediate transactions, Sidekick empowers millions to connect, trade, and seize emerging opportunities effortlessly.",,,,,,,,,,,,,https://crypto-fundraising.info/projects/sidekick,,Trading & DeFi,3,0
PlaysOut,,,,,Strategic,Jul 2025,Undisclosed,"GameFi, Metaverse",OKX Ventures (ex OKEx Blockdream Ventures),,"PlaysOut is a multi-engine compatible mini-game platform that integrates mini-games into super apps, enhancing user engagement and monetization. Collaborating with platforms like Tencent Cloud and TON Play, PlaysOut offers a suite of tools for seamless integration, enabling features such as Web3 wallet login, payment systems, and NFT support.",,,,,,,,,,,,,https://crypto-fundraising.info/projects/playsout,,Other,0,0
Football Fun,Jonny Martin,Co-Founder & Director,,,Unknown,Jul 2025,$2.00M,"GameFi, Trading","6th Man Ventures (6MV), Devmons, Zee Prime Capital, Sfermion, The Operating Group",thefootballfunfactory.co.uk,"Football.Fun is a Web3 fantasy football platform where player cards are traded like memecoins. Users build squads by opening player packs, compete in tournaments, and trade player shares via a dynamic AMM-based market. The platform includes free-to-play access, invite-only beta, and an airdrop for early participants.",,jonny@thefootballfunfactory.co.uk,verified,jonny@thefootballfunfactory.co.uk,verified,new,http://www.linkedin.com/in/jonnymartinfff,,,Co-Founder & Director,,,https://crypto-fundraising.info/projects/football-fun,2000000,Trading & DeFi,3,1
H100 Group,,,,,Unknown,Jul 2025,$54.00M,"AI/ML, Finance/Banking",,,H100 Group AB is a Swedish health technology company specializing in AI-powered automation and digital solutions for health and longevity service providers. H100 became Sweden’s first publicly listed company to adopt Bitcoin as a treasury reserve asset.,,,,,,,,,,,,,https://crypto-fundraising.info/projects/h100-group,54000000,Payments & Stablecoins,3,1
MemeCore,,,,,Unknown,Jul 2025,Undisclosed,Layer 1,Klein Labs,,"MemeCore is a Layer 1 (L1) blockchain designed to empower memecoin communities and creators. Utilizing a Proof of Meme (PoM) consensus mechanism, it offers an EVM-compatible, multi-chain cross-staking platform that enhances security and engagement within the meme ecosystem.",,,,,,,,,,,,,https://crypto-fundraising.info/projects/memecore,,Infra & Chains,2,0
Agora Finance,,,,,Series A,Jul 2025,$50.00M,"Stablecoin, Lending/Borrowing",Paradigm,agora.finance,"Agora is a financial solutions provider offering stability by pegging its value to assets like the dollar, backed by cash, Treasury bonds, and repurchase agreements. Agora Finance specializes in supplier financing for SMEs in emerging markets, providing fast and flexible financing options to unlock working capital and foster economic development.",,,,,,,,,,,,AMBIGUOUS (multiple orgs named 'Agora Finance') -> verify domain agora.finance,https://crypto-fundraising.info/projects/agora-finance,50000000,Trading & DeFi,3,1
Aspecta,,,,,Unknown,Jul 2025,Undisclosed,"Identity/Privacy, AI/ML",YZi Labs (ex Binance Labs),,"Aspecta is an AI-powered profile builder for developers that uses large language models to review code quality. It builds an AI-generated identity, Aspecta ID, for pioneering builders and beyond to demonstrate, connect, and explore. By linking accounts across Web2 and Web3 spaces such as GitHub, Twitter, and wallet address, Aspecta ID holders can demonstrate insights regarding 8000+ skills aspects and hundreds of experience spotlights.",,,,,,,,,,,,,https://crypto-fundraising.info/projects/aspecta,,Other,0,0
Velvet Capital,,,,,Unknown,Jul 2025,$3.70M,"DeFi, Infrastructure","YZi Labs (ex Binance Labs), Blockchain Founders Fund (BFF), FunFair Ventures, Selini Capital, Mucker Capital, PAKA, LucidBlue Ventures, Mindfulness Capital, SkyVision Capital, Gate Labs, Poolz Ventures, NexGenVenture, Cointelegraph Acceleration, Gains Associates, Rarestone Capital, Echo, DWF Ventures",velvetcapital.com,"Velvet.Capital is a Cross-Chain Operating System that empowers decentralized finance participants to create diverse DeFi products. This platform enables streamlined tokenized fund launching, advanced trade execution, efficient yield farming, and adaptable custody options across multiple chains.",,,,,,,,,,,,,https://crypto-fundraising.info/projects/velvet-capital,3700000,Trading & DeFi,3,1
Kuru,Cristian Adamo,CEO // Entrepreneur,,,Series A,Jul 2025,$11.60M,"DEX, DeFi","Paradigm, Electric Capital, Credibly Neutral, Viktor Bunin, Tristan Yver, Will Price, 3nes, Shreyas Hariharan",kuru.la,"Kuru is an on-chain orderbook exchange built on the Monad blockchain, designed to provide high-speed and scalable trading solutions for decentralized finance (DeFi) enthusiasts. Kuru leverages Monad’s advanced blockchain technology to offer enhanced performance, processing up to 10,000 transactions per second, ensuring low latency and high throughput for traders. The platform aims to deliver a robust and efficient trading experience by integrating sophisticated order matching and liquidity ma...",,cristian.adamo@kuru.la,verified,cristian.adamo@kuru.la,verified,new,http://www.linkedin.com/in/cristian-adamo-149696b,,,CEO // Entrepreneur,,AMBIGUOUS (multiple orgs named 'Kuru') -> verify domain kuru.la,https://crypto-fundraising.info/projects/kuru,11600000,Trading & DeFi,3,1
Perena,,,,,Unknown,Jul 2025,Undisclosed,"DeFi, Stablecoin","SIG DTI (a Susquehanna International Group Company), Native Crypto, Hermeneutic Investments, Echo",,"Perena is a decentralized finance (DeFi) platform that enhances stablecoin usability, liquidity, and rewards within the ecosystem. It offers a suite of tools designed to facilitate the seamless exchange of on-chain assets and maximize yield generation from idle stablecoin liquidity. By consolidating liquidity into a central asset, Perena enables new stablecoins to access existing liquidity pools and underlying assets at a lower cost, thereby reducing entry barriers. The platform also addresse...",,,,,,,,,,,,,https://crypto-fundraising.info/projects/perena,,Trading & DeFi,3,0
Pipe Network (Permissionless Labs),,,,,Public sale,Jul 2025,$7.50M,"DePIN, Infrastructure",,,"Pipe Network is an incentivized internet infrastructure project that aims to revolutionize content delivery networks (CDN) by using blockchain technology. It allows users to contribute their computing power to expand CDN nodes and improve content delivery. By leveraging crypto incentives, Pipe plans to enhance the speed and efficiency of data transfer, reducing latency caused by geographical distances. The project is built on the Solana blockchain and is expected to launch its testnet during ...",,,,,,,,,,,,,https://crypto-fundraising.info/projects/pipe-network,7500000,Infra & Chains,2,0
Limitless,Francis Harwood,Founder & Recruiter - Scaling End-to-end Digital Teams 🌎,,,Strategic,Jul 2025,$4.00M,"DeFi, Derivatives","Coinbase Ventures, Maelstrom, Node Capital, Punk DAO, WAGMI Ventures, Collider Ventures",limitlessrec.co.uk,"Limitless is a decentralized social prediction protocol that allows creators to easily configure prediction markets and share them with their communities. Users can trade on the outcomes of real-world events, earning fees and making forecasts. The platform utilizes price feeds to resolve daily markets, similar to binary options or 0DTE options. Limitless combines community engagement with decentralized finance to offer a seamless, low-cost prediction market experience.",,francis@limitlessrec.co.uk,verified,francis@limitlessrec.co.uk,verified,new,http://www.linkedin.com/in/francis-harwood-342930173,,,Founder & Recruiter - Scaling End-to-end Digital Teams 🌎,,AMBIGUOUS (multiple orgs named 'Limitless') -> verify domain limitlessrec.co.uk,https://crypto-fundraising.info/projects/limitless,4000000,Trading & DeFi,3,1
MEET48,,,,,Unknown,Jun 2025,Undisclosed,"AI/ML, Social/Community",YZi Labs (ex Binance Labs),,"MEET48 is the entertainment-focused AI-Agent and fan economy ecosystem, enabling users to create and manage AI-driven virtual idols. With tools like AIShowBOX and MEME platform MarsProtocol, MEET48 blends AIGC-powered music, dance, gaming, and social interaction into a unified Web3 experience on BNB Chain.",,,,,,,,,,,,,https://crypto-fundraising.info/projects/meet48,,Consumer/Gaming/Social,0,0
Trusta AI (TrustScan),,,,,Strategic,Jun 2025,Undisclosed,"Identity/Privacy, AI/ML","ConsenSys, Starknet, GSR Markets LTD, UFLY Labs",,"Trusta.AI is a permissionless, AI-powered on-chain identity and reputation protocol built for both humans and AI agents. It provides modular attestations (Proof of Humanity, Proof of AI Agent), reputation scoring (Sybil and MEDIA scores), credit profiling, and multi-agent identity verification. Trusta.AI enables secure, decentralized trust infrastructure fueled by AI and blockchain ecosystem partnerships.",,,,,,,,,,,,,https://crypto-fundraising.info/projects/trustscan,,Other,0,0
World Liberty Financial,,,,,Unknown,Jun 2025,$100.00M,"DeFi, Lending/Borrowing",Aqua 1,worldlibertyfinancial.com,"World Liberty Financial is a decentralized platform enabling users to earn and borrow cryptocurrency seamlessly. It combines DeFi lending protocols with rewards, allowing users to maximize asset utility while earning competitive yields. The platform focuses on accessibility and financial empowerment within the Web3 ecosystem.",,,,,,,,,,,,,https://crypto-fundraising.info/projects/world-liberty-financial,100000000,Trading & DeFi,3,1
Inference Labs,Sumit Arora,"Co-Founder, CEO",,,Unknown,Jun 2025,$3.00M,"AI/ML, Infrastructure","Arche Capital, Lvna Capital, Mechanism Capital, Delphi Ventures, Big Brain Holdings, Bitscale Capital, Contango Digital Assets, Edessa Capital, HASH CIB (Crypto Investment Bank), ID Theory, Metropolis DAO, Newman Capital, Seed Club Ventures, Skynet Trading, Stateless Ventures, X ventures, Momentum 6 (M6), Zero Dao, Andrew Kang, Santiago R. Santos, Marc Weinstein, Virtual Bacon",inference.in,"Inference Labs is building a decentralized, cryptographically‑verified infrastructure for on‑chain AI. Their core offering is Proof of Inference, a zero‑knowledge protocol that proves AI computations are correct—without revealing proprietary models. Deployed on networks like Bittensor (Subnet 2) and testnet integrations on EigenLayer, it enables fast, private off‑chain inference with on‑chain proof.",,sumit@inference.in,verified,sumit@inference.in,verified,new,http://www.linkedin.com/in/sumitarora074,,,"Co-Founder, CEO",,AMBIGUOUS (multiple orgs named 'Inference Labs') -> verify domain inference.in,https://crypto-fundraising.info/projects/inference-labs,3000000,Infra & Chains,2,1
Zama,Mzwandile Alfred,NPO CEO,,,Series B,Jun 2025,$57.00M,"Security, AI/ML","Pantera Capital, Blockchange Ventures",zama.org,"Zama is an open-source cryptography company, specializes in state-of-the-art Fully Homomorphic Encryption (FHE) solutions for blockchain and AI. Their user-friendly FHE libraries empower developers, from individuals to enterprises, to easily integrate end-to-end encryption without deep cryptography knowledge. Zama's performance focus has led to a 20x speed improvement in their FHE scheme, with plans for a 100x boost, enabling critical use cases in confidential blockchain and AI, and anticipat...",,,,,,,http://www.linkedin.com/in/mzwandile-alfred-787694168,,,NPO CEO,,AMBIGUOUS (multiple orgs named 'Zama') -> verify domain zama.org,https://crypto-fundraising.info/projects/zama,57000000,Infra & Chains,2,1
"Yield xyz (ex Omni Wallet, Steakwallet)",,,,,Strategic,Jun 2025,$5.00M,"DeFi, Infrastructure",Multicoin Capital,,"Yield.xyz is a yield infrastructure platform that aggregates over 200 DeFi yield sources into a single API. Formerly known as Omni Wallet, it has evolved into a backend solution for developers and protocols to access real-time, on-chain yield data across lending, staking, and LP markets. Yield.xyz enables seamless integration of high-performing strategies without managing fragmented liquidity or yield farming complexity. With its developer-first tooling, it powers wallets, apps, and on-chain ...",,,,,,,,,,,,,https://crypto-fundraising.info/projects/omniwallet,5000000,Trading & DeFi,3,1
Veda,,,,,Unknown,Jun 2025,$18.00M,"DeFi, Infrastructure","CoinFund, Coinbase Ventures, Maelstrom, GSR Markets LTD, Animoca Ventures, BitGo, Mantle Network, Draper Dragon, Credibly Neutral, Relayer Capital, PEER Venture Partners, Heartcore Capital, Alumni Ventures (AVG)",veda.co.uk,"Veda is a native yield infrastructure platform designed to simplify and enhance decentralized finance (DeFi) participation. By tokenizing complex DeFi interactions, Veda enables protocols, asset issuers, and applications to embed yield directly into their user interfaces, eliminating the need for users to navigate a complex network of primitives and assets. Its modular architecture supports flexible yield optimization strategies, including those driven by AI agents, and enforces verifiable on...",,,,,,,,,,,,,https://crypto-fundraising.info/projects/veda,18000000,Trading & DeFi,3,1
The Global Token Exchange (GTE),,,,,Series A,Jun 2025,$15.00M,"DEX, DeFi",Paradigm,,"GTE is a decentralized trading platform offering centralized exchange (CEX)-level performance with the security and transparency of decentralized finance (DeFi). It provides an all-in-one trading venue, including a central limit order book, automated market maker (AMM), and a launchpad for token creation. GTE ensures users receive optimal on-chain prices by scanning all trading venues on MegaETH. The platform is fully non-custodial, allowing users to maintain control over their funds.",,,,,,,,,,,,,https://crypto-fundraising.info/projects/gte,15000000,Trading & DeFi,3,1
Concrete Protocol (Blueprint Finance),,,,,Unknown,Jun 2025,$9.50M,"Layer 1, DeFi","Polychain Capital, YZi Labs (ex Binance Labs), VanEck, LeadBlock Bitpanda Ventures, Decima, Halo Capital, Portal Ventures, Auros Global, Selini Capital, Gate io, Presto Labs, Curved Ventures, Pivot Global, Nonce Classic, Renzo, Crypto Discover, FounderHeads VC, BitGo, Baboon VC, MrBlock, DCF God, Jason Yanowitz, Adaptive Frontier, Sam Kazemian, HDF humble defi farmer",,"Concrete is an appchain designed to enhance on-chain debt and credit, offering higher yields, liquidation protection, and advanced predictions within the decentralized finance (DeFi) space developed by Blueprint Finance. As the native base protocol for generating credit products and derivatives, Concrete addresses the missing link in on-chain finance, aiming to become a foundational element for a new class of credit, debt, and structured products in the crypto industry.",,,,,,,,,,,,,https://crypto-fundraising.info/projects/concrete-protocol-blueprint-finance,9500000,Trading & DeFi,3,1
"EigenLayer (EigenCloud, Eigen Labs)",,,,,Unknown,Jun 2025,$70.00M,"Infrastructure, Compute",Andreessen Horowitz (a16z crypto),,"EigenCloud is a developer platform by Eigen Labs that brings blockchain-grade verifiability to Web2 and Web3 applications. Built atop EigenLayer’s restaking protocol, it integrates EigenDA (data availability), EigenCompute (off-chain compute), and EigenVerify (dispute resolution) into a unified, modular infrastructure. By leveraging restaked ETH, EigenCloud provides “verifiability-as-a-service,” anchoring trust and payments on-chain while enabling scalable off-chain operations.",,,,,,,,,,,,,https://crypto-fundraising.info/projects/eigenlayer,70000000,Infra & Chains,2,1
BitVault,Leon Niesler,CTO,,,Pre-seed,Jun 2025,$2.00M,"DeFi, Stablecoin","GSR Markets LTD, Gemini Frontier Fund, Auros Global, Keyrock",bitvault.finance,"... Gaming, Launchpad, Base EcosystemBitVault is a permissioned DeFi protocol for institutions that issues two Bitcoin-backed stablecoins: bvUSD, an over-collateralized stablecoin, and sbvUSD, a yield-bearing variant powered by delta-neutral strategies from GSR. Built on a licensed fork of Liquity V2 and deployed on the Katana chain, BitVault enables whitelisted entities to mint, lend, and redeem with institutional-grade efficiency. It supports user-set interest rates, multi-asset collateral,...",,,,,,,http://www.linkedin.com/in/leon-niesler-70b5a7218,,,CTO,,,https://crypto-fundraising.info/projects/bitvault,2000000,Trading & DeFi,3,1
Ubyx,,,,,Seed,Jun 2025,$10.00M,"Payments, Stablecoin","Galaxy Digital, Coinbase Ventures, Founders fund, VanEck, Mirana Ventures, LayerZero Labs, Paxos, Payoneer, Boku, Monerium",ubyx.com,"Ubyx is a global clearing and settlement platform designed to make stablecoins function like universal digital cash. It enables banks, fintechs, issuers, and merchants to accept, deposit, and redeem stablecoins at face value across multiple currencies and blockchains through existing financial infrastructures. The protocol uses a shared rulebook and pre-funded settlement accounts to ensure par-value redemption, aligns accounting treatment to cash equivalents (IAS7), and facilitates peer-to-pe...",,,,,,,,,,,,,https://crypto-fundraising.info/projects/ubyx,10000000,Payments & Stablecoins,3,1
XFX,Michael Chiu,CEO,,,Seed,Jun 2025,$9.10M,"Payments, Finance/Banking","HAUN Ventures, Castle Island Ventures, Oak HC/FT, MAYA Capital, Coinbase Ventures, Paxos, Bitso",xfxforce.com,"XFX is an institutional-grade cross‑border settlement platform that enables real-time, transparent movement of fiat and stablecoins. Designed for enterprises, it provides direct access to deep liquidity pools, instant settlement across global corridors, and enterprise-grade auditing and reporting tools. Built with SOC2 and ISO 27001 compliance, it supports web dashboards, APIs, and OTC services—eliminating hidden fees and trapped capital—while ensuring speed, security, and regulatory-grade tr...",,,,,,,http://www.linkedin.com/in/michael-chiu-b896b217,,,CEO,,AMBIGUOUS (multiple orgs named 'XFX') -> verify domain xfxforce.com,https://crypto-fundraising.info/projects/xfx,9100000,Payments & Stablecoins,3,1
Gradient Network,,,,,Seed,Jun 2025,$10.00M,"DePIN, AI/ML","Pantera Capital, Multicoin Capital, HongShan (ex Sequoia China)",gradientnetworks.in,"Gradient Network is a Solana-based, peer-powered decentralized AI runtime and edge-compute layer. It enables anyone to host, share, and monetize local compute resources via a browser extension (Sentry Node), paving the way for global, low-latency AI inference, content delivery, and serverless workloads.",,,,,,,,,,,,,https://crypto-fundraising.info/projects/gradient-network,10000000,Infra & Chains,2,1
Uptopia,,,,,Pre-seed,Jun 2025,$4.00M,"GameFi, Other","Pantera Capital, The Spartan Group, Coinbase Ventures, Kyber Ventures, Istari Ventures, Arche Fund (Coin98 Ventures), Zentry, Vessel Capital",,"Uptopia is a launch and discovery platform for on-chain games, built on Base. It helps games boost liquidity and visibility through game coins and leverages social graphs to enhance discovery. The platform also supports token airdrops and rewards, offering tools for user growth and engagement. Uptopia bridges gaming and social incentives to amplify attention and participation across the Web3 gaming ecosystem.",,,,,,,,,,,,,https://crypto-fundraising.info/projects/uptopia,4000000,Other,0,0
U2U Network,Trung Nguyen,Founder,,,Series A,Jun 2025,Undisclosed,Layer 1,SSI Digital (SSID),u2u.xyz,"U2U Network is a DAG (Direct Acyclic Graph) based and EVM-compatible blockchain focused on revolutionizing real-world applications with infinite scalability and decentralization on demands. U2U Network facilitates complex, high-performance decentralized applications with unmatched security and efficiency, as well as is committed to delivering the one-stop solution for enterprise-level needs.",,,,,,,http://www.linkedin.com/in/trung-trang-nguyen-226a1b273,,,Founder,,AMBIGUOUS (multiple orgs named 'U2U Network') -> verify domain u2u.xyz,https://crypto-fundraising.info/projects/unicorn-ultra-u2u-network,,Infra & Chains,2,1
TAC,,,,,Strategic,Jun 2025,$5.00M,"Layer 1, Bridge/Interoperability",Hack VC,tacsecurity.com,TAC is a purpose-built blockchain for EVM dApps to access TON and Telegram Ecosystem’s 1B+ user base. TAC makes it seamless for Ethereum dApps to be deployed on TON. EVM functionality and liquidity brought to the TON ecosystem enable builders to focus on consumer use cases.,,,,,,,,,,,,,https://crypto-fundraising.info/projects/tac,5000000,Infra & Chains,2,1
The Wildcard Alliance,,,,,Unknown,Jun 2025,$6.00M,GameFi,"Paradigm, Arbitrum Gaming Ventures",,"Wildcard is a Web3-enabled PvP arena game that fuses real-time strategy, MOBA-style combat, and collectible card mechanics. Players select champions, build decks of summonable creatures, and engage in fast-paced 2v2 battles within dynamic arenas like the Frostburn Asteroid. Developed by Playful Studios, Wildcard integrates blockchain features such as the Wildpass NFT, which grants holders exclusive access to playtests, events, and future in-game ownership opportunities. The game utilizes Ethe...",,,,,,,,,,,,,https://crypto-fundraising.info/projects/the-wildcard-alliance,6000000,Other,0,0
PublicAI,,,,,Series A,Jun 2025,$8.00M,"AI/ML, Data/Analytics","Saudi Telecom Group (STC), Blockchain Builders Fund (BBF), Tykhe Block Ventures, Near Foundation, Taisu Ventures, MH Ventures, Yield Guild Games (YGG), Kinetic Kollective (ex CSP DAO), IBC Group, Whitewater Labs, UXLink, Stanford Blockchain Accelerator (SBA), G20 Group",,"PublicAI is a Web3 AI Data Infrastructure and a decentralized marketplace for AI data annotations. It leverages blockchain technology to create a trustless and cross-border labor market, enabling global collaboration on tasks such as data annotation, and aims to address ethical concerns in AI training, data contamination, and domain expertise through its innovative decentralized platform.",,,,,,,,,,,,,https://crypto-fundraising.info/projects/publicai,8000000,Other,0,0
Intuition,,,,,Public sale,Jun 2025,$900K,"Social/Community, Data/Analytics",,,"Intuition is a decentralized platform that aims to enhance the quality and accessibility of social knowledge by providing infrastructure, tools, and applications for creating an open and flexible knowledge graph. Users can create attestations about any subject, which are stored in a navigable and queryable manner, and can be leveraged by other applications. Intuition's protocol and middleware enable seamless integration of attestations and the knowledge graph into third-party applications.",,,,,,,,,,,,,https://crypto-fundraising.info/projects/intuition,900000,Consumer/Gaming/Social,0,0
PrismaX,Joris Corthout,Owner / CEO,,,Unknown,Jun 2025,$11.00M,"DePIN, Data/Analytics","a16z Crypto Startup Accelerator (CSX), Volt Capital, Blockchain Builders Fund (BBF), Stanford Blockchain Accelerator (SBA), Virtuals Protocol",prismax.com,"PrismaX is a decentralized data-market platform fueling real-world robotics development. It allows individuals to contribute video and sensor data performing everyday tasks (e.g. folding sheets, stocking shelves). The protocol uses mechanisms like Proof-of-View and CLIP-based scoring to ensure high-quality, diverse, human-generated content. The platform rewards users with tokens for uploading high-quality, task-specific data and uses smart contracts to facilitate marketplace interactions. Rob...",,joris@prismax.be,verified,joris@prismax.be,verified,new,http://www.linkedin.com/in/joris-corthout-92740a4,,,Owner / CEO,,AMBIGUOUS (multiple orgs named 'PrismaX') -> verify domain prismax.com,https://crypto-fundraising.info/projects/prismax,11000000,Infra & Chains,2,1
Sahara Labs,,,,,Public sale,Jun 2025,$8.50M,"AI/ML, Data/Analytics",,,"Sahara is a decentralized AI network offering Sahara Knowledge Agent (KA) and Sahara Data. It enables the creation of customized, autonomous AI agents, compensating contributors directly and utilizing blockchain to track data and rewards in a privacy-preserving manner. Sahara's suite aims to revolutionize the AI industry, providing individuals and businesses with monetization opportunities and high-value data services for secure AI model training.",,,,,,,,,,,,,https://crypto-fundraising.info/projects/sahara-labs,8500000,Other,0,0
IREN (ex Iris Energy),,,,,Private,Jun 2025,$450.00M,"DePIN, Infrastructure",,,"Iris Energy (IREN) is a leading next-generation data center business that powers Bitcoin mining, AI, and other operations using 100% renewable energy. Headquartered in Australia, Iris Energy aims to scale its hash rate capacity to 30 EH/s and data center capacity to 510 MW by 2025, with plans for further expansion and power monetization activities.",,,,,,,,,,,,,https://crypto-fundraising.info/projects/iren-ex-iris-energy,450000000,Infra & Chains,2,1
Yupp,,,,,Seed,Jun 2025,$33.00M,"AI/ML, Data/Analytics","Andreessen Horowitz (a16z crypto), Coinbase Ventures, Kunal Shah, Gokul Rajaram",,"Yupp is a consumer AI model discovery and evaluation platform that lets users explore and compare the latest AI models for free. It crowdsources model evaluation: users submit prompts, compare multiple AI-generated responses side-by-side, and select the best ones. This generates digitally signed preference data used for AI post-training and evaluation.",,,,,,,,,,,,,https://crypto-fundraising.info/projects/yupp,33000000,Other,0,0
Noah,Trezor Ndombe,CEO and Founder,,,Seed,Jun 2025,$22.00M,"Stablecoin, Payments, Wallet","LocalGlobe, Felix Capital, FJ Labs, Joe Lonsdale, David Helgason",noahny.com,"Noah is a stablecoin-based cross-border payments platform and crypto wallet designed for both businesses and individuals. It supports global transactions across 120+ local currencies, Bitcoin, and stablecoins with enterprise-grade compliance and real-time settlements. Noah provides a unified API for payment rails (cards, bank transfers, mobile money), KYC/AML tools, fast liquidity solutions, and a hosted checkout experience. Partnering with Circle, it integrates USDC for seamless payroll, rem...",,,,,,,http://www.linkedin.com/in/trezor-krys-beya-ndombe-55499ba4,,,CEO and Founder,,AMBIGUOUS (multiple orgs named 'Noah') -> verify domain noahny.com,https://crypto-fundraising.info/projects/noah,22000000,Payments & Stablecoins,3,1
Silhouette,Rosenberg Jan,CEO,,,Pre-seed,Jun 2025,$3.00M,"DEX, Trading, Security","RockawayX, Amber Group, Hivemind, No Limit Holdings (NLH), Protagonist, NGC Ventures, Echo",silhouette-group.com,"Silhouette is a privacy-focused decentralized trading protocol integrated with the Hyperliquid ecosystem. Using Trusted Execution Environments (TEEs), it enables confidential execution of various order types like swaps, RFQs, and auctions, protecting users from frontrunning and MEV. Silhouette inherits Hyperliquid’s native performance and liquidity, while introducing an encrypted execution layer to ensure trader anonymity and execution integrity.",,j.rosenberg@silhouette.com,verified,j.rosenberg@silhouette.com,verified,new,http://www.linkedin.com/in/rosenberg-jan-919667134,,,CEO,,,https://crypto-fundraising.info/projects/silhouette,3000000,Trading & DeFi,3,1
NuConstruct,Anton Chtepine,"Founder, CEO",,,Seed,Jun 2025,$6.00M,"Infrastructure, Trading","Cyber Fund, Maven 11 Capital, Greenfield Capital, Digital Currency Group (DCG), Eden Block",nuconstruct.xyz,"NuConstruct is a crypto infrastructure firm providing a trustless on‑chain orderflow execution layer. It supports users, traders, dApps, and enterprises with advanced transaction processing on Ethereum and BNB Chain. The firm is building TOOL (Trustless Orderflow Operations Layer), a middleware solution that leverages Intel TDX-enabled Trusted Execution Environments (TEEs). TOOL slices each 12-second Ethereum block into one-second mini-rounds, enabling sealed-bid auctions for ultra-fast, priv...",,ac@nuconstruct.xyz,verified,ac@nuconstruct.xyz,verified,new,http://www.linkedin.com/in/anton-chtepine,,,"Founder, CEO",,,https://crypto-fundraising.info/projects/nuconstruct,6000000,Trading & DeFi,3,1
Orange Cap Games (Vibes),,,,,Seed,Jun 2025,$3.50M,"NFT, GameFi","1kx, Yuga Labs, Bing Ventures, Infinity Ventures Crypto (IVC)",,"Vibes is a hybrid digital and physical trading card game developed by Orange Cap Games, centered around the Pudgy Penguins IP. It combines both physical collectibles and digital gameplay, offering a unique experience for trading card enthusiasts. Players can collect, trade, and engage with their cards across both mediums, creating an immersive and interactive gaming environment that blends traditional and modern elements.",,,,,,,,,,,,,https://crypto-fundraising.info/projects/orange-cap-games-vibes,3500000,Consumer/Gaming/Social,0,0
Hyperion,Liviu Muresan,Chief Executive Officer,,,Strategic,Jun 2025,Undisclosed,DEX,"OKX Ventures (ex OKEx Blockdream Ventures), Aptos Labs, Maelstrom, Mirana Ventures",hyperion.be,"Hyperion is a fully on-chain hybrid Orderbook-AMM DEX built natively on Aptos, combining high throughput and low latency to deliver a seamless trading experience. Designed for both professional and retail traders, it aims to serve as Aptos’ foundational trading engine, offering competitive liquidity and advanced market infrastructure.",,,,,,,http://www.linkedin.com/in/liviu-muresan-b00b7163,,,Chief Executive Officer,,,https://crypto-fundraising.info/projects/hyperion,,Trading & DeFi,3,1
Stable,,,,,Unknown,Jun 2025,Undisclosed,"Layer 1, Stablecoin",Gabriel Abed,,"Stable is a Layer 1 blockchain designed for stablecoin-native applications, with USDT (Tether) as its gas token. It enables zero-fee peer-to-peer USDT transfers and supports smart contracts operating directly in stablecoins. Stable’s USDT0 mechanism facilitates cross-chain USDT transfers without bridges. The architecture provides a gas-less experience, built-in fiat on-ramps, and enterprise-grade throughput—targeting cross-border payments, treasury operations, FX, and institutional use cases.",,,,,,,,,,,,,https://crypto-fundraising.info/projects/stable,,Payments & Stablecoins,3,0
World of Dypians,,,,,Unknown,Jun 2025,Undisclosed,"Metaverse, NFT, GameFi",Castrum Capital,,"World of Dypians is a metaverse platform built on blockchain technology, offering an immersive virtual experience where users can explore, interact, and earn rewards. The platform integrates elements of DeFi and NFTs, allowing players to own assets, trade, and participate in governance. It provides various play-to-earn opportunities and supports community-driven ecosystems.",,,,,,,,,,,,,https://crypto-fundraising.info/projects/world-of-dypians,,Consumer/Gaming/Social,0,0
Soon (Solana Optimistic Network),Yang Zhou,CTO,,,Unknown,Jun 2025,$5.00M,Layer 2,"Jump Crypto, Amber Group",soo.network,"SOON utilizes the Solana Virtual Machine (SVM) with parallel transaction execution via Sealevel runtime, enhancing network performance and security. The Decoupled SVM, built on Anza’s SVM API, improves security by decoupling Transaction Processing Unit (TPU) and Proof of History (POH), reducing data availability wastage and removing unnecessary vote transactions. The SOON Stack enables deployment on any Layer 1 blockchain using ZK fraud proofs, significantly shortening dispute resolution time...",,,,,,,http://www.linkedin.com/in/yz89,,,CTO,,,https://crypto-fundraising.info/projects/soon,5000000,Infra & Chains,2,1
OneBalance,Stephane Gosselin,Founder and CEO,,,Series A,Jun 2025,$20.00M,"Infrastructure, Identity/Privacy","Cyber Fund, Blockchain Capital, Mirana Ventures, L2 Iterative Ventures (L2IV)",onebalance.io,"OneBalance is a framework for creating and managing Credible Accounts. A Credible Account is an extension to existing account formats (externally owned accounts, smart accounts, stateful accounts) which allows them to make credible commitments without the need for global consensus.",,thegostep@onebalance.io,verified,thegostep@onebalance.io,verified,new,http://www.linkedin.com/in/thegostep,,,Founder and CEO,,AMBIGUOUS (multiple orgs named 'OneBalance') -> verify domain onebalance.io,https://crypto-fundraising.info/projects/onebalance,20000000,Infra & Chains,2,1
TYB (Try Your Best),,,,,Series A,Jun 2025,$11.00M,"Social/Community, NFT","Offline Ventures, Strobe Ventures (ex BlockTower Capital), Coinbase Ventures, Castle Island Ventures, Unusual Ventures",,"TYB is a Web3-native community rewards platform built on Avalanche. It empowers consumer brands—across beauty, fitness, food, and lifestyle—to create branded NFTs and coin rewards that fans earn through engaging actions like UGC, social sharing, and product feedback. Fans collect tokens and digital collectibles, redeeming them for discounts, exclusive access, and perks. Integrated with Shopify, TYB enables token-gated loyalty programs without requiring wallets or crypto experience.",,,,,,,,,,,,,https://crypto-fundraising.info/projects/tyb-try-your-best,11000000,Consumer/Gaming/Social,0,0
OpenTrade,David Sutter,"Chief Executive Officer, Co-Founder",,,Unknown,Jun 2025,$7.00M,"DeFi, Lending/Borrowing","Notion Capital, Mercury Fund, AlbionVC, Andreessen Horowitz (a16z crypto), CMCC Global",opentrade.io,"OpenTrade is a decentralized finance (DeFi) protocol platform offering institutional-grade lending and yield products tailored for fintechs and institutional investors in both Web2 and Web3 ecosystems. It combines technology infrastructure with legal and operational frameworks to support compliant and scalable financial services, including liquidity pools for assets like U.S. Treasury bills and investment-grade commercial paper. OpenTrade's platform, running on Ethereum and Polygon blockchain...",,dave@open-trade.io,verified,dave@open-trade.io,verified,new,http://www.linkedin.com/in/sutterdavid,,,"Chief Executive Officer, Co-Founder",,AMBIGUOUS (multiple orgs named 'OpenTrade') -> verify domain opentrade.io,https://crypto-fundraising.info/projects/opentrade,7000000,Trading & DeFi,3,1
Hypernative,Gal Sagie,Co-Founder and CEO,,,Series B,Jun 2025,$40.00M,"Security, AI/ML","Ten Eleven Ventures, Ballistic Ventures, StepStone Group, Boldstart Ventures, IBI Tech Fund, Quantstamp",hypernative.io,"Hypernative is a Web3 security platform offering real-time monitoring and risk management tools to safeguard blockchain projects from potential threats. Using AI and machine learning, it analyzes both on-chain and off-chain data to detect over 200 types of risks, including smart contract vulnerabilities, bridge security flaws, and market manipulations. By identifying these risks before they escalate, Hypernative enables developers and organizations to take proactive measures, ensuring the sec...",,gal@hypernative.io,verified,gal@hypernative.io,verified,new,http://www.linkedin.com/in/gal-sagie-5771ab14,,,Co-Founder and CEO,,,https://crypto-fundraising.info/projects/hypernative,40000000,Infra & Chains,2,1
Football Fun,,,,,Unknown,Jun 2025,Undisclosed,"GameFi, Trading",6th Man Ventures (6MV),,"Football.Fun is a Web3 fantasy football platform where player cards are traded like memecoins. Users build squads by opening player packs, compete in tournaments, and trade player shares via a dynamic AMM-based market. The platform includes free-to-play access, invite-only beta, and an airdrop for early participants.",,,,,,,,,,,,,https://crypto-fundraising.info/projects/football-fun,,Trading & DeFi,3,0
Turnkey,Bryce Ferguson,CEO,,,Series B,Jun 2025,$30.00M,"Wallet, Infrastructure","Bain Capital Crypto, Sequoia Capital, Lightspeed Faction, Galaxy Digital, Variant Fund, Wintermute Ventures",turnkey.com,"Turnkey is a platform that provides simple APIs to securely manage private keys. It allows users to generate hundreds of wallets and sign thousands of transactions across any chain, all with flexible, programmable permissions to ensure you only sign what you want.",,bryce@turnkey.com,verified,bryce@turnkey.com,verified,new,http://www.linkedin.com/in/bryceeferguson,,,CEO,,,https://crypto-fundraising.info/projects/turnkey,30000000,Infra & Chains,2,1
Rise Labs,Sam Battenally,"Founder, CEO",,,Strategic,Jun 2025,$4.00M,Layer 2,Galaxy Digital,risechain.com,"RISE is a Layer 2 platform designed to revolutionize blockchain scalability with over 100,000 transactions per second. Aiming to achieve Ethereum’s vision, RISE preserving decentralization and security while delivering near-instant, low-cost transactions. Its architecture, built on Rust-based infrastructure and parallel Ethereum Virtual Machine (EVM) execution, surpasses current Ethereum Layer 2 solutions, unlocking new possibilities for blockchain apps.",,sam@riselabs.xyz,verified,sam@riselabs.xyz,verified,new,http://www.linkedin.com/in/sam-battenally-00628295,,,"Founder, CEO",,AMBIGUOUS (multiple orgs named 'Rise Labs') -> verify domain risechain.com,https://crypto-fundraising.info/projects/rise-labs,4000000,Infra & Chains,2,1
Plasma,,,,,Public sale,Jun 2025,Undisclosed,"Payments, Stablecoin",,,"Plasma is a high-throughput, zero-fee payment platform built on Bitcoin. It enables USD₮ transfers with no fees and supports over 1,000 transactions per second, leveraging Bitcoin’s security. Plasma introduces a novel Nakamoto PoS consensus mechanism and a hybrid UTXO/Account architecture, allowing developers to build and execute modular smart contracts. The platform is designed to enhance Bitcoin’s utility for payments and decentralized applications with scalable, low-latency solutions.",,,,,,,,,,,,,https://crypto-fundraising.info/projects/plasma,,Payments & Stablecoins,3,0
Towns Protocol,,,,,Public sale,Jun 2025,$3.30M,"Social/Community, Identity/Privacy",,,"Towns is a decentralized communication protocol and application designed to empower communities to build, own, and govern their digital town squares. Leveraging Ethereum-based smart contracts, it offers end-to-end encrypted messaging, decentralized storage via distributed stream nodes, and programmable spaces that allow for customizable access, monetization, and governance. Communities can sell exclusive access to group chats, retain full ownership of their data, and establish immutable, on-c...",,,,,,,,,,,,,https://crypto-fundraising.info/projects/towns-protocol,3300000,Consumer/Gaming/Social,0,0
Circle,,,,,IPO,Jun 2025,$1.10B,"Stablecoin, Finance/Banking",,,"Circle is a global financial technology company that offers a range of products and services related to digital assets. Its flagship product, USD Coin (USDC), is a stablecoin pegged to the US dollar and fully backed by cash and US Treasury bonds. Circle also provides a cryptocurrency exchange, payment processing, and financial tools for businesses, making it a popular choice for both individual users and businesses looking to engage with digital assets securely and efficiently.",,,,,,,,,,,,,https://crypto-fundraising.info/projects/circle,1100000000,Payments & Stablecoins,3,0
3Jane,Evgeny Boxer,Founding Full-Stack Engineer,,,Seed,Jun 2025,$5.20M,"Derivatives, DeFi","Paradigm, Wintermute Ventures, Coinbase Ventures, Breed VC, Robot Ventures, Bodhi Ventures, Andre Cronje, Kain Warwick, Joshua Lim, DeFiDad, Julian Koh, Zaheer Ebtikar",3jane.xyz,"3Jane is a crypto-native derivatives protocol leveraging restaking and cash-and-carry to unlock a novel derivatives yield source. 3Jane enables the collateralization of shared security of any Proof-of-Stake system in financial derivatives contracts, allowing users to generate real ETH / BTC yield on EigenLayer and Babylon.",,evgeny@3jane.xyz,extrapolated,evgeny@3jane.xyz,extrapolated,new,http://www.linkedin.com/in/evgenyboxer,,,Founding Full-Stack Engineer,,AMBIGUOUS (multiple orgs named '3Jane') -> verify domain 3jane.xyz,https://crypto-fundraising.info/projects/3jane,5200000,Trading & DeFi,3,1
AINX,,,,,Seed,Jun 2025,$2.00M,"Compute, AI/ML, DePIN","Alpha Gamma (α, γ)",praxislens.com,"AINX is a decentralized AI compute network powered by the Helioq Protocol, integrating edge computing, federated learning, and tokenized incentives. Its flagship product, Helioq NodeX, is a plug-and-play device enabling users to contribute compute power, train models, and deploy AI agents. AINX supports applications across DeFi, NFTs, DAOs, and Web3 gaming.",,,,,,,,,,,,,https://crypto-fundraising.info/projects/ainx,2000000,Infra & Chains,2,1
Launcher Capital,,,,,Seed,Jun 2025,$4.00M,"GameFi, AI/ML",a16z Crypto Startup Accelerator (CSX),,"Launcher Capital is a Web3 gaming studio and launchpad focused on creating the next generation of AI agents through gamification and blockchain. By combining multi-agent AI systems with interactive game environments, it enables creators to build, evolve, and monetize decentralized AI-driven games. The platform supports a decentralized creator economy, fostering ownership and innovation in AI-powered virtual worlds.",,,,,,,,,,,,,https://crypto-fundraising.info/projects/launcher-capital,4000000,Other,0,0
IOST,Blake Jeong,Co-CEO,,,Strategic,Jun 2025,$21.00M,"RWA, DeFi","DWF Labs, Presto Labs, Rollman Management Digital",iost.io,"IOST’s RWA 3.0 introduces a modular framework that separates real-world assets into Principal Tokens (P-Tokens) and Yield Tokens (Y-Tokens), enhancing on-chain programmability and composability. This approach allows for independent trading, collateralization, and integration into decentralized finance (DeFi) strategies, transforming static asset representations into dynamic financial instruments. IOST’s high-performance, EVM-compatible multichain architecture supports customizable subnets, fa...",,blake@iost.io,verified,blake@iost.io,verified,new,http://www.linkedin.com/in/blakejeong,,,Co-CEO,,,https://crypto-fundraising.info/projects/iost,21000000,Trading & DeFi,3,1
Reveel (Reva),,,,,Strategic,Jun 2025,Undisclosed,"Payments, Stablecoin, Infrastructure","Taisu Ventures, AccVentures, XVC (XDC Ventures), Zemu VC, Subvisual, TopTradersbyTV, Nexus Fusion Capital, Connectico Capital",,"Reveel is a Web3-native payments infrastructure platform that simplifies global stablecoin transactions through its universal Pay(ID) system. Users can receive any stablecoin from any blockchain, with funds automatically settled in their preferred currency and wallet. Reveel’s AI-powered agent, Reva, enables seamless P2P payments across social media, messaging apps, and other platforms, making crypto transactions as easy as sending a message. The platform also offers APIs for developers to in...",,,,,,,,,,,,,https://crypto-fundraising.info/projects/reveel-reva,,Payments & Stablecoins,3,1
HeyElsa,Dhawal Shah,Founder & CEO,,,Unknown,Jun 2025,$3.00M,"AI/ML, Wallet","M31 Capital, Base Ecosystem Fund, MH Ventures, Absoluta Digital, 2Shares, Levitate Labs",heyelsa.ai,"HeyElsa is an AI-powered crypto co-pilot that simplifies blockchain interactions through natural language commands. Users can perform tasks like token swaps, staking, and portfolio management across multiple EVM-compatible networks, including Ethereum, Base, and Solana. The platform features an intent-based engine and scriptable automation, enabling users to execute complex DeFi actions with ease.",,dhawal@heyelsa.ai,verified,dhawal@heyelsa.ai,verified,new,http://www.linkedin.com/in/dhawalshah,,,Founder & CEO,,,https://crypto-fundraising.info/projects/heyelsa,3000000,Infra & Chains,2,1
OneKey,,,,,Unknown,Jun 2025,Undisclosed,"Wallet, Bridge/Interoperability",YZi Labs (ex Binance Labs),,"OneKey is a decentralized multichain cryptocurrency hardware wallet. Currently, OneKey product line is rich, including OneKey Swap, Onekey desktop , Onekey browser extension and Onekey app.",,,,,,,,,,,,,https://crypto-fundraising.info/projects/onekey,,Infra & Chains,2,0
Momentum (MSafe),,,,,Strategic,Jun 2025,Undisclosed,"DeFi, DEX","OKX Ventures (ex OKEx Blockdream Ventures), Coinbase Ventures, Protagonist, Gate Ventures, MEXC Ventures, KuCoin Ventures, DNA Fund, MonkeVentures, MultiChain Advisors Inc, Lark Davis, Nom",,"Momentum is the central liquidity engine for the Move ecosystem, originally launched as MSafe. Built on Sui and Aptos, it integrates advanced DeFi tools including a decentralized exchange (DEX), multi-sig treasury management, token vesting, and liquidity provisioning. Leveraging ve(3,3) tokenomics, it aligns incentives to optimize capital efficiency and trading accessibility.",,,,,,,,,,,,,https://crypto-fundraising.info/projects/msafe,,Trading & DeFi,3,1
Shiga Digital,,,,,Unknown,Jun 2025,Undisclosed,"Stablecoin, Payments, Finance/Banking",Tether,,"Shiga Digital is a blockchain-powered financial platform focused on delivering stablecoin-based banking services across Africa. It offers tools like OTC trading, FX conversion, virtual accounts, and treasury management, enabling businesses and individuals to transact globally using USDT and other stablecoins. Backed by Tether, Shiga aims to provide real-time, non-custodial financial access in regions with underdeveloped banking infrastructure.",,,,,,,,,,,,,https://crypto-fundraising.info/projects/shiga-digital,,Payments & Stablecoins,3,0
Rails,Jeff Abrams,Founder | Creative Director,,,Unknown,Jun 2025,$14.00M,"DEX, Trading","Kraken Ventures, Slow Ventures, CMCC Global, Quantstamp, Round13 Capital",rails.com,"Rails is a self-custodial crypto exchange that optimizes trade execution with a centralized order book, while ensuring transparent custody of funds through a decentralized solution on the blockchain. This unique approach enhances security and trust by offering users full visibility into fund custody operations.",,jabrams@rails.com,verified,jabrams@rails.com,verified,new,http://www.linkedin.com/in/jeff-abrams-64500a29,,,Founder | Creative Director,,AMBIGUOUS (multiple orgs named 'Rails') -> verify domain rails.com,https://crypto-fundraising.info/projects/rails,14000000,Trading & DeFi,3,1
Shards Protocol (Aura),,,,,Unknown,Jun 2025,$2.00M,"Identity/Privacy, Data/Analytics","Animoca Brands, Kyber Ventures, Yield Guild Games (YGG), Eden Holdings (ED3N Ventures), FireX Capital, Zaiken Ventures, BasedVC Fund, Gabby Dizon",,"Aura by Shards Protocol is a decentralized reputation layer that transforms users’ on-chain activities—such as staking, trading, and participating in communities—into verifiable reputation scores and rewards. By converting transaction history into visible credibility, Aura aims to recognize and incentivize meaningful contributions within the Web3 ecosystem.",,,,,,,,,,,,,https://crypto-fundraising.info/projects/shards-protocol-aura,2000000,Other,0,0
Variational,Edward Yu,Founder,,,Strategic,Jun 2025,$1.50M,"Derivatives, Trading","Mirana Ventures, Caladan, Zoĸu Ventures",variational.io,"Variational is a peer-to-peer trading protocol designed for perpetual and generalized derivatives. Its flagship app, Omni, enables users to trade leveraged perpetual contracts on thousands of pairs, including memecoins, pre-launch tokens, and prediction markets. Omni aggregates liquidity from CEXs, DEXs, DeFi, and OTC sources, providing deep liquidity and fair trading conditions for retail users. Variational’s decentralized protocol also supports developers with API access for building custom...",,edward@variational.io,verified,edward@variational.io,verified,new,http://www.linkedin.com/in/edward-yu-443b6632,,,Founder,,,https://crypto-fundraising.info/projects/variational,1500000,Trading & DeFi,3,1
HashPower,Robert V,Founder,,,Strategic,Jun 2025,$4.00M,"DePIN, Infrastructure","Hashkey Capital, FBG Capital, Hailstone Labs, DePIN X",hashpower.energy,"HashPower is a decentralized mining and staking platform that brings traditional mining operations on-chain, enabling users to earn rewards without owning hardware. By depositing assets like USDT, protocol tokens, or GPUs, users receive $HPX tokens representing their stake in HashPower’s mining ecosystem. The platform allocates resources to off-chain mining facilities and provides real-time transparency via blockchain oracles. HashPower supports sectors like AI, DePIN, and Real-World Assets (...",,rhefner@hashpower.tech,verified,rhefner@hashpower.tech,verified,new,http://www.linkedin.com/in/roberthefnerv,,,Founder,,,https://crypto-fundraising.info/projects/hashpower,4000000,Infra & Chains,2,1
Soul Labs,,,,,Public sale,Jun 2025,$6.00M,"Lending/Borrowing, AI/ML, Bridge/Interoperability",,,"Soul Protocol is a decentralized platform that integrates cross-chain lending with AI-powered identity and reputation systems. Operating as a unified omnichain liquidity layer, it facilitates seamless lending and borrowing across multiple blockchains, including Ethereum, Avalanche, Arbitrum, Optimism, and Base. Users can mint Soulbound Tokens (SBTs) to build verifiable on-chain identities, enhancing trust and sybil resistance in DeFi applications.",,,,,,,,,,,,,https://crypto-fundraising.info/projects/soul-labs,6000000,Trading & DeFi,3,0
OrionX,,,,,Unknown,Jun 2025,Undisclosed,"CEX, Wallet",Tether,,"OrionX is a Chilean crypto exchange that offers wallet services in Chile and has plans to expand to Peru, Colombia and Mexico and surpass one million users by 2024. OrionX has the lowest commissions on the market in Chile, which are adjusted to the volume users operate in each transaction.",,,,,,,,,,,,,https://crypto-fundraising.info/projects/orionx,,Payments & Stablecoins,3,0
Avantis,Claudio Piccoli,CEO,,,Series A,Jun 2025,$8.00M,"DeFi, Derivatives, Trading","Pantera Capital, Founders fund, SALT fund, Symbolic Capital (ex Hyperedge Capital), Flowdesk",uniavan.edu.br,"Avantis Finance is a decentralized finance (DeFi) protocol designed for leverage trading in cryptocurrencies and forex. It employs a unique dynamic risk tranching system to protect traders from substantial price movements. Avantis Finance has the potential to revolutionize cryptocurrency trading by offering decentralization, transparency, and efficiency.",,claudio.piccoli@uniavan.edu.br,verified,claudio.piccoli@uniavan.edu.br,verified,new,http://www.linkedin.com/in/claudio-piccoli-4b61a71a3,,,CEO,,AMBIGUOUS (multiple orgs named 'Avantis') -> verify domain uniavan.edu.br,https://crypto-fundraising.info/projects/avantis,8000000,Trading & DeFi,3,1
LayerEdge,,,,,Public sale,Jun 2025,$1.00M,"Layer 2, Infrastructure",,,"LayerEdge enhances Bitcoin's capabilities by leveraging Optimistic Rollups and a Hybrid Modular Data Availability (DA) layer to improve transaction efficiency and functionality. Integrating the Ethereum Virtual Machine (EVM) environment, LayerEdge offers a powerful framework for developers to create and manage decentralized applications, revolutionizing Bitcoin's programmability and scalability.",,,,,,,,,,,,,https://crypto-fundraising.info/projects/layeredge,1000000,Infra & Chains,2,0
